,Num_Acc,date,an,mois,jour,hrmn,dep,com,lat,long,agg,int,col,lum,atm,catr,circ,nbv,prof,plan,lartpc,larrout,surf,infra,situ,grav,sexe,age,trajet,secuexist,equipement,obs,obsm,choc,manv,vehiculeid,typevehicules,manoeuvehicules,numVehicules,statut_heure,statut_coord
0,200500003397,2005-01-13,2005,janvier,jeudi,73:0,38,38185,0.0,0.0,En agglomération,Hors intersection,3.0,Nuit avec éclairage public allumé,Normale,4,Bidirectionnelle,2.0,Plat,1.0,0,70,Mouillée,0.0,Sur chaussée,Blessé hospitalisé,Masculin,32.0,Autre,3,9,0.0,2.0,8.0,1.0,200500003397B01,7,15,1.0,Non cohérente,Non cohérentes
1,200500003400,2005-01-14,2005,janvier,vendredi,17:45,38,38185,0.0,0.0,En agglomération,Hors intersection,3.0,Nuit avec éclairage public allumé,Normale,4,Bidirectionnelle,0.0,Plat,1.0,0,0,Normale,0.0,Sur chaussée,Blessé léger,Féminin,23.0,Autre,1,2,0.0,2.0,2.0,1.0,200500003400B01,7,15,1.0,Cohérente,Non cohérentes
2,200500003415,2005-01-25,2005,janvier,mardi,90:5,38,38185,0.0,0.0,En agglomération,Intersection en T,3.0,Plein jour,Normale,4,A sens unique,2.0,Plat,1.0,0,69,Mouillée,0.0,Sur piste cyclable,Blessé léger,Féminin,23.0,Non renseigné,3,9,0.0,2.0,1.0,1.0,200500003415A01,7,15,1.0,Non cohérente,Non cohérentes
3,200500004394,2005-01-10,2005,janvier,lundi,18:15,67,67482,0.0,0.0,En agglomération,Hors intersection,6.0,Nuit avec éclairage public allumé,Normale,4,A sens unique,1.0,Plat,1.0,0,42,Normale,0.0,Sur chaussée,Blessé léger,Féminin,26.0,Promenade - loisirs,3,4,1.0,0.0,1.0,1.0,200500004394B01,7,22,1.0,Cohérente,Non cohérentes
4,200500004395,2005-01-10,2005,janvier,lundi,19:00,67,67482,0.0,0.0,En agglomération,Hors intersection,6.0,Nuit avec éclairage public allumé,Normale,4,A sens unique,1.0,Plat,1.0,0,35,Normale,0.0,Sur chaussée,Blessé léger,Masculin,56.0,Utilisation professionnelle,3,9,1.0,0.0,1.0,2.0,200500004395B01,7,22,1.0,Cohérente,Non cohérentes
5,200500004400,2005-01-13,2005,janvier,jeudi,75:0,67,67482,0.0,0.0,En agglomération,Intersection en X,3.0,Crépuscule ou aube,Normale,4,Bidirectionnelle,3.0,Plat,1.0,0,113,Normale,5.0,Sur chaussée,Blessé léger,Masculin,20.0,Domicile - école,1,4,0.0,2.0,8.0,19.0,200500004400A01,7,1,1.0,Non cohérente,Non cohérentes
6,200500004417,2005-01-22,2005,janvier,samedi,10:05,67,67482,0.0,0.0,En agglomération,Intersection en X,3.0,Plein jour,Normale,4,Bidirectionnelle,3.0,Plat,1.0,0,82,Normale,0.0,Sur chaussée,Blessé léger,Masculin,36.0,Domicile - travail,1,4,0.0,2.0,8.0,2.0,200500004417B01,7,16,1.0,Cohérente,Non cohérentes
7,200500004556,2005-01-10,2005,janvier,lundi,14:50,74,74010,0.0,0.0,En agglomération,Hors intersection,6.0,Plein jour,Normale,4,Non renseigné,1.0,Plat,-1.0,0,78,Normale,6.0,Sur chaussée,Indemne,Féminin,43.0,Autre,2,9,0.0,1.0,1.0,2.0,200500004556A01,,,,Cohérente,Non cohérentes
8,200500004556,2005-01-10,2005,janvier,lundi,14:50,74,74010,0.0,0.0,En agglomération,Hors intersection,6.0,Plein jour,Normale,4,Non renseigné,1.0,Plat,-1.0,0,78,Normale,6.0,Sur chaussée,Blessé hospitalisé,Féminin,72.0,Autre,3,0,0.0,1.0,1.0,2.0,200500004556A01,,,,Cohérente,Non cohérentes
9,200500007846,2005-02-18,2005,février,vendredi,17:30,38,38185,0.0,0.0,En agglomération,Hors intersection,3.0,Plein jour,Normale,4,Bidirectionnelle,3.0,Plat,1.0,0,84,Normale,0.0,Sur chaussée,Blessé hospitalisé,Masculin,29.0,Promenade - loisirs,3,9,0.0,2.0,3.0,15.0,200500007846A01,7,1,1.0,Cohérente,Non cohérentes
10,200500008541,2005-02-01,2005,février,mardi,14:05,67,67482,0.0,0.0,En agglomération,Hors intersection,6.0,Plein jour,Normale,6,A sens unique,2.0,Plat,1.0,0,100,Normale,0.0,Sur trottoir,Indemne,Masculin,23.0,Promenade - loisirs,3,9,0.0,1.0,1.0,2.0,200500008541A01,,,,Cohérente,Non cohérentes
11,200500008559,2005-02-10,2005,février,jeudi,17:55,67,67482,0.0,0.0,En agglomération,Hors intersection,5.0,Nuit avec éclairage public allumé,Pluie légère,4,Bidirectionnelle,2.0,Non renseigné,-1.0,0,100,Mouillée,0.0,Sur chaussée,Blessé léger,Féminin,32.0,Domicile - travail,3,9,0.0,2.0,3.0,19.0,200500008559B01,7,1/23,2.0,Cohérente,Non cohérentes
12,200500008567,2005-02-16,2005,février,mercredi,18:50,67,67482,0.0,0.0,En agglomération,Intersection en T,3.0,Nuit avec éclairage public allumé,Pluie légère,4,Bidirectionnelle,4.0,Plat,1.0,0,152,Mouillée,5.0,Sur chaussée,Blessé léger,Féminin,54.0,Domicile - travail,1,4,0.0,2.0,3.0,19.0,200500008567A01,7,15,1.0,Cohérente,Non cohérentes
13,200500008664,2005-02-08,2005,février,mardi,80:0,74,74010,0.0,0.0,En agglomération,Intersection en X,3.0,Plein jour,Normale,4,A chaussées séparées,2.0,Plat,1.0,90,20,Normale,0.0,Aucun,Blessé léger,Masculin,45.0,Domicile - travail,2,9,0.0,0.0,1.0,2.0,200500008664B01,7,13,1.0,Non cohérente,Non cohérentes
14,200500015267,2005-03-30,2005,mars,mercredi,17:35,38,38185,0.0,0.0,En agglomération,Hors intersection,3.0,Plein jour,Normale,4,Bidirectionnelle,2.0,Plat,1.0,0,60,Normale,0.0,Sur piste cyclable,Blessé léger,Masculin,39.0,Promenade - loisirs,3,4,0.0,2.0,1.0,1.0,200500015267B01,7,16,1.0,Cohérente,Non cohérentes
15,200500015268,2005-03-30,2005,mars,mercredi,18:30,38,38185,0.0,0.0,En agglomération,Hors intersection,3.0,Plein jour,Normale,4,Bidirectionnelle,2.0,Plat,1.0,0,88,Normale,0.0,Sur chaussée,Blessé léger,Féminin,11.0,Promenade - loisirs,2,2,0.0,2.0,2.0,1.0,200500015268A01,1,1,1.0,Cohérente,Non cohérentes
16,200500015268,2005-03-30,2005,mars,mercredi,18:30,38,38185,0.0,0.0,En agglomération,Hors intersection,3.0,Plein jour,Normale,4,Bidirectionnelle,2.0,Plat,1.0,0,88,Normale,0.0,Sur chaussée,Blessé léger,Masculin,12.0,Promenade - loisirs,2,2,0.0,2.0,3.0,1.0,200500015268B01,1,1,1.0,Cohérente,Non cohérentes
17,200500015269,2005-03-30,2005,mars,mercredi,10:00,38,38185,0.0,0.0,En agglomération,Hors intersection,6.0,Plein jour,Normale,4,Bidirectionnelle,4.0,Plat,1.0,0,103,Normale,0.0,Sur piste cyclable,Blessé léger,Masculin,27.0,Autre,3,9,0.0,2.0,1.0,1.0,200500015269B01,7,13,1.0,Cohérente,Non cohérentes
18,200500016093,2005-03-11,2005,mars,vendredi,14:55,67,67482,0.0,0.0,En agglomération,Intersection en T,4.0,Plein jour,Normale,4,A sens unique,2.0,Plat,1.0,0,80,Normale,0.0,Sur chaussée,Indemne,Masculin,25.0,Promenade - loisirs,3,9,0.0,0.0,0.0,19.0,200500016093C01,14/ 7,1/23,2.0,Cohérente,Non cohérentes
19,200500016101,2005-03-16,2005,mars,mercredi,74:5,67,67482,0.0,0.0,En agglomération,Intersection à plus de 4 branches,3.0,Plein jour,Temps éblouissant,4,A sens unique,1.0,Plat,1.0,0,33,Normale,5.0,Sur chaussée,Blessé hospitalisé,Masculin,33.0,Domicile - travail,1,4,0.0,2.0,8.0,1.0,200500016101B01,7,15,1.0,Non cohérente,Non cohérentes
20,200500016103,2005-03-17,2005,mars,jeudi,90:0,67,67482,0.0,0.0,En agglomération,Hors intersection,6.0,Plein jour,Normale,4,Bidirectionnelle,3.0,Plat,1.0,0,112,Normale,0.0,Sur chaussée,Blessé léger,Masculin,46.0,Domicile - travail,3,9,0.0,2.0,1.0,9.0,200500016103B01,20,1,1.0,Non cohérente,Non cohérentes
21,200500016104,2005-03-17,2005,mars,jeudi,10:15,67,67482,0.0,0.0,En agglomération,Hors intersection,1.0,Plein jour,Normale,4,A sens unique,1.0,Plat,1.0,0,170,Normale,0.0,Sur chaussée,Indemne,Masculin,20.0,Promenade - loisirs,3,9,0.0,2.0,1.0,1.0,200500016104A01,1,1,1.0,Cohérente,Non cohérentes
22,200500016104,2005-03-17,2005,mars,jeudi,10:15,67,67482,0.0,0.0,En agglomération,Hors intersection,1.0,Plein jour,Normale,4,A sens unique,1.0,Plat,1.0,0,170,Normale,0.0,Sur chaussée,Blessé léger,Féminin,22.0,Promenade - loisirs,3,9,0.0,2.0,1.0,1.0,200500016104B01,1,1,1.0,Cohérente,Non cohérentes
23,200500016108,2005-03-19,2005,mars,samedi,11:20,67,67482,0.0,0.0,En agglomération,Intersection en T,3.0,Plein jour,Normale,4,Bidirectionnelle,2.0,Plat,1.0,0,90,Normale,0.0,Sur chaussée,Blessé léger,Féminin,59.0,Non renseigné,3,9,0.0,2.0,1.0,1.0,200500016108B01,7,15,1.0,Cohérente,Non cohérentes
24,200500016110,2005-03-20,2005,mars,dimanche,17:00,67,67482,0.0,0.0,En agglomération,Hors intersection,6.0,Plein jour,Normale,4,Non renseigné,1.0,Plat,1.0,0,42,Normale,0.0,Aucun,Blessé léger,Masculin,6.0,Promenade - loisirs,3,9,0.0,2.0,8.0,1.0,200500016110B01,7,1,1.0,Cohérente,Non cohérentes
25,200500016111,2005-03-22,2005,mars,mardi,84:0,67,67482,0.0,0.0,En agglomération,Hors intersection,6.0,Plein jour,Normale,4,A chaussées séparées,4.0,Pente,1.0,19,91,Normale,2.0,Sur chaussée,Blessé léger,Masculin,39.0,Domicile - travail,3,9,0.0,2.0,2.0,1.0,200500016111B01,7,1,1.0,Non cohérente,Non cohérentes
26,200500016112,2005-03-22,2005,mars,mardi,11:20,67,67482,0.0,0.0,En agglomération,Intersection en T,6.0,Plein jour,Normale,4,A sens unique,1.0,Plat,1.0,0,126,Normale,0.0,Sur chaussée,Indemne,Masculin,31.0,Promenade - loisirs,3,9,0.0,1.0,1.0,1.0,200500016112A01,,,,Cohérente,Non cohérentes
27,200500016115,2005-03-23,2005,mars,mercredi,84:5,67,67482,0.0,0.0,En agglomération,Intersection en T,3.0,Plein jour,Normale,4,Bidirectionnelle,2.0,Plat,1.0,23,109,Normale,0.0,Sur chaussée,Blessé léger,Féminin,58.0,Autre,3,9,0.0,2.0,1.0,1.0,200500016115B01,7,16,1.0,Non cohérente,Non cohérentes
28,200500016120,2005-03-26,2005,mars,samedi,15:40,67,67482,0.0,0.0,En agglomération,Intersection en X,3.0,Plein jour,Normale,4,Bidirectionnelle,5.0,Plat,1.0,107,155,Normale,0.0,Sur chaussée,Blessé léger,Féminin,65.0,Promenade - loisirs,3,9,0.0,2.0,4.0,19.0,200500016120B01,7,15,1.0,Cohérente,Non cohérentes
29,200500016125,2005-03-31,2005,mars,jeudi,55:0,67,67482,0.0,0.0,En agglomération,Intersection en T,3.0,Nuit avec éclairage public allumé,Autre,4,Bidirectionnelle,2.0,Plat,1.0,0,110,Normale,0.0,Sur chaussée,Blessé léger,Masculin,20.0,Domicile - travail,3,9,0.0,2.0,1.0,1.0,200500016125B01,7,15,1.0,Non cohérente,Non cohérentes
30,200500019614,2005-04-02,2005,avril,samedi,14:50,38,38185,0.0,0.0,En agglomération,Intersection en X,3.0,Plein jour,Normale,4,Bidirectionnelle,2.0,Plat,1.0,0,70,Normale,0.0,Sur chaussée,Blessé léger,Masculin,61.0,Promenade - loisirs,3,4,0.0,2.0,2.0,1.0,200500019614B01,7,1,1.0,Cohérente,Non cohérentes
31,200500019624,2005-04-07,2005,avril,jeudi,10:00,38,38185,0.0,0.0,En agglomération,Hors intersection,6.0,Plein jour,Normale,4,Non renseigné,1.0,Plat,1.0,0,30,Normale,0.0,Sur piste cyclable,Blessé léger,Féminin,23.0,Domicile - école,3,9,0.0,2.0,1.0,1.0,200500019624B01,7,9,1.0,Cohérente,Non cohérentes
32,200500019641,2005-04-19,2005,avril,mardi,20:00,38,38185,0.0,0.0,En agglomération,Hors intersection,3.0,Nuit avec éclairage public allumé,Normale,4,A sens unique,1.0,Plat,1.0,0,64,Mouillée,0.0,Sur piste cyclable,Blessé léger,Féminin,25.0,Domicile - travail,3,9,0.0,2.0,1.0,1.0,200500019641B01,7,15,1.0,Cohérente,Non cohérentes
33,200500019645,2005-04-21,2005,avril,jeudi,16:30,38,38185,0.0,0.0,En agglomération,Hors intersection,3.0,Plein jour,Normale,4,Bidirectionnelle,2.0,Plat,1.0,0,70,Normale,0.0,Sur chaussée,Blessé léger,Masculin,13.0,Promenade - loisirs,3,4,0.0,2.0,1.0,19.0,200500019645A01,7,1,1.0,Cohérente,Non cohérentes
34,200500019648,2005-04-27,2005,avril,mercredi,23:35,38,38185,0.0,0.0,En agglomération,Intersection en X,3.0,Nuit avec éclairage public allumé,Normale,4,Bidirectionnelle,2.0,Plat,1.0,0,70,Normale,0.0,Sur chaussée,Blessé léger,Masculin,21.0,Promenade - loisirs,3,4,0.0,2.0,7.0,1.0,200500019648B01,7,15,1.0,Cohérente,Non cohérentes
35,200500020474,2005-04-08,2005,avril,vendredi,90:0,67,67482,0.0,0.0,En agglomération,Intersection en T,1.0,Plein jour,Pluie forte,4,A chaussées séparées,2.0,Plat,1.0,120,280,Mouillée,5.0,Sur chaussée,Blessé léger,Masculin,46.0,Promenade - loisirs,3,9,0.0,2.0,8.0,19.0,200500020474A01,7,1,1.0,Non cohérente,Non cohérentes
36,200500020477,2005-04-09,2005,avril,samedi,10:10,67,67482,0.0,0.0,En agglomération,Hors intersection,1.0,Plein jour,Pluie forte,4,Bidirectionnelle,3.0,Plat,1.0,0,90,Mouillée,0.0,Sur chaussée,Blessé léger,Masculin,39.0,Utilisation professionnelle,3,9,0.0,2.0,1.0,1.0,200500020477B01,7,22,1.0,Cohérente,Non cohérentes
37,200500020478,2005-04-11,2005,avril,lundi,22:35,67,67482,0.0,0.0,En agglomération,Intersection à plus de 4 branches,3.0,Nuit avec éclairage public allumé,Normale,4,A sens unique,1.0,Plat,1.0,0,45,Normale,5.0,Sur chaussée,Blessé léger,Masculin,55.0,Promenade - loisirs,1,4,0.0,2.0,8.0,1.0,200500020478B01,7,15,1.0,Cohérente,Non cohérentes
38,200500020486,2005-04-16,2005,avril,samedi,12:20,67,67482,0.0,0.0,En agglomération,Intersection en T,6.0,Plein jour,Normale,4,A sens unique,1.0,Plat,1.0,0,80,Normale,0.0,Sur chaussée,Indemne,Masculin,38.0,Domicile - travail,3,9,0.0,9.0,1.0,1.0,200500020486A01,,,,Cohérente,Non cohérentes
39,200500020490,2005-04-21,2005,avril,jeudi,85:5,67,67482,0.0,0.0,En agglomération,Intersection en T,3.0,Plein jour,Normale,4,Bidirectionnelle,2.0,Plat,1.0,0,128,Normale,5.0,Sur piste cyclable,Blessé léger,Féminin,24.0,Utilisation professionnelle,1,4,0.0,2.0,8.0,19.0,200500020490B01,7,16,1.0,Non cohérente,Non cohérentes
40,200500020493,2005-04-22,2005,avril,vendredi,15:40,67,67482,0.0,0.0,En agglomération,Intersection en T,3.0,Plein jour,Normale,4,A sens unique,2.0,Plat,1.0,10,89,Normale,5.0,Sur chaussée,Blessé léger,Masculin,9.0,Promenade - loisirs,3,9,0.0,2.0,7.0,19.0,200500020493B01,7,1,1.0,Cohérente,Non cohérentes
41,200500020507,2005-04-29,2005,avril,vendredi,11:35,67,67482,0.0,0.0,En agglomération,Hors intersection,3.0,Plein jour,Normale,4,A chaussées séparées,4.0,Plat,1.0,26,105,Normale,0.0,Sur piste cyclable,Blessé léger,Masculin,22.0,Domicile - école,1,4,0.0,2.0,1.0,1.0,200500020507A01,7,16,1.0,Cohérente,Non cohérentes
42,200500020508,2005-04-29,2005,avril,vendredi,13:15,67,67482,0.0,0.0,En agglomération,Intersection en T,6.0,Plein jour,Normale,4,Bidirectionnelle,2.0,Plat,1.0,0,110,Normale,0.0,Sur chaussée,Blessé léger,Féminin,21.0,Domicile - travail,2,9,0.0,2.0,8.0,19.0,200500020508B01,5,17,1.0,Cohérente,Non cohérentes
43,200500020509,2005-04-29,2005,avril,vendredi,16:30,67,67482,0.0,0.0,En agglomération,Intersection en T,2.0,Plein jour,Normale,2,Bidirectionnelle,2.0,Plat,2.0,0,93,Normale,5.0,Sur chaussée,Blessé léger,Masculin,34.0,Promenade - loisirs,1,4,0.0,2.0,4.0,2.0,200500020509B01,7,2,1.0,Cohérente,Non cohérentes
44,200500028581,2005-05-09,2005,mai,lundi,11:25,38,38185,0.0,0.0,En agglomération,Hors intersection,3.0,Plein jour,Normale,4,Bidirectionnelle,2.0,Plat,1.0,0,70,Normale,0.0,Sur chaussée,Blessé léger,Masculin,38.0,Utilisation professionnelle,3,4,0.0,2.0,3.0,1.0,200500028581A01,7,16,1.0,Cohérente,Non cohérentes
45,200500028585,2005-05-14,2005,mai,samedi,14:20,38,38185,0.0,0.0,En agglomération,Hors intersection,3.0,Plein jour,Normale,4,A sens unique,1.0,Plat,1.0,0,33,Mouillée,0.0,Sur chaussée,Blessé léger,Masculin,28.0,Promenade - loisirs,3,4,0.0,2.0,2.0,19.0,200500028585B01,7,1,1.0,Cohérente,Non cohérentes
46,200500028594,2005-05-25,2005,mai,mercredi,84:5,38,38185,0.0,0.0,En agglomération,Hors intersection,6.0,Plein jour,Normale,4,Bidirectionnelle,2.0,Plat,1.0,0,114,Normale,0.0,Sur piste cyclable,Blessé léger,Masculin,41.0,Domicile - travail,3,9,1.0,0.0,1.0,1.0,200500028594B01,7,22,1.0,Non cohérente,Non cohérentes
47,200500029580,2005-05-02,2005,mai,lundi,85:0,67,67482,0.0,0.0,En agglomération,Intersection en X,3.0,Plein jour,Normale,4,Bidirectionnelle,2.0,Plat,1.0,0,90,Normale,0.0,Sur chaussée,Blessé léger,Féminin,55.0,Domicile - travail,3,9,0.0,2.0,8.0,1.0,200500029580B01,7,15,1.0,Non cohérente,Non cohérentes
48,200500029584,2005-05-04,2005,mai,mercredi,95:0,67,67482,0.0,0.0,En agglomération,Intersection en X,3.0,Plein jour,Normale,4,Bidirectionnelle,0.0,Plat,1.0,0,60,Normale,0.0,Sur piste cyclable,Indemne,Masculin,37.0,Promenade - loisirs,3,9,0.0,2.0,2.0,1.0,200500029584B01,7,1,1.0,Non cohérente,Non cohérentes
49,200500029584,2005-05-04,2005,mai,mercredi,95:0,67,67482,0.0,0.0,En agglomération,Intersection en X,3.0,Plein jour,Normale,4,Bidirectionnelle,0.0,Plat,1.0,0,60,Normale,0.0,Sur piste cyclable,Blessé léger,Féminin,4.0,Non renseigné,3,2,0.0,2.0,2.0,1.0,200500029584B01,7,1,1.0,Non cohérente,Non cohérentes
50,200500029598,2005-05-11,2005,mai,mercredi,17:50,67,67482,0.0,0.0,En agglomération,Intersection en X,3.0,Plein jour,Normale,4,Non renseigné,2.0,Plat,1.0,84,124,Normale,0.0,Sur chaussée,Blessé hospitalisé,Masculin,60.0,Domicile - travail,3,9,0.0,2.0,1.0,1.0,200500029598B01,7,15,1.0,Cohérente,Non cohérentes
51,200500029600,2005-05-12,2005,mai,jeudi,17:15,67,67482,0.0,0.0,En agglomération,Intersection en X,3.0,Plein jour,Normale,4,Bidirectionnelle,2.0,Plat,1.0,0,83,Normale,0.0,Sur chaussée,Blessé léger,Masculin,14.0,Domicile - école,1,9,0.0,2.0,1.0,19.0,200500029600A01,7,1,1.0,Cohérente,Non cohérentes
52,200500029612,2005-05-19,2005,mai,jeudi,13:25,67,67482,0.0,0.0,En agglomération,Hors intersection,1.0,Plein jour,Normale,4,Bidirectionnelle,2.0,Plat,3.0,0,16,Normale,0.0,Sur piste cyclable,Blessé hospitalisé,Masculin,45.0,Domicile - travail,3,9,0.0,2.0,1.0,1.0,200500029612A01,1,1,1.0,Cohérente,Non cohérentes
53,200500029612,2005-05-19,2005,mai,jeudi,13:25,67,67482,0.0,0.0,En agglomération,Hors intersection,1.0,Plein jour,Normale,4,Bidirectionnelle,2.0,Plat,3.0,0,16,Normale,0.0,Sur piste cyclable,Blessé léger,Masculin,21.0,Promenade - loisirs,3,9,0.0,2.0,1.0,1.0,200500029612B01,1,1,1.0,Cohérente,Non cohérentes
54,200500029615,2005-05-20,2005,mai,vendredi,16:18,67,67482,0.0,0.0,En agglomération,Hors intersection,3.0,Plein jour,Normale,4,Bidirectionnelle,2.0,Plat,1.0,10,138,Normale,4.0,Sur chaussée,Blessé hospitalisé,Masculin,25.0,Promenade - loisirs,2,9,0.0,4.0,3.0,15.0,200500029615A01,19,1,1.0,Cohérente,Non cohérentes
55,200500029623,2005-05-24,2005,mai,mardi,16:30,67,67482,0.0,0.0,En agglomération,Intersection en X,2.0,Plein jour,Normale,4,Bidirectionnelle,5.0,Plat,1.0,0,120,Normale,4.0,Sur chaussée,Blessé léger,Féminin,67.0,Promenade - loisirs,3,9,0.0,2.0,4.0,15.0,200500029623B01,7,1,1.0,Cohérente,Non cohérentes
56,200500029624,2005-05-25,2005,mai,mercredi,14:10,67,67482,0.0,0.0,En agglomération,Hors intersection,3.0,Plein jour,Normale,4,Bidirectionnelle,2.0,Plat,1.0,0,91,Normale,0.0,Sur chaussée,Blessé léger,Féminin,19.0,Non renseigné,3,0,0.0,2.0,1.0,19.0,200500029624A01,7,1,1.0,Cohérente,Non cohérentes
57,200500029631,2005-05-27,2005,mai,vendredi,12:00,67,67482,0.0,0.0,En agglomération,Hors intersection,3.0,Plein jour,Normale,4,Bidirectionnelle,2.0,Plat,1.0,0,96,Normale,0.0,Sur chaussée,Blessé léger,Masculin,15.0,Domicile - école,3,9,1.0,0.0,1.0,1.0,200500029631B01,7,22,1.0,Cohérente,Non cohérentes
58,200500029825,2005-05-13,2005,mai,vendredi,84:5,74,74010,0.0,0.0,En agglomération,Hors intersection,6.0,Plein jour,Normale,4,Bidirectionnelle,2.0,Plat,-1.0,0,75,Normale,0.0,Sur chaussée,Blessé hospitalisé,Masculin,83.0,Non renseigné,2,9,0.0,0.0,0.0,2.0,200500029825B01,7,22,1.0,Non cohérente,Non cohérentes
59,200500029831,2005-05-28,2005,mai,samedi,14:55,74,74010,0.0,0.0,En agglomération,Hors intersection,3.0,Plein jour,Normale,4,Bidirectionnelle,2.0,Plat,1.0,19,80,Normale,0.0,Sur chaussée,Blessé léger,Masculin,22.0,Utilisation professionnelle,3,9,0.0,0.0,7.0,2.0,200500029831B01,2,18,1.0,Cohérente,Non cohérentes
60,200500033720,2005-06-01,2005,juin,mercredi,11:45,38,38185,0.0,0.0,En agglomération,Hors intersection,3.0,Plein jour,Normale,4,Bidirectionnelle,4.0,Plat,1.0,0,150,Normale,0.0,Sur chaussée,Blessé léger,Féminin,24.0,Utilisation professionnelle,3,4,0.0,2.0,1.0,19.0,200500033720A01,18,1,1.0,Cohérente,Non cohérentes
61,200500033727,2005-06-06,2005,juin,lundi,16:30,38,38185,0.0,0.0,En agglomération,Intersection en X,3.0,Plein jour,Normale,4,Bidirectionnelle,2.0,Plat,1.0,0,70,Normale,0.0,Sur chaussée,Blessé léger,Masculin,16.0,Promenade - loisirs,3,4,0.0,2.0,1.0,1.0,200500033727B01,7,1,1.0,Cohérente,Non cohérentes
62,200500033730,2005-06-10,2005,juin,vendredi,81:0,38,38185,0.0,0.0,En agglomération,Hors intersection,6.0,Plein jour,Normale,4,A sens unique,0.0,Plat,1.0,0,140,Normale,0.0,Sur trottoir,Blessé léger,Féminin,20.0,Domicile - école,3,9,0.0,2.0,1.0,1.0,200500033730A01,7,1,1.0,Non cohérente,Non cohérentes
63,200500033731,2005-06-10,2005,juin,vendredi,15:50,38,38185,0.0,0.0,En agglomération,Hors intersection,2.0,Plein jour,Normale,4,Bidirectionnelle,4.0,Plat,1.0,0,136,Normale,0.0,Sur chaussée,Blessé léger,Féminin,44.0,Domicile - travail,3,4,0.0,2.0,4.0,11.0,200500033731A01,7,1,1.0,Cohérente,Non cohérentes
64,200500033741,2005-06-15,2005,juin,mercredi,16:32,38,38185,0.0,0.0,En agglomération,Hors intersection,6.0,Plein jour,Normale,4,Bidirectionnelle,0.0,Plat,1.0,0,100,Normale,0.0,Sur chaussée,Blessé léger,Masculin,25.0,Domicile - travail,3,9,1.0,0.0,1.0,1.0,200500033741B01,7/ 2,22/1,2.0,Cohérente,Non cohérentes
65,200500033747,2005-06-21,2005,juin,mardi,12:05,38,38185,0.0,0.0,En agglomération,Hors intersection,3.0,Plein jour,Normale,4,Bidirectionnelle,2.0,Plat,1.0,0,72,Normale,0.0,Sur chaussée,Blessé léger,Masculin,60.0,Promenade - loisirs,3,9,0.0,2.0,3.0,1.0,200500033747B01,7,1,1.0,Cohérente,Non cohérentes
66,200500033749,2005-06-22,2005,juin,mercredi,14:00,38,38185,0.0,0.0,En agglomération,Autre intersection,6.0,Plein jour,Normale,4,A sens unique,1.0,Plat,1.0,0,70,Normale,0.0,Sur chaussée,Blessé léger,Masculin,31.0,Autre,3,9,0.0,2.0,1.0,1.0,200500033749B01,7,9,1.0,Cohérente,Non cohérentes
67,200500033756,2005-06-28,2005,juin,mardi,85:0,38,38185,0.0,0.0,En agglomération,Intersection en X,3.0,Plein jour,Normale,4,A sens unique,1.0,Plat,2.0,0,50,Normale,0.0,Sur chaussée,Blessé léger,Féminin,27.0,Non renseigné,3,4,0.0,2.0,1.0,1.0,200500033756A01,7,15,1.0,Non cohérente,Non cohérentes
68,200500034773,2005-06-03,2005,juin,vendredi,16:05,67,67482,0.0,0.0,En agglomération,Hors intersection,1.0,Plein jour,Normale,4,Bidirectionnelle,4.0,Pente,2.0,0,139,Normale,0.0,Sur chaussée,Blessé léger,Masculin,37.0,Domicile - travail,3,2,0.0,2.0,1.0,14.0,200500034773A01,7,1,1.0,Cohérente,Non cohérentes
69,200500034776,2005-06-04,2005,juin,samedi,11:31,67,67482,0.0,0.0,En agglomération,Intersection en T,6.0,Plein jour,Normale,4,Bidirectionnelle,2.0,Plat,1.0,0,58,Normale,0.0,Sur chaussée,Blessé léger,Masculin,12.0,Promenade - loisirs,3,9,0.0,2.0,1.0,15.0,200500034776B01,7,1,1.0,Cohérente,Non cohérentes
70,200500034781,2005-06-07,2005,juin,mardi,14:20,67,67482,0.0,0.0,En agglomération,Intersection en X,3.0,Plein jour,Normale,4,Bidirectionnelle,2.0,Plat,1.0,0,134,Normale,5.0,Sur piste cyclable,Blessé léger,Féminin,84.0,Promenade - loisirs,1,9,0.0,2.0,1.0,1.0,200500034781B01,7,1,1.0,Cohérente,Non cohérentes
71,200500034782,2005-06-08,2005,juin,mercredi,83:0,67,67482,0.0,0.0,En agglomération,Hors intersection,3.0,Plein jour,Normale,9,Bidirectionnelle,0.0,Plat,3.0,0,0,Normale,0.0,Sur chaussée,Blessé léger,Masculin,56.0,Domicile - travail,3,9,0.0,2.0,1.0,1.0,200500034782A01,1,17,1.0,Non cohérente,Non cohérentes
72,200500034782,2005-06-08,2005,juin,mercredi,83:0,67,67482,0.0,0.0,En agglomération,Hors intersection,3.0,Plein jour,Normale,9,Bidirectionnelle,0.0,Plat,3.0,0,0,Normale,0.0,Sur chaussée,Indemne,Féminin,30.0,Autre,3,9,0.0,2.0,1.0,17.0,200500034782B01,1,1,1.0,Non cohérente,Non cohérentes
73,200500034783,2005-06-09,2005,juin,jeudi,14:00,67,67482,0.0,0.0,En agglomération,Intersection en T,3.0,Plein jour,Normale,3,Bidirectionnelle,2.0,Plat,1.0,0,60,Normale,0.0,Aucun,Blessé léger,Féminin,19.0,Domicile - école,3,9,0.0,2.0,1.0,1.0,200500034783B01,18,1,1.0,Cohérente,Non cohérentes
74,200500034791,2005-06-11,2005,juin,samedi,16:15,67,67482,0.0,0.0,En agglomération,Hors intersection,3.0,Plein jour,Normale,4,Bidirectionnelle,2.0,Plat,1.0,0,53,Normale,0.0,Sur chaussée,Blessé léger,Masculin,8.0,Promenade - loisirs,3,9,0.0,2.0,7.0,1.0,200500034791B01,7,1,1.0,Cohérente,Non cohérentes
75,200500034797,2005-06-15,2005,juin,mercredi,14:20,67,67482,0.0,0.0,En agglomération,Intersection en X,3.0,Plein jour,Normale,4,Bidirectionnelle,2.0,Plat,1.0,15,150,Normale,2.0,Sur chaussée,Blessé léger,Féminin,50.0,Domicile - travail,1,4,0.0,2.0,3.0,1.0,200500034797B01,7,16,1.0,Cohérente,Non cohérentes
76,200500034807,2005-06-19,2005,juin,dimanche,11:45,67,67482,0.0,0.0,Hors agglomération,Hors intersection,5.0,Plein jour,Normale,9,Bidirectionnelle,2.0,Plat,3.0,0,0,Normale,0.0,Sur piste cyclable,Blessé léger,Masculin,35.0,Autre,3,9,0.0,2.0,1.0,1.0,200500034807B01,5,1,1.0,Cohérente,Non cohérentes
77,200500034807,2005-06-19,2005,juin,dimanche,11:45,67,67482,0.0,0.0,Hors agglomération,Hors intersection,5.0,Plein jour,Normale,9,Bidirectionnelle,2.0,Plat,3.0,0,0,Normale,0.0,Sur piste cyclable,Blessé léger,Féminin,5.0,Non renseigné,3,9,0.0,2.0,1.0,1.0,200500034807B01,5,1,1.0,Cohérente,Non cohérentes
78,200500034807,2005-06-19,2005,juin,dimanche,11:45,67,67482,0.0,0.0,Hors agglomération,Hors intersection,5.0,Plein jour,Normale,9,Bidirectionnelle,2.0,Plat,3.0,0,0,Normale,0.0,Sur piste cyclable,Blessé léger,Masculin,9.0,Autre,3,9,0.0,2.0,1.0,1.0,200500034807C01,5,1,1.0,Cohérente,Non cohérentes
79,200500034808,2005-06-20,2005,juin,lundi,16:00,67,67482,0.0,0.0,En agglomération,Hors intersection,3.0,Plein jour,Normale,4,Bidirectionnelle,2.0,Plat,4.0,0,22,Normale,0.0,Sur piste cyclable,Indemne,Masculin,61.0,Promenade - loisirs,3,9,0.0,2.0,8.0,1.0,200500034808A01,1,1,1.0,Cohérente,Non cohérentes
80,200500034808,2005-06-20,2005,juin,lundi,16:00,67,67482,0.0,0.0,En agglomération,Hors intersection,3.0,Plein jour,Normale,4,Bidirectionnelle,2.0,Plat,4.0,0,22,Normale,0.0,Sur piste cyclable,Blessé léger,Féminin,57.0,Non renseigné,3,2,0.0,2.0,8.0,1.0,200500034808B01,1,1,1.0,Cohérente,Non cohérentes
81,200500034810,2005-06-21,2005,juin,mardi,13:30,67,67482,0.0,0.0,En agglomération,Intersection en X,3.0,Plein jour,Normale,4,Bidirectionnelle,2.0,Plat,1.0,0,32,Normale,0.0,Sur chaussée,Blessé léger,Masculin,23.0,Promenade - loisirs,3,9,0.0,2.0,1.0,1.0,200500034810B01,7,16,1.0,Cohérente,Non cohérentes
82,200500034813,2005-06-22,2005,juin,mercredi,18:35,67,67482,0.0,0.0,En agglomération,Hors intersection,6.0,Plein jour,Normale,4,Bidirectionnelle,2.0,Plat,1.0,0,90,Normale,0.0,Aucun,Blessé hospitalisé,Féminin,53.0,Promenade - loisirs,3,0,0.0,0.0,0.0,0.0,200500034813A01,,,,Cohérente,Non cohérentes
83,200500034823,2005-06-28,2005,juin,mardi,75:0,67,67482,0.0,0.0,En agglomération,Intersection en X,3.0,Plein jour,Normale,4,Bidirectionnelle,2.0,Plat,1.0,0,120,Normale,0.0,Sur piste cyclable,Blessé léger,Féminin,19.0,Promenade - loisirs,3,9,0.0,2.0,1.0,1.0,200500034823B01,7,15,1.0,Non cohérente,Non cohérentes
84,200500034826,2005-06-28,2005,juin,mardi,18:10,67,67482,0.0,0.0,En agglomération,Hors intersection,1.0,Plein jour,Normale,4,Bidirectionnelle,2.0,Plat,1.0,0,87,Normale,0.0,Sur piste cyclable,Blessé léger,Masculin,19.0,Domicile - travail,2,9,0.0,2.0,1.0,17.0,200500034826A01,1,1,1.0,Cohérente,Non cohérentes
85,200500034826,2005-06-28,2005,juin,mardi,18:10,67,67482,0.0,0.0,En agglomération,Hors intersection,1.0,Plein jour,Normale,4,Bidirectionnelle,2.0,Plat,1.0,0,87,Normale,0.0,Sur piste cyclable,Blessé léger,Masculin,31.0,Domicile - travail,3,9,0.0,2.0,1.0,1.0,200500034826B01,1,17,1.0,Cohérente,Non cohérentes
86,200500034828,2005-06-29,2005,juin,mercredi,11:25,67,67482,0.0,0.0,En agglomération,Intersection en T,3.0,Plein jour,Normale,4,Bidirectionnelle,2.0,Plat,1.0,0,86,Normale,0.0,Sur chaussée,Blessé léger,Féminin,41.0,Promenade - loisirs,3,9,0.0,2.0,7.0,1.0,200500034828B01,7,4,1.0,Cohérente,Non cohérentes
87,200500034830,2005-06-30,2005,juin,jeudi,85:5,67,67482,0.0,0.0,En agglomération,Intersection en T,3.0,Plein jour,Normale,4,Bidirectionnelle,2.0,Plat,1.0,0,130,Normale,0.0,Sur chaussée,Blessé léger,Masculin,40.0,Promenade - loisirs,3,9,0.0,2.0,1.0,19.0,200500034830B01,7,15,1.0,Non cohérente,Non cohérentes
88,200500034997,2005-06-22,2005,juin,mercredi,13:55,74,74010,0.0,0.0,En agglomération,Intersection en X,3.0,Plein jour,Normale,4,A sens unique,1.0,Plat,1.0,0,62,Normale,0.0,Sur chaussée,Blessé léger,Féminin,25.0,Promenade - loisirs,3,2,0.0,0.0,1.0,2.0,200500034997B01,7,2,1.0,Cohérente,Non cohérentes
89,200500044730,2005-07-01,2005,juillet,vendredi,13:24,38,38185,0.0,0.0,En agglomération,Hors intersection,3.0,Plein jour,Normale,4,A sens unique,1.0,Plat,1.0,0,57,Normale,0.0,Sur chaussée,Blessé léger,Féminin,53.0,Promenade - loisirs,2,4,0.0,2.0,3.0,1.0,200500044730B01,7,16,1.0,Cohérente,Non cohérentes
90,200500044735,2005-07-04,2005,juillet,lundi,18:45,38,38185,0.0,0.0,En agglomération,Hors intersection,3.0,Plein jour,Pluie légère,4,Bidirectionnelle,4.0,Plat,1.0,0,119,Mouillée,0.0,Sur chaussée,Blessé léger,Masculin,29.0,Non renseigné,3,4,0.0,2.0,3.0,1.0,200500044735B01,7,15,1.0,Cohérente,Non cohérentes
91,200500044738,2005-07-05,2005,juillet,mardi,19:45,38,38185,0.0,0.0,En agglomération,Hors intersection,3.0,Plein jour,Normale,4,A sens unique,2.0,Plat,1.0,0,67,Normale,0.0,Sur chaussée,Indemne,Masculin,18.0,Promenade - loisirs,3,4,0.0,2.0,1.0,19.0,200500044738A01,7,1,1.0,Cohérente,Non cohérentes
92,200500044738,2005-07-05,2005,juillet,mardi,19:45,38,38185,0.0,0.0,En agglomération,Hors intersection,3.0,Plein jour,Normale,4,A sens unique,2.0,Plat,1.0,0,67,Normale,0.0,Sur chaussée,Blessé léger,Féminin,17.0,Non renseigné,3,4,0.0,2.0,1.0,19.0,200500044738A01,7,1,1.0,Cohérente,Non cohérentes
93,200500044740,2005-07-08,2005,juillet,vendredi,13:30,38,38185,0.0,0.0,En agglomération,Hors intersection,3.0,Plein jour,Normale,4,A sens unique,1.0,Plat,1.0,0,33,Normale,0.0,Sur chaussée,Blessé léger,Masculin,45.0,Utilisation professionnelle,3,4,0.0,2.0,7.0,1.0,200500044740B01,7,15,1.0,Cohérente,Non cohérentes
94,200500044743,2005-07-11,2005,juillet,lundi,15:20,38,38185,0.0,0.0,En agglomération,Hors intersection,3.0,Plein jour,Normale,4,Bidirectionnelle,4.0,Plat,3.0,0,120,Normale,0.0,Sur piste cyclable,Blessé léger,Féminin,53.0,Promenade - loisirs,3,4,0.0,2.0,1.0,1.0,200500044743B01,7,16,1.0,Cohérente,Non cohérentes
95,200500044756,2005-07-25,2005,juillet,lundi,18:30,38,38185,0.0,0.0,En agglomération,Intersection en X,3.0,Plein jour,Normale,4,Bidirectionnelle,2.0,Plat,1.0,0,70,Normale,0.0,Sur chaussée,Blessé léger,Féminin,30.0,Non renseigné,3,4,0.0,2.0,1.0,13.0,200500044756B01,7,15,1.0,Cohérente,Non cohérentes
96,200500044759,2005-07-28,2005,juillet,jeudi,19:15,38,38185,0.0,0.0,En agglomération,Autre intersection,6.0,Plein jour,Normale,4,Bidirectionnelle,4.0,Plat,1.0,0,120,Normale,5.0,Sur chaussée,Blessé léger,Féminin,61.0,Non renseigné,3,9,0.0,2.0,7.0,15.0,200500044759A01,7,1,1.0,Cohérente,Non cohérentes
97,200500045617,2005-07-01,2005,juillet,vendredi,17:40,67,67482,0.0,0.0,En agglomération,Hors intersection,3.0,Plein jour,Normale,4,Bidirectionnelle,4.0,Plat,1.0,0,132,Normale,0.0,Sur trottoir,Blessé léger,Masculin,12.0,Promenade - loisirs,1,9,0.0,2.0,1.0,1.0,200500045617A01,5,9,1.0,Cohérente,Non cohérentes
98,200500045619,2005-07-03,2005,juillet,dimanche,20:15,67,67482,0.0,0.0,En agglomération,Hors intersection,3.0,Plein jour,Normale,4,Bidirectionnelle,2.0,Plat,1.0,0,86,Normale,0.0,Sur chaussée,Blessé léger,Masculin,18.0,Promenade - loisirs,3,9,0.0,2.0,8.0,19.0,200500045619B01,7,1,1.0,Cohérente,Non cohérentes
99,200500045624,2005-07-05,2005,juillet,mardi,14:35,67,67482,0.0,0.0,En agglomération,Giratoire,1.0,Plein jour,Normale,4,A sens unique,2.0,Plat,2.0,0,70,Normale,5.0,Sur chaussée,Blessé léger,Féminin,25.0,Domicile - travail,3,9,0.0,2.0,6.0,19.0,200500045624B01,7,1,1.0,Cohérente,Non cohérentes
100,200500045632,2005-07-08,2005,juillet,vendredi,82:0,67,67482,0.0,0.0,En agglomération,Intersection en T,3.0,Plein jour,Normale,4,Bidirectionnelle,2.0,Plat,2.0,0,157,Normale,5.0,Sur chaussée,Blessé léger,Masculin,14.0,Promenade - loisirs,1,4,0.0,2.0,7.0,1.0,200500045632B01,10,15,1.0,Non cohérente,Non cohérentes
101,200500045634,2005-07-08,2005,juillet,vendredi,14:00,67,67482,0.0,0.0,En agglomération,Hors intersection,3.0,Plein jour,Normale,4,Bidirectionnelle,2.0,Plat,1.0,0,70,Normale,0.0,Sur piste cyclable,Blessé léger,Masculin,22.0,Promenade - loisirs,1,2,1.0,0.0,1.0,1.0,200500045634B01,7,22,1.0,Cohérente,Non cohérentes
102,200500045640,2005-07-11,2005,juillet,lundi,11:55,67,67482,0.0,0.0,En agglomération,Hors intersection,3.0,Plein jour,Normale,4,Bidirectionnelle,2.0,Plat,1.0,0,67,Normale,0.0,Sur chaussée,Blessé léger,Masculin,10.0,Promenade - loisirs,1,9,0.0,2.0,3.0,9.0,200500045640A01,7,1,1.0,Cohérente,Non cohérentes
103,200500045641,2005-07-11,2005,juillet,lundi,19:43,67,67482,0.0,0.0,En agglomération,Intersection en Y,6.0,Crépuscule ou aube,Normale,4,A sens unique,0.0,Plat,3.0,0,50,Normale,5.0,Sur trottoir,Blessé léger,Masculin,15.0,Promenade - loisirs,3,9,1.0,0.0,1.0,16.0,200500045641A01,,,,Cohérente,Non cohérentes
104,200500045647,2005-07-12,2005,juillet,mardi,16:40,67,67482,0.0,0.0,En agglomération,Intersection en X,3.0,Plein jour,Normale,4,Bidirectionnelle,4.0,Plat,1.0,0,153,Normale,0.0,Sur chaussée,Blessé léger,Masculin,17.0,Promenade - loisirs,3,9,0.0,2.0,1.0,19.0,200500045647A01,7,1,1.0,Cohérente,Non cohérentes
105,200500045653,2005-07-19,2005,juillet,mardi,84:5,67,67482,0.0,0.0,En agglomération,Hors intersection,3.0,Plein jour,Normale,4,A sens unique,4.0,Plat,1.0,0,170,Normale,0.0,Sur chaussée,Blessé léger,Féminin,20.0,Promenade - loisirs,3,9,0.0,2.0,7.0,1.0,200500045653B01,7,13,1.0,Non cohérente,Non cohérentes
106,200500045660,2005-07-27,2005,juillet,mercredi,12:30,67,67482,0.0,0.0,En agglomération,Hors intersection,6.0,Plein jour,Normale,4,A sens unique,2.0,Plat,1.0,0,0,Normale,6.0,Sur trottoir,Blessé léger,Féminin,82.0,Promenade - loisirs,3,0,0.0,1.0,1.0,0.0,200500045660A01,,,,Cohérente,Non cohérentes
107,200500045815,2005-07-04,2005,juillet,lundi,12:30,74,74010,0.0,0.0,En agglomération,Intersection en T,6.0,Plein jour,Normale,4,A chaussées séparées,3.0,Plat,1.0,0,105,Normale,0.0,Sur chaussée,Blessé léger,Féminin,25.0,Promenade - loisirs,3,9,0.0,0.0,4.0,7.0,200500045815B01,7,7,1.0,Cohérente,Non cohérentes
108,200500051401,2005-08-05,2005,août,vendredi,14:50,38,38185,0.0,0.0,En agglomération,Hors intersection,6.0,Plein jour,Normale,4,A sens unique,3.0,Plat,1.0,0,110,Normale,0.0,Sur chaussée,Blessé léger,Masculin,53.0,Promenade - loisirs,3,9,0.0,2.0,8.0,1.0,200500051401B01,7,17,1.0,Cohérente,Non cohérentes
109,200500051407,2005-08-12,2005,août,vendredi,19:00,38,38185,0.0,0.0,En agglomération,Hors intersection,6.0,Plein jour,Normale,4,A sens unique,1.0,Plat,1.0,0,30,Normale,0.0,Sur chaussée,Indemne,Masculin,19.0,Autre,3,9,0.0,1.0,1.0,1.0,200500051407A01,,,,Cohérente,Non cohérentes
110,200500051418,2005-08-31,2005,août,mercredi,16:25,38,38185,0.0,0.0,Hors agglomération,Hors intersection,1.0,Plein jour,Normale,9,Bidirectionnelle,1.0,Plat,2.0,0,40,Normale,0.0,Sur chaussée,Blessé léger,Masculin,57.0,Promenade - loisirs,2,9,0.0,2.0,1.0,1.0,200500051418A01,1,1,1.0,Cohérente,Non cohérentes
111,200500051418,2005-08-31,2005,août,mercredi,16:25,38,38185,0.0,0.0,Hors agglomération,Hors intersection,1.0,Plein jour,Normale,9,Bidirectionnelle,1.0,Plat,2.0,0,40,Normale,0.0,Sur chaussée,Blessé hospitalisé,Masculin,67.0,Promenade - loisirs,1,2,0.0,2.0,1.0,1.0,200500051418B01,1,1,1.0,Cohérente,Non cohérentes
112,200500052218,2005-08-05,2005,août,vendredi,18:10,67,67482,0.0,0.0,En agglomération,Hors intersection,6.0,Plein jour,Normale,9,Bidirectionnelle,1.0,Plat,1.0,0,0,Normale,0.0,Sur piste cyclable,Indemne,Masculin,17.0,Promenade - loisirs,3,2,0.0,2.0,1.0,0.0,200500052218A01,1,0,1.0,Cohérente,Non cohérentes
113,200500052218,2005-08-05,2005,août,vendredi,18:10,67,67482,0.0,0.0,En agglomération,Hors intersection,6.0,Plein jour,Normale,9,Bidirectionnelle,1.0,Plat,1.0,0,0,Normale,0.0,Sur piste cyclable,Blessé léger,Masculin,55.0,Domicile - travail,3,2,0.0,2.0,1.0,0.0,200500052218B01,1,0,1.0,Cohérente,Non cohérentes
114,200500052226,2005-08-10,2005,août,mercredi,15:00,67,67482,0.0,0.0,En agglomération,Intersection en X,6.0,Plein jour,Normale,4,Bidirectionnelle,2.0,Plat,1.0,0,58,Normale,0.0,Sur chaussée,Blessé léger,Féminin,15.0,Promenade - loisirs,2,9,0.0,2.0,8.0,1.0,200500052226B01,7,1,1.0,Cohérente,Non cohérentes
115,200500052229,2005-08-15,2005,août,lundi,17:50,67,67482,0.0,0.0,En agglomération,Intersection en T,6.0,Plein jour,Temps couvert,4,A sens unique,1.0,Plat,3.0,0,41,Normale,5.0,Sur chaussée,Blessé léger,Masculin,14.0,Promenade - loisirs,1,4,0.0,2.0,1.0,5.0,200500052229B01,7,16,1.0,Cohérente,Non cohérentes
116,200500052234,2005-08-24,2005,août,mercredi,17:30,67,67482,0.0,0.0,En agglomération,Intersection en X,3.0,Plein jour,Normale,4,Bidirectionnelle,4.0,Plat,1.0,0,125,Normale,0.0,Sur chaussée,Blessé léger,Féminin,42.0,Promenade - loisirs,3,9,2.0,2.0,1.0,19.0,200500052234B01,7,15,1.0,Cohérente,Non cohérentes
117,200500052235,2005-08-25,2005,août,jeudi,64:5,67,67482,0.0,0.0,En agglomération,Intersection en Y,3.0,Crépuscule ou aube,Normale,4,Bidirectionnelle,2.0,Plat,2.0,0,80,Mouillée,0.0,Sur chaussée,Blessé hospitalisé,Féminin,29.0,Domicile - travail,3,9,0.0,2.0,1.0,1.0,200500052235B01,7,1,1.0,Non cohérente,Non cohérentes
118,200500052237,2005-08-25,2005,août,jeudi,12:35,67,67482,0.0,0.0,En agglomération,Intersection en X,6.0,Plein jour,Pluie forte,4,A sens unique,1.0,Plat,1.0,0,60,Mouillée,6.0,Sur chaussée,Indemne,Féminin,22.0,Domicile - travail,1,4,0.0,1.0,1.0,1.0,200500052237A01,,,,Cohérente,Non cohérentes
119,200500052237,2005-08-25,2005,août,jeudi,12:35,67,67482,0.0,0.0,En agglomération,Intersection en X,6.0,Plein jour,Pluie forte,4,A sens unique,1.0,Plat,1.0,0,60,Mouillée,6.0,Sur chaussée,Blessé léger,Féminin,48.0,Promenade - loisirs,3,0,0.0,1.0,1.0,1.0,200500052237A01,,,,Cohérente,Non cohérentes
120,200500052241,2005-08-29,2005,août,lundi,12:30,67,67482,0.0,0.0,En agglomération,Intersection en T,3.0,Plein jour,Normale,4,Bidirectionnelle,4.0,Plat,1.0,0,112,Normale,5.0,Sur chaussée,Blessé hospitalisé,Masculin,59.0,Promenade - loisirs,1,1,0.0,2.0,7.0,19.0,200500052241B01,7,1,1.0,Cohérente,Non cohérentes
121,200500052367,2005-08-03,2005,août,mercredi,16:55,74,74010,0.0,0.0,En agglomération,Hors intersection,6.0,Plein jour,Normale,4,A sens unique,2.0,Plat,-1.0,0,73,Normale,0.0,Sur chaussée,Indemne,Masculin,28.0,Promenade - loisirs,3,9,0.0,1.0,1.0,1.0,200500052367A01,,,,Cohérente,Non cohérentes
122,200500052368,2005-08-09,2005,août,mardi,15:20,74,74010,0.0,0.0,En agglomération,Intersection en X,3.0,Plein jour,Normale,4,Bidirectionnelle,2.0,Plat,1.0,0,88,Normale,0.0,Sur chaussée,Blessé léger,Masculin,69.0,Utilisation professionnelle,3,9,0.0,2.0,1.0,19.0,200500052368A01,7,1,1.0,Cohérente,Non cohérentes
123,200500052372,2005-08-22,2005,août,lundi,12:20,74,74010,0.0,0.0,En agglomération,Hors intersection,6.0,Plein jour,Pluie légère,4,Bidirectionnelle,2.0,Plat,1.0,0,0,Mouillée,0.0,Sur chaussée,Blessé hospitalisé,Masculin,7.0,Autre,3,9,0.0,2.0,1.0,19.0,200500052372A01,7,1,1.0,Cohérente,Non cohérentes
124,200500052375,2005-08-25,2005,août,jeudi,11:35,74,74010,0.0,0.0,En agglomération,Hors intersection,6.0,Plein jour,Normale,4,Bidirectionnelle,2.0,Plat,3.0,0,0,Normale,0.0,Sur piste cyclable,Indemne,Masculin,23.0,Autre,2,9,0.0,2.0,1.0,5.0,200500052375A01,1,1,1.0,Cohérente,Non cohérentes
125,200500052375,2005-08-25,2005,août,jeudi,11:35,74,74010,0.0,0.0,En agglomération,Hors intersection,6.0,Plein jour,Normale,4,Bidirectionnelle,2.0,Plat,3.0,0,0,Normale,0.0,Sur piste cyclable,Blessé léger,Féminin,62.0,Autre,3,9,0.0,0.0,1.0,1.0,200500052375B01,1,5,1.0,Cohérente,Non cohérentes
126,200500058414,2005-09-03,2005,septembre,samedi,12:35,38,38185,0.0,0.0,En agglomération,Hors intersection,6.0,Plein jour,Normale,4,Bidirectionnelle,6.0,Plat,1.0,0,180,Normale,0.0,Sur chaussée,Blessé léger,Masculin,19.0,Promenade - loisirs,2,2,0.0,2.0,8.0,1.0,200500058414A01,7,1,1.0,Cohérente,Non cohérentes
127,200500058425,2005-09-11,2005,septembre,dimanche,30:0,38,38185,0.0,0.0,En agglomération,Intersection en X,2.0,Nuit avec éclairage public allumé,Pluie légère,4,Bidirectionnelle,3.0,Plat,1.0,0,105,Mouillée,0.0,Sur bande d'arrêt d'urgence,Blessé léger,Masculin,28.0,Promenade - loisirs,3,0,0.0,2.0,1.0,1.0,200500058425B01,7,15,1.0,Non cohérente,Non cohérentes
128,200500058430,2005-09-13,2005,septembre,mardi,21:25,38,38185,0.0,0.0,En agglomération,Intersection en X,4.0,Nuit avec éclairage public allumé,Normale,4,Bidirectionnelle,2.0,Plat,1.0,0,70,Normale,0.0,Sur chaussée,Blessé léger,Masculin,21.0,Promenade - loisirs,3,4,0.0,0.0,1.0,0.0,200500058430A01,7,1,1.0,Cohérente,Non cohérentes
129,200500058430,2005-09-13,2005,septembre,mardi,21:25,38,38185,0.0,0.0,En agglomération,Intersection en X,4.0,Nuit avec éclairage public allumé,Normale,4,Bidirectionnelle,2.0,Plat,1.0,0,70,Normale,0.0,Sur chaussée,Blessé léger,Féminin,20.0,Promenade - loisirs,3,4,0.0,2.0,1.0,1.0,200500058430B01,7,1,1.0,Cohérente,Non cohérentes
130,200500058438,2005-09-15,2005,septembre,jeudi,18:30,38,38185,0.0,0.0,En agglomération,Hors intersection,3.0,Plein jour,Normale,4,A sens unique,2.0,Pente,1.0,0,70,Normale,0.0,Sur chaussée,Blessé léger,Masculin,21.0,Non renseigné,3,4,0.0,2.0,1.0,1.0,200500058438B01,7,15,1.0,Cohérente,Non cohérentes
131,200500058442,2005-09-17,2005,septembre,samedi,10:50,38,38185,0.0,0.0,En agglomération,Intersection en X,3.0,Plein jour,Normale,4,Bidirectionnelle,2.0,Plat,1.0,0,70,Normale,0.0,Sur chaussée,Blessé léger,Féminin,33.0,Non renseigné,3,4,0.0,2.0,1.0,19.0,200500058442B01,7,1,1.0,Cohérente,Non cohérentes
132,200500058453,2005-09-22,2005,septembre,jeudi,17:10,38,38185,0.0,0.0,En agglomération,Hors intersection,6.0,Plein jour,Normale,4,Bidirectionnelle,2.0,Plat,1.0,0,75,Normale,0.0,Sur chaussée,Blessé léger,Masculin,18.0,Autre,3,9,0.0,2.0,1.0,15.0,200500058453A01,7,1,1.0,Cohérente,Non cohérentes
133,200500058456,2005-09-26,2005,septembre,lundi,84:5,38,38185,0.0,0.0,En agglomération,Hors intersection,3.0,Plein jour,Normale,4,Bidirectionnelle,2.0,Plat,1.0,0,88,Normale,0.0,Sur piste cyclable,Blessé léger,Masculin,47.0,Non renseigné,3,4,1.0,2.0,1.0,1.0,200500058456B01,7,22,1.0,Non cohérente,Non cohérentes
134,200500058461,2005-09-27,2005,septembre,mardi,17:00,38,38185,0.0,0.0,En agglomération,Hors intersection,3.0,Plein jour,Normale,4,Bidirectionnelle,2.0,Plat,1.0,0,81,Normale,0.0,Sur chaussée,Blessé léger,Masculin,53.0,Promenade - loisirs,3,4,0.0,0.0,1.0,1.0,200500058461B01,7,22,1.0,Cohérente,Non cohérentes
135,200500058464,2005-09-28,2005,septembre,mercredi,19:25,38,38185,0.0,0.0,En agglomération,Hors intersection,4.0,Plein jour,Normale,4,Bidirectionnelle,2.0,Plat,1.0,0,80,Normale,0.0,Sur chaussée,Blessé léger,Masculin,55.0,Promenade - loisirs,2,4,0.0,2.0,1.0,17.0,200500058464A01,7,1,2.0,Cohérente,Non cohérentes
136,200500059416,2005-09-02,2005,septembre,vendredi,12:00,67,67482,0.0,0.0,En agglomération,Hors intersection,6.0,Plein jour,Normale,4,A sens unique,1.0,Plat,1.0,0,74,Normale,0.0,Sur chaussée,Blessé léger,Masculin,43.0,Utilisation professionnelle,3,4,0.0,2.0,1.0,21.0,200500059416A01,7/ 10,21/24,2.0,Cohérente,Non cohérentes
137,200500059426,2005-09-06,2005,septembre,mardi,19:10,67,67482,0.0,0.0,Hors agglomération,Hors intersection,6.0,Plein jour,Normale,4,Bidirectionnelle,2.0,Plat,1.0,0,80,Normale,0.0,Sur chaussée,Blessé léger,Masculin,48.0,Promenade - loisirs,3,9,0.0,2.0,1.0,1.0,200500059426B01,7,16,1.0,Cohérente,Non cohérentes
138,200500059432,2005-09-08,2005,septembre,jeudi,20:15,67,67482,0.0,0.0,En agglomération,Hors intersection,6.0,Crépuscule ou aube,Normale,4,A sens unique,4.0,Plat,2.0,0,143,Normale,5.0,Sur chaussée,Blessé léger,Masculin,19.0,Promenade - loisirs,3,4,0.0,2.0,0.0,9.0,200500059432B01,7,21,1.0,Cohérente,Non cohérentes
139,200500059433,2005-09-09,2005,septembre,vendredi,18:01,67,67482,0.0,0.0,En agglomération,Intersection en T,3.0,Plein jour,Normale,4,A sens unique,1.0,Plat,1.0,150,65,Normale,5.0,Sur chaussée,Blessé léger,Masculin,20.0,Promenade - loisirs,3,9,0.0,2.0,1.0,5.0,200500059433A01,7,1,1.0,Cohérente,Non cohérentes
140,200500059449,2005-09-19,2005,septembre,lundi,75:5,67,67482,0.0,0.0,Hors agglomération,Intersection en T,3.0,Plein jour,Normale,4,A sens unique,1.0,Non renseigné,1.0,0,56,Non renseigné,0.0,Sur chaussée,Blessé léger,Féminin,35.0,Domicile - travail,3,9,0.0,2.0,1.0,1.0,200500059449A01,7,1,1.0,Non cohérente,Non cohérentes
141,200500059458,2005-09-22,2005,septembre,jeudi,16:00,67,67482,0.0,0.0,En agglomération,Hors intersection,6.0,Plein jour,Normale,4,A sens unique,1.0,Plat,1.0,0,16,Normale,0.0,Sur piste cyclable,Indemne,Masculin,17.0,Promenade - loisirs,1,9,0.0,1.0,1.0,5.0,200500059458A01,,,,Cohérente,Non cohérentes
142,200500059467,2005-09-26,2005,septembre,lundi,17:45,67,67482,0.0,0.0,En agglomération,Hors intersection,6.0,Plein jour,Normale,4,A sens unique,2.0,Plat,1.0,0,80,Normale,0.0,Sur chaussée,Blessé léger,Masculin,17.0,Promenade - loisirs,3,9,0.0,2.0,1.0,1.0,200500059467B01,7,24,1.0,Cohérente,Non cohérentes
143,200500059470,2005-09-28,2005,septembre,mercredi,19:45,67,67482,0.0,0.0,En agglomération,Intersection à plus de 4 branches,3.0,Nuit avec éclairage public allumé,Normale,4,Bidirectionnelle,1.0,Plat,1.0,0,74,Normale,0.0,Sur chaussée,Blessé léger,Féminin,41.0,Promenade - loisirs,3,9,0.0,2.0,8.0,1.0,200500059470A01,7,1,1.0,Cohérente,Non cohérentes
144,200500059648,2005-09-22,2005,septembre,jeudi,14:35,74,74010,0.0,0.0,En agglomération,Hors intersection,6.0,Plein jour,Normale,4,Bidirectionnelle,2.0,Non renseigné,-1.0,0,0,Non renseigné,0.0,Sur chaussée,Blessé léger,Féminin,12.0,Domicile - école,3,9,0.0,0.0,8.0,1.0,200500059648B01,7,17,1.0,Cohérente,Non cohérentes
145,200500062166,2005-09-22,2005,septembre,jeudi,83:0,38,38185,0.0,0.0,En agglomération,Hors intersection,6.0,Plein jour,Normale,4,Bidirectionnelle,2.0,Plat,1.0,0,125,Normale,0.0,Sur chaussée,Blessé léger,Féminin,35.0,Promenade - loisirs,3,0,0.0,2.0,4.0,2.0,200500062166B01,14,2,1.0,Non cohérente,Non cohérentes
146,200500066361,2005-10-05,2005,octobre,mercredi,18:50,38,38185,0.0,0.0,En agglomération,Hors intersection,6.0,Crépuscule ou aube,Normale,4,Bidirectionnelle,3.0,Plat,1.0,0,0,Normale,0.0,Sur chaussée,Blessé léger,Masculin,29.0,Autre,2,2,0.0,2.0,1.0,1.0,200500066361B01,7,15,1.0,Cohérente,Non cohérentes
147,200500066362,2005-10-06,2005,octobre,jeudi,75:0,38,38185,0.0,0.0,En agglomération,Intersection en X,3.0,Plein jour,Normale,4,Bidirectionnelle,2.0,Plat,1.0,0,98,Normale,0.0,Sur chaussée,Blessé léger,Masculin,52.0,Non renseigné,3,4,0.0,2.0,3.0,1.0,200500066362B01,7,1,1.0,Non cohérente,Non cohérentes
148,200500066366,2005-10-07,2005,octobre,vendredi,12:40,38,38185,0.0,0.0,En agglomération,Hors intersection,3.0,Plein jour,Normale,4,Bidirectionnelle,4.0,Plat,1.0,0,94,Normale,0.0,Sur chaussée,Blessé léger,Féminin,31.0,Domicile - travail,2,2,0.0,2.0,1.0,2.0,200500066366B01,7,15,1.0,Cohérente,Non cohérentes
149,200500066369,2005-10-09,2005,octobre,dimanche,11:25,38,38185,0.0,0.0,En agglomération,Intersection en X,3.0,Plein jour,Normale,4,Bidirectionnelle,2.0,Plat,1.0,0,70,Normale,0.0,Sur chaussée,Blessé léger,Masculin,21.0,Non renseigné,2,2,0.0,2.0,1.0,1.0,200500066369B01,7,15,1.0,Cohérente,Non cohérentes
150,200500066372,2005-10-13,2005,octobre,jeudi,80:0,38,38185,0.0,0.0,En agglomération,Hors intersection,3.0,Plein jour,Normale,4,Bidirectionnelle,2.0,Plat,-1.0,0,43,Normale,0.0,Sur chaussée,Blessé léger,Masculin,51.0,Non renseigné,2,4,0.0,2.0,1.0,17.0,200500066372B01,7,23,1.0,Non cohérente,Non cohérentes
151,200500067429,2005-10-07,2005,octobre,vendredi,81:5,67,67482,0.0,0.0,En agglomération,Intersection en X,3.0,Plein jour,Temps couvert,4,Bidirectionnelle,4.0,Plat,1.0,0,143,Normale,0.0,Sur chaussée,Blessé léger,Féminin,25.0,Domicile - travail,1,9,0.0,2.0,5.0,19.0,200500067429A01,2,1,1.0,Non cohérente,Non cohérentes
152,200500067435,2005-10-11,2005,octobre,mardi,16:00,67,67482,0.0,0.0,En agglomération,Intersection en X,3.0,Plein jour,Normale,4,A sens unique,1.0,Plat,1.0,0,78,Normale,0.0,Sur chaussée,Blessé léger,Féminin,26.0,Autre,3,9,0.0,2.0,1.0,1.0,200500067435B01,7,15,1.0,Cohérente,Non cohérentes
153,200500067443,2005-10-14,2005,octobre,vendredi,14:55,67,67482,0.0,0.0,En agglomération,Intersection en T,3.0,Plein jour,Normale,4,Avec voies d'affectation variable,4.0,Plat,2.0,0,147,Normale,0.0,Sur chaussée,Blessé léger,Masculin,23.0,Promenade - loisirs,3,9,0.0,2.0,1.0,19.0,200500067443B01,7,16,1.0,Cohérente,Non cohérentes
154,200500067444,2005-10-14,2005,octobre,vendredi,16:20,67,67482,0.0,0.0,En agglomération,Hors intersection,6.0,Plein jour,Normale,4,Bidirectionnelle,3.0,Plat,1.0,0,90,Normale,0.0,Sur chaussée,Blessé léger,Féminin,38.0,Utilisation professionnelle,3,9,0.0,2.0,8.0,11.0,200500067444B01,5,2,1.0,Cohérente,Non cohérentes
155,200500067454,2005-10-18,2005,octobre,mardi,10:55,67,67482,0.0,0.0,En agglomération,Hors intersection,6.0,Plein jour,Normale,4,Bidirectionnelle,2.0,Pente,3.0,0,114,Normale,0.0,Sur trottoir,Blessé léger,Masculin,76.0,Promenade - loisirs,3,9,0.0,2.0,1.0,5.0,200500067454B01,7,9,1.0,Cohérente,Non cohérentes
156,200500067458,2005-10-18,2005,octobre,mardi,17:10,67,67482,0.0,0.0,En agglomération,Intersection en T,3.0,Plein jour,Normale,4,Bidirectionnelle,2.0,Plat,2.0,0,70,Normale,5.0,Sur chaussée,Blessé hospitalisé,Féminin,39.0,Promenade - loisirs,1,4,0.0,2.0,8.0,2.0,200500067458B01,18,17,1.0,Cohérente,Non cohérentes
157,200500067462,2005-10-19,2005,octobre,mercredi,18:00,67,67482,0.0,0.0,En agglomération,Intersection à plus de 4 branches,3.0,Crépuscule ou aube,Normale,4,A sens unique,1.0,Plat,1.0,0,100,Normale,0.0,Sur chaussée,Blessé léger,Féminin,66.0,Autre,3,9,0.0,2.0,2.0,1.0,200500067462A01,7,16,1.0,Cohérente,Non cohérentes
158,200500067464,2005-10-20,2005,octobre,jeudi,17:30,67,67482,0.0,0.0,En agglomération,Hors intersection,6.0,Plein jour,Normale,4,A chaussées séparées,2.0,Plat,1.0,60,80,Normale,0.0,Sur piste cyclable,Blessé léger,Féminin,39.0,Domicile - travail,3,9,1.0,0.0,1.0,1.0,200500067464B01,7,22,1.0,Cohérente,Non cohérentes
159,200500067465,2005-10-20,2005,octobre,jeudi,17:31,67,67482,0.0,0.0,En agglomération,Intersection en X,3.0,Plein jour,Normale,4,A sens unique,2.0,Plat,1.0,0,81,Normale,5.0,Sur piste cyclable,Blessé léger,Féminin,37.0,Promenade - loisirs,3,2,0.0,2.0,1.0,1.0,200500067465A01,2,5,1.0,Cohérente,Non cohérentes
160,200500067465,2005-10-20,2005,octobre,jeudi,17:31,67,67482,0.0,0.0,En agglomération,Intersection en X,3.0,Plein jour,Normale,4,A sens unique,2.0,Plat,1.0,0,81,Normale,5.0,Sur piste cyclable,Blessé léger,Féminin,4.0,Non renseigné,2,2,0.0,2.0,1.0,1.0,200500067465A01,2,5,1.0,Cohérente,Non cohérentes
161,200500067470,2005-10-24,2005,octobre,lundi,14:55,67,67482,0.0,0.0,En agglomération,Hors intersection,3.0,Plein jour,Normale,4,A sens unique,1.0,Plat,1.0,60,35,Normale,0.0,Sur chaussée,Blessé léger,Masculin,28.0,Promenade - loisirs,3,9,0.0,2.0,4.0,19.0,200500067470A01,7,23,1.0,Cohérente,Non cohérentes
162,200500067471,2005-10-25,2005,octobre,mardi,75:5,67,67482,0.0,0.0,En agglomération,Intersection en X,3.0,Crépuscule ou aube,Normale,4,Bidirectionnelle,2.0,Plat,1.0,0,72,Normale,0.0,Sur chaussée,Blessé léger,Féminin,20.0,Domicile - école,3,9,0.0,2.0,1.0,19.0,200500067471B01,7,15,1.0,Non cohérente,Non cohérentes
163,200500067473,2005-10-26,2005,octobre,mercredi,45:,67,67482,0.0,0.0,En agglomération,Hors intersection,3.0,Nuit avec éclairage public allumé,Normale,4,Bidirectionnelle,4.0,Plat,1.0,0,147,Normale,0.0,Sur chaussée,Blessé hospitalisé,Masculin,70.0,Utilisation professionnelle,1,9,0.0,2.0,1.0,1.0,200500067473B01,7,1,1.0,Non cohérente,Non cohérentes
164,200500067477,2005-10-27,2005,octobre,jeudi,16:30,67,67482,0.0,0.0,En agglomération,Hors intersection,3.0,Plein jour,Normale,4,A sens unique,1.0,Plat,3.0,0,27,Normale,0.0,Sur accotement,Blessé léger,Masculin,7.0,Promenade - loisirs,1,2,0.0,2.0,1.0,9.0,200500067477B01,7,14,1.0,Cohérente,Non cohérentes
165,200500067658,2005-10-13,2005,octobre,jeudi,13:10,74,74010,0.0,0.0,En agglomération,Hors intersection,2.0,Plein jour,Normale,4,Bidirectionnelle,2.0,Plat,1.0,0,64,Normale,0.0,Sur chaussée,Blessé léger,Masculin,50.0,Autre,1,2,0.0,2.0,1.0,2.0,200500067658A01,7,2,1.0,Cohérente,Non cohérentes
166,200500067659,2005-10-31,2005,octobre,lundi,11:30,74,74010,0.0,0.0,En agglomération,Intersection en X,6.0,Plein jour,Normale,4,Bidirectionnelle,2.0,Plat,1.0,0,980,Normale,0.0,Sur chaussée,Blessé hospitalisé,Masculin,44.0,Promenade - loisirs,3,9,0.0,0.0,1.0,1.0,200500067659B01,7,15,1.0,Cohérente,Non cohérentes
167,200500073706,2005-11-17,2005,novembre,jeudi,82:0,38,38185,0.0,0.0,En agglomération,Hors intersection,3.0,Plein jour,Normale,4,Bidirectionnelle,2.0,Pente,1.0,0,70,Normale,2.0,Sur trottoir,Blessé hospitalisé,Masculin,20.0,Non renseigné,3,2,6.0,0.0,1.0,21.0,200500073706A01,7,16,1.0,Non cohérente,Non cohérentes
168,200500073707,2005-11-17,2005,novembre,jeudi,12:15,38,38185,0.0,0.0,En agglomération,Hors intersection,3.0,Plein jour,Normale,4,Bidirectionnelle,2.0,Plat,1.0,0,60,Normale,0.0,Sur piste cyclable,Blessé léger,Masculin,24.0,Non renseigné,3,2,0.0,2.0,2.0,1.0,200500073707B01,7,16,1.0,Cohérente,Non cohérentes
169,200500073722,2005-11-30,2005,novembre,mercredi,17:47,38,38185,0.0,0.0,En agglomération,Hors intersection,6.0,Nuit avec éclairage public allumé,Normale,4,Bidirectionnelle,3.0,Plat,1.0,0,103,Normale,0.0,Sur chaussée,Indemne,Masculin,25.0,Domicile - travail,1,2,0.0,1.0,1.0,1.0,200500073722A01,,,,Cohérente,Non cohérentes
170,200500074673,2005-11-04,2005,novembre,vendredi,13:19,67,67482,0.0,0.0,En agglomération,Hors intersection,6.0,Plein jour,Pluie légère,4,Bidirectionnelle,2.0,Plat,1.0,0,85,Mouillée,0.0,Sur chaussée,Blessé hospitalisé,Masculin,80.0,Promenade - loisirs,3,9,0.0,2.0,1.0,19.0,200500074673A01,7,1,1.0,Cohérente,Non cohérentes
171,200500074679,2005-11-10,2005,novembre,jeudi,74:0,67,67482,0.0,0.0,En agglomération,Intersection en X,1.0,Crépuscule ou aube,Normale,4,Bidirectionnelle,3.0,Plat,1.0,0,104,Normale,5.0,Sur chaussée,Blessé léger,Masculin,17.0,Domicile - école,3,9,0.0,2.0,1.0,1.0,200500074679A01,7,15,1.0,Non cohérente,Non cohérentes
172,200500074682,2005-11-12,2005,novembre,samedi,81:0,67,67482,0.0,0.0,En agglomération,Intersection en X,3.0,Crépuscule ou aube,Normale,4,Bidirectionnelle,5.0,Plat,1.0,0,192,Normale,5.0,Sur chaussée,Blessé léger,Masculin,16.0,Domicile - école,1,4,0.0,2.0,7.0,19.0,200500074682B01,7,15,1.0,Non cohérente,Non cohérentes
173,200500074684,2005-11-15,2005,novembre,mardi,18:50,67,67482,0.0,0.0,En agglomération,Intersection en X,3.0,Nuit avec éclairage public allumé,Normale,4,Bidirectionnelle,2.0,Plat,1.0,0,63,Normale,0.0,Sur chaussée,Blessé léger,Masculin,20.0,Domicile - école,3,9,0.0,2.0,8.0,19.0,200500074684B01,7,1,1.0,Cohérente,Non cohérentes
174,200500074686,2005-11-17,2005,novembre,jeudi,10:40,67,67482,0.0,0.0,En agglomération,Intersection en T,3.0,Plein jour,Normale,4,Bidirectionnelle,2.0,Plat,1.0,0,78,Normale,0.0,Sur piste cyclable,Blessé léger,Féminin,49.0,Promenade - loisirs,3,9,0.0,2.0,4.0,5.0,200500074686A01,7,16,1.0,Cohérente,Non cohérentes
175,200500074687,2005-11-17,2005,novembre,jeudi,18:20,67,67482,0.0,0.0,En agglomération,Intersection à plus de 4 branches,2.0,Nuit avec éclairage public allumé,Normale,4,Bidirectionnelle,2.0,Plat,1.0,70,81,Non renseigné,0.0,Sur chaussée,Blessé léger,Masculin,25.0,Promenade - loisirs,3,9,0.0,1.0,1.0,2.0,200500074687B01,7,9,1.0,Cohérente,Non cohérentes
176,200500074693,2005-11-22,2005,novembre,mardi,90:0,67,67482,0.0,0.0,En agglomération,Intersection en T,3.0,Plein jour,Normale,4,A sens unique,2.0,Plat,1.0,0,40,Normale,0.0,Sur chaussée,Blessé léger,Féminin,53.0,Domicile - travail,1,9,0.0,2.0,3.0,1.0,200500074693B01,7,15,1.0,Non cohérente,Non cohérentes
177,200500074694,2005-11-22,2005,novembre,mardi,10:55,67,67482,0.0,0.0,En agglomération,Intersection en X,3.0,Plein jour,Normale,4,Bidirectionnelle,2.0,Plat,1.0,0,59,Normale,0.0,Aucun,Blessé léger,Masculin,59.0,Promenade - loisirs,1,9,0.0,2.0,5.0,1.0,200500074694B01,7,1,1.0,Cohérente,Non cohérentes
178,200500074699,2005-11-25,2005,novembre,vendredi,82:8,67,67482,0.0,0.0,En agglomération,Intersection en X,6.0,Plein jour,Temps couvert,4,Bidirectionnelle,2.0,Plat,1.0,0,0,Mouillée,0.0,Sur chaussée,Blessé léger,Féminin,24.0,Non renseigné,3,9,0.0,2.0,7.0,0.0,200500074699B01,7,0,1.0,Non cohérente,Non cohérentes
179,200500074702,2005-11-26,2005,novembre,samedi,14:10,67,67482,0.0,0.0,En agglomération,Intersection en X,3.0,Plein jour,Normale,4,Bidirectionnelle,3.0,Plat,1.0,0,100,Normale,0.0,Sur chaussée,Blessé léger,Masculin,29.0,Promenade - loisirs,3,9,0.0,2.0,1.0,19.0,200500074702B01,7,16,1.0,Cohérente,Non cohérentes
180,200500074706,2005-11-28,2005,novembre,lundi,83:0,67,67482,0.0,0.0,En agglomération,Intersection en X,3.0,Plein jour,Pluie légère,4,A sens unique,2.0,Plat,1.0,0,61,Mouillée,0.0,Aucun,Blessé léger,Féminin,25.0,Domicile - travail,1,9,0.0,2.0,1.0,1.0,200500074706B01,7,1,1.0,Non cohérente,Non cohérentes
181,200500082067,2005-12-01,2005,décembre,jeudi,14:30,67,67482,0.0,0.0,En agglomération,Intersection en T,6.0,Plein jour,Normale,4,Bidirectionnelle,2.0,Plat,1.0,179,273,Normale,0.0,Sur chaussée,Blessé léger,Féminin,22.0,Domicile - école,3,4,0.0,4.0,3.0,6.0,200500082067A01,19,1,1.0,Cohérente,Non cohérentes
182,200500082069,2005-12-02,2005,décembre,vendredi,19:35,67,67482,0.0,0.0,En agglomération,Hors intersection,3.0,Nuit avec éclairage public allumé,Pluie légère,4,Bidirectionnelle,3.0,Plat,1.0,0,105,Mouillée,0.0,Sur chaussée,Blessé léger,Masculin,33.0,Domicile - travail,2,9,0.0,2.0,8.0,1.0,200500082069B01,7,16,1.0,Cohérente,Non cohérentes
183,200500082075,2005-12-06,2005,décembre,mardi,85:0,67,67482,0.0,0.0,En agglomération,Hors intersection,6.0,Plein jour,Normale,4,Bidirectionnelle,2.0,Plat,1.0,80,200,Normale,0.0,Sur piste cyclable,Indemne,Masculin,19.0,Domicile - travail,3,9,0.0,1.0,1.0,1.0,200500082075A01,,,,Non cohérente,Non cohérentes
184,200500082077,2005-12-07,2005,décembre,mercredi,17:30,67,67482,0.0,0.0,En agglomération,Intersection en T,3.0,Nuit avec éclairage public allumé,Pluie légère,4,Bidirectionnelle,2.0,Plat,1.0,0,125,Mouillée,0.0,Sur chaussée,Blessé léger,Masculin,20.0,Domicile - école,3,9,0.0,2.0,1.0,1.0,200500082077B01,7,15,1.0,Cohérente,Non cohérentes
185,200500082089,2005-12-14,2005,décembre,mercredi,18:55,67,67482,0.0,0.0,En agglomération,Intersection en X,3.0,Nuit avec éclairage public allumé,Pluie légère,4,Bidirectionnelle,2.0,Plat,1.0,0,100,Mouillée,0.0,Sur chaussée,Blessé léger,Féminin,23.0,Domicile - école,2,9,0.0,2.0,1.0,1.0,200500082089B01,7,15,1.0,Cohérente,Non cohérentes
186,200500082090,2005-12-14,2005,décembre,mercredi,22:45,67,67482,0.0,0.0,En agglomération,Intersection en T,1.0,Nuit avec éclairage public allumé,Normale,4,Bidirectionnelle,2.0,Plat,1.0,0,74,Mouillée,0.0,Sur chaussée,Blessé léger,Masculin,20.0,Promenade - loisirs,3,9,0.0,2.0,1.0,5.0,200500082090A01,7,16,1.0,Cohérente,Non cohérentes
187,200500082092,2005-12-15,2005,décembre,jeudi,17:50,67,67482,0.0,0.0,En agglomération,Hors intersection,3.0,Nuit avec éclairage public allumé,Normale,4,Bidirectionnelle,2.0,Plat,1.0,0,59,Normale,0.0,Sur piste cyclable,Blessé léger,Masculin,23.0,Promenade - loisirs,1,4,1.0,0.0,1.0,1.0,200500082092B01,7,24,1.0,Cohérente,Non cohérentes
188,200500082101,2005-12-19,2005,décembre,lundi,17:00,67,67482,0.0,0.0,En agglomération,Intersection en T,3.0,Nuit sans éclairage public,Neige - grêle,4,Bidirectionnelle,2.0,Plat,1.0,0,55,Enneigée,5.0,Sur chaussée,Blessé léger,Féminin,29.0,Domicile - travail,1,4,0.0,2.0,7.0,1.0,200500082101B01,7,15,1.0,Cohérente,Non cohérentes
189,200500082104,2005-12-20,2005,décembre,mardi,14:30,67,67482,0.0,0.0,En agglomération,Intersection en X,3.0,Plein jour,Normale,4,Bidirectionnelle,2.0,Plat,3.0,0,70,Normale,0.0,Sur chaussée,Blessé léger,Masculin,74.0,Promenade - loisirs,3,9,0.0,2.0,2.0,15.0,200500082104A01,7,16,1.0,Cohérente,Non cohérentes
190,200500082227,2005-12-06,2005,décembre,mardi,16:55,74,74010,0.0,0.0,En agglomération,Intersection en X,3.0,Crépuscule ou aube,Normale,4,Bidirectionnelle,2.0,Plat,1.0,0,80,Normale,0.0,Sur chaussée,Blessé léger,Masculin,35.0,Domicile - travail,3,9,0.0,0.0,1.0,1.0,200500082227B01,7,1,1.0,Cohérente,Non cohérentes
191,200600001228,2006-01-06,2006,janvier,vendredi,10:25,38,38185,0.0,0.0,En agglomération,Hors intersection,3.0,Plein jour,Normale,4,Bidirectionnelle,2.0,Plat,3.0,0,70,Normale,0.0,Sur chaussée,Blessé hospitalisé,Masculin,43.0,Domicile - travail,3,2,0.0,2.0,8.0,1.0,200600001228A01,18,1,1.0,Cohérente,Non cohérentes
192,200600001232,2006-01-09,2006,janvier,lundi,75:5,38,38185,0.0,0.0,En agglomération,Hors intersection,6.0,Plein jour,Normale,4,Bidirectionnelle,4.0,Plat,1.0,0,86,Normale,0.0,Sur piste cyclable,Indemne,Masculin,23.0,Non renseigné,3,4,0.0,1.0,1.0,1.0,200600001232A01,,,,Non cohérente,Non cohérentes
193,200600001252,2006-01-27,2006,janvier,vendredi,17:50,38,38185,0.0,0.0,En agglomération,Hors intersection,2.0,Nuit avec éclairage public allumé,Neige - grêle,4,Bidirectionnelle,2.0,Plat,1.0,0,60,Mouillée,0.0,Sur chaussée,Blessé léger,Masculin,21.0,Utilisation professionnelle,2,2,0.0,2.0,1.0,1.0,200600001252B01,7,23,1.0,Cohérente,Non cohérentes
194,200600002059,2006-01-03,2006,janvier,mardi,12:15,67,67482,0.0,0.0,En agglomération,Intersection en X,3.0,Plein jour,Normale,4,Bidirectionnelle,2.0,Plat,1.0,20,126,Normale,0.0,Sur chaussée,Blessé léger,Masculin,58.0,Domicile - travail,3,9,0.0,2.0,7.0,1.0,200600002059A01,7,16,1.0,Cohérente,Non cohérentes
195,200600002061,2006-01-04,2006,janvier,mercredi,17:15,67,67482,0.0,0.0,En agglomération,Intersection en X,3.0,Nuit avec éclairage public allumé,Normale,4,Bidirectionnelle,2.0,Plat,1.0,0,70,Normale,0.0,Sur piste cyclable,Blessé léger,Masculin,40.0,Domicile - travail,1,2,0.0,2.0,1.0,5.0,200600002061A01,7,16,1.0,Cohérente,Non cohérentes
196,200600002062,2006-01-04,2006,janvier,mercredi,22:05,67,67482,0.0,0.0,En agglomération,Hors intersection,3.0,Nuit avec éclairage public allumé,Normale,4,A sens unique,1.0,Plat,1.0,66,28,Normale,0.0,Sur piste cyclable,Blessé léger,Masculin,39.0,Promenade - loisirs,1,4,1.0,0.0,1.0,1.0,200600002062B01,7,22,1.0,Cohérente,Non cohérentes
197,200600002063,2006-01-05,2006,janvier,jeudi,80:0,67,67482,0.0,0.0,En agglomération,Intersection en X,3.0,Crépuscule ou aube,Normale,4,A chaussées séparées,6.0,Plat,1.0,50,233,Mouillée,0.0,Sur chaussée,Blessé hospitalisé,Féminin,33.0,Autre,3,9,0.0,2.0,0.0,1.0,200600002063A01,7,0,1.0,Non cohérente,Non cohérentes
198,200600002064,2006-01-05,2006,janvier,jeudi,81:5,67,67482,0.0,0.0,En agglomération,Intersection en T,2.0,Plein jour,Normale,4,Bidirectionnelle,3.0,Plat,1.0,0,75,Mouillée,0.0,Sur chaussée,Blessé léger,Masculin,46.0,Domicile - travail,3,2,0.0,2.0,4.0,1.0,200600002064B01,7,1,1.0,Non cohérente,Non cohérentes
199,200600002075,2006-01-15,2006,janvier,dimanche,21:25,67,67482,0.0,0.0,En agglomération,Intersection en X,3.0,Nuit avec éclairage public allumé,Normale,4,Bidirectionnelle,5.0,Plat,1.0,0,150,Normale,0.0,Sur chaussée,Blessé léger,Féminin,18.0,Promenade - loisirs,3,9,0.0,2.0,7.0,19.0,200600002075B01,7,1,1.0,Cohérente,Non cohérentes
200,200600002076,2006-01-17,2006,janvier,mardi,82:0,67,67482,0.0,0.0,En agglomération,Intersection en X,6.0,Crépuscule ou aube,Temps couvert,4,A sens unique,0.0,Plat,1.0,0,33,Mouillée,0.0,Sur chaussée,Blessé léger,Masculin,20.0,Domicile - travail,3,9,0.0,2.0,1.0,1.0,200600002076B01,7,15,1.0,Non cohérente,Non cohérentes
201,200600002081,2006-01-20,2006,janvier,vendredi,16:15,67,67482,0.0,0.0,En agglomération,Intersection en X,3.0,Crépuscule ou aube,Normale,4,Bidirectionnelle,2.0,Plat,1.0,0,86,Normale,5.0,Sur chaussée,Blessé hospitalisé,Féminin,54.0,Promenade - loisirs,3,9,0.0,2.0,8.0,15.0,200600002081B01,7,1,1.0,Cohérente,Non cohérentes
202,200600002085,2006-01-23,2006,janvier,lundi,19:20,67,67482,0.0,0.0,En agglomération,Hors intersection,3.0,Nuit avec éclairage public allumé,Normale,4,Bidirectionnelle,2.0,Plat,1.0,0,60,Normale,0.0,Sur chaussée,Blessé léger,Masculin,11.0,Promenade - loisirs,3,9,0.0,2.0,7.0,19.0,200600002085A01,7,1,1.0,Cohérente,Non cohérentes
203,200600002087,2006-01-24,2006,janvier,mardi,11:54,67,67482,0.0,0.0,En agglomération,Intersection en T,6.0,Plein jour,Normale,4,Bidirectionnelle,3.0,Pente,1.0,0,120,Normale,2.0,Sur piste cyclable,Blessé léger,Masculin,22.0,Promenade - loisirs,3,9,2.0,2.0,5.0,1.0,200600002087B01,7,12,1.0,Cohérente,Non cohérentes
204,200600002090,2006-01-28,2006,janvier,samedi,11:30,67,67482,0.0,0.0,En agglomération,Intersection en T,3.0,Plein jour,Normale,4,A sens unique,3.0,Plat,1.0,0,142,Normale,1.0,Sur chaussée,Blessé léger,Masculin,51.0,Promenade - loisirs,3,9,0.0,2.0,1.0,1.0,200600002090B01,10,15,1.0,Cohérente,Non cohérentes
205,200600002213,2006-01-09,2006,janvier,lundi,75:5,74,74010,0.0,0.0,En agglomération,Intersection en T,6.0,Crépuscule ou aube,Normale,4,Bidirectionnelle,2.0,Plat,1.0,0,0,Normale,0.0,Sur chaussée,Blessé léger,Féminin,43.0,Autre,3,9,0.0,0.0,1.0,1.0,200600002213B01,7,15,1.0,Non cohérente,Non cohérentes
206,200600008457,2006-02-03,2006,février,vendredi,19:10,38,38185,0.0,0.0,En agglomération,Intersection en T,3.0,Crépuscule ou aube,Normale,4,Bidirectionnelle,3.0,Plat,-1.0,0,101,Normale,0.0,Sur piste cyclable,Blessé léger,Masculin,31.0,Promenade - loisirs,2,2,0.0,2.0,8.0,1.0,200600008457B01,7,19,1.0,Cohérente,Non cohérentes
207,200600008461,2006-02-09,2006,février,jeudi,90:0,38,38185,0.0,0.0,En agglomération,Hors intersection,3.0,Plein jour,Normale,4,Bidirectionnelle,2.0,Plat,1.0,0,82,Mouillée,0.0,Sur trottoir,Blessé léger,Masculin,32.0,Domicile - travail,2,2,0.0,2.0,1.0,1.0,200600008461A01,7,16,1.0,Non cohérente,Non cohérentes
208,200600008466,2006-02-15,2006,février,mercredi,12:10,38,38185,0.0,0.0,En agglomération,Hors intersection,3.0,Plein jour,Normale,4,Bidirectionnelle,3.0,Plat,1.0,0,100,Normale,0.0,Sur chaussée,Blessé léger,Masculin,36.0,Non renseigné,1,2,0.0,2.0,1.0,1.0,200600008466B01,7,22,1.0,Cohérente,Non cohérentes
209,200600008472,2006-02-23,2006,février,jeudi,65:0,38,38185,0.0,0.0,En agglomération,Hors intersection,2.0,Nuit avec éclairage public allumé,Normale,4,A sens unique,1.0,Pente,1.0,0,58,Normale,0.0,Sur chaussée,Blessé léger,Masculin,24.0,Non renseigné,2,2,0.0,2.0,4.0,13.0,200600008472A01,7,1,1.0,Non cohérente,Non cohérentes
210,200600009091,2006-02-14,2006,février,mardi,20:10,67,67482,0.0,0.0,En agglomération,Intersection en X,3.0,Nuit avec éclairage public allumé,Normale,4,Bidirectionnelle,3.0,Plat,1.0,0,110,Normale,0.0,Aucun,Blessé léger,Masculin,23.0,Autre,3,9,0.0,2.0,1.0,1.0,200600009091A01,7,1,1.0,Cohérente,Non cohérentes
211,200600009097,2006-02-20,2006,février,lundi,19:30,67,67482,0.0,0.0,En agglomération,Intersection en T,3.0,Nuit avec éclairage public allumé,Normale,4,Bidirectionnelle,2.0,Plat,1.0,35,130,Normale,0.0,Sur chaussée,Blessé léger,Masculin,23.0,Non renseigné,3,9,0.0,2.0,7.0,1.0,200600009097B01,7,1,1.0,Cohérente,Non cohérentes
212,200600009099,2006-02-21,2006,février,mardi,13:40,67,67482,0.0,0.0,En agglomération,Intersection en X,2.0,Plein jour,Normale,4,A chaussées séparées,3.0,Plat,3.0,0,66,Normale,0.0,Sur chaussée,Indemne,Masculin,30.0,Promenade - loisirs,1,4,0.0,2.0,4.0,9.0,200600009099B01,5,1,1.0,Cohérente,Non cohérentes
213,200600012432,2006-03-27,2006,mars,lundi,17:10,38,38185,0.0,0.0,En agglomération,Hors intersection,3.0,Plein jour,Normale,4,A sens unique,2.0,Plat,1.0,0,130,Normale,0.0,Sur chaussée,Blessé léger,Masculin,20.0,Non renseigné,3,9,0.0,2.0,8.0,1.0,200600012432B01,7,15,1.0,Cohérente,Non cohérentes
214,200600013159,2006-03-15,2006,mars,mercredi,10:20,67,67482,0.0,0.0,En agglomération,Intersection en T,1.0,Plein jour,Normale,4,Bidirectionnelle,3.0,Plat,1.0,0,126,Normale,5.0,Sur chaussée,Blessé hospitalisé,Masculin,25.0,Domicile - école,1,4,0.0,2.0,1.0,19.0,200600013159B01,7,16,1.0,Cohérente,Non cohérentes
215,200600013164,2006-03-17,2006,mars,vendredi,23:40,67,67482,0.0,0.0,En agglomération,Intersection en T,3.0,Nuit avec éclairage public allumé,Normale,4,Bidirectionnelle,2.0,Plat,1.0,0,60,Normale,0.0,Sur chaussée,Blessé léger,Masculin,33.0,Promenade - loisirs,3,9,0.0,2.0,3.0,19.0,200600013164B01,7,15,1.0,Cohérente,Non cohérentes
216,200600013175,2006-03-27,2006,mars,lundi,17:00,67,67482,0.0,0.0,En agglomération,Intersection en T,6.0,Plein jour,Temps couvert,4,A sens unique,1.0,Plat,1.0,0,58,Normale,0.0,Sur chaussée,Indemne,Masculin,30.0,Promenade - loisirs,3,9,0.0,1.0,1.0,1.0,200600013175A01,,,,Cohérente,Non cohérentes
217,200600013179,2006-03-30,2006,mars,jeudi,16:05,67,67482,0.0,0.0,En agglomération,Intersection en X,3.0,Plein jour,Normale,4,Bidirectionnelle,3.0,Plat,1.0,0,97,Normale,0.0,Sur chaussée,Blessé léger,Masculin,34.0,Domicile - travail,2,9,0.0,2.0,1.0,19.0,200600013179A01,7,15,1.0,Cohérente,Non cohérentes
218,200600020224,2006-04-07,2006,avril,vendredi,11:05,38,38185,0.0,0.0,En agglomération,Hors intersection,6.0,Plein jour,Normale,4,A sens unique,1.0,Plat,1.0,0,35,Normale,0.0,Aucun,Indemne,Masculin,39.0,Non renseigné,3,9,0.0,1.0,6.0,6.0,200600020224A01,,,,Cohérente,Non cohérentes
219,200600020230,2006-04-11,2006,avril,mardi,80:0,38,38185,0.0,0.0,En agglomération,Intersection en X,3.0,Plein jour,Pluie légère,4,Bidirectionnelle,3.0,Plat,1.0,0,105,Mouillée,0.0,Sur piste cyclable,Blessé léger,Féminin,42.0,Domicile - travail,3,9,0.0,2.0,2.0,1.0,200600020230B01,7,1,1.0,Non cohérente,Non cohérentes
220,200600020233,2006-04-17,2006,avril,lundi,17:10,38,38185,0.0,0.0,En agglomération,Hors intersection,6.0,Plein jour,Normale,4,A sens unique,3.0,Pente,1.0,0,105,Normale,0.0,Sur chaussée,Blessé léger,Féminin,87.0,Non renseigné,3,9,0.0,2.0,8.0,1.0,200600020233B01,7,17,1.0,Cohérente,Non cohérentes
221,200600020234,2006-04-20,2006,avril,jeudi,84:5,38,38185,0.0,0.0,En agglomération,Hors intersection,1.0,Plein jour,Normale,4,A sens unique,1.0,Plat,1.0,0,30,Normale,0.0,Sur chaussée,Blessé léger,Féminin,36.0,Non renseigné,2,2,0.0,2.0,1.0,5.0,200600020234A01,1,1,1.0,Non cohérente,Non cohérentes
222,200600020234,2006-04-20,2006,avril,jeudi,84:5,38,38185,0.0,0.0,En agglomération,Hors intersection,1.0,Plein jour,Normale,4,A sens unique,1.0,Plat,1.0,0,30,Normale,0.0,Sur chaussée,Indemne,Masculin,32.0,Non renseigné,1,2,0.0,2.0,1.0,1.0,200600020234B01,1,5,1.0,Non cohérente,Non cohérentes
223,200600020240,2006-04-25,2006,avril,mardi,11:30,38,38185,0.0,0.0,En agglomération,Intersection en X,3.0,Plein jour,Normale,4,Bidirectionnelle,2.0,Plat,2.0,0,80,Normale,0.0,Sur chaussée,Blessé léger,Féminin,22.0,Non renseigné,2,2,0.0,2.0,1.0,1.0,200600020240A01,7,1,1.0,Cohérente,Non cohérentes
224,200600020245,2006-04-28,2006,avril,vendredi,75:0,38,38185,0.0,0.0,En agglomération,Hors intersection,4.0,Plein jour,Normale,4,Bidirectionnelle,4.0,Plat,1.0,0,130,Normale,0.0,Sur chaussée,Blessé léger,Masculin,23.0,Non renseigné,3,9,0.0,2.0,1.0,2.0,200600020245A01,7,2/19,2.0,Non cohérente,Non cohérentes
225,200600020986,2006-04-04,2006,avril,mardi,14:27,67,67482,0.0,0.0,En agglomération,Hors intersection,3.0,Plein jour,Normale,4,A chaussées séparées,4.0,Plat,1.0,35,70,Normale,0.0,Sur chaussée,Blessé hospitalisé,Masculin,64.0,Promenade - loisirs,3,9,0.0,2.0,1.0,1.0,200600020986B01,7,17,1.0,Cohérente,Non cohérentes
226,200600020987,2006-04-05,2006,avril,mercredi,18:50,67,67482,0.0,0.0,En agglomération,Intersection en T,3.0,Crépuscule ou aube,Normale,4,Bidirectionnelle,2.0,Plat,1.0,0,68,Normale,5.0,Sur piste cyclable,Blessé léger,Féminin,48.0,Domicile - travail,3,9,0.0,2.0,1.0,1.0,200600020987B01,7,1,1.0,Cohérente,Non cohérentes
227,200600021008,2006-04-19,2006,avril,mercredi,12:05,67,67482,0.0,0.0,En agglomération,Intersection en X,3.0,Plein jour,Normale,4,Bidirectionnelle,3.0,Plat,1.0,0,100,Normale,5.0,Sur chaussée,Blessé léger,Féminin,22.0,Utilisation professionnelle,3,9,0.0,2.0,8.0,19.0,200600021008A01,7,1,1.0,Cohérente,Non cohérentes
228,200600021011,2006-04-21,2006,avril,vendredi,12:00,67,67482,0.0,0.0,En agglomération,Hors intersection,3.0,Plein jour,Normale,4,A chaussées séparées,4.0,Plat,1.0,75,244,Normale,5.0,Sur chaussée,Blessé hospitalisé,Féminin,29.0,Domicile - travail,3,9,0.0,2.0,8.0,13.0,200600021011A01,7,1,1.0,Cohérente,Non cohérentes
229,200600021014,2006-04-24,2006,avril,lundi,18:15,67,67482,0.0,0.0,En agglomération,Hors intersection,6.0,Plein jour,Normale,4,Bidirectionnelle,2.0,Plat,1.0,0,125,Normale,0.0,Sur piste cyclable,Blessé léger,Masculin,63.0,Promenade - loisirs,3,9,0.0,1.0,1.0,1.0,200600021014A01,,,,Cohérente,Non cohérentes
230,200600021147,2006-04-04,2006,avril,mardi,15:15,74,74010,0.0,0.0,En agglomération,Intersection en X,3.0,Plein jour,Normale,4,Bidirectionnelle,2.0,Plat,1.0,0,80,Normale,0.0,Sur chaussée,Blessé hospitalisé,Féminin,54.0,Autre,3,9,0.0,0.0,1.0,1.0,200600021147B01,7,1,1.0,Cohérente,Non cohérentes
231,200600021152,2006-04-21,2006,avril,vendredi,19:35,74,74010,0.0,0.0,En agglomération,Hors intersection,6.0,Plein jour,Normale,4,Bidirectionnelle,2.0,Plat,1.0,0,60,Normale,0.0,Sur chaussée,Blessé léger,Féminin,48.0,Autre,3,9,0.0,0.0,1.0,7.0,200600021152B01,2,7,1.0,Cohérente,Non cohérentes
232,200600026683,2006-05-04,2006,mai,jeudi,10:30,38,38185,0.0,0.0,En agglomération,Intersection en X,3.0,Plein jour,Normale,4,A sens unique,3.0,Plat,1.0,0,100,Normale,0.0,Sur chaussée,Blessé léger,Masculin,32.0,Non renseigné,3,9,0.0,2.0,1.0,1.0,200600026683B01,7,1,1.0,Cohérente,Non cohérentes
233,200600026704,2006-05-17,2006,mai,mercredi,13:40,38,38185,0.0,0.0,En agglomération,Hors intersection,6.0,Plein jour,Normale,4,Bidirectionnelle,4.0,Plat,1.0,0,104,Normale,0.0,Sur piste cyclable,Blessé léger,Masculin,48.0,Domicile - travail,3,9,0.0,2.0,1.0,1.0,200600026704B01,7,16,1.0,Cohérente,Non cohérentes
234,200600026705,2006-05-18,2006,mai,jeudi,90:0,38,38185,0.0,0.0,En agglomération,Hors intersection,6.0,Plein jour,Normale,4,A sens unique,1.0,Non renseigné,-1.0,0,35,Normale,0.0,Sur chaussée,Blessé léger,Féminin,31.0,Non renseigné,3,9,1.0,2.0,2.0,1.0,200600026705B01,7,22,1.0,Non cohérente,Non cohérentes
235,200600027534,2006-05-03,2006,mai,mercredi,15:00,67,67482,0.0,0.0,Hors agglomération,Intersection en T,3.0,Plein jour,Normale,4,A sens unique,1.0,Plat,3.0,0,84,Normale,5.0,Sur piste cyclable,Blessé léger,Masculin,58.0,Promenade - loisirs,3,9,0.0,2.0,2.0,1.0,200600027534B01,7,1,1.0,Cohérente,Non cohérentes
236,200600027539,2006-05-05,2006,mai,vendredi,16:15,67,67482,0.0,0.0,En agglomération,Hors intersection,3.0,Plein jour,Normale,6,Bidirectionnelle,1.0,Plat,1.0,0,50,Normale,0.0,Sur chaussée,Blessé léger,Masculin,33.0,Domicile - travail,3,9,0.0,2.0,7.0,1.0,200600027539A01,7,1,1.0,Cohérente,Non cohérentes
237,200600027545,2006-05-09,2006,mai,mardi,11:45,67,67482,0.0,0.0,En agglomération,Hors intersection,3.0,Plein jour,Pluie légère,4,Bidirectionnelle,2.0,Plat,1.0,0,120,Mouillée,0.0,Sur chaussée,Blessé léger,Féminin,57.0,Non renseigné,3,9,0.0,2.0,1.0,19.0,200600027545B01,7,1,1.0,Cohérente,Non cohérentes
238,200600027548,2006-05-09,2006,mai,mardi,20:00,67,67482,0.0,0.0,En agglomération,Hors intersection,3.0,Crépuscule ou aube,Normale,4,Bidirectionnelle,5.0,Plat,1.0,0,156,Normale,0.0,Sur chaussée,Blessé léger,Féminin,17.0,Promenade - loisirs,3,9,0.0,2.0,1.0,5.0,200600027548A01,37,1,1.0,Cohérente,Non cohérentes
239,200600027553,2006-05-11,2006,mai,jeudi,11:55,67,67482,0.0,0.0,En agglomération,Hors intersection,1.0,Plein jour,Normale,4,A sens unique,1.0,Plat,1.0,0,40,Normale,0.0,Sur piste cyclable,Blessé léger,Féminin,34.0,Domicile - travail,3,9,0.0,2.0,1.0,1.0,200600027553B01,1,5,1.0,Cohérente,Non cohérentes
240,200600027556,2006-05-15,2006,mai,lundi,18:10,67,67482,0.0,0.0,En agglomération,Intersection en T,1.0,Plein jour,Normale,4,Bidirectionnelle,2.0,Plat,3.0,0,85,Normale,5.0,Sur chaussée,Blessé léger,Féminin,21.0,Domicile - école,3,9,0.0,2.0,1.0,15.0,200600027556B01,7,1,1.0,Cohérente,Non cohérentes
241,200600027559,2006-05-17,2006,mai,mercredi,18:22,67,67482,0.0,0.0,En agglomération,Intersection en Y,3.0,Plein jour,Normale,4,A sens unique,2.0,Bas de côte,2.0,0,60,Normale,0.0,Sur chaussée,Blessé léger,Masculin,25.0,Autre,1,9,0.0,2.0,1.0,19.0,200600027559A01,7,1,1.0,Cohérente,Non cohérentes
242,200600027565,2006-05-22,2006,mai,lundi,94:0,67,67482,0.0,0.0,En agglomération,Intersection en T,3.0,Plein jour,Normale,4,Bidirectionnelle,2.0,Plat,1.0,0,72,Normale,0.0,Sur piste cyclable,Blessé hospitalisé,Masculin,54.0,Domicile - travail,3,9,0.0,2.0,3.0,1.0,200600027565B01,7,15,1.0,Non cohérente,Non cohérentes
243,200600027566,2006-05-22,2006,mai,lundi,16:00,67,67482,0.0,0.0,En agglomération,Hors intersection,3.0,Plein jour,Pluie légère,4,Bidirectionnelle,2.0,Plat,1.0,0,85,Mouillée,0.0,Sur chaussée,Blessé léger,Masculin,23.0,Promenade - loisirs,3,9,0.0,2.0,1.0,19.0,200600027566B01,7,9,1.0,Cohérente,Non cohérentes
244,200600027567,2006-05-23,2006,mai,mardi,74:5,67,67482,0.0,0.0,En agglomération,Intersection en X,3.0,Plein jour,Normale,4,A sens unique,1.0,Plat,1.0,0,62,Normale,0.0,Sur trottoir,Blessé léger,Féminin,23.0,Domicile - travail,3,9,0.0,2.0,0.0,1.0,200600027567A01,1,1,1.0,Non cohérente,Non cohérentes
245,200600027567,2006-05-23,2006,mai,mardi,74:5,67,67482,0.0,0.0,En agglomération,Intersection en X,3.0,Plein jour,Normale,4,A sens unique,1.0,Plat,1.0,0,62,Normale,0.0,Sur trottoir,Blessé léger,Masculin,16.0,Domicile - école,3,9,0.0,2.0,0.0,1.0,200600027567B01,1,1,1.0,Non cohérente,Non cohérentes
246,200600027568,2006-05-23,2006,mai,mardi,85:0,67,67482,0.0,0.0,En agglomération,Hors intersection,3.0,Plein jour,Normale,4,Bidirectionnelle,3.0,Plat,1.0,0,90,Normale,0.0,Sur chaussée,Blessé léger,Féminin,25.0,Promenade - loisirs,1,2,0.0,2.0,8.0,1.0,200600027568B01,14,17,1.0,Non cohérente,Non cohérentes
247,200600027576,2006-05-30,2006,mai,mardi,73:1,67,67482,0.0,0.0,En agglomération,Intersection en X,3.0,Plein jour,Pluie légère,4,Bidirectionnelle,2.0,Plat,1.0,0,120,Mouillée,5.0,Sur chaussée,Blessé léger,Masculin,44.0,Utilisation professionnelle,3,9,0.0,2.0,3.0,1.0,200600027576B01,7,1,1.0,Non cohérente,Non cohérentes
248,200600027708,2006-05-27,2006,mai,samedi,12:15,74,74010,0.0,0.0,En agglomération,Giratoire,7.0,Plein jour,Normale,4,A sens unique,2.0,Plat,-1.0,0,90,Non renseigné,0.0,Sur chaussée,Blessé léger,Féminin,48.0,Autre,3,9,0.0,2.0,1.0,1.0,200600027708B01,7,16,1.0,Cohérente,Non cohérentes
249,200600033786,2006-06-09,2006,juin,vendredi,5:,38,38185,0.0,0.0,En agglomération,Intersection en X,3.0,Nuit avec éclairage public allumé,Normale,4,Bidirectionnelle,6.0,Plat,1.0,0,167,Normale,0.0,Sur chaussée,Indemne,Masculin,23.0,Non renseigné,3,9,0.0,2.0,1.0,1.0,200600033786A01,7,1,1.0,Non cohérente,Non cohérentes
250,200600033786,2006-06-09,2006,juin,vendredi,5:,38,38185,0.0,0.0,En agglomération,Intersection en X,3.0,Nuit avec éclairage public allumé,Normale,4,Bidirectionnelle,6.0,Plat,1.0,0,167,Normale,0.0,Sur chaussée,Blessé léger,Féminin,22.0,Non renseigné,3,9,0.0,2.0,1.0,1.0,200600033786A01,7,1,1.0,Non cohérente,Non cohérentes
251,200600033788,2006-06-09,2006,juin,vendredi,19:30,38,38185,0.0,0.0,En agglomération,Hors intersection,6.0,Plein jour,Normale,4,Bidirectionnelle,4.0,Plat,3.0,0,140,Normale,0.0,Sur chaussée,Blessé léger,Féminin,22.0,Non renseigné,3,9,0.0,2.0,1.0,9.0,200600033788B01,7,1,1.0,Cohérente,Non cohérentes
252,200600033793,2006-06-15,2006,juin,jeudi,14:00,38,38185,0.0,0.0,En agglomération,Hors intersection,6.0,Plein jour,Normale,4,A sens unique,1.0,Plat,1.0,0,50,Normale,0.0,Sur chaussée,Blessé léger,Masculin,48.0,Domicile - travail,3,9,0.0,2.0,5.0,19.0,200600033793B01,7,15,1.0,Cohérente,Non cohérentes
253,200600033796,2006-06-18,2006,juin,dimanche,17:45,38,38185,0.0,0.0,En agglomération,Hors intersection,3.0,Plein jour,Normale,4,Bidirectionnelle,3.0,Plat,1.0,0,105,Normale,0.0,Sur chaussée,Blessé hospitalisé,Féminin,47.0,Non renseigné,3,9,0.0,2.0,1.0,1.0,200600033796B01,7,15,1.0,Cohérente,Non cohérentes
254,200600033798,2006-06-19,2006,juin,lundi,83:0,38,38185,0.0,0.0,En agglomération,Hors intersection,3.0,Plein jour,Normale,4,A sens unique,1.0,Plat,1.0,0,59,Normale,0.0,Sur chaussée,Blessé léger,Masculin,24.0,Domicile - travail,1,9,1.0,0.0,1.0,1.0,200600033798B01,7,24,1.0,Non cohérente,Non cohérentes
255,200600033800,2006-06-20,2006,juin,mardi,74:5,38,38185,0.0,0.0,En agglomération,Intersection en X,3.0,Plein jour,Normale,4,Avec voies d'affectation variable,2.0,Non renseigné,-1.0,0,58,Normale,5.0,Sur piste cyclable,Blessé hospitalisé,Féminin,32.0,Non renseigné,3,2,0.0,2.0,8.0,19.0,200600033800B01,7,16,1.0,Non cohérente,Non cohérentes
256,200600033801,2006-06-21,2006,juin,mercredi,16:45,38,38185,0.0,0.0,En agglomération,Hors intersection,6.0,Plein jour,Normale,3,A sens unique,4.0,Plat,1.0,0,130,Normale,0.0,Sur chaussée,Indemne,Masculin,35.0,Promenade - loisirs,3,9,0.0,1.0,7.0,1.0,200600033801A01,,,,Cohérente,Non cohérentes
257,200600033814,2006-06-30,2006,juin,vendredi,11:05,38,38185,0.0,0.0,En agglomération,Hors intersection,6.0,Plein jour,Normale,4,Bidirectionnelle,4.0,Plat,1.0,0,260,Normale,0.0,Aucun,Blessé léger,Masculin,42.0,Non renseigné,2,2,0.0,4.0,1.0,0.0,200600033814A01,40,1,1.0,Cohérente,Non cohérentes
258,200600033817,2006-06-30,2006,juin,vendredi,18:00,38,38185,0.0,0.0,En agglomération,Intersection en T,3.0,Plein jour,Normale,4,A sens unique,2.0,Plat,2.0,0,60,Normale,0.0,Sur chaussée,Blessé léger,Féminin,31.0,Domicile - travail,3,9,0.0,2.0,1.0,1.0,200600033817B01,7,1,1.0,Cohérente,Non cohérentes
259,200600034722,2006-06-01,2006,juin,jeudi,72:0,67,67482,0.0,0.0,En agglomération,Intersection en T,3.0,Plein jour,Temps couvert,4,A chaussées séparées,5.0,Plat,1.0,25,161,Normale,0.0,Sur chaussée,Blessé léger,Féminin,32.0,Domicile - travail,3,9,0.0,2.0,1.0,19.0,200600034722B01,14,16,1.0,Non cohérente,Non cohérentes
260,200600034729,2006-06-04,2006,juin,dimanche,91:6,67,67482,0.0,0.0,En agglomération,Hors intersection,6.0,Plein jour,Normale,4,Bidirectionnelle,2.0,Plat,3.0,0,70,Normale,2.0,Sur piste cyclable,Blessé léger,Féminin,24.0,Promenade - loisirs,3,0,0.0,1.0,1.0,1.0,200600034729A01,,,,Non cohérente,Non cohérentes
261,200600034731,2006-06-05,2006,juin,lundi,17:35,67,67482,0.0,0.0,En agglomération,Intersection en T,3.0,Plein jour,Normale,4,Bidirectionnelle,2.0,Plat,1.0,0,90,Normale,0.0,Sur chaussée,Blessé léger,Masculin,23.0,Promenade - loisirs,3,9,0.0,2.0,1.0,1.0,200600034731A01,1,15,1.0,Cohérente,Non cohérentes
262,200600034731,2006-06-05,2006,juin,lundi,17:35,67,67482,0.0,0.0,En agglomération,Intersection en T,3.0,Plein jour,Normale,4,Bidirectionnelle,2.0,Plat,1.0,0,90,Normale,0.0,Sur chaussée,Indemne,Féminin,52.0,Promenade - loisirs,3,9,0.0,2.0,8.0,15.0,200600034731B01,1,1,1.0,Cohérente,Non cohérentes
263,200600034735,2006-06-07,2006,juin,mercredi,91:0,67,67482,0.0,0.0,En agglomération,Intersection à plus de 4 branches,3.0,Plein jour,Normale,4,A chaussées séparées,5.0,Plat,1.0,39,71,Normale,3.0,Sur chaussée,Blessé léger,Féminin,75.0,Promenade - loisirs,3,9,0.0,4.0,8.0,11.0,200600034735A01,40,1,1.0,Non cohérente,Non cohérentes
264,200600034741,2006-06-09,2006,juin,vendredi,13:45,67,67482,0.0,0.0,En agglomération,Hors intersection,6.0,Plein jour,Normale,4,Bidirectionnelle,2.0,Plat,1.0,0,0,Normale,0.0,Sur piste cyclable,Blessé léger,Masculin,48.0,Non renseigné,3,9,0.0,2.0,1.0,1.0,200600034741A01,1,1,1.0,Cohérente,Non cohérentes
265,200600034741,2006-06-09,2006,juin,vendredi,13:45,67,67482,0.0,0.0,En agglomération,Hors intersection,6.0,Plein jour,Normale,4,Bidirectionnelle,2.0,Plat,1.0,0,0,Normale,0.0,Sur piste cyclable,Blessé léger,Masculin,14.0,Non renseigné,3,9,0.0,2.0,1.0,1.0,200600034741B01,1,1,1.0,Cohérente,Non cohérentes
266,200600034749,2006-06-12,2006,juin,lundi,14:15,67,67482,0.0,0.0,En agglomération,Hors intersection,6.0,Plein jour,Normale,4,Non renseigné,2.0,Plat,1.0,0,60,Normale,0.0,Aucun,Blessé léger,Masculin,16.0,Promenade - loisirs,3,9,1.0,0.0,1.0,1.0,200600034749B01,7,20,1.0,Cohérente,Non cohérentes
267,200600034750,2006-06-12,2006,juin,lundi,20:15,67,67482,0.0,0.0,En agglomération,Intersection en X,3.0,Plein jour,Normale,4,Bidirectionnelle,2.0,Plat,1.0,0,101,Normale,0.0,Sur chaussée,Blessé léger,Féminin,34.0,Autre,1,9,0.0,2.0,1.0,1.0,200600034750B01,7,15,1.0,Cohérente,Non cohérentes
268,200600034753,2006-06-13,2006,juin,mardi,95:0,67,67482,0.0,0.0,En agglomération,Intersection en T,3.0,Plein jour,Normale,3,Bidirectionnelle,3.0,Plat,1.0,0,125,Normale,0.0,Sur chaussée,Blessé léger,Masculin,37.0,Non renseigné,3,9,0.0,2.0,1.0,1.0,200600034753B01,7,16,1.0,Non cohérente,Non cohérentes
269,200600034754,2006-06-13,2006,juin,mardi,15:30,67,67482,0.0,0.0,En agglomération,Hors intersection,3.0,Plein jour,Normale,4,A chaussées séparées,4.0,Plat,-1.0,0,188,Normale,0.0,Sur chaussée,Blessé léger,Féminin,15.0,Promenade - loisirs,1,4,0.0,2.0,1.0,19.0,200600034754B01,7,1,1.0,Cohérente,Non cohérentes
270,200600034783,2006-06-28,2006,juin,mercredi,14:00,67,67482,0.0,0.0,En agglomération,Intersection en X,3.0,Plein jour,Normale,4,A sens unique,1.0,Plat,1.0,0,70,Normale,0.0,Sur chaussée,Blessé léger,Féminin,44.0,Promenade - loisirs,2,2,0.0,2.0,1.0,5.0,200600034783B01,7,15,1.0,Cohérente,Non cohérentes
271,200600034784,2006-06-28,2006,juin,mercredi,17:15,67,67482,0.0,0.0,En agglomération,Hors intersection,3.0,Plein jour,Normale,4,Bidirectionnelle,2.0,Plat,1.0,10,80,Normale,0.0,Sur piste cyclable,Blessé léger,Masculin,41.0,Domicile - travail,3,0,0.0,2.0,1.0,1.0,200600034784B01,10,9,1.0,Cohérente,Non cohérentes
272,200600034787,2006-06-30,2006,juin,vendredi,83:0,67,67482,0.0,0.0,En agglomération,Intersection en T,3.0,Plein jour,Normale,4,Bidirectionnelle,2.0,Plat,2.0,0,100,Normale,0.0,Sur piste cyclable,Blessé léger,Masculin,50.0,Promenade - loisirs,3,9,0.0,2.0,8.0,19.0,200600034787B01,7,15,1.0,Non cohérente,Non cohérentes
273,200600034788,2006-06-30,2006,juin,vendredi,80:8,67,67482,0.0,0.0,En agglomération,Intersection en T,6.0,Plein jour,Normale,4,A chaussées séparées,2.0,Pente,3.0,31,143,Normale,5.0,Sur chaussée,Blessé léger,Féminin,20.0,Promenade - loisirs,3,9,0.0,2.0,3.0,19.0,200600034788B01,37,1,1.0,Non cohérente,Non cohérentes
274,200600038844,2006-07-18,2006,juillet,mardi,12:10,38,38185,0.0,0.0,En agglomération,Hors intersection,2.0,Plein jour,Normale,4,Non renseigné,0.0,Plat,1.0,0,61,Normale,4.0,Sur chaussée,Indemne,Masculin,18.0,Domicile - travail,3,9,0.0,2.0,0.0,1.0,200600038844A01,2,2,1.0,Cohérente,Non cohérentes
275,200600038853,2006-07-26,2006,juillet,mercredi,82:5,38,38185,0.0,0.0,En agglomération,Hors intersection,6.0,Plein jour,Temps éblouissant,4,A sens unique,2.0,Plat,1.0,0,77,Normale,0.0,Sur chaussée,Blessé léger,Féminin,24.0,Non renseigné,3,9,0.0,2.0,1.0,1.0,200600038853B01,7,15,1.0,Non cohérente,Non cohérentes
276,200600038856,2006-07-27,2006,juillet,jeudi,19:15,38,38185,0.0,0.0,En agglomération,Hors intersection,6.0,Plein jour,Normale,4,Bidirectionnelle,2.0,Plat,1.0,0,98,Normale,0.0,Sur chaussée,Blessé léger,Féminin,24.0,Non renseigné,3,9,0.0,2.0,7.0,1.0,200600038856B01,7,24,1.0,Cohérente,Non cohérentes
277,200600038860,2006-07-31,2006,juillet,lundi,10:00,38,38185,0.0,0.0,En agglomération,Hors intersection,6.0,Plein jour,Normale,4,Bidirectionnelle,4.0,Plat,1.0,0,140,Normale,0.0,Sur chaussée,Blessé léger,Masculin,25.0,Non renseigné,3,9,0.0,2.0,1.0,5.0,200600038860A01,7,15,1.0,Cohérente,Non cohérentes
278,200600039764,2006-07-02,2006,juillet,dimanche,18:25,67,67482,0.0,0.0,En agglomération,Intersection en T,3.0,Plein jour,Normale,4,A sens unique,3.0,Plat,1.0,0,75,Normale,0.0,Sur piste cyclable,Blessé hospitalisé,Masculin,17.0,Promenade - loisirs,3,9,0.0,2.0,8.0,19.0,200600039764B01,7,1,1.0,Cohérente,Non cohérentes
279,200600039766,2006-07-03,2006,juillet,lundi,19:45,67,67482,0.0,0.0,En agglomération,Intersection en T,6.0,Plein jour,Normale,4,A chaussées séparées,2.0,Plat,1.0,50,50,Normale,0.0,Sur chaussée,Blessé léger,Féminin,17.0,Promenade - loisirs,3,4,0.0,2.0,8.0,19.0,200600039766B01,33,1,1.0,Cohérente,Non cohérentes
280,200600039788,2006-07-16,2006,juillet,dimanche,95:0,67,67482,0.0,0.0,En agglomération,Intersection en T,3.0,Plein jour,Normale,4,Bidirectionnelle,4.0,Plat,1.0,0,245,Normale,0.0,Sur chaussée,Blessé hospitalisé,Masculin,44.0,Promenade - loisirs,3,2,0.0,2.0,1.0,19.0,200600039788B01,7,15,1.0,Non cohérente,Non cohérentes
281,200600039789,2006-07-17,2006,juillet,lundi,81:5,67,67482,0.0,0.0,En agglomération,Intersection en T,3.0,Plein jour,Normale,4,Bidirectionnelle,2.0,Plat,1.0,0,80,Normale,0.0,Sur chaussée,Blessé léger,Féminin,35.0,Domicile - travail,2,2,0.0,2.0,8.0,19.0,200600039789B01,7,15,1.0,Non cohérente,Non cohérentes
282,200600039790,2006-07-17,2006,juillet,lundi,17:20,67,67482,0.0,0.0,En agglomération,Hors intersection,1.0,Plein jour,Normale,4,A sens unique,1.0,Plat,2.0,0,57,Normale,0.0,Sur chaussée,Blessé léger,Masculin,38.0,Promenade - loisirs,3,9,0.0,2.0,1.0,16.0,200600039790B01,7,15,1.0,Cohérente,Non cohérentes
283,200600039793,2006-07-19,2006,juillet,mercredi,90:0,67,67482,0.0,0.0,En agglomération,Hors intersection,3.0,Plein jour,Normale,4,A sens unique,4.0,Plat,1.0,0,110,Normale,0.0,Sur chaussée,Blessé hospitalisé,Féminin,20.0,Domicile - travail,1,4,0.0,2.0,1.0,19.0,200600039793A01,7,1,1.0,Non cohérente,Non cohérentes
284,200600039801,2006-07-24,2006,juillet,lundi,83:0,67,67482,0.0,0.0,En agglomération,Hors intersection,6.0,Plein jour,Normale,4,A chaussées séparées,6.0,Plat,1.0,0,90,Normale,0.0,Sur piste cyclable,Blessé hospitalisé,Féminin,36.0,Promenade - loisirs,3,4,1.0,0.0,1.0,1.0,200600039801B01,7,22,1.0,Non cohérente,Non cohérentes
285,200600039947,2006-07-01,2006,juillet,samedi,17:40,74,74010,0.0,0.0,En agglomération,Hors intersection,3.0,Plein jour,Normale,4,Bidirectionnelle,3.0,Plat,1.0,0,110,Normale,0.0,Sur chaussée,Blessé léger,Masculin,17.0,Promenade - loisirs,3,9,0.0,2.0,4.0,19.0,200600039947A01,7,1,1.0,Cohérente,Non cohérentes
286,200600048893,2006-08-02,2006,août,mercredi,80:0,67,67482,0.0,0.0,En agglomération,Intersection en T,3.0,Plein jour,Normale,4,A chaussées séparées,3.0,Plat,1.0,10,96,Normale,0.0,Sur piste cyclable,Blessé léger,Masculin,42.0,Domicile - travail,1,9,0.0,2.0,1.0,1.0,200600048893B01,10,16,1.0,Non cohérente,Non cohérentes
287,200600048905,2006-08-17,2006,août,jeudi,18:00,67,67482,0.0,0.0,En agglomération,Intersection en T,3.0,Plein jour,Normale,4,Bidirectionnelle,4.0,Plat,1.0,0,120,Normale,0.0,Sur chaussée,Blessé léger,Masculin,31.0,Promenade - loisirs,3,9,0.0,2.0,0.0,1.0,200600048905A01,7,16,1.0,Cohérente,Non cohérentes
288,200600048917,2006-08-26,2006,août,samedi,12:58,67,67482,0.0,0.0,En agglomération,Hors intersection,6.0,Plein jour,Temps couvert,4,Bidirectionnelle,3.0,Plat,1.0,0,85,Normale,0.0,Sur chaussée,Blessé hospitalisé,Féminin,53.0,Promenade - loisirs,3,9,1.0,0.0,1.0,1.0,200600048917B01,7,22,1.0,Cohérente,Non cohérentes
289,200600048921,2006-08-31,2006,août,jeudi,17:40,67,67482,0.0,0.0,En agglomération,Hors intersection,1.0,Plein jour,Normale,4,Bidirectionnelle,2.0,Plat,3.0,0,40,Normale,0.0,Sur chaussée,Blessé léger,Masculin,17.0,Promenade - loisirs,3,9,0.0,2.0,1.0,17.0,200600048921A01,7,1,1.0,Cohérente,Non cohérentes
290,200600049011,2006-08-08,2006,août,mardi,13:30,74,74010,0.0,0.0,En agglomération,Giratoire,3.0,Plein jour,Normale,3,A sens unique,2.0,Plat,2.0,0,0,Normale,0.0,Sur chaussée,Blessé léger,Masculin,57.0,Courses - achats,3,9,0.0,0.0,3.0,1.0,200600049011B01,7,16,1.0,Cohérente,Non cohérentes
291,200600049012,2006-08-18,2006,août,vendredi,12:05,74,74010,0.0,0.0,En agglomération,Intersection en X,6.0,Plein jour,Normale,4,Bidirectionnelle,2.0,Plat,1.0,20,70,Normale,0.0,Sur chaussée,Blessé léger,Féminin,21.0,Promenade - loisirs,3,9,0.0,0.0,1.0,1.0,200600049012B01,7,16,1.0,Cohérente,Non cohérentes
292,200600054451,2006-09-01,2006,septembre,vendredi,30:,38,38185,0.0,0.0,En agglomération,Hors intersection,6.0,Nuit avec éclairage public allumé,Normale,4,Non renseigné,2.0,Plat,1.0,0,0,Normale,0.0,Sur chaussée,Blessé léger,Masculin,15.0,Non renseigné,2,2,1.0,0.0,1.0,1.0,200600054451A01,,,,Non cohérente,Non cohérentes
293,200600054461,2006-09-10,2006,septembre,dimanche,11:00,38,38185,0.0,0.0,En agglomération,Intersection en X,3.0,Plein jour,Normale,3,Bidirectionnelle,0.0,Plat,1.0,0,95,Normale,0.0,Sur chaussée,Blessé léger,Masculin,6.0,Non renseigné,3,9,0.0,2.0,1.0,1.0,200600054461B01,7,19,1.0,Cohérente,Non cohérentes
294,200600054468,2006-09-15,2006,septembre,vendredi,17:05,38,38185,0.0,0.0,En agglomération,Hors intersection,6.0,Plein jour,Normale,4,Bidirectionnelle,2.0,Plat,1.0,0,58,Normale,0.0,Sur chaussée,Blessé léger,Féminin,42.0,Non renseigné,3,9,0.0,2.0,1.0,23.0,200600054468B01,7,4,1.0,Cohérente,Non cohérentes
295,200600054469,2006-09-15,2006,septembre,vendredi,19:25,38,38185,0.0,0.0,En agglomération,Hors intersection,6.0,Plein jour,Normale,4,Bidirectionnelle,4.0,Plat,1.0,0,140,Normale,3.0,Sur chaussée,Blessé léger,Féminin,19.0,Non renseigné,3,9,0.0,2.0,8.0,19.0,200600054469B01,7,1,1.0,Cohérente,Non cohérentes
296,200600054471,2006-09-16,2006,septembre,samedi,18:15,38,38185,0.0,0.0,En agglomération,Hors intersection,6.0,Crépuscule ou aube,Normale,4,Bidirectionnelle,2.0,Plat,1.0,0,115,Normale,0.0,Sur chaussée,Blessé léger,Masculin,19.0,Non renseigné,1,9,0.0,2.0,0.0,1.0,200600054471A01,37,1,1.0,Cohérente,Non cohérentes
297,200600054474,2006-09-18,2006,septembre,lundi,17:30,38,38185,0.0,0.0,En agglomération,Intersection en X,3.0,Plein jour,Normale,4,Bidirectionnelle,2.0,Plat,1.0,0,75,Normale,0.0,Sur chaussée,Blessé léger,Masculin,55.0,Domicile - travail,3,9,0.0,2.0,3.0,1.0,200600054474B01,7,16,1.0,Cohérente,Non cohérentes
298,200600054476,2006-09-21,2006,septembre,jeudi,13:40,38,38185,0.0,0.0,En agglomération,Intersection en X,3.0,Plein jour,Normale,2,Bidirectionnelle,6.0,Plat,1.0,0,160,Normale,0.0,Sur chaussée,Blessé léger,Masculin,27.0,Non renseigné,3,9,0.0,2.0,8.0,1.0,200600054476A01,7,1,1.0,Cohérente,Non cohérentes
299,200600054480,2006-09-23,2006,septembre,samedi,17:00,38,38185,0.0,0.0,En agglomération,Intersection en X,3.0,Plein jour,Normale,3,Bidirectionnelle,4.0,Plat,1.0,0,120,Non renseigné,0.0,Sur chaussée,Blessé léger,Masculin,27.0,Non renseigné,3,9,0.0,2.0,8.0,19.0,200600054480A01,7,1,1.0,Cohérente,Non cohérentes
300,200600054483,2006-09-27,2006,septembre,mercredi,10:35,38,38185,0.0,0.0,En agglomération,Hors intersection,6.0,Plein jour,Normale,4,Bidirectionnelle,2.0,Plat,1.0,0,70,Normale,0.0,Sur chaussée,Blessé hospitalisé,Féminin,3.0,Non renseigné,3,9,0.0,2.0,8.0,19.0,200600054483B01,7,16,1.0,Cohérente,Non cohérentes
301,200600055446,2006-09-01,2006,septembre,vendredi,75:0,67,67482,0.0,0.0,En agglomération,Intersection en X,1.0,Plein jour,Normale,4,Bidirectionnelle,3.0,Plat,1.0,0,119,Normale,5.0,Sur chaussée,Blessé hospitalisé,Féminin,32.0,Autre,3,9,0.0,2.0,7.0,19.0,200600055446B01,10,16,1.0,Non cohérente,Non cohérentes
302,200600055448,2006-09-01,2006,septembre,vendredi,15:06,67,67482,0.0,0.0,En agglomération,Intersection en Y,3.0,Plein jour,Normale,4,Bidirectionnelle,3.0,Plat,1.0,0,120,Normale,0.0,Sur chaussée,Blessé léger,Masculin,13.0,Non renseigné,3,9,0.0,2.0,8.0,0.0,200600055448B01,7,1,1.0,Cohérente,Non cohérentes
303,200600055461,2006-09-08,2006,septembre,vendredi,17:55,67,67482,0.0,0.0,En agglomération,Intersection en T,6.0,Plein jour,Normale,4,Bidirectionnelle,2.0,Plat,1.0,0,132,Mouillée,5.0,Sur chaussée,Blessé léger,Masculin,33.0,Autre,3,9,0.0,1.0,1.0,16.0,200600055461A01,,,,Cohérente,Non cohérentes
304,200600055468,2006-09-12,2006,septembre,mardi,22:00,67,67482,0.0,0.0,En agglomération,Intersection en T,3.0,Nuit avec éclairage public allumé,Normale,4,A sens unique,2.0,Plat,1.0,0,40,Normale,2.0,Sur chaussée,Blessé léger,Masculin,23.0,Promenade - loisirs,2,9,0.0,2.0,8.0,1.0,200600055468A01,7,1,1.0,Cohérente,Non cohérentes
305,200600055469,2006-09-13,2006,septembre,mercredi,16:50,67,67482,0.0,0.0,En agglomération,Intersection en T,3.0,Plein jour,Normale,4,A sens unique,1.0,Plat,1.0,0,45,Normale,0.0,Sur chaussée,Blessé léger,Masculin,58.0,Promenade - loisirs,3,9,0.0,2.0,1.0,19.0,200600055469B01,7,16,1.0,Cohérente,Non cohérentes
306,200600055471,2006-09-14,2006,septembre,jeudi,16:50,67,67482,0.0,0.0,En agglomération,Hors intersection,6.0,Plein jour,Normale,4,A sens unique,1.0,Plat,1.0,0,80,Normale,0.0,Sur chaussée,Blessé léger,Féminin,45.0,Non renseigné,3,9,1.0,0.0,1.0,1.0,200600055471B01,7,22,1.0,Cohérente,Non cohérentes
307,200600055474,2006-09-15,2006,septembre,vendredi,15:00,67,67482,0.0,0.0,En agglomération,Hors intersection,2.0,Plein jour,Pluie légère,4,Bidirectionnelle,2.0,Plat,1.0,0,50,Mouillée,0.0,Sur piste cyclable,Blessé léger,Masculin,21.0,Domicile - travail,3,9,0.0,2.0,4.0,2.0,200600055474B01,30,2,1.0,Cohérente,Non cohérentes
308,200600055490,2006-09-26,2006,septembre,mardi,90:0,67,67482,0.0,0.0,En agglomération,Hors intersection,3.0,Plein jour,Pluie légère,4,Bidirectionnelle,0.0,Plat,1.0,0,116,Mouillée,0.0,Sur chaussée,Blessé léger,Féminin,35.0,Promenade - loisirs,3,9,0.0,2.0,3.0,1.0,200600055490B01,14,1,1.0,Non cohérente,Non cohérentes
309,200600055491,2006-09-26,2006,septembre,mardi,18:30,67,67482,0.0,0.0,En agglomération,Intersection en T,3.0,Plein jour,Normale,4,A sens unique,1.0,Plat,1.0,0,70,Normale,5.0,Sur chaussée,Blessé léger,Féminin,22.0,Domicile - travail,3,9,0.0,2.0,1.0,1.0,200600055491A01,7,15,1.0,Cohérente,Non cohérentes
310,200600055494,2006-09-29,2006,septembre,vendredi,35:0,67,67482,0.0,0.0,En agglomération,Hors intersection,1.0,Nuit avec éclairage public allumé,Normale,4,Bidirectionnelle,2.0,Plat,4.0,0,100,Normale,0.0,Sur chaussée,Blessé léger,Masculin,25.0,Promenade - loisirs,1,4,0.0,2.0,1.0,13.0,200600055494A01,7,1,1.0,Non cohérente,Non cohérentes
311,200600055495,2006-09-29,2006,septembre,vendredi,80:0,67,67482,0.0,0.0,En agglomération,Intersection en T,5.0,Plein jour,Normale,4,Bidirectionnelle,2.0,Plat,1.0,20,60,Normale,0.0,Sur trottoir,Indemne,Masculin,15.0,Non renseigné,1,4,0.0,2.0,1.0,15.0,200600055495A01,10,16,1.0,Non cohérente,Non cohérentes
312,200600055495,2006-09-29,2006,septembre,vendredi,80:0,67,67482,0.0,0.0,En agglomération,Intersection en T,5.0,Plein jour,Normale,4,Bidirectionnelle,2.0,Plat,1.0,20,60,Normale,0.0,Sur trottoir,Blessé hospitalisé,Masculin,15.0,Non renseigné,1,4,0.0,2.0,1.0,1.0,200600055495B01,10,16,1.0,Non cohérente,Non cohérentes
313,200600061773,2006-10-06,2006,octobre,vendredi,74:5,38,38185,0.0,0.0,En agglomération,Intersection en X,6.0,Plein jour,Normale,4,Bidirectionnelle,3.0,Plat,1.0,0,90,Normale,0.0,Sur chaussée,Blessé léger,Masculin,33.0,Domicile - travail,3,9,0.0,2.0,1.0,15.0,200600061773A01,33,1,1.0,Non cohérente,Non cohérentes
314,200600061779,2006-10-13,2006,octobre,vendredi,16:35,38,38185,0.0,0.0,En agglomération,Hors intersection,3.0,Plein jour,Normale,4,Bidirectionnelle,2.0,Plat,1.0,0,107,Normale,0.0,Sur chaussée,Blessé léger,Masculin,59.0,Non renseigné,3,9,0.0,2.0,1.0,19.0,200600061779A01,7,16,1.0,Cohérente,Non cohérentes
315,200600061780,2006-10-13,2006,octobre,vendredi,17:00,38,38185,0.0,0.0,En agglomération,Hors intersection,3.0,Plein jour,Normale,4,A sens unique,1.0,Plat,1.0,0,30,Normale,0.0,Sur chaussée,Blessé léger,Masculin,16.0,Non renseigné,3,9,1.0,2.0,1.0,19.0,200600061780B01,7,1,1.0,Cohérente,Non cohérentes
316,200600061787,2006-10-21,2006,octobre,samedi,15:08,38,38185,0.0,0.0,En agglomération,Hors intersection,6.0,Plein jour,Normale,4,Bidirectionnelle,6.0,Plat,1.0,0,210,Normale,0.0,Sur piste cyclable,Indemne,Masculin,15.0,Non renseigné,3,9,0.0,1.0,1.0,1.0,200600061787A01,,,,Cohérente,Non cohérentes
317,200600061793,2006-10-26,2006,octobre,jeudi,12:50,38,38185,0.0,0.0,En agglomération,Hors intersection,6.0,Plein jour,Normale,4,A sens unique,1.0,Plat,1.0,0,30,Non renseigné,0.0,Sur chaussée,Blessé léger,Masculin,39.0,Autre,3,2,0.0,2.0,4.0,2.0,200600061793A01,7,0,1.0,Cohérente,Non cohérentes
318,200600062807,2006-10-05,2006,octobre,jeudi,11:45,67,67482,0.0,0.0,En agglomération,Intersection en X,3.0,Plein jour,Normale,4,Bidirectionnelle,2.0,Plat,1.0,0,73,Normale,0.0,Sur chaussée,Blessé léger,Masculin,44.0,Domicile - travail,3,2,0.0,2.0,1.0,1.0,200600062807B01,7,15,1.0,Cohérente,Non cohérentes
319,200600062808,2006-10-05,2006,octobre,jeudi,14:20,67,67482,0.0,0.0,En agglomération,Intersection en T,3.0,Plein jour,Normale,4,A sens unique,1.0,Plat,1.0,0,90,Normale,0.0,Sur chaussée,Blessé léger,Masculin,40.0,Promenade - loisirs,3,9,0.0,2.0,1.0,19.0,200600062808B01,7,15,1.0,Cohérente,Non cohérentes
320,200600062809,2006-10-05,2006,octobre,jeudi,18:55,67,67482,0.0,0.0,En agglomération,Hors intersection,3.0,Plein jour,Normale,9,Bidirectionnelle,2.0,Plat,1.0,0,124,Normale,0.0,Sur piste cyclable,Indemne,Masculin,16.0,Promenade - loisirs,3,9,0.0,2.0,7.0,17.0,200600062809A01,1,1,1.0,Cohérente,Non cohérentes
321,200600062809,2006-10-05,2006,octobre,jeudi,18:55,67,67482,0.0,0.0,En agglomération,Hors intersection,3.0,Plein jour,Normale,9,Bidirectionnelle,2.0,Plat,1.0,0,124,Normale,0.0,Sur piste cyclable,Blessé léger,Masculin,58.0,Promenade - loisirs,3,9,0.0,2.0,3.0,1.0,200600062809B01,1,17,1.0,Cohérente,Non cohérentes
322,200600062810,2006-10-06,2006,octobre,vendredi,82:5,67,67482,0.0,0.0,En agglomération,Intersection en Y,3.0,Plein jour,Normale,4,Bidirectionnelle,2.0,Plat,1.0,0,110,Normale,5.0,Sur chaussée,Tué,Masculin,82.0,Promenade - loisirs,3,9,0.0,2.0,8.0,1.0,200600062810B01,20,14,1.0,Non cohérente,Non cohérentes
323,200600062813,2006-10-09,2006,octobre,lundi,70:0,67,67482,0.0,0.0,En agglomération,Intersection en T,6.0,Crépuscule ou aube,Normale,4,Bidirectionnelle,2.0,Plat,1.0,0,70,Normale,0.0,Sur chaussée,Blessé hospitalisé,Masculin,31.0,Utilisation professionnelle,3,9,0.0,2.0,1.0,1.0,200600062813B01,13,15,1.0,Non cohérente,Non cohérentes
324,200600062815,2006-10-10,2006,octobre,mardi,13:40,67,67482,0.0,0.0,En agglomération,Intersection en X,3.0,Plein jour,Normale,4,Bidirectionnelle,4.0,Pente,1.0,0,100,Normale,2.0,Sur chaussée,Blessé léger,Masculin,36.0,Promenade - loisirs,3,0,0.0,2.0,8.0,19.0,200600062815A01,7,1,1.0,Cohérente,Non cohérentes
325,200600062822,2006-10-13,2006,octobre,vendredi,14:15,67,67482,0.0,0.0,En agglomération,Hors intersection,5.0,Plein jour,Normale,4,Bidirectionnelle,2.0,Plat,1.0,0,115,Normale,0.0,Sur chaussée,Blessé léger,Féminin,30.0,Promenade - loisirs,3,9,0.0,2.0,1.0,1.0,200600062822B01,33,17,1.0,Cohérente,Non cohérentes
326,200600062822,2006-10-13,2006,octobre,vendredi,14:15,67,67482,0.0,0.0,En agglomération,Hors intersection,5.0,Plein jour,Normale,4,Bidirectionnelle,2.0,Plat,1.0,0,115,Normale,0.0,Sur chaussée,Blessé léger,Masculin,23.0,Promenade - loisirs,3,9,0.0,2.0,8.0,15.0,200600062822C01,33,17,1.0,Cohérente,Non cohérentes
327,200600062824,2006-10-15,2006,octobre,dimanche,16:00,67,67482,0.0,0.0,En agglomération,Hors intersection,6.0,Plein jour,Normale,4,Bidirectionnelle,3.0,Plat,1.0,0,96,Normale,0.0,Sur piste cyclable,Indemne,Masculin,32.0,Promenade - loisirs,3,9,0.0,1.0,1.0,1.0,200600062824A01,,,,Cohérente,Non cohérentes
328,200600062824,2006-10-15,2006,octobre,dimanche,16:00,67,67482,0.0,0.0,En agglomération,Hors intersection,6.0,Plein jour,Normale,4,Bidirectionnelle,3.0,Plat,1.0,0,96,Normale,0.0,Sur piste cyclable,Blessé léger,Masculin,84.0,Promenade - loisirs,3,0,0.0,1.0,1.0,1.0,200600062824A01,,,,Cohérente,Non cohérentes
329,200600062831,2006-10-23,2006,octobre,lundi,90:0,67,67482,0.0,0.0,En agglomération,Intersection en T,3.0,Plein jour,Pluie légère,4,Bidirectionnelle,2.0,Plat,1.0,0,80,Mouillée,0.0,Sur piste cyclable,Blessé léger,Féminin,42.0,Domicile - travail,3,9,0.0,2.0,1.0,1.0,200600062831A01,7,1,1.0,Non cohérente,Non cohérentes
330,200600062839,2006-10-26,2006,octobre,jeudi,80:0,67,67482,0.0,0.0,En agglomération,Intersection en X,6.0,Plein jour,Normale,4,Bidirectionnelle,2.0,Plat,1.0,0,71,Normale,5.0,Sur chaussée,Blessé léger,Féminin,18.0,Domicile - école,1,9,0.0,4.0,1.0,1.0,200600062839B01,40,1,1.0,Non cohérente,Non cohérentes
331,200600062840,2006-10-27,2006,octobre,vendredi,83:0,67,67482,0.0,0.0,En agglomération,Intersection en T,3.0,Plein jour,Normale,4,Bidirectionnelle,2.0,Plat,1.0,0,83,Normale,0.0,Sur chaussée,Blessé léger,Féminin,33.0,Domicile - travail,2,9,0.0,2.0,8.0,15.0,200600062840B01,7,15,1.0,Non cohérente,Non cohérentes
332,200600062842,2006-10-26,2006,octobre,jeudi,10:50,67,67482,0.0,0.0,En agglomération,Hors intersection,5.0,Plein jour,Normale,4,Bidirectionnelle,2.0,Plat,1.0,0,64,Normale,0.0,Sur piste cyclable,Blessé hospitalisé,Masculin,24.0,Domicile - travail,3,9,1.0,2.0,1.0,1.0,200600062842B01,7,22/1,2.0,Cohérente,Non cohérentes
333,200600062847,2006-10-28,2006,octobre,samedi,13:20,67,67482,0.0,0.0,En agglomération,Hors intersection,6.0,Plein jour,Normale,4,Bidirectionnelle,3.0,Pente,1.0,0,128,Normale,0.0,Sur chaussée,Blessé léger,Féminin,18.0,Domicile - école,3,9,1.0,2.0,1.0,1.0,200600062847B01,7,22,1.0,Cohérente,Non cohérentes
334,200600062852,2006-10-31,2006,octobre,mardi,83:0,67,67482,0.0,0.0,En agglomération,Hors intersection,3.0,Plein jour,Normale,4,Non renseigné,4.0,Plat,1.0,0,70,Normale,0.0,Sur chaussée,Blessé léger,Féminin,52.0,Promenade - loisirs,1,9,0.0,2.0,7.0,19.0,200600062852B01,7,1,1.0,Non cohérente,Non cohérentes
335,200600063020,2006-10-19,2006,octobre,jeudi,19:50,74,74010,0.0,0.0,En agglomération,Intersection en X,6.0,Nuit avec éclairage public allumé,Normale,4,Bidirectionnelle,0.0,Non renseigné,-1.0,0,0,Normale,0.0,Sur chaussée,Blessé hospitalisé,Masculin,29.0,Autre,3,4,0.0,2.0,1.0,1.0,200600063020A01,7,1,1.0,Cohérente,Non cohérentes
336,200600067246,2006-11-06,2006,novembre,lundi,14:40,38,38185,0.0,0.0,En agglomération,Hors intersection,6.0,Plein jour,Normale,4,Bidirectionnelle,2.0,Plat,1.0,0,106,Normale,0.0,Sur chaussée,Blessé hospitalisé,Masculin,59.0,Non renseigné,3,9,1.0,0.0,1.0,1.0,200600067246B01,7,22,1.0,Cohérente,Non cohérentes
337,200600067270,2006-11-21,2006,novembre,mardi,73:0,38,38185,0.0,0.0,En agglomération,Hors intersection,6.0,Crépuscule ou aube,Pluie légère,4,Bidirectionnelle,3.0,Plat,1.0,0,140,Mouillée,0.0,Sur chaussée,Blessé léger,Masculin,58.0,Non renseigné,3,9,0.0,2.0,3.0,19.0,200600067270A01,37,1,1.0,Non cohérente,Non cohérentes
338,200600067275,2006-11-22,2006,novembre,mercredi,95:0,38,38185,0.0,0.0,En agglomération,Intersection en X,1.0,Plein jour,Normale,3,A sens unique,3.0,Plat,1.0,0,90,Non renseigné,0.0,Aucun,Blessé léger,Féminin,32.0,Domicile - travail,3,9,0.0,2.0,1.0,1.0,200600067275B01,31,5,1.0,Non cohérente,Non cohérentes
339,200600067277,2006-11-23,2006,novembre,jeudi,14:10,38,38185,0.0,0.0,En agglomération,Hors intersection,3.0,Plein jour,Normale,3,Non renseigné,0.0,Plat,1.0,0,0,Normale,0.0,Aucun,Tué,Masculin,50.0,Non renseigné,3,9,0.0,4.0,1.0,16.0,200600067277B01,40,1,1.0,Cohérente,Non cohérentes
340,200600067280,2006-11-28,2006,novembre,mardi,83:0,38,38185,0.0,0.0,En agglomération,Intersection en T,3.0,Plein jour,Normale,4,Bidirectionnelle,2.0,Plat,1.0,0,60,Non renseigné,0.0,Sur chaussée,Blessé léger,Féminin,31.0,Non renseigné,3,9,0.0,2.0,1.0,1.0,200600067280B01,7,15,1.0,Non cohérente,Non cohérentes
341,200600067282,2006-11-28,2006,novembre,mardi,10:00,38,38185,0.0,0.0,En agglomération,Hors intersection,6.0,Plein jour,Normale,4,Bidirectionnelle,2.0,Plat,1.0,0,70,Normale,0.0,Sur piste cyclable,Blessé léger,Féminin,27.0,Non renseigné,3,9,0.0,2.0,1.0,1.0,200600067282A01,7,15,1.0,Cohérente,Non cohérentes
342,200600068280,2006-11-07,2006,novembre,mardi,82:1,67,67482,0.0,0.0,En agglomération,Intersection en T,3.0,Plein jour,Brouillard - fumée,4,A sens unique,1.0,Plat,1.0,58,42,Normale,0.0,Sur chaussée,Blessé léger,Féminin,39.0,Domicile - travail,1,4,0.0,2.0,1.0,5.0,200600068280A01,7,15,1.0,Non cohérente,Non cohérentes
343,200600068283,2006-11-10,2006,novembre,vendredi,18:35,67,67482,0.0,0.0,En agglomération,Hors intersection,3.0,Nuit avec éclairage public allumé,Normale,4,Bidirectionnelle,2.0,Plat,1.0,0,150,Normale,0.0,Sur chaussée,Blessé léger,Masculin,18.0,Non renseigné,3,2,0.0,2.0,7.0,19.0,200600068283A01,7,1,1.0,Cohérente,Non cohérentes
344,200600068297,2006-11-21,2006,novembre,mardi,11:25,67,67482,0.0,0.0,En agglomération,Intersection en T,3.0,Plein jour,Pluie forte,4,Bidirectionnelle,3.0,Plat,1.0,0,90,Mouillée,5.0,Sur chaussée,Blessé hospitalisé,Féminin,20.0,Non renseigné,3,9,0.0,2.0,9.0,0.0,200600068297B01,14,16,1.0,Cohérente,Non cohérentes
345,200600068302,2006-11-25,2006,novembre,samedi,13:50,67,67482,0.0,0.0,En agglomération,Hors intersection,2.0,Plein jour,Normale,4,Bidirectionnelle,2.0,Plat,1.0,0,124,Normale,0.0,Sur chaussée,Blessé léger,Masculin,28.0,Promenade - loisirs,1,9,0.0,2.0,1.0,1.0,200600068302A01,7,23,1.0,Cohérente,Non cohérentes
346,200600068303,2006-11-25,2006,novembre,samedi,14:24,67,67482,0.0,0.0,En agglomération,Intersection en X,3.0,Plein jour,Normale,4,Bidirectionnelle,2.0,Plat,1.0,0,153,Normale,0.0,Aucun,Blessé hospitalisé,Masculin,72.0,Promenade - loisirs,3,4,0.0,2.0,1.0,19.0,200600068303B01,38,16,1.0,Cohérente,Non cohérentes
347,200600068442,2006-11-11,2006,novembre,samedi,17:00,74,74010,0.0,0.0,En agglomération,Hors intersection,3.0,Plein jour,Normale,4,Bidirectionnelle,2.0,Plat,-1.0,0,0,Normale,0.0,Sur chaussée,Blessé léger,Masculin,8.0,Autre,3,9,0.0,0.0,3.0,1.0,200600068442B01,7,1,1.0,Cohérente,Non cohérentes
348,200600068443,2006-11-17,2006,novembre,vendredi,17:28,74,74010,0.0,0.0,En agglomération,Intersection en T,3.0,Nuit avec éclairage public allumé,Pluie légère,4,Bidirectionnelle,4.0,Plat,1.0,0,0,Mouillée,0.0,Sur chaussée,Blessé léger,Masculin,15.0,Autre,3,9,0.0,2.0,1.0,15.0,200600068443A01,7,1,1.0,Cohérente,Non cohérentes
349,200600076505,2006-12-01,2006,décembre,vendredi,17:20,38,38185,0.0,0.0,En agglomération,Hors intersection,6.0,Nuit avec éclairage public allumé,Normale,4,A sens unique,3.0,Plat,2.0,0,105,Normale,0.0,Sur piste cyclable,Blessé léger,Masculin,40.0,Domicile - travail,3,9,0.0,2.0,1.0,1.0,200600076505B01,32,16,1.0,Cohérente,Non cohérentes
350,200600076510,2006-12-06,2006,décembre,mercredi,21:05,38,38185,0.0,0.0,En agglomération,Intersection en X,3.0,Nuit avec éclairage public allumé,Normale,4,A sens unique,1.0,Plat,1.0,0,46,Non renseigné,0.0,Sur chaussée,Blessé léger,Masculin,23.0,Non renseigné,3,9,0.0,2.0,1.0,1.0,200600076510A01,7,15,1.0,Cohérente,Non cohérentes
351,200600076512,2006-12-08,2006,décembre,vendredi,12:40,38,38185,0.0,0.0,En agglomération,Hors intersection,3.0,Plein jour,Normale,4,Bidirectionnelle,3.0,Plat,1.0,0,90,Non renseigné,0.0,Sur piste cyclable,Blessé léger,Masculin,12.0,Non renseigné,3,9,0.0,2.0,1.0,1.0,200600076512B01,7,16,1.0,Cohérente,Non cohérentes
352,200600076518,2006-12-15,2006,décembre,vendredi,10:30,38,38185,0.0,0.0,En agglomération,Intersection en X,6.0,Plein jour,Normale,3,A sens unique,2.0,Plat,1.0,0,70,Normale,0.0,Sur chaussée,Indemne,Masculin,20.0,Non renseigné,3,9,0.0,1.0,2.0,1.0,200600076518A01,,,,Cohérente,Non cohérentes
353,200600076519,2006-12-15,2006,décembre,vendredi,16:50,38,38185,0.0,0.0,En agglomération,Intersection en T,1.0,Crépuscule ou aube,Normale,3,Bidirectionnelle,2.0,Plat,1.0,0,100,Non renseigné,0.0,Sur chaussée,Blessé léger,Féminin,29.0,Promenade - loisirs,3,9,0.0,2.0,1.0,1.0,200600076519A01,99,1,1.0,Cohérente,Non cohérentes
354,200600076526,2006-12-20,2006,décembre,mercredi,73:0,38,38185,0.0,0.0,En agglomération,Hors intersection,6.0,Nuit avec éclairage public allumé,Normale,4,A sens unique,1.0,Plat,1.0,0,40,Normale,0.0,Sur trottoir,Indemne,Masculin,34.0,Non renseigné,3,9,0.0,1.0,1.0,1.0,200600076526A01,,,,Non cohérente,Non cohérentes
355,200600076537,2006-12-27,2006,décembre,mercredi,15:45,38,38185,0.0,0.0,En agglomération,Intersection en T,3.0,Plein jour,Normale,4,Bidirectionnelle,2.0,Plat,1.0,0,60,Non renseigné,0.0,Sur chaussée,Blessé léger,Masculin,13.0,Promenade - loisirs,3,4,0.0,2.0,1.0,1.0,200600076537A01,7,1,1.0,Cohérente,Non cohérentes
356,200600077529,2006-12-01,2006,décembre,vendredi,17:30,67,67482,0.0,0.0,En agglomération,Hors intersection,3.0,Nuit avec éclairage public allumé,Normale,4,Bidirectionnelle,2.0,Plat,1.0,0,120,Normale,0.0,Sur chaussée,Blessé léger,Masculin,15.0,Promenade - loisirs,3,9,0.0,2.0,1.0,1.0,200600077529B01,7,1,1.0,Cohérente,Non cohérentes
357,200600077545,2006-12-10,2006,décembre,dimanche,18:50,67,67482,0.0,0.0,En agglomération,Intersection en T,3.0,Nuit sans éclairage public,Normale,4,Bidirectionnelle,2.0,Plat,3.0,0,70,Normale,0.0,Sur chaussée,Blessé léger,Masculin,51.0,Non renseigné,1,2,0.0,2.0,1.0,1.0,200600077545B01,7,15,1.0,Cohérente,Non cohérentes
358,200600077551,2006-12-13,2006,décembre,mercredi,74:5,67,67482,0.0,0.0,En agglomération,Intersection en X,3.0,Plein jour,Normale,4,A sens unique,5.0,Plat,1.0,50,101,Normale,0.0,Sur chaussée,Blessé léger,Masculin,18.0,Domicile - travail,1,9,0.0,2.0,1.0,1.0,200600077551A01,7,1,1.0,Non cohérente,Non cohérentes
359,200600077556,2006-12-16,2006,décembre,samedi,80:5,67,67482,0.0,0.0,En agglomération,Intersection en X,3.0,Plein jour,Normale,4,A chaussées séparées,2.0,Plat,1.0,135,36,Normale,4.0,Sur chaussée,Blessé léger,Masculin,16.0,Promenade - loisirs,1,9,0.0,2.0,1.0,19.0,200600077556A01,7,1,1.0,Non cohérente,Non cohérentes
360,200600077559,2006-12-18,2006,décembre,lundi,71:0,67,67482,0.0,0.0,En agglomération,Hors intersection,3.0,Crépuscule ou aube,Normale,4,Bidirectionnelle,4.0,Plat,1.0,48,133,Normale,0.0,Sur chaussée,Blessé hospitalisé,Féminin,11.0,Domicile - école,2,2,0.0,2.0,1.0,19.0,200600077559B01,7,1,1.0,Non cohérente,Non cohérentes
361,200700002941,2007-01-03,2007,janvier,mercredi,13:40,38,38185,0.0,0.0,En agglomération,Giratoire,6.0,Plein jour,Pluie légère,4,A sens unique,4.0,Plat,3.0,0,140,Mouillée,5.0,Sur piste cyclable,Blessé léger,Masculin,25.0,Non renseigné,3,9,0.0,2.0,1.0,1.0,200700002941B01,7,16,1.0,Cohérente,Non cohérentes
362,200700002957,2007-01-20,2007,janvier,samedi,23:40,38,38185,0.0,0.0,En agglomération,Intersection en X,3.0,Nuit avec éclairage public non allumé,Normale,4,Bidirectionnelle,2.0,Plat,1.0,0,70,Normale,2.0,Sur chaussée,Blessé léger,Masculin,47.0,Non renseigné,3,9,0.0,2.0,1.0,1.0,200700002957A01,7,1,1.0,Cohérente,Non cohérentes
363,200700003800,2007-01-01,2007,janvier,lundi,13:55,67,67482,0.0,0.0,En agglomération,Intersection en X,3.0,Plein jour,Pluie légère,4,A sens unique,3.0,Plat,1.0,0,120,Mouillée,0.0,Sur chaussée,Blessé hospitalisé,Féminin,25.0,Non renseigné,3,2,0.0,2.0,7.0,19.0,200700003800A01,7,1,1.0,Cohérente,Non cohérentes
364,200700003809,2007-01-09,2007,janvier,mardi,14:10,67,67482,0.0,0.0,En agglomération,Hors intersection,6.0,Plein jour,Pluie légère,4,Bidirectionnelle,1.0,Plat,1.0,0,30,Mouillée,0.0,Sur piste cyclable,Blessé léger,Masculin,19.0,Non renseigné,3,9,0.0,2.0,1.0,1.0,200700003809A01,1,0,1.0,Cohérente,Non cohérentes
365,200700003809,2007-01-09,2007,janvier,mardi,14:10,67,67482,0.0,0.0,En agglomération,Hors intersection,6.0,Plein jour,Pluie légère,4,Bidirectionnelle,1.0,Plat,1.0,0,30,Mouillée,0.0,Sur piste cyclable,Indemne,Masculin,35.0,Non renseigné,3,9,0.0,2.0,1.0,0.0,200700003809B01,1,1,1.0,Cohérente,Non cohérentes
366,200700003810,2007-01-09,2007,janvier,mardi,18:10,67,67482,0.0,0.0,En agglomération,Intersection en T,6.0,Nuit avec éclairage public allumé,Pluie légère,4,Bidirectionnelle,2.0,Plat,1.0,0,111,Normale,0.0,Sur chaussée,Blessé léger,Féminin,43.0,Non renseigné,3,9,0.0,2.0,1.0,2.0,200700003810B01,7,16,1.0,Cohérente,Non cohérentes
367,200700003811,2007-01-10,2007,janvier,mercredi,75:0,67,67482,0.0,0.0,En agglomération,Hors intersection,3.0,Crépuscule ou aube,Normale,4,Bidirectionnelle,3.0,Plat,1.0,0,138,Normale,0.0,Sur chaussée,Blessé léger,Masculin,36.0,Utilisation professionnelle,3,9,0.0,2.0,4.0,1.0,200700003811B01,7,17,1.0,Non cohérente,Non cohérentes
368,200700003826,2007-01-23,2007,janvier,mardi,10:51,67,67482,0.0,0.0,En agglomération,Hors intersection,3.0,Plein jour,Normale,4,Bidirectionnelle,2.0,Plat,1.0,0,180,Normale,0.0,Sur chaussée,Blessé léger,Masculin,51.0,Utilisation professionnelle,3,9,0.0,2.0,1.0,16.0,200700003826A01,7,1,1.0,Cohérente,Non cohérentes
369,200700003830,2007-01-26,2007,janvier,vendredi,14:35,67,67482,0.0,0.0,En agglomération,Intersection en X,3.0,Plein jour,Normale,4,A sens unique,1.0,Plat,1.0,0,57,Normale,0.0,Sur chaussée,Blessé léger,Féminin,21.0,Non renseigné,3,9,0.0,2.0,1.0,1.0,200700003830B01,7,1,1.0,Cohérente,Non cohérentes
370,200700003967,2007-01-03,2007,janvier,mercredi,13:35,74,74010,0.0,0.0,En agglomération,Intersection en T,6.0,Plein jour,Normale,4,Bidirectionnelle,3.0,Plat,-1.0,0,0,Normale,0.0,Sur chaussée,Blessé hospitalisé,Féminin,49.0,Autre,3,9,0.0,0.0,1.0,13.0,200700003967B01,33,1,1.0,Cohérente,Non cohérentes
371,200700003971,2007-01-15,2007,janvier,lundi,81:0,74,74010,0.0,0.0,En agglomération,Giratoire,6.0,Plein jour,Normale,4,A chaussées séparées,2.0,Plat,1.0,0,0,Normale,0.0,Sur chaussée,Blessé léger,Féminin,43.0,Autre,3,9,0.0,0.0,1.0,1.0,200700003971B01,7,9,1.0,Non cohérente,Non cohérentes
372,200700003975,2007-01-28,2007,janvier,dimanche,22:4,74,74010,0.0,0.0,En agglomération,Intersection en X,6.0,Nuit avec éclairage public allumé,Temps couvert,4,Bidirectionnelle,0.0,Plat,1.0,0,0,Mouillée,0.0,Sur chaussée,Blessé léger,Masculin,18.0,Autre,2,9,0.0,0.0,1.0,1.0,200700003975B01,7,15,1.0,Cohérente,Non cohérentes
373,200700009456,2007-02-08,2007,février,jeudi,74:5,67,67482,0.0,0.0,En agglomération,Hors intersection,3.0,Plein jour,Temps couvert,4,A chaussées séparées,4.0,Plat,1.0,135,200,Mouillée,5.0,Sur chaussée,Blessé léger,Féminin,23.0,Promenade - loisirs,3,9,0.0,2.0,1.0,19.0,200700009456A01,7,1,1.0,Non cohérente,Non cohérentes
374,200700009471,2007-02-16,2007,février,vendredi,10:15,67,67482,0.0,0.0,En agglomération,Hors intersection,3.0,Plein jour,Normale,4,Bidirectionnelle,2.0,Plat,1.0,0,120,Normale,0.0,Sur chaussée,Blessé hospitalisé,Masculin,56.0,Domicile - travail,3,2,0.0,2.0,1.0,1.0,200700009471B01,7,22,1.0,Cohérente,Non cohérentes
375,200700009473,2007-02-18,2007,février,dimanche,25:,67,67482,0.0,0.0,En agglomération,Hors intersection,6.0,Nuit avec éclairage public allumé,Normale,4,A chaussées séparées,2.0,Plat,1.0,0,120,Normale,0.0,Sur piste cyclable,Indemne,Masculin,21.0,Promenade - loisirs,3,9,0.0,9.0,0.0,13.0,200700009473A01,1,17,1.0,Non cohérente,Non cohérentes
376,200700009473,2007-02-18,2007,février,dimanche,25:,67,67482,0.0,0.0,En agglomération,Hors intersection,6.0,Nuit avec éclairage public allumé,Normale,4,A chaussées séparées,2.0,Plat,1.0,0,120,Normale,0.0,Sur piste cyclable,Blessé léger,Masculin,36.0,Promenade - loisirs,3,9,0.0,9.0,1.0,17.0,200700009473B01,1,13,1.0,Non cohérente,Non cohérentes
377,200700009475,2007-02-21,2007,février,mercredi,13:55,67,67482,0.0,0.0,En agglomération,Intersection en T,3.0,Plein jour,Normale,4,A chaussées séparées,2.0,Plat,1.0,50,160,Normale,0.0,Sur chaussée,Blessé hospitalisé,Féminin,32.0,Promenade - loisirs,1,9,0.0,2.0,3.0,1.0,200700009475B01,7,15,1.0,Cohérente,Non cohérentes
378,200700015733,2007-03-10,2007,mars,samedi,13:5,67,67482,0.0,0.0,En agglomération,Intersection en T,6.0,Nuit avec éclairage public allumé,Pluie légère,4,A sens unique,1.0,Plat,1.0,0,30,Mouillée,0.0,Sur chaussée,Blessé léger,Masculin,37.0,Non renseigné,2,9,0.0,2.0,1.0,15.0,200700015733A01,7,1,1.0,Cohérente,Non cohérentes
379,200700015737,2007-03-12,2007,mars,lundi,80:3,67,67482,0.0,0.0,En agglomération,Intersection en X,3.0,Plein jour,Normale,4,Bidirectionnelle,2.0,Plat,1.0,0,285,Normale,0.0,Sur chaussée,Blessé léger,Féminin,28.0,Promenade - loisirs,3,2,0.0,2.0,7.0,19.0,200700015737B01,7,16,1.0,Non cohérente,Non cohérentes
380,200700015756,2007-03-26,2007,mars,lundi,17:55,67,67482,0.0,0.0,En agglomération,Intersection en T,3.0,Plein jour,Normale,4,Bidirectionnelle,2.0,Plat,1.0,0,120,Normale,0.0,Sur chaussée,Blessé léger,Masculin,50.0,Non renseigné,3,9,0.0,2.0,1.0,1.0,200700015756A01,7,15,1.0,Cohérente,Non cohérentes
381,200700015761,2007-03-30,2007,mars,vendredi,16:00,67,67482,0.0,0.0,En agglomération,Intersection en X,3.0,Plein jour,Normale,4,Bidirectionnelle,3.0,Plat,1.0,0,170,Normale,0.0,Sur piste cyclable,Indemne,Masculin,24.0,Promenade - loisirs,3,9,0.0,2.0,2.0,1.0,200700015761A01,2,1,1.0,Cohérente,Non cohérentes
382,200700021739,2007-04-21,2007,avril,samedi,10:30,38,38185,0.0,0.0,En agglomération,Hors intersection,3.0,Plein jour,Normale,3,A chaussées séparées,4.0,Sommet de côte,1.0,0,240,Non renseigné,0.0,Sur piste cyclable,Blessé léger,Masculin,37.0,Non renseigné,3,9,0.0,2.0,1.0,1.0,200700021739B01,10,16,1.0,Cohérente,Non cohérentes
383,200700022564,2007-04-03,2007,avril,mardi,21:10,67,67482,0.0,0.0,En agglomération,Intersection en X,6.0,Nuit avec éclairage public allumé,Normale,4,Bidirectionnelle,2.0,Plat,1.0,0,115,Normale,0.0,Sur chaussée,Blessé léger,Masculin,23.0,Domicile - travail,2,9,0.0,2.0,7.0,1.0,200700022564A01,7,1,1.0,Cohérente,Non cohérentes
384,200700022568,2007-04-06,2007,avril,vendredi,10:49,67,67482,0.0,0.0,En agglomération,Intersection en X,3.0,Plein jour,Normale,4,Bidirectionnelle,4.0,Plat,1.0,0,62,Normale,0.0,Sur chaussée,Blessé léger,Masculin,67.0,Promenade - loisirs,3,9,0.0,2.0,1.0,19.0,200700022568B01,7,16,1.0,Cohérente,Non cohérentes
385,200700022575,2007-04-09,2007,avril,lundi,15:00,67,67482,0.0,0.0,En agglomération,Intersection en T,3.0,Plein jour,Normale,4,Bidirectionnelle,2.0,Plat,1.0,0,70,Normale,0.0,Sur piste cyclable,Blessé léger,Masculin,14.0,Promenade - loisirs,3,9,0.0,2.0,1.0,19.0,200700022575A01,7,1,1.0,Cohérente,Non cohérentes
386,200700022577,2007-04-10,2007,avril,mardi,15:25,67,67482,0.0,0.0,En agglomération,Intersection en X,3.0,Plein jour,Normale,4,Bidirectionnelle,2.0,Plat,1.0,0,70,Normale,0.0,Sur piste cyclable,Blessé léger,Féminin,19.0,Autre,3,9,0.0,2.0,7.0,1.0,200700022577B01,7,15,1.0,Cohérente,Non cohérentes
387,200700022580,2007-04-11,2007,avril,mercredi,19:10,67,67482,0.0,0.0,En agglomération,Hors intersection,6.0,Plein jour,Normale,4,Bidirectionnelle,2.0,Plat,1.0,0,70,Normale,0.0,Sur chaussée,Blessé léger,Féminin,23.0,Promenade - loisirs,3,9,0.0,2.0,4.0,19.0,200700022580B01,7,16,1.0,Cohérente,Non cohérentes
388,200700022581,2007-04-13,2007,avril,vendredi,84:5,67,67482,0.0,0.0,En agglomération,Autre intersection,3.0,Plein jour,Normale,4,Bidirectionnelle,1.0,Plat,1.0,0,100,Normale,0.0,Sur chaussée,Blessé hospitalisé,Masculin,42.0,Domicile - travail,3,2,0.0,9.0,1.0,2.0,200700022581A01,1,17,1.0,Non cohérente,Non cohérentes
389,200700022581,2007-04-13,2007,avril,vendredi,84:5,67,67482,0.0,0.0,En agglomération,Autre intersection,3.0,Plein jour,Normale,4,Bidirectionnelle,1.0,Plat,1.0,0,100,Normale,0.0,Sur chaussée,Blessé léger,Féminin,24.0,Domicile - travail,2,2,0.0,9.0,1.0,17.0,200700022581B01,1,2,1.0,Non cohérente,Non cohérentes
390,200700022582,2007-04-13,2007,avril,vendredi,92:6,67,67482,0.0,0.0,En agglomération,Intersection en T,3.0,Plein jour,Normale,4,Bidirectionnelle,2.0,Plat,1.0,0,92,Normale,0.0,Sur chaussée,Blessé hospitalisé,Masculin,43.0,Domicile - travail,2,2,0.0,2.0,7.0,0.0,200700022582B01,7,9,1.0,Non cohérente,Non cohérentes
391,200700022585,2007-04-15,2007,avril,dimanche,18:30,67,67482,0.0,0.0,En agglomération,Intersection en X,1.0,Plein jour,Normale,4,A chaussées séparées,4.0,Plat,1.0,85,225,Normale,5.0,Sur chaussée,Blessé léger,Masculin,71.0,Promenade - loisirs,3,9,0.0,2.0,0.0,19.0,200700022585B01,7,15,1.0,Cohérente,Non cohérentes
392,200700022588,2007-04-17,2007,avril,mardi,84:5,67,67482,0.0,0.0,En agglomération,Hors intersection,6.0,Plein jour,Normale,4,A sens unique,2.0,Non renseigné,1.0,0,40,Normale,0.0,Sur chaussée,Blessé léger,Masculin,32.0,Non renseigné,3,9,1.0,2.0,1.0,0.0,200700022588B01,7,22,1.0,Non cohérente,Non cohérentes
393,200700022597,2007-04-20,2007,avril,vendredi,92:5,67,67482,0.0,0.0,En agglomération,Intersection en T,3.0,Plein jour,Temps éblouissant,4,Bidirectionnelle,2.0,Plat,1.0,0,64,Normale,0.0,Sur chaussée,Tué,Masculin,28.0,Non renseigné,3,9,0.0,2.0,8.0,1.0,200700022597B01,14,16,1.0,Non cohérente,Non cohérentes
394,200700022599,2007-04-20,2007,avril,vendredi,23:05,67,67482,0.0,0.0,En agglomération,Intersection en X,3.0,Nuit avec éclairage public allumé,Normale,4,A sens unique,1.0,Plat,1.0,0,35,Normale,0.0,Sur chaussée,Blessé léger,Masculin,23.0,Promenade - loisirs,3,9,0.0,2.0,1.0,19.0,200700022599A01,7,1,1.0,Cohérente,Non cohérentes
395,200700022601,2007-04-22,2007,avril,dimanche,14:05,67,67482,0.0,0.0,En agglomération,Hors intersection,6.0,Plein jour,Normale,4,Bidirectionnelle,2.0,Plat,1.0,0,60,Normale,0.0,Sur chaussée,Blessé léger,Masculin,7.0,Promenade - loisirs,3,9,0.0,2.0,1.0,19.0,200700022601B01,7,1,1.0,Cohérente,Non cohérentes
396,200700022605,2007-04-24,2007,avril,mardi,17:20,67,67482,0.0,0.0,En agglomération,Hors intersection,6.0,Plein jour,Normale,4,Bidirectionnelle,2.0,Plat,1.0,0,50,Normale,0.0,Sur chaussée,Blessé léger,Masculin,13.0,Promenade - loisirs,3,9,0.0,2.0,8.0,13.0,200700022605B01,7,17,1.0,Cohérente,Non cohérentes
397,200700022613,2007-04-27,2007,avril,vendredi,18:40,67,67482,0.0,0.0,En agglomération,Intersection en X,2.0,Plein jour,Normale,4,A chaussées séparées,2.0,Plat,1.0,95,210,Normale,0.0,Sur piste cyclable,Blessé léger,Masculin,34.0,Courses - achats,3,9,0.0,2.0,1.0,19.0,200700022613A01,7,1,1.0,Cohérente,Non cohérentes
398,200700022614,2007-04-28,2007,avril,samedi,19:30,67,67482,0.0,0.0,En agglomération,Intersection en X,1.0,Plein jour,Normale,4,A chaussées séparées,6.0,Plat,1.0,50,95,Normale,0.0,Sur chaussée,Blessé léger,Masculin,9.0,Non renseigné,3,9,0.0,2.0,0.0,1.0,200700022614B01,7,1,1.0,Cohérente,Non cohérentes
399,200700022770,2007-04-24,2007,avril,mardi,14:15,74,74010,0.0,0.0,En agglomération,Intersection en X,6.0,Plein jour,Normale,4,A sens unique,2.0,Plat,1.0,0,0,Normale,0.0,Sur chaussée,Blessé léger,Masculin,19.0,Autre,3,2,0.0,1.0,1.0,1.0,200700022770A01,,,,Cohérente,Non cohérentes
400,200700028420,2007-05-09,2007,mai,mercredi,17:45,38,38185,0.0,0.0,En agglomération,Hors intersection,6.0,Plein jour,Normale,4,Bidirectionnelle,2.0,Plat,1.0,0,78,Normale,0.0,Sur chaussée,Blessé léger,Féminin,50.0,Domicile - travail,3,9,0.0,0.0,1.0,1.0,200700028420B01,7,15,1.0,Cohérente,Non cohérentes
401,200700028430,2007-05-20,2007,mai,dimanche,14:50,38,38185,0.0,0.0,En agglomération,Intersection en T,3.0,Plein jour,Normale,4,Non renseigné,1.0,Plat,1.0,0,35,Normale,0.0,Sur chaussée,Blessé hospitalisé,Féminin,76.0,Non renseigné,3,9,0.0,2.0,1.0,1.0,200700028430A01,7,15,1.0,Cohérente,Non cohérentes
402,200700028431,2007-05-23,2007,mai,mercredi,14:00,38,38185,0.0,0.0,En agglomération,Intersection en T,3.0,Plein jour,Normale,4,Bidirectionnelle,2.0,Plat,1.0,0,102,Non renseigné,0.0,Sur chaussée,Blessé léger,Masculin,48.0,Non renseigné,3,9,0.0,2.0,3.0,1.0,200700028431A01,7,15,1.0,Cohérente,Non cohérentes
403,200700028436,2007-05-26,2007,mai,samedi,81:0,38,38185,0.0,0.0,En agglomération,Hors intersection,6.0,Plein jour,Normale,4,Bidirectionnelle,5.0,Plat,1.0,0,140,Normale,0.0,Sur chaussée,Blessé léger,Masculin,22.0,Non renseigné,3,9,0.0,2.0,3.0,1.0,200700028436B01,7,16,1.0,Non cohérente,Non cohérentes
404,200700028437,2007-05-29,2007,mai,mardi,12:30,38,38185,0.0,0.0,En agglomération,Hors intersection,6.0,Plein jour,Normale,4,Bidirectionnelle,2.0,Plat,1.0,0,45,Normale,0.0,Sur chaussée,Blessé léger,Masculin,35.0,Non renseigné,3,9,0.0,2.0,0.0,2.0,200700028437A01,7,2,2.0,Cohérente,Non cohérentes
405,200700029290,2007-05-03,2007,mai,jeudi,90:5,67,67482,0.0,0.0,En agglomération,Hors intersection,6.0,Plein jour,Normale,4,Bidirectionnelle,2.0,Plat,1.0,0,85,Normale,0.0,Sur chaussée,Blessé léger,Masculin,35.0,Promenade - loisirs,3,9,0.0,2.0,1.0,19.0,200700029290B01,7,15,1.0,Non cohérente,Non cohérentes
406,200700029291,2007-05-03,2007,mai,jeudi,18:05,67,67482,0.0,0.0,En agglomération,Intersection en T,6.0,Plein jour,Temps couvert,4,Bidirectionnelle,2.0,Plat,1.0,0,85,Normale,0.0,Sur chaussée,Blessé léger,Féminin,26.0,Promenade - loisirs,3,0,0.0,2.0,7.0,19.0,200700029291B01,2,1,1.0,Cohérente,Non cohérentes
407,200700029292,2007-05-03,2007,mai,jeudi,18:30,67,67482,0.0,0.0,En agglomération,Hors intersection,6.0,Plein jour,Normale,4,Bidirectionnelle,2.0,Plat,1.0,0,64,Normale,0.0,Sur chaussée,Indemne,Masculin,48.0,Domicile - travail,3,0,0.0,1.0,1.0,1.0,200700029292A01,,,,Cohérente,Non cohérentes
408,200700029293,2007-05-03,2007,mai,jeudi,19:35,67,67482,0.0,0.0,En agglomération,Intersection en Y,6.0,Plein jour,Normale,4,A sens unique,6.0,Plat,1.0,0,150,Normale,0.0,Sur piste cyclable,Blessé léger,Féminin,39.0,Promenade - loisirs,3,0,0.0,2.0,1.0,1.0,200700029293A01,1,1,1.0,Cohérente,Non cohérentes
409,200700029293,2007-05-03,2007,mai,jeudi,19:35,67,67482,0.0,0.0,En agglomération,Intersection en Y,6.0,Plein jour,Normale,4,A sens unique,6.0,Plat,1.0,0,150,Normale,0.0,Sur piste cyclable,Indemne,Masculin,41.0,Domicile - travail,3,0,0.0,2.0,4.0,1.0,200700029293B01,1,1,1.0,Cohérente,Non cohérentes
410,200700029296,2007-05-05,2007,mai,samedi,12:10,67,67482,0.0,0.0,En agglomération,Hors intersection,3.0,Plein jour,Normale,4,A sens unique,2.0,Plat,1.0,0,63,Normale,0.0,Sur chaussée,Blessé léger,Féminin,16.0,Autre,3,9,0.0,2.0,7.0,19.0,200700029296A01,7,1,1.0,Cohérente,Non cohérentes
411,200700029299,2007-05-10,2007,mai,jeudi,93:0,67,67482,0.0,0.0,En agglomération,Intersection en X,3.0,Plein jour,Normale,4,Bidirectionnelle,2.0,Plat,1.0,0,50,Normale,0.0,Aucun,Blessé léger,Féminin,70.0,Non renseigné,3,0,0.0,2.0,1.0,1.0,200700029299B01,7,16,1.0,Non cohérente,Non cohérentes
412,200700029306,2007-05-14,2007,mai,lundi,19:25,67,67482,0.0,0.0,En agglomération,Hors intersection,3.0,Plein jour,Pluie forte,4,Bidirectionnelle,3.0,Plat,1.0,0,114,Mouillée,0.0,Sur chaussée,Blessé léger,Féminin,32.0,Non renseigné,3,9,0.0,2.0,8.0,15.0,200700029306B01,7,1,1.0,Cohérente,Non cohérentes
413,200700029322,2007-05-23,2007,mai,mercredi,14:45,67,67482,0.0,0.0,En agglomération,Hors intersection,6.0,Plein jour,Normale,4,Bidirectionnelle,1.0,Plat,1.0,0,30,Normale,4.0,Sur accotement,Blessé léger,Masculin,26.0,Promenade - loisirs,3,9,0.0,2.0,1.0,1.0,200700029322A01,40,1,1.0,Cohérente,Non cohérentes
414,200700029324,2007-05-24,2007,mai,jeudi,83:0,67,67482,0.0,0.0,En agglomération,Autre intersection,6.0,Plein jour,Normale,9,Bidirectionnelle,2.0,Plat,1.0,0,0,Normale,0.0,Sur piste cyclable,Blessé léger,Féminin,23.0,Non renseigné,3,9,0.0,9.0,1.0,15.0,200700029324A01,1,1,1.0,Non cohérente,Non cohérentes
415,200700029324,2007-05-24,2007,mai,jeudi,83:0,67,67482,0.0,0.0,En agglomération,Autre intersection,6.0,Plein jour,Normale,9,Bidirectionnelle,2.0,Plat,1.0,0,0,Normale,0.0,Sur piste cyclable,Blessé léger,Masculin,39.0,Non renseigné,3,9,0.0,9.0,1.0,1.0,200700029324B01,1,15,1.0,Non cohérente,Non cohérentes
416,200700029325,2007-05-24,2007,mai,jeudi,10:00,67,67482,0.0,0.0,En agglomération,Hors intersection,5.0,Plein jour,Normale,4,A chaussées séparées,5.0,Plat,1.0,150,150,Normale,0.0,Sur chaussée,Blessé léger,Féminin,35.0,Non renseigné,3,9,0.0,2.0,8.0,19.0,200700029325A01,7,1,2.0,Cohérente,Non cohérentes
417,200700029326,2007-05-24,2007,mai,jeudi,14:56,67,67482,0.0,0.0,En agglomération,Intersection en X,3.0,Plein jour,Normale,4,A sens unique,1.0,Plat,1.0,0,30,Normale,0.0,Sur chaussée,Blessé léger,Masculin,37.0,Autre,3,9,0.0,2.0,1.0,1.0,200700029326A01,7,1,1.0,Cohérente,Non cohérentes
418,200700029328,2007-05-25,2007,mai,vendredi,81:5,67,67482,0.0,0.0,En agglomération,Intersection à plus de 4 branches,3.0,Plein jour,Normale,4,A sens unique,2.0,Plat,1.0,0,30,Normale,0.0,Sur chaussée,Blessé hospitalisé,Féminin,25.0,Non renseigné,3,9,0.0,2.0,1.0,1.0,200700029328B01,7,15,1.0,Non cohérente,Non cohérentes
419,200700029335,2007-05-29,2007,mai,mardi,80:0,67,67482,0.0,0.0,En agglomération,Intersection en X,6.0,Plein jour,Pluie légère,4,Bidirectionnelle,4.0,Pente,2.0,0,180,Mouillée,0.0,Sur piste cyclable,Indemne,Masculin,20.0,Utilisation professionnelle,3,9,0.0,2.0,1.0,15.0,200700029335A01,1,16,1.0,Non cohérente,Non cohérentes
420,200700029335,2007-05-29,2007,mai,mardi,80:0,67,67482,0.0,0.0,En agglomération,Intersection en X,6.0,Plein jour,Pluie légère,4,Bidirectionnelle,4.0,Pente,2.0,0,180,Mouillée,0.0,Sur piste cyclable,Blessé léger,Masculin,35.0,Promenade - loisirs,3,9,0.0,2.0,0.0,16.0,200700029335B01,1,15,1.0,Non cohérente,Non cohérentes
421,200700029344,2007-05-31,2007,mai,jeudi,22:30,67,67482,0.0,0.0,En agglomération,Intersection en X,6.0,Nuit avec éclairage public allumé,Pluie légère,4,Non renseigné,1.0,Plat,1.0,0,100,Mouillée,6.0,Sur chaussée,Blessé léger,Féminin,29.0,Promenade - loisirs,3,2,0.0,1.0,1.0,0.0,200700029344A01,,,,Cohérente,Non cohérentes
422,200700029344,2007-05-31,2007,mai,jeudi,22:30,67,67482,0.0,0.0,En agglomération,Intersection en X,6.0,Nuit avec éclairage public allumé,Pluie légère,4,Non renseigné,1.0,Plat,1.0,0,100,Mouillée,6.0,Sur chaussée,Blessé léger,Masculin,36.0,Non renseigné,3,0,0.0,1.0,1.0,0.0,200700029344A01,,,,Cohérente,Non cohérentes
423,200700035601,2007-06-21,2007,juin,jeudi,75:2,38,38185,0.0,0.0,En agglomération,Intersection en X,3.0,Plein jour,Pluie légère,3,Bidirectionnelle,2.0,Plat,1.0,0,65,Mouillée,0.0,Sur chaussée,Blessé léger,Masculin,46.0,Domicile - travail,3,9,0.0,2.0,1.0,1.0,200700035601B01,7,16,1.0,Non cohérente,Non cohérentes
424,200700036493,2007-06-05,2007,juin,mardi,12:08,67,67482,0.0,0.0,En agglomération,Hors intersection,6.0,Plein jour,Normale,4,Bidirectionnelle,2.0,Plat,1.0,15,75,Normale,0.0,Sur chaussée,Blessé léger,Féminin,15.0,Domicile - école,3,9,0.0,2.0,5.0,19.0,200700036493A01,7,1,1.0,Cohérente,Non cohérentes
425,200700036497,2007-06-07,2007,juin,jeudi,16:45,67,67482,0.0,0.0,En agglomération,Autre intersection,6.0,Plein jour,Normale,9,Bidirectionnelle,1.0,Plat,3.0,0,0,Normale,0.0,Sur piste cyclable,Indemne,Masculin,16.0,Non renseigné,3,9,0.0,0.0,0.0,0.0,200700036497A01,,,,Cohérente,Non cohérentes
426,200700036497,2007-06-07,2007,juin,jeudi,16:45,67,67482,0.0,0.0,En agglomération,Autre intersection,6.0,Plein jour,Normale,9,Bidirectionnelle,1.0,Plat,3.0,0,0,Normale,0.0,Sur piste cyclable,Blessé léger,Masculin,4.0,Non renseigné,3,0,0.0,0.0,0.0,0.0,200700036497A01,,,,Cohérente,Non cohérentes
427,200700036502,2007-06-09,2007,juin,samedi,94:5,67,67482,0.0,0.0,En agglomération,Hors intersection,6.0,Plein jour,Normale,4,Bidirectionnelle,2.0,Plat,1.0,0,120,Normale,0.0,Sur piste cyclable,Blessé léger,Masculin,20.0,Promenade - loisirs,3,9,1.0,0.0,1.0,1.0,200700036502B01,10,22,1.0,Non cohérente,Non cohérentes
428,200700036512,2007-06-16,2007,juin,samedi,92:5,67,67482,0.0,0.0,En agglomération,Hors intersection,6.0,Plein jour,Normale,4,Bidirectionnelle,2.0,Plat,1.0,0,60,Normale,0.0,Sur piste cyclable,Blessé léger,Masculin,41.0,Promenade - loisirs,3,9,0.0,1.0,1.0,1.0,200700036512A01,,,,Non cohérente,Non cohérentes
429,200700036513,2007-06-16,2007,juin,samedi,19:55,67,67482,0.0,0.0,En agglomération,Hors intersection,3.0,Plein jour,Normale,4,Bidirectionnelle,2.0,Plat,1.0,0,80,Normale,4.0,Sur chaussée,Blessé léger,Masculin,38.0,Promenade - loisirs,3,9,0.0,2.0,7.0,12.0,200700036513A01,7,1,1.0,Cohérente,Non cohérentes
430,200700036524,2007-06-21,2007,juin,jeudi,16:00,67,67482,0.0,0.0,En agglomération,Intersection en X,3.0,Plein jour,Normale,4,Bidirectionnelle,2.0,Plat,1.0,110,30,Normale,0.0,Sur chaussée,Blessé léger,Féminin,22.0,Non renseigné,2,2,0.0,0.0,8.0,19.0,200700036524B01,7,15,1.0,Cohérente,Non cohérentes
431,200700036526,2007-06-22,2007,juin,vendredi,14:10,67,67482,0.0,0.0,En agglomération,Hors intersection,6.0,Plein jour,Normale,4,Bidirectionnelle,2.0,Plat,1.0,0,80,Normale,0.0,Sur chaussée,Indemne,Masculin,64.0,Utilisation professionnelle,3,9,0.0,1.0,1.0,1.0,200700036526A01,,,,Cohérente,Non cohérentes
432,200700036528,2007-06-26,2007,juin,mardi,52:5,67,67482,0.0,0.0,En agglomération,Hors intersection,2.0,Crépuscule ou aube,Pluie légère,4,Non renseigné,4.0,Plat,1.0,0,160,Mouillée,0.0,Sur chaussée,Blessé léger,Masculin,39.0,Promenade - loisirs,3,9,0.0,2.0,4.0,1.0,200700036528B01,7,1,1.0,Non cohérente,Non cohérentes
433,200700036677,2007-06-15,2007,juin,vendredi,15:25,74,74010,0.0,0.0,En agglomération,Hors intersection,6.0,Plein jour,Normale,4,A sens unique,2.0,Plat,1.0,25,66,Normale,0.0,Sur chaussée,Indemne,Féminin,21.0,Utilisation professionnelle,3,9,0.0,1.0,1.0,1.0,200700036677A01,,,,Cohérente,Non cohérentes
434,200700043022,2007-07-04,2007,juillet,mercredi,16:50,38,38185,0.0,0.0,En agglomération,Intersection en Y,6.0,Plein jour,Normale,4,Bidirectionnelle,2.0,Plat,1.0,0,78,Normale,0.0,Sur chaussée,Blessé léger,Masculin,48.0,Promenade - loisirs,2,2,0.0,2.0,1.0,1.0,200700043022B01,7,13,1.0,Cohérente,Non cohérentes
435,200700043022,2007-07-04,2007,juillet,mercredi,16:50,38,38185,0.0,0.0,En agglomération,Intersection en Y,6.0,Plein jour,Normale,4,Bidirectionnelle,2.0,Plat,1.0,0,78,Normale,0.0,Sur chaussée,Indemne,Féminin,17.0,Promenade - loisirs,1,2,0.0,2.0,1.0,1.0,200700043022C01,7,13,1.0,Cohérente,Non cohérentes
436,200700043027,2007-07-09,2007,juillet,lundi,85:0,38,38185,0.0,0.0,En agglomération,Hors intersection,3.0,Plein jour,Normale,4,Non renseigné,3.0,Non renseigné,-1.0,0,90,Normale,0.0,Sur chaussée,Blessé léger,Féminin,26.0,Non renseigné,3,9,0.0,2.0,4.0,1.0,200700043027B01,14,16,1.0,Non cohérente,Non cohérentes
437,200700043028,2007-07-09,2007,juillet,lundi,14:00,38,38185,0.0,0.0,En agglomération,Hors intersection,6.0,Plein jour,Normale,4,A sens unique,1.0,Plat,1.0,0,25,Normale,0.0,Sur chaussée,Blessé léger,Masculin,29.0,Domicile - travail,3,2,0.0,2.0,3.0,19.0,200700043028A01,30,5,1.0,Cohérente,Non cohérentes
438,200700043040,2007-07-19,2007,juillet,jeudi,15:30,38,38185,0.0,0.0,En agglomération,Intersection en X,3.0,Plein jour,Normale,4,A sens unique,0.0,Non renseigné,-1.0,0,31,Non renseigné,0.0,Sur chaussée,Blessé léger,Masculin,23.0,Non renseigné,1,2,0.0,2.0,1.0,19.0,200700043040B01,7,19,1.0,Cohérente,Non cohérentes
439,200700043041,2007-07-20,2007,juillet,vendredi,11:00,38,38185,0.0,0.0,En agglomération,Intersection en X,1.0,Plein jour,Normale,4,A sens unique,4.0,Plat,-1.0,0,102,Normale,0.0,Sur piste cyclable,Blessé léger,Féminin,28.0,Non renseigné,1,2,0.0,2.0,1.0,1.0,200700043041B01,7,9,1.0,Cohérente,Non cohérentes
440,200700043875,2007-07-05,2007,juillet,jeudi,81:0,67,67482,0.0,0.0,En agglomération,Intersection en T,6.0,Plein jour,Normale,4,Bidirectionnelle,2.0,Plat,1.0,0,100,Normale,0.0,Sur chaussée,Blessé léger,Féminin,25.0,Promenade - loisirs,3,9,0.0,2.0,7.0,1.0,200700043875B01,7,1,1.0,Non cohérente,Non cohérentes
441,200700043877,2007-07-07,2007,juillet,samedi,11:00,67,67482,0.0,0.0,En agglomération,Hors intersection,3.0,Plein jour,Normale,4,Bidirectionnelle,2.0,Plat,1.0,0,80,Normale,0.0,Sur piste cyclable,Blessé léger,Masculin,59.0,Promenade - loisirs,2,2,1.0,0.0,1.0,1.0,200700043877B01,7,22,1.0,Cohérente,Non cohérentes
442,200700043879,2007-07-07,2007,juillet,samedi,15:30,67,67482,0.0,0.0,En agglomération,Hors intersection,1.0,Plein jour,Normale,4,A sens unique,1.0,Plat,1.0,0,13,Normale,0.0,Aucun,Blessé léger,Masculin,34.0,Domicile - travail,3,9,0.0,2.0,1.0,1.0,200700043879A01,1,1,1.0,Cohérente,Non cohérentes
443,200700043879,2007-07-07,2007,juillet,samedi,15:30,67,67482,0.0,0.0,En agglomération,Hors intersection,1.0,Plein jour,Normale,4,A sens unique,1.0,Plat,1.0,0,13,Normale,0.0,Aucun,Indemne,Masculin,30.0,Promenade - loisirs,1,9,0.0,2.0,1.0,1.0,200700043879B01,1,1,1.0,Cohérente,Non cohérentes
444,200700043883,2007-07-09,2007,juillet,lundi,17:50,67,67482,0.0,0.0,En agglomération,Intersection en T,3.0,Plein jour,Normale,4,Bidirectionnelle,2.0,Plat,1.0,0,90,Normale,0.0,Sur chaussée,Blessé léger,Féminin,50.0,Promenade - loisirs,3,9,0.0,2.0,8.0,1.0,200700043883A01,1,1,1.0,Cohérente,Non cohérentes
445,200700043883,2007-07-09,2007,juillet,lundi,17:50,67,67482,0.0,0.0,En agglomération,Intersection en T,3.0,Plein jour,Normale,4,Bidirectionnelle,2.0,Plat,1.0,0,90,Normale,0.0,Sur chaussée,Indemne,Masculin,29.0,Promenade - loisirs,3,9,0.0,2.0,1.0,1.0,200700043883B01,1,1,1.0,Cohérente,Non cohérentes
446,200700043884,2007-07-10,2007,juillet,mardi,11:0,67,67482,0.0,0.0,En agglomération,Intersection en X,2.0,Nuit avec éclairage public allumé,Pluie légère,4,A chaussées séparées,2.0,Plat,1.0,97,129,Mouillée,4.0,Sur chaussée,Blessé léger,Masculin,34.0,Promenade - loisirs,3,9,0.0,2.0,4.0,1.0,200700043884B01,7,1,1.0,Cohérente,Non cohérentes
447,200700043888,2007-07-13,2007,juillet,vendredi,13:55,67,67482,0.0,0.0,En agglomération,Intersection en X,3.0,Plein jour,Normale,4,Bidirectionnelle,2.0,Plat,1.0,0,130,Normale,0.0,Sur chaussée,Blessé léger,Féminin,43.0,Utilisation professionnelle,3,0,0.0,2.0,8.0,15.0,200700043888A01,7,1,1.0,Cohérente,Non cohérentes
448,200700043899,2007-07-24,2007,juillet,mardi,20:35,67,67482,0.0,0.0,En agglomération,Intersection en T,3.0,Crépuscule ou aube,Normale,4,Non renseigné,6.0,Plat,1.0,0,120,Normale,0.0,Sur chaussée,Blessé léger,Féminin,22.0,Promenade - loisirs,3,9,0.0,2.0,8.0,15.0,200700043899A01,40,1,1.0,Cohérente,Non cohérentes
449,200700043901,2007-07-25,2007,juillet,mercredi,10:00,67,67482,0.0,0.0,Hors agglomération,Hors intersection,1.0,Plein jour,Normale,9,Bidirectionnelle,2.0,Plat,1.0,0,30,Normale,0.0,Sur piste cyclable,Blessé léger,Féminin,61.0,Promenade - loisirs,3,9,0.0,2.0,1.0,1.0,200700043901B01,30,13,1.0,Cohérente,Non cohérentes
450,200700043903,2007-07-27,2007,juillet,vendredi,18:30,67,67482,0.0,0.0,En agglomération,Hors intersection,3.0,Plein jour,Normale,4,Bidirectionnelle,2.0,Plat,1.0,0,86,Normale,0.0,Sur chaussée,Blessé léger,Masculin,11.0,Promenade - loisirs,3,9,0.0,2.0,1.0,19.0,200700043903A01,7,1,1.0,Cohérente,Non cohérentes
451,200700043905,2007-07-30,2007,juillet,lundi,20:30,67,67482,0.0,0.0,En agglomération,Hors intersection,3.0,Plein jour,Normale,4,Non renseigné,4.0,Plat,1.0,0,130,Normale,0.0,Sur chaussée,Blessé léger,Féminin,16.0,Promenade - loisirs,3,9,0.0,2.0,7.0,15.0,200700043905A01,7,1,1.0,Cohérente,Non cohérentes
452,200700044062,2007-07-24,2007,juillet,mardi,17:45,74,74010,0.0,0.0,En agglomération,Hors intersection,6.0,Plein jour,Normale,4,Bidirectionnelle,0.0,Plat,1.0,0,0,Normale,0.0,Sur chaussée,Blessé léger,Masculin,50.0,Promenade - loisirs,3,2,0.0,0.0,1.0,17.0,200700044062B01,10,17,1.0,Cohérente,Non cohérentes
453,200700044063,2007-07-25,2007,juillet,mercredi,11:14,74,74010,0.0,0.0,En agglomération,Intersection en X,6.0,Plein jour,Normale,4,A sens unique,2.0,Plat,1.0,0,0,Normale,0.0,Sur bande d'arrêt d'urgence,Blessé léger,Féminin,35.0,Promenade - loisirs,3,2,0.0,0.0,1.0,1.0,200700044063B01,10,1,1.0,Cohérente,Non cohérentes
454,200700050511,2007-08-01,2007,août,mercredi,81:5,67,67482,0.0,0.0,En agglomération,Intersection en T,6.0,Plein jour,Normale,5,A sens unique,1.0,Plat,1.0,0,12,Normale,0.0,Sur chaussée,Blessé léger,Masculin,53.0,Utilisation professionnelle,3,9,0.0,2.0,1.0,15.0,200700050511A01,7,1,1.0,Non cohérente,Non cohérentes
455,200700050514,2007-08-03,2007,août,vendredi,10:35,67,67482,0.0,0.0,En agglomération,Hors intersection,3.0,Plein jour,Pluie légère,4,Bidirectionnelle,3.0,Plat,1.0,0,152,Normale,0.0,Sur chaussée,Blessé léger,Masculin,57.0,Non renseigné,3,9,0.0,2.0,1.0,1.0,200700050514B01,7,9,1.0,Cohérente,Non cohérentes
456,200700050518,2007-08-06,2007,août,lundi,14:55,67,67482,0.0,0.0,En agglomération,Hors intersection,7.0,Plein jour,Normale,4,Bidirectionnelle,2.0,Plat,1.0,0,60,Normale,0.0,Sur chaussée,Indemne,Masculin,29.0,Non renseigné,3,9,0.0,0.0,0.0,10.0,200700050518C01,34/ 7,1,2.0,Cohérente,Non cohérentes
457,200700050519,2007-08-07,2007,août,mardi,14:30,67,67482,0.0,0.0,En agglomération,Intersection en T,3.0,Plein jour,Pluie légère,4,Bidirectionnelle,2.0,Plat,1.0,124,93,Mouillée,0.0,Sur piste cyclable,Blessé hospitalisé,Féminin,22.0,Promenade - loisirs,3,9,0.0,2.0,8.0,19.0,200700050519B01,7,1,1.0,Cohérente,Non cohérentes
458,200700050520,2007-08-07,2007,août,mardi,20:10,67,67482,0.0,0.0,En agglomération,Intersection en X,3.0,Plein jour,Normale,4,Avec voies d'affectation variable,5.0,Plat,1.0,0,150,Normale,0.0,Sur chaussée,Blessé léger,Féminin,23.0,Promenade - loisirs,3,9,0.0,2.0,7.0,19.0,200700050520A01,7,1,1.0,Cohérente,Non cohérentes
459,200700050522,2007-08-10,2007,août,vendredi,84:5,67,67482,0.0,0.0,En agglomération,Intersection en X,6.0,Plein jour,Normale,4,Bidirectionnelle,2.0,Plat,1.0,0,60,Normale,0.0,Sur chaussée,Blessé léger,Féminin,26.0,Non renseigné,3,0,0.0,2.0,1.0,1.0,200700050522B01,7,1,1.0,Non cohérente,Non cohérentes
460,200700050546,2007-08-27,2007,août,lundi,15:15,67,67482,0.0,0.0,En agglomération,Intersection en T,6.0,Plein jour,Normale,4,Bidirectionnelle,2.0,Plat,1.0,0,110,Normale,0.0,Sur chaussée,Blessé léger,Féminin,24.0,Domicile - travail,3,9,0.0,2.0,1.0,19.0,200700050546B01,7,1,1.0,Cohérente,Non cohérentes
461,200700050660,2007-08-23,2007,août,jeudi,10:45,74,74010,0.0,0.0,En agglomération,Intersection en T,6.0,Plein jour,Normale,4,A sens unique,0.0,Plat,1.0,0,0,Normale,0.0,Sur chaussée,Blessé hospitalisé,Féminin,63.0,Promenade - loisirs,3,9,0.0,0.0,1.0,15.0,200700050660B01,7,15,1.0,Cohérente,Non cohérentes
462,200700056184,2007-09-05,2007,septembre,mercredi,19:55,38,38185,0.0,0.0,En agglomération,Intersection en T,3.0,Plein jour,Normale,3,A sens unique,1.0,Plat,1.0,0,48,Normale,0.0,Sur chaussée,Blessé léger,Féminin,22.0,Promenade - loisirs,1,9,0.0,2.0,7.0,1.0,200700056184A01,7,16,1.0,Cohérente,Non cohérentes
463,200700056187,2007-09-07,2007,septembre,vendredi,11:30,38,38185,0.0,0.0,En agglomération,Intersection en X,6.0,Plein jour,Normale,3,A sens unique,3.0,Plat,1.0,0,112,Normale,0.0,Sur chaussée,Blessé hospitalisé,Masculin,77.0,Promenade - loisirs,3,9,0.0,2.0,4.0,1.0,200700056187A01,7,1,1.0,Cohérente,Non cohérentes
464,200700056189,2007-09-11,2007,septembre,mardi,17:30,38,38185,0.0,0.0,En agglomération,Hors intersection,2.0,Plein jour,Normale,4,Bidirectionnelle,3.0,Plat,1.0,0,120,Normale,0.0,Sur chaussée,Blessé léger,Masculin,24.0,Non renseigné,3,9,0.0,2.0,1.0,1.0,200700056189A01,7,23,1.0,Cohérente,Non cohérentes
465,200700056192,2007-09-15,2007,septembre,samedi,10:45,38,38185,0.0,0.0,En agglomération,Hors intersection,2.0,Plein jour,Normale,4,Bidirectionnelle,2.0,Plat,1.0,0,61,Normale,0.0,Sur chaussée,Blessé léger,Masculin,12.0,Non renseigné,3,9,0.0,2.0,1.0,9.0,200700056192B01,7,1,1.0,Cohérente,Non cohérentes
466,200700056193,2007-09-17,2007,septembre,lundi,13:05,38,38185,0.0,0.0,En agglomération,Intersection en X,3.0,Plein jour,Normale,4,A sens unique,3.0,Plat,2.0,0,50,Normale,0.0,Sur chaussée,Blessé léger,Féminin,35.0,Domicile - travail,3,9,0.0,2.0,1.0,1.0,200700056193B01,7,1,1.0,Cohérente,Non cohérentes
467,200700056207,2007-09-24,2007,septembre,lundi,17:45,38,38185,0.0,0.0,En agglomération,Hors intersection,3.0,Plein jour,Normale,3,Bidirectionnelle,2.0,Plat,1.0,0,95,Normale,0.0,Sur chaussée,Blessé léger,Masculin,15.0,Promenade - loisirs,3,9,0.0,2.0,1.0,1.0,200700056207A01,7,1,1.0,Cohérente,Non cohérentes
468,200700056209,2007-09-26,2007,septembre,mercredi,13:30,38,38185,0.0,0.0,En agglomération,Hors intersection,6.0,Plein jour,Normale,3,A sens unique,3.0,Plat,1.0,0,90,Normale,0.0,Sur chaussée,Blessé léger,Masculin,43.0,Domicile - travail,3,9,1.0,0.0,1.0,1.0,200700056209B01,7,23,1.0,Cohérente,Non cohérentes
469,200700057172,2007-09-01,2007,septembre,samedi,17:45,67,67482,0.0,0.0,En agglomération,Hors intersection,1.0,Plein jour,Normale,4,Bidirectionnelle,2.0,Plat,4.0,0,30,Normale,0.0,Sur piste cyclable,Blessé léger,Masculin,57.0,Promenade - loisirs,3,0,0.0,2.0,1.0,1.0,200700057172B01,30,1,1.0,Cohérente,Non cohérentes
470,200700057173,2007-09-03,2007,septembre,lundi,11:45,67,67482,0.0,0.0,En agglomération,Hors intersection,3.0,Plein jour,Normale,4,A sens unique,3.0,Plat,1.0,28,90,Normale,0.0,Sur chaussée,Blessé léger,Féminin,24.0,Non renseigné,3,9,0.0,2.0,8.0,0.0,200700057173A01,7,1,1.0,Cohérente,Non cohérentes
471,200700057176,2007-09-04,2007,septembre,mardi,16:30,67,67482,0.0,0.0,En agglomération,Intersection en X,6.0,Plein jour,Normale,4,Bidirectionnelle,2.0,Plat,1.0,66,136,Normale,0.0,Sur trottoir,Blessé léger,Masculin,35.0,Promenade - loisirs,3,9,0.0,2.0,1.0,1.0,200700057176A01,1,1,1.0,Cohérente,Non cohérentes
472,200700057176,2007-09-04,2007,septembre,mardi,16:30,67,67482,0.0,0.0,En agglomération,Intersection en X,6.0,Plein jour,Normale,4,Bidirectionnelle,2.0,Plat,1.0,66,136,Normale,0.0,Sur trottoir,Indemne,Masculin,27.0,Promenade - loisirs,3,9,0.0,2.0,1.0,1.0,200700057176B01,1,1,1.0,Cohérente,Non cohérentes
473,200700057177,2007-09-04,2007,septembre,mardi,17:10,67,67482,0.0,0.0,En agglomération,Hors intersection,3.0,Plein jour,Normale,4,Bidirectionnelle,2.0,Plat,1.0,0,104,Mouillée,0.0,Aucun,Blessé hospitalisé,Masculin,5.0,Promenade - loisirs,3,9,0.0,2.0,1.0,19.0,200700057177A01,7,1,1.0,Cohérente,Non cohérentes
474,200700057181,2007-09-07,2007,septembre,vendredi,62:0,67,67482,0.0,0.0,En agglomération,Hors intersection,2.0,Nuit avec éclairage public allumé,Normale,4,Bidirectionnelle,1.0,Plat,1.0,0,40,Normale,0.0,Sur chaussée,Blessé hospitalisé,Masculin,26.0,Autre,2,4,0.0,2.0,4.0,1.0,200700057181B01,7,17,1.0,Non cohérente,Non cohérentes
475,200700057182,2007-09-07,2007,septembre,vendredi,85:0,67,67482,0.0,0.0,En agglomération,Intersection en X,3.0,Plein jour,Normale,4,Bidirectionnelle,2.0,Plat,1.0,0,60,Normale,0.0,Sur chaussée,Blessé léger,Féminin,44.0,Domicile - travail,3,9,0.0,2.0,1.0,1.0,200700057182B01,7,15,1.0,Non cohérente,Non cohérentes
476,200700057199,2007-09-18,2007,septembre,mardi,21:15,67,67482,0.0,0.0,En agglomération,Intersection en X,3.0,Nuit avec éclairage public allumé,Normale,4,A sens unique,1.0,Plat,1.0,0,57,Normale,0.0,Sur chaussée,Blessé léger,Masculin,33.0,Promenade - loisirs,3,9,0.0,2.0,3.0,15.0,200700057199A01,7,1,1.0,Cohérente,Non cohérentes
477,200700057200,2007-09-20,2007,septembre,jeudi,65:5,67,67482,0.0,0.0,En agglomération,Intersection en T,3.0,Plein jour,Normale,4,A sens unique,4.0,Plat,1.0,0,129,Normale,0.0,Sur chaussée,Blessé léger,Féminin,37.0,Domicile - travail,1,2,0.0,2.0,1.0,19.0,200700057200B01,7,16,1.0,Non cohérente,Non cohérentes
478,200700057218,2007-09-27,2007,septembre,jeudi,18:00,67,67482,0.0,0.0,En agglomération,Hors intersection,3.0,Plein jour,Normale,4,Bidirectionnelle,2.0,Plat,1.0,0,57,Normale,0.0,Sur chaussée,Blessé léger,Masculin,36.0,Utilisation professionnelle,2,2,0.0,2.0,3.0,19.0,200700057218A01,7,1,1.0,Cohérente,Non cohérentes
479,200700057219,2007-09-28,2007,septembre,vendredi,5:,67,67482,0.0,0.0,En agglomération,Intersection en T,3.0,Nuit avec éclairage public allumé,Normale,4,A sens unique,1.0,Plat,1.0,0,80,Normale,0.0,Sur chaussée,Blessé léger,Féminin,24.0,Non renseigné,2,2,0.0,2.0,1.0,1.0,200700057219A01,7,1,1.0,Non cohérente,Non cohérentes
480,200700057223,2007-09-29,2007,septembre,samedi,19:10,67,67482,0.0,0.0,En agglomération,Intersection en T,6.0,Nuit sans éclairage public,Normale,4,A sens unique,1.0,Plat,1.0,0,40,Normale,0.0,Sur chaussée,Blessé léger,Masculin,49.0,Non renseigné,3,9,0.0,2.0,0.0,0.0,200700057223B01,7,1,1.0,Cohérente,Non cohérentes
481,200700063471,2007-10-03,2007,octobre,mercredi,75:0,38,38185,0.0,0.0,En agglomération,Hors intersection,3.0,Plein jour,Normale,3,Bidirectionnelle,6.0,Plat,1.0,0,260,Normale,0.0,Sur chaussée,Blessé léger,Masculin,20.0,Non renseigné,3,9,0.0,2.0,0.0,19.0,200700063471A01,10,1,1.0,Non cohérente,Non cohérentes
482,200700063478,2007-10-12,2007,octobre,vendredi,70:0,38,38185,0.0,0.0,En agglomération,Hors intersection,6.0,Plein jour,Normale,3,Bidirectionnelle,4.0,Plat,1.0,0,130,Normale,0.0,Sur piste cyclable,Blessé hospitalisé,Masculin,48.0,Domicile - travail,3,9,0.0,2.0,1.0,1.0,200700063478B01,7,15,1.0,Non cohérente,Non cohérentes
483,200700063492,2007-10-19,2007,octobre,vendredi,81:5,38,38185,0.0,0.0,En agglomération,Hors intersection,6.0,Plein jour,Normale,4,Bidirectionnelle,3.0,Plat,1.0,0,130,Normale,0.0,Sur chaussée,Blessé léger,Féminin,29.0,Domicile - travail,3,9,0.0,2.0,4.0,1.0,200700063492B01,10,22,1.0,Non cohérente,Non cohérentes
484,200700063499,2007-10-25,2007,octobre,jeudi,93:0,38,38185,0.0,0.0,En agglomération,Intersection en X,3.0,Plein jour,Normale,3,Bidirectionnelle,2.0,Plat,1.0,0,47,Normale,0.0,Sur piste cyclable,Blessé léger,Féminin,24.0,Domicile - travail,3,9,0.0,2.0,1.0,1.0,200700063499B01,7,16,1.0,Non cohérente,Non cohérentes
485,200700064431,2007-10-03,2007,octobre,mercredi,14:30,67,67482,0.0,0.0,En agglomération,Intersection en X,2.0,Plein jour,Normale,4,A sens unique,1.0,Plat,1.0,0,50,Normale,0.0,Sur chaussée,Blessé léger,Masculin,75.0,Non renseigné,3,9,0.0,0.0,0.0,0.0,200700064431A01,30,0,1.0,Cohérente,Non cohérentes
486,200700064436,2007-10-05,2007,octobre,vendredi,94:5,67,67482,0.0,0.0,En agglomération,Intersection en T,3.0,Plein jour,Normale,4,A sens unique,3.0,Plat,2.0,0,140,Normale,0.0,Sur chaussée,Blessé léger,Masculin,28.0,Non renseigné,3,9,0.0,2.0,1.0,21.0,200700064436B01,7,16,1.0,Non cohérente,Non cohérentes
487,200700064447,2007-10-12,2007,octobre,vendredi,94:0,67,67482,0.0,0.0,En agglomération,Intersection en T,3.0,Plein jour,Normale,4,A sens unique,2.0,Plat,1.0,0,80,Normale,0.0,Sur chaussée,Blessé léger,Féminin,21.0,Autre,1,4,0.0,2.0,7.0,19.0,200700064447A01,33,1,1.0,Non cohérente,Non cohérentes
488,200700064450,2007-10-14,2007,octobre,dimanche,14:45,67,67482,0.0,0.0,En agglomération,Intersection en X,3.0,Plein jour,Normale,4,Bidirectionnelle,4.0,Plat,1.0,0,150,Normale,0.0,Sur chaussée,Blessé léger,Masculin,19.0,Promenade - loisirs,3,9,0.0,2.0,1.0,1.0,200700064450B01,7,1,1.0,Cohérente,Non cohérentes
489,200700064453,2007-10-16,2007,octobre,mardi,14:10,67,67482,0.0,0.0,En agglomération,Hors intersection,6.0,Plein jour,Normale,4,A chaussées séparées,2.0,Plat,1.0,80,120,Normale,0.0,Sur chaussée,Blessé léger,Féminin,59.0,Utilisation professionnelle,3,9,0.0,2.0,1.0,1.0,200700064453B01,7,20,1.0,Cohérente,Non cohérentes
490,200700064456,2007-10-17,2007,octobre,mercredi,72:5,67,67482,0.0,0.0,En agglomération,Hors intersection,3.0,Crépuscule ou aube,Normale,4,Bidirectionnelle,4.0,Plat,1.0,22,94,Normale,0.0,Sur chaussée,Blessé léger,Masculin,19.0,Utilisation professionnelle,3,9,0.0,2.0,3.0,19.0,200700064456B01,7,1,1.0,Non cohérente,Non cohérentes
491,200700064462,2007-10-19,2007,octobre,vendredi,19:00,67,67482,0.0,0.0,En agglomération,Hors intersection,3.0,Nuit avec éclairage public allumé,Normale,4,Bidirectionnelle,2.0,Plat,1.0,0,76,Normale,0.0,Aucun,Blessé léger,Masculin,22.0,Domicile - école,3,9,0.0,2.0,1.0,1.0,200700064462B01,7,15,1.0,Cohérente,Non cohérentes
492,200700064466,2007-10-23,2007,octobre,mardi,82:5,67,67482,0.0,0.0,En agglomération,Intersection en X,3.0,Plein jour,Normale,4,A sens unique,1.0,Plat,2.0,0,35,Normale,0.0,Sur chaussée,Blessé léger,Masculin,18.0,Non renseigné,3,0,0.0,2.0,1.0,1.0,200700064466B01,7,1,1.0,Non cohérente,Non cohérentes
493,200700064470,2007-10-24,2007,octobre,mercredi,19:00,67,67482,0.0,0.0,En agglomération,Intersection en X,3.0,Nuit avec éclairage public allumé,Normale,4,Bidirectionnelle,2.0,Plat,1.0,0,100,Normale,0.0,Sur chaussée,Blessé léger,Masculin,29.0,Promenade - loisirs,3,9,0.0,2.0,7.0,1.0,200700064470B01,7,16,1.0,Cohérente,Non cohérentes
494,200700064472,2007-10-25,2007,octobre,jeudi,11:55,67,67482,0.0,0.0,En agglomération,Hors intersection,3.0,Plein jour,Normale,4,A chaussées séparées,4.0,Plat,1.0,114,130,Normale,0.0,Sur chaussée,Blessé léger,Féminin,17.0,Non renseigné,3,9,0.0,2.0,6.0,19.0,200700064472B01,7,1,1.0,Cohérente,Non cohérentes
495,200700064477,2007-10-28,2007,octobre,dimanche,14:5,67,67482,0.0,0.0,En agglomération,Hors intersection,2.0,Nuit avec éclairage public allumé,Normale,4,Bidirectionnelle,2.0,Plat,1.0,0,128,Normale,0.0,Sur chaussée,Blessé léger,Masculin,15.0,Non renseigné,3,0,0.0,2.0,8.0,1.0,200700064477B01,7,4,1.0,Cohérente,Non cohérentes
496,200700064478,2007-10-30,2007,octobre,mardi,13:25,67,67482,0.0,0.0,Hors agglomération,Intersection en X,3.0,Plein jour,Normale,4,Bidirectionnelle,2.0,Plat,1.0,0,32,Normale,0.0,Sur chaussée,Blessé léger,Masculin,35.0,Promenade - loisirs,3,9,0.0,2.0,7.0,1.0,200700064478B01,7,15,1.0,Cohérente,Non cohérentes
497,200700064479,2007-10-30,2007,octobre,mardi,15:25,67,67482,0.0,0.0,En agglomération,Intersection en X,3.0,Plein jour,Normale,4,A sens unique,2.0,Plat,1.0,0,70,Normale,0.0,Sur chaussée,Blessé léger,Masculin,20.0,Promenade - loisirs,3,9,0.0,2.0,7.0,1.0,200700064479B01,7,1,1.0,Cohérente,Non cohérentes
498,200700069102,2007-11-08,2007,novembre,jeudi,20:30,38,38185,0.0,0.0,En agglomération,Hors intersection,3.0,Nuit avec éclairage public allumé,Normale,3,A chaussées séparées,4.0,Plat,1.0,0,130,Normale,0.0,Sur chaussée,Blessé léger,Masculin,68.0,Promenade - loisirs,3,9,0.0,2.0,8.0,19.0,200700069102B01,7,1,1.0,Cohérente,Non cohérentes
499,200700069106,2007-11-14,2007,novembre,mercredi,22:00,38,38185,0.0,0.0,En agglomération,Hors intersection,3.0,Nuit avec éclairage public allumé,Pluie forte,4,A sens unique,2.0,Plat,1.0,0,70,Mouillée,0.0,Sur chaussée,Blessé léger,Féminin,20.0,Non renseigné,1,2,0.0,2.0,8.0,19.0,200700069106A01,7,1,1.0,Cohérente,Non cohérentes
500,200700069114,2007-11-21,2007,novembre,mercredi,73:0,38,38185,0.0,0.0,En agglomération,Hors intersection,3.0,Nuit avec éclairage public non allumé,Pluie légère,4,Bidirectionnelle,6.0,Plat,1.0,0,164,Mouillée,1.0,Sur chaussée,Blessé léger,Masculin,56.0,Non renseigné,3,9,0.0,2.0,4.0,1.0,200700069114A01,7,1,1.0,Non cohérente,Non cohérentes
501,200700069122,2007-11-27,2007,novembre,mardi,94:5,38,38185,0.0,0.0,En agglomération,Intersection en T,6.0,Plein jour,Normale,3,A sens unique,1.0,Plat,1.0,0,35,Normale,0.0,Sur chaussée,Indemne,Masculin,49.0,Autre,3,9,0.0,1.0,1.0,1.0,200700069122A01,,,,Non cohérente,Non cohérentes
502,200700069123,2007-11-27,2007,novembre,mardi,18:10,38,38185,0.0,0.0,En agglomération,Hors intersection,6.0,Nuit avec éclairage public allumé,Normale,3,Bidirectionnelle,4.0,Plat,1.0,0,76,Normale,0.0,Sur piste cyclable,Blessé léger,Féminin,24.0,Domicile - travail,3,9,1.0,0.0,1.0,1.0,200700069123B01,10,24,1.0,Cohérente,Non cohérentes
503,200700070005,2007-11-02,2007,novembre,vendredi,75:5,67,67482,0.0,0.0,En agglomération,Hors intersection,6.0,Plein jour,Normale,9,A sens unique,1.0,Plat,1.0,0,80,Normale,0.0,Sur piste cyclable,Indemne,Masculin,21.0,Non renseigné,3,9,0.0,1.0,1.0,1.0,200700070005A01,,,,Non cohérente,Non cohérentes
504,200700070014,2007-11-08,2007,novembre,jeudi,80:0,67,67482,0.0,0.0,En agglomération,Intersection en X,3.0,Plein jour,Normale,4,A chaussées séparées,3.0,Plat,1.0,42,116,Normale,0.0,Sur chaussée,Blessé léger,Féminin,16.0,Non renseigné,3,9,0.0,2.0,1.0,1.0,200700070014A01,2,1,1.0,Non cohérente,Non cohérentes
505,200700070026,2007-11-15,2007,novembre,jeudi,18:00,67,67482,0.0,0.0,En agglomération,Hors intersection,6.0,Nuit avec éclairage public allumé,Pluie légère,4,A chaussées séparées,4.0,Plat,1.0,0,70,Mouillée,4.0,Sur chaussée,Indemne,Masculin,26.0,Promenade - loisirs,3,9,0.0,1.0,1.0,1.0,200700070026A01,,,,Cohérente,Non cohérentes
506,200700070028,2007-11-16,2007,novembre,vendredi,90:5,67,67482,0.0,0.0,En agglomération,Intersection en X,3.0,Plein jour,Normale,4,A sens unique,2.0,Plat,1.0,0,50,Mouillée,0.0,Sur chaussée,Blessé léger,Masculin,21.0,Domicile - travail,2,2,0.0,2.0,1.0,1.0,200700070028A01,7,1,1.0,Non cohérente,Non cohérentes
507,200700070030,2007-11-16,2007,novembre,vendredi,15:20,67,67482,0.0,0.0,En agglomération,Intersection en T,3.0,Plein jour,Normale,4,Bidirectionnelle,2.0,Plat,1.0,0,86,Normale,0.0,Sur chaussée,Blessé léger,Féminin,55.0,Non renseigné,3,9,0.0,2.0,8.0,13.0,200700070030A01,10,16,1.0,Cohérente,Non cohérentes
508,200700070035,2007-11-19,2007,novembre,lundi,13:25,67,67482,0.0,0.0,En agglomération,Autre intersection,3.0,Plein jour,Normale,4,Bidirectionnelle,2.0,Plat,1.0,0,100,Normale,0.0,Sur chaussée,Blessé léger,Masculin,14.0,Non renseigné,3,9,0.0,2.0,1.0,19.0,200700070035B01,7,1,1.0,Cohérente,Non cohérentes
509,200700070040,2007-11-20,2007,novembre,mardi,13:40,67,67482,0.0,0.0,En agglomération,Intersection en T,3.0,Plein jour,Normale,4,A sens unique,1.0,Plat,1.0,0,35,Normale,0.0,Sur chaussée,Blessé léger,Féminin,43.0,Domicile - travail,3,9,0.0,2.0,1.0,1.0,200700070040B01,7,22,1.0,Cohérente,Non cohérentes
510,200700070043,2007-11-22,2007,novembre,jeudi,10:20,67,67482,0.0,0.0,En agglomération,Intersection en T,3.0,Plein jour,Pluie légère,4,A chaussées séparées,2.0,Plat,1.0,0,195,Mouillée,5.0,Sur chaussée,Tué,Féminin,79.0,Courses - achats,3,9,0.0,2.0,0.0,16.0,200700070043B01,15,16,1.0,Cohérente,Non cohérentes
511,200700070046,2007-11-27,2007,novembre,mardi,80:0,67,67482,0.0,0.0,En agglomération,Intersection en T,3.0,Plein jour,Normale,4,Bidirectionnelle,5.0,Plat,1.0,0,150,Normale,0.0,Sur chaussée,Blessé léger,Féminin,19.0,Domicile - école,3,9,0.0,2.0,1.0,16.0,200700070046A01,7,1,1.0,Non cohérente,Non cohérentes
512,200700070047,2007-11-27,2007,novembre,mardi,82:5,67,67482,0.0,0.0,En agglomération,Hors intersection,3.0,Plein jour,Normale,4,Bidirectionnelle,4.0,Plat,1.0,0,120,Normale,0.0,Sur piste cyclable,Blessé léger,Masculin,38.0,Domicile - travail,3,9,0.0,2.0,8.0,1.0,200700070047B01,7,9,1.0,Non cohérente,Non cohérentes
513,200700070048,2007-11-27,2007,novembre,mardi,18:25,67,67482,0.0,0.0,En agglomération,Intersection en X,3.0,Nuit avec éclairage public allumé,Normale,4,Bidirectionnelle,2.0,Plat,1.0,0,100,Normale,0.0,Sur chaussée,Blessé léger,Féminin,20.0,Domicile - école,3,9,0.0,2.0,4.0,15.0,200700070048B01,7,15,1.0,Cohérente,Non cohérentes
514,200700078713,2007-12-03,2007,décembre,lundi,17:00,67,67482,0.0,0.0,En agglomération,Intersection en X,3.0,Crépuscule ou aube,Normale,4,A sens unique,1.0,Plat,1.0,0,45,Normale,0.0,Sur chaussée,Blessé léger,Masculin,13.0,Utilisation professionnelle,3,9,0.0,2.0,2.0,1.0,200700078713A01,10,1,1.0,Cohérente,Non cohérentes
515,200700078720,2007-12-06,2007,décembre,jeudi,10:45,67,67482,0.0,0.0,En agglomération,Intersection en X,3.0,Plein jour,Normale,4,Non renseigné,5.0,Plat,1.0,0,150,Normale,2.0,Sur chaussée,Blessé léger,Féminin,25.0,Promenade - loisirs,2,2,0.0,2.0,6.0,1.0,200700078720B01,10,15,1.0,Cohérente,Non cohérentes
516,200700078721,2007-12-06,2007,décembre,jeudi,18:02,67,67482,0.0,0.0,En agglomération,Intersection en T,3.0,Nuit avec éclairage public allumé,Pluie légère,4,A sens unique,1.0,Plat,1.0,0,50,Mouillée,0.0,Sur chaussée,Blessé léger,Féminin,21.0,Non renseigné,2,2,0.0,2.0,3.0,1.0,200700078721B01,7,15,1.0,Cohérente,Non cohérentes
517,200700078723,2007-12-07,2007,décembre,vendredi,20:,67,67482,0.0,0.0,En agglomération,Intersection en X,1.0,Nuit avec éclairage public allumé,Pluie légère,4,A sens unique,2.0,Plat,2.0,0,71,Non renseigné,0.0,Sur chaussée,Blessé léger,Masculin,41.0,Non renseigné,2,2,0.0,2.0,1.0,0.0,200700078723A01,7,14,1.0,Non cohérente,Non cohérentes
518,200700078724,2007-12-07,2007,décembre,vendredi,11:45,67,67482,0.0,0.0,En agglomération,Intersection en X,6.0,Plein jour,Normale,4,A sens unique,1.0,Plat,4.0,0,50,Mouillée,0.0,Sur chaussée,Indemne,Masculin,37.0,Promenade - loisirs,3,9,0.0,1.0,1.0,1.0,200700078724A01,,,,Cohérente,Non cohérentes
519,200700078730,2007-12-10,2007,décembre,lundi,15:30,67,67482,0.0,0.0,En agglomération,Intersection en X,3.0,Plein jour,Normale,4,Bidirectionnelle,2.0,Plat,1.0,0,0,Normale,0.0,Sur chaussée,Blessé léger,Féminin,30.0,Promenade - loisirs,3,9,0.0,2.0,1.0,1.0,200700078730B01,7,4,1.0,Cohérente,Non cohérentes
520,200700078731,2007-12-10,2007,décembre,lundi,18:45,67,67482,0.0,0.0,En agglomération,Hors intersection,1.0,Nuit avec éclairage public allumé,Pluie légère,4,A sens unique,2.0,Plat,1.0,0,70,Mouillée,0.0,Sur piste cyclable,Indemne,Masculin,30.0,Domicile - travail,3,9,0.0,2.0,1.0,1.0,200700078731A01,1,1,1.0,Cohérente,Non cohérentes
521,200700078731,2007-12-10,2007,décembre,lundi,18:45,67,67482,0.0,0.0,En agglomération,Hors intersection,1.0,Nuit avec éclairage public allumé,Pluie légère,4,A sens unique,2.0,Plat,1.0,0,70,Mouillée,0.0,Sur piste cyclable,Blessé léger,Féminin,41.0,Domicile - travail,3,9,0.0,2.0,1.0,1.0,200700078731B01,1,1,1.0,Cohérente,Non cohérentes
522,200700078732,2007-12-10,2007,décembre,lundi,19:25,67,67482,0.0,0.0,En agglomération,Intersection en T,6.0,Nuit avec éclairage public allumé,Pluie légère,4,Bidirectionnelle,2.0,Plat,1.0,0,60,Mouillée,0.0,Sur chaussée,Blessé léger,Féminin,20.0,Domicile - école,3,9,0.0,2.0,4.0,15.0,200700078732C01,7,1,2.0,Cohérente,Non cohérentes
523,200700078734,2007-12-11,2007,décembre,mardi,12:00,67,67482,0.0,0.0,En agglomération,Hors intersection,3.0,Plein jour,Pluie légère,4,Bidirectionnelle,2.0,Plat,1.0,20,80,Mouillée,0.0,Sur chaussée,Blessé léger,Féminin,18.0,Promenade - loisirs,3,9,0.0,2.0,1.0,1.0,200700078734B01,7,10,1.0,Cohérente,Non cohérentes
524,200700078736,2007-12-11,2007,décembre,mardi,12:30,67,67482,0.0,0.0,En agglomération,Intersection en X,3.0,Plein jour,Pluie légère,4,Bidirectionnelle,4.0,Plat,1.0,0,90,Mouillée,0.0,Aucun,Blessé léger,Masculin,13.0,Domicile - école,3,9,0.0,2.0,7.0,1.0,200700078736B01,7,1,1.0,Cohérente,Non cohérentes
525,200700078739,2007-12-13,2007,décembre,jeudi,10:15,67,67482,0.0,0.0,En agglomération,Intersection en X,3.0,Plein jour,Normale,4,Bidirectionnelle,2.0,Plat,1.0,0,77,Normale,0.0,Sur chaussée,Blessé léger,Masculin,30.0,Promenade - loisirs,3,9,0.0,2.0,7.0,1.0,200700078739B01,7,15,1.0,Cohérente,Non cohérentes
526,200700078740,2007-12-14,2007,décembre,vendredi,55:0,67,67482,0.0,0.0,En agglomération,Intersection en X,3.0,Nuit avec éclairage public allumé,Normale,4,Bidirectionnelle,2.0,Plat,1.0,60,60,Normale,0.0,Sur chaussée,Blessé léger,Masculin,34.0,Domicile - travail,1,4,0.0,2.0,1.0,1.0,200700078740A01,7,15,1.0,Non cohérente,Non cohérentes
527,200700078742,2007-12-15,2007,décembre,samedi,19:00,67,67482,0.0,0.0,En agglomération,Hors intersection,1.0,Nuit avec éclairage public allumé,Normale,4,A sens unique,1.0,Plat,1.0,0,35,Normale,0.0,Sur chaussée,Blessé léger,Masculin,35.0,Promenade - loisirs,3,9,0.0,2.0,1.0,5.0,200700078742A01,7,1,1.0,Cohérente,Non cohérentes
528,200700078744,2007-12-16,2007,décembre,dimanche,11:45,67,67482,0.0,0.0,En agglomération,Hors intersection,3.0,Plein jour,Normale,4,Bidirectionnelle,3.0,Plat,1.0,0,80,Normale,0.0,Sur chaussée,Blessé hospitalisé,Féminin,26.0,Promenade - loisirs,3,2,0.0,2.0,1.0,13.0,200700078744B01,7,1,1.0,Cohérente,Non cohérentes
529,200700078752,2007-12-24,2007,décembre,lundi,11:45,67,67482,0.0,0.0,En agglomération,Intersection en T,3.0,Plein jour,Normale,4,A sens unique,1.0,Plat,1.0,0,42,Normale,4.0,Sur chaussée,Blessé léger,Masculin,48.0,Promenade - loisirs,3,4,0.0,2.0,1.0,1.0,200700078752B01,7,15,1.0,Cohérente,Non cohérentes
530,200800003153,2008-01-22,2008,janvier,mardi,12:05,38,38185,0.0,0.0,En agglomération,Hors intersection,3.0,Plein jour,Normale,3,Bidirectionnelle,6.0,Plat,1.0,0,197,Normale,0.0,Sur chaussée,Blessé léger,Féminin,20.0,Autre,3,9,0.0,2.0,1.0,1.0,200800003153B01,7,16,1.0,Cohérente,Non cohérentes
531,200800003160,2008-01-27,2008,janvier,dimanche,21:45,38,38185,0.0,0.0,En agglomération,Hors intersection,3.0,Nuit avec éclairage public allumé,Normale,3,Bidirectionnelle,2.0,Plat,1.0,0,90,Normale,0.0,Sur chaussée,Blessé léger,Masculin,24.0,Autre,3,9,0.0,2.0,1.0,15.0,200800003160B01,7,1,1.0,Cohérente,Non cohérentes
532,200800003902,2008-01-07,2008,janvier,lundi,12:40,67,67482,0.0,0.0,En agglomération,Intersection en X,3.0,Plein jour,Normale,4,A sens unique,2.0,Plat,1.0,0,76,Mouillée,0.0,Aucun,Blessé léger,Masculin,54.0,Domicile - travail,1,9,0.0,2.0,1.0,1.0,200800003902A01,31,1,1.0,Cohérente,Non cohérentes
533,200800003905,2008-01-09,2008,janvier,mercredi,21:30,67,67482,0.0,0.0,En agglomération,Hors intersection,3.0,Nuit avec éclairage public allumé,Pluie légère,4,A sens unique,1.0,Plat,1.0,0,35,Mouillée,0.0,Sur chaussée,Blessé léger,Féminin,31.0,Non renseigné,3,9,0.0,2.0,2.0,19.0,200800003905B01,2,1,1.0,Cohérente,Non cohérentes
534,200800003906,2008-01-10,2008,janvier,jeudi,11:30,67,67482,0.0,0.0,En agglomération,Hors intersection,3.0,Plein jour,Normale,4,Bidirectionnelle,1.0,Plat,1.0,0,60,Normale,0.0,Aucun,Blessé léger,Masculin,44.0,Promenade - loisirs,2,4,0.0,2.0,7.0,19.0,200800003906A01,10,1,1.0,Cohérente,Non cohérentes
535,200800003907,2008-01-10,2008,janvier,jeudi,17:30,67,67482,0.0,0.0,En agglomération,Hors intersection,3.0,Crépuscule ou aube,Normale,4,Bidirectionnelle,2.0,Plat,1.0,0,40,Normale,0.0,Sur chaussée,Blessé léger,Féminin,30.0,Promenade - loisirs,3,9,0.0,2.0,1.0,19.0,200800003907B01,7,1,1.0,Cohérente,Non cohérentes
536,200800003908,2008-01-11,2008,janvier,vendredi,16:25,67,67482,0.0,0.0,En agglomération,Intersection en T,3.0,Plein jour,Normale,4,Bidirectionnelle,2.0,Plat,1.0,0,90,Normale,0.0,Sur chaussée,Blessé hospitalisé,Féminin,35.0,Non renseigné,3,9,0.0,2.0,1.0,1.0,200800003908A01,7,15,1.0,Cohérente,Non cohérentes
537,200800003914,2008-01-16,2008,janvier,mercredi,20:45,67,67482,0.0,0.0,En agglomération,Intersection en T,3.0,Nuit avec éclairage public allumé,Pluie légère,4,Bidirectionnelle,3.0,Plat,1.0,0,110,Mouillée,0.0,Sur piste cyclable,Blessé léger,Masculin,47.0,Non renseigné,3,9,0.0,2.0,5.0,19.0,200800003914B01,7,1,1.0,Cohérente,Non cohérentes
538,200800003923,2008-01-22,2008,janvier,mardi,15:30,67,67482,0.0,0.0,En agglomération,Intersection en X,3.0,Plein jour,Normale,4,Bidirectionnelle,3.0,Plat,1.0,0,85,Normale,0.0,Sur chaussée,Blessé léger,Féminin,45.0,Promenade - loisirs,2,2,0.0,2.0,1.0,16.0,200800003923B01,7,1,1.0,Cohérente,Non cohérentes
539,200800003928,2008-01-24,2008,janvier,jeudi,13:40,67,67482,0.0,0.0,En agglomération,Intersection en X,3.0,Plein jour,Normale,4,Bidirectionnelle,4.0,Plat,1.0,0,160,Normale,0.0,Sur chaussée,Blessé léger,Féminin,25.0,Domicile - travail,2,2,0.0,2.0,8.0,1.0,200800003928B01,7,1,1.0,Cohérente,Non cohérentes
540,200800003936,2008-01-31,2008,janvier,jeudi,43:0,67,67482,0.0,0.0,En agglomération,Intersection en T,3.0,Nuit avec éclairage public allumé,Pluie légère,4,Bidirectionnelle,2.0,Pente,1.0,0,90,Mouillée,0.0,Aucun,Blessé léger,Masculin,42.0,Promenade - loisirs,3,9,0.0,2.0,7.0,1.0,200800003936B01,7,15,1.0,Non cohérente,Non cohérentes
541,200800008461,2008-02-01,2008,février,vendredi,13:40,38,38185,0.0,0.0,En agglomération,Hors intersection,3.0,Plein jour,Normale,4,Bidirectionnelle,3.0,Plat,1.0,0,77,Normale,0.0,Sur chaussée,Blessé léger,Féminin,51.0,Domicile - travail,3,9,0.0,2.0,3.0,1.0,200800008461B01,7,16,1.0,Cohérente,Non cohérentes
542,200800008462,2008-02-01,2008,février,vendredi,16:20,38,38185,0.0,0.0,En agglomération,Hors intersection,1.0,Plein jour,Normale,4,Bidirectionnelle,2.0,Plat,1.0,0,24,Normale,1.0,Sur piste cyclable,Blessé léger,Féminin,30.0,Non renseigné,3,9,0.0,2.0,1.0,16.0,200800008462A01,1,1,1.0,Cohérente,Non cohérentes
543,200800008462,2008-02-01,2008,février,vendredi,16:20,38,38185,0.0,0.0,En agglomération,Hors intersection,1.0,Plein jour,Normale,4,Bidirectionnelle,2.0,Plat,1.0,0,24,Normale,1.0,Sur piste cyclable,Indemne,Masculin,36.0,Non renseigné,3,9,0.0,2.0,1.0,1.0,200800008462B01,1,16,1.0,Cohérente,Non cohérentes
544,200800008483,2008-02-28,2008,février,jeudi,13:35,38,38185,0.0,0.0,En agglomération,Hors intersection,3.0,Plein jour,Normale,4,Bidirectionnelle,4.0,Plat,1.0,0,157,Normale,0.0,Sur piste cyclable,Blessé léger,Masculin,54.0,Domicile - travail,3,9,0.0,2.0,1.0,1.0,200800008483B01,7,9,1.0,Cohérente,Non cohérentes
545,200800009156,2008-02-06,2008,février,mercredi,19:38,67,67482,0.0,0.0,En agglomération,Hors intersection,3.0,Nuit avec éclairage public allumé,Normale,4,Bidirectionnelle,2.0,Plat,1.0,0.0,30.0,Normale,0.0,Sur chaussée,Blessé léger,Féminin,65.0,Promenade - loisirs,3,9,0.0,2.0,7.0,19.0,200800009156A01,7,1,1.0,Cohérente,Non cohérentes
546,200800009157,2008-02-08,2008,février,vendredi,12:15,67,67482,0.0,0.0,En agglomération,Intersection en Y,3.0,Plein jour,Normale,4,A sens unique,1.0,Plat,-1.0,0.0,0.0,Non renseigné,0.0,Sur chaussée,Blessé léger,Masculin,25.0,Domicile - travail,3,9,0.0,2.0,1.0,5.0,200800009157A01,7,1,1.0,Cohérente,Non cohérentes
547,200800009160,2008-02-08,2008,février,vendredi,17:40,67,67482,0.0,0.0,En agglomération,Hors intersection,3.0,Plein jour,Normale,4,A sens unique,1.0,Plat,1.0,0.0,46.0,Normale,0.0,Sur chaussée,Blessé léger,Masculin,25.0,Promenade - loisirs,3,9,0.0,2.0,4.0,19.0,200800009160A01,33,1,1.0,Cohérente,Non cohérentes
548,200800009164,2008-02-11,2008,février,lundi,84:5,67,67482,0.0,0.0,En agglomération,Hors intersection,6.0,Plein jour,Normale,4,Bidirectionnelle,2.0,Plat,1.0,0.0,30.0,Normale,0.0,Sur chaussée,Blessé léger,Masculin,36.0,Promenade - loisirs,3,9,1.0,0.0,1.0,16.0,200800009164B01,7,24,1.0,Non cohérente,Non cohérentes
549,200800009173,2008-02-19,2008,février,mardi,14:20,67,67482,0.0,0.0,En agglomération,Hors intersection,3.0,Plein jour,Normale,4,Bidirectionnelle,4.0,Plat,1.0,0.0,160.0,Normale,0.0,Sur chaussée,Blessé hospitalisé,Féminin,29.0,Domicile - travail,3,9,0.0,2.0,1.0,1.0,200800009173B01,7,15,1.0,Cohérente,Non cohérentes
550,200800009177,2008-02-21,2008,février,jeudi,13:40,67,67482,0.0,0.0,En agglomération,Intersection en X,3.0,Plein jour,Normale,4,Bidirectionnelle,3.0,Plat,1.0,0.0,90.0,Normale,0.0,Sur chaussée,Blessé léger,Masculin,20.0,Non renseigné,2,2,0.0,2.0,1.0,19.0,200800009177A01,7,1,1.0,Cohérente,Non cohérentes
551,200800012483,2008-03-05,2008,mars,mercredi,18:50,38,38185,0.0,0.0,En agglomération,Hors intersection,2.0,Nuit avec éclairage public allumé,Normale,4,A sens unique,4.0,Plat,1.0,0.0,119.0,Normale,0.0,Sur chaussée,Blessé hospitalisé,Féminin,30.0,Domicile - travail,3,9,0.0,2.0,4.0,1.0,200800012483B01,30,2,1.0,Cohérente,Non cohérentes
552,200800012486,2008-03-08,2008,mars,samedi,15:45,38,38185,0.0,0.0,En agglomération,Hors intersection,3.0,Plein jour,Normale,4,Bidirectionnelle,2.0,Plat,1.0,0.0,87.0,Normale,0.0,Sur chaussée,Blessé léger,Masculin,61.0,Non renseigné,3,9,0.0,2.0,2.0,15.0,200800012486B01,7,1,1.0,Cohérente,Non cohérentes
553,200800012488,2008-03-10,2008,mars,lundi,83:5,38,38185,0.0,0.0,En agglomération,Hors intersection,6.0,Plein jour,Normale,4,Bidirectionnelle,3.0,Plat,1.0,0.0,105.0,Normale,0.0,Sur chaussée,Tué,Féminin,42.0,Domicile - travail,3,9,0.0,2.0,8.0,1.0,200800012488B01,15,16,1.0,Non cohérente,Non cohérentes
554,200800012492,2008-03-12,2008,mars,mercredi,5:,38,38185,0.0,0.0,En agglomération,Hors intersection,1.0,Nuit avec éclairage public allumé,Normale,4,A sens unique,1.0,Plat,2.0,0.0,35.0,Normale,0.0,Sur chaussée,Blessé léger,Masculin,23.0,Promenade - loisirs,3,9,0.0,2.0,1.0,5.0,200800012492B01,7,1,1.0,Non cohérente,Non cohérentes
555,200800012502,2008-03-19,2008,mars,mercredi,12:50,38,38185,0.0,0.0,En agglomération,Intersection en X,3.0,Plein jour,Normale,4,Bidirectionnelle,2.0,Plat,1.0,0.0,80.0,Normale,0.0,Sur chaussée,Blessé hospitalisé,Masculin,34.0,Domicile - travail,3,9,0.0,2.0,7.0,1.0,200800012502B01,7,16,1.0,Cohérente,Non cohérentes
556,200800012506,2008-03-25,2008,mars,mardi,11:30,38,38185,0.0,0.0,En agglomération,Hors intersection,6.0,Plein jour,Normale,4,Bidirectionnelle,2.0,Plat,1.0,0.0,54.0,Normale,0.0,Sur chaussée,Indemne,Masculin,19.0,Non renseigné,3,9,0.0,1.0,1.0,1.0,200800012506A01,,,,Cohérente,Non cohérentes
557,200800013204,2008-03-04,2008,mars,mardi,12:10,67,67482,0.0,0.0,En agglomération,Hors intersection,3.0,Crépuscule ou aube,Pluie légère,4,Bidirectionnelle,1.0,Plat,1.0,150.0,60.0,Mouillée,0.0,Sur piste cyclable,Blessé léger,Féminin,28.0,Promenade - loisirs,3,9,0.0,0.0,7.0,1.0,200800013204A01,1,1,1.0,Cohérente,Non cohérentes
558,200800013204,2008-03-04,2008,mars,mardi,12:10,67,67482,0.0,0.0,En agglomération,Hors intersection,3.0,Crépuscule ou aube,Pluie légère,4,Bidirectionnelle,1.0,Plat,1.0,150.0,60.0,Mouillée,0.0,Sur piste cyclable,Indemne,Masculin,31.0,Domicile - travail,3,9,0.0,2.0,8.0,1.0,200800013204B01,1,1,1.0,Cohérente,Non cohérentes
559,200800013213,2008-03-09,2008,mars,dimanche,10:05,67,67482,0.0,0.0,En agglomération,Intersection en Y,3.0,Plein jour,Normale,4,Bidirectionnelle,2.0,Plat,-1.0,0.0,0.0,Normale,0.0,Sur chaussée,Blessé léger,Masculin,42.0,Promenade - loisirs,3,9,0.0,2.0,7.0,1.0,200800013213B01,7,1,1.0,Cohérente,Non cohérentes
560,200800013214,2008-03-10,2008,mars,lundi,17:50,67,67482,0.0,0.0,En agglomération,Intersection en T,6.0,Plein jour,Normale,4,Bidirectionnelle,2.0,Plat,1.0,0.0,91.0,Normale,0.0,Sur chaussée,Blessé léger,Féminin,32.0,Non renseigné,3,2,0.0,2.0,7.0,1.0,200800013214B01,7,15,1.0,Cohérente,Non cohérentes
561,200800013215,2008-03-11,2008,mars,mardi,11:00,67,67482,0.0,0.0,En agglomération,Hors intersection,1.0,Plein jour,Normale,4,Bidirectionnelle,2.0,Plat,2.0,0.0,70.0,Normale,0.0,Sur chaussée,Blessé léger,Masculin,19.0,Domicile - école,3,9,0.0,2.0,1.0,1.0,200800013215B01,7,1,1.0,Cohérente,Non cohérentes
562,200800013231,2008-03-19,2008,mars,mercredi,85:7,67,67482,0.0,0.0,En agglomération,Intersection en T,2.0,Plein jour,Normale,4,Bidirectionnelle,2.0,Plat,1.0,0.0,70.0,Normale,0.0,Sur chaussée,Blessé léger,Masculin,17.0,Domicile - école,3,9,0.0,2.0,4.0,1.0,200800013231B01,7,4,1.0,Non cohérente,Non cohérentes
563,200800013243,2008-03-26,2008,mars,mercredi,10:00,67,67482,0.0,0.0,En agglomération,Autre intersection,3.0,Plein jour,Normale,4,Bidirectionnelle,3.0,Plat,1.0,0.0,140.0,Normale,0.0,Sur piste cyclable,Blessé hospitalisé,Masculin,19.0,Domicile - école,2,2,0.0,2.0,1.0,1.0,200800013243B01,7,9,1.0,Cohérente,Non cohérentes
564,200800013247,2008-03-27,2008,mars,jeudi,17:55,67,67482,0.0,0.0,En agglomération,Hors intersection,1.0,Plein jour,Normale,4,Bidirectionnelle,4.0,Plat,1.0,0.0,50.0,Normale,0.0,Sur piste cyclable,Blessé léger,Féminin,25.0,Promenade - loisirs,3,9,0.0,2.0,1.0,1.0,200800013247A01,1,1,1.0,Cohérente,Non cohérentes
565,200800013247,2008-03-27,2008,mars,jeudi,17:55,67,67482,0.0,0.0,En agglomération,Hors intersection,1.0,Plein jour,Normale,4,Bidirectionnelle,4.0,Plat,1.0,0.0,50.0,Normale,0.0,Sur piste cyclable,Blessé léger,Masculin,24.0,Promenade - loisirs,3,9,0.0,2.0,1.0,1.0,200800013247B01,1,1,1.0,Cohérente,Non cohérentes
566,200800019811,2008-04-10,2008,avril,jeudi,84:5,38,38185,0.0,0.0,En agglomération,Hors intersection,1.0,Plein jour,Pluie légère,4,Bidirectionnelle,2.0,Plat,1.0,0.0,47.0,Mouillée,0.0,Sur piste cyclable,Blessé léger,Féminin,21.0,Domicile - école,3,9,0.0,2.0,1.0,1.0,200800019811B01,30,13,1.0,Non cohérente,Non cohérentes
567,200800019826,2008-04-29,2008,avril,mardi,14:30,38,38185,0.0,0.0,En agglomération,Hors intersection,3.0,Plein jour,Normale,4,A sens unique,4.0,Plat,1.0,0.0,100.0,Normale,0.0,Sur chaussée,Blessé léger,Féminin,28.0,Promenade - loisirs,1,9,0.0,2.0,3.0,0.0,200800019826B01,38,1,1.0,Cohérente,Non cohérentes
568,200800020501,2008-04-01,2008,avril,mardi,84:5,67,67482,0.0,0.0,En agglomération,Intersection en X,3.0,Plein jour,Normale,4,Bidirectionnelle,2.0,Plat,1.0,0.0,50.0,Normale,0.0,Sur chaussée,Blessé léger,Masculin,16.0,Domicile - école,3,9,0.0,2.0,1.0,1.0,200800020501A01,7,1,1.0,Non cohérente,Non cohérentes
569,200800020507,2008-04-04,2008,avril,vendredi,16:00,67,67482,0.0,0.0,En agglomération,Hors intersection,3.0,Plein jour,Normale,4,Bidirectionnelle,4.0,Plat,1.0,0.0,120.0,Normale,0.0,Sur chaussée,Blessé léger,Masculin,52.0,Autre,3,9,0.0,2.0,1.0,18.0,200800020507A01,7,1,1.0,Cohérente,Non cohérentes
570,200800020508,2008-04-04,2008,avril,vendredi,21:05,67,67482,0.0,0.0,En agglomération,Intersection en X,3.0,Nuit sans éclairage public,Normale,4,Bidirectionnelle,2.0,Plat,1.0,0.0,60.0,Normale,0.0,Sur chaussée,Indemne,Masculin,15.0,Promenade - loisirs,3,9,0.0,2.0,1.0,0.0,200800020508A01,1,0,1.0,Cohérente,Non cohérentes
571,200800020508,2008-04-04,2008,avril,vendredi,21:05,67,67482,0.0,0.0,En agglomération,Intersection en X,3.0,Nuit sans éclairage public,Normale,4,Bidirectionnelle,2.0,Plat,1.0,0.0,60.0,Normale,0.0,Sur chaussée,Blessé léger,Masculin,16.0,Non renseigné,3,9,0.0,2.0,4.0,0.0,200800020508B01,1,0,1.0,Cohérente,Non cohérentes
572,200800020510,2008-04-05,2008,avril,samedi,17:50,67,67482,0.0,0.0,En agglomération,Intersection en X,3.0,Plein jour,Normale,4,Bidirectionnelle,4.0,Plat,1.0,0.0,90.0,Normale,0.0,Sur chaussée,Blessé léger,Masculin,45.0,Promenade - loisirs,3,9,0.0,2.0,1.0,1.0,200800020510B01,14,1,1.0,Cohérente,Non cohérentes
573,200800020512,2008-04-08,2008,avril,mardi,83:0,67,67482,0.0,0.0,En agglomération,Hors intersection,6.0,Plein jour,Normale,4,A sens unique,1.0,Plat,1.0,0.0,30.0,Normale,0.0,Sur piste cyclable,Indemne,Féminin,20.0,Promenade - loisirs,3,9,0.0,1.0,1.0,1.0,200800020512A01,,,,Non cohérente,Non cohérentes
574,200800020513,2008-04-08,2008,avril,mardi,17:00,67,67482,0.0,0.0,En agglomération,Intersection en X,3.0,Plein jour,Normale,4,A sens unique,2.0,Plat,1.0,0.0,60.0,Normale,0.0,Sur chaussée,Blessé léger,Masculin,53.0,Domicile - travail,3,9,0.0,2.0,1.0,19.0,200800020513B01,7,15,1.0,Cohérente,Non cohérentes
575,200800020528,2008-04-15,2008,avril,mardi,16:55,67,67482,0.0,0.0,En agglomération,Hors intersection,1.0,Plein jour,Pluie légère,4,Bidirectionnelle,2.0,Plat,1.0,0.0,45.0,Mouillée,0.0,Sur chaussée,Blessé léger,Masculin,28.0,Domicile - travail,3,9,0.0,2.0,1.0,16.0,200800020528A01,7,1,1.0,Cohérente,Non cohérentes
576,200800020533,2008-04-21,2008,avril,lundi,73:0,67,67482,0.0,0.0,En agglomération,Hors intersection,1.0,Plein jour,Normale,4,Bidirectionnelle,2.0,Plat,1.0,0.0,50.0,Normale,2.0,Sur piste cyclable,Blessé léger,Masculin,52.0,Domicile - travail,3,9,0.0,2.0,1.0,1.0,200800020533B01,2,16,1.0,Non cohérente,Non cohérentes
577,200800020535,2008-04-21,2008,avril,lundi,14:16,67,67482,0.0,0.0,En agglomération,Hors intersection,3.0,Plein jour,Pluie légère,4,Bidirectionnelle,3.0,Plat,1.0,0.0,45.0,Mouillée,0.0,Sur chaussée,Indemne,Masculin,36.0,Promenade - loisirs,3,9,0.0,2.0,1.0,1.0,200800020535B01,2,19,1.0,Cohérente,Non cohérentes
578,200800020538,2008-04-24,2008,avril,jeudi,12:30,67,67482,0.0,0.0,En agglomération,Hors intersection,6.0,Plein jour,Normale,4,Bidirectionnelle,2.0,Plat,1.0,0.0,0.0,Normale,0.0,Sur chaussée,Blessé léger,Masculin,57.0,Non renseigné,3,9,0.0,1.0,1.0,1.0,200800020538A01,,,,Cohérente,Non cohérentes
579,200800020548,2008-04-30,2008,avril,mercredi,13:50,67,67482,0.0,0.0,En agglomération,Intersection en X,3.0,Plein jour,Normale,4,Bidirectionnelle,2.0,Plat,1.0,0.0,50.0,Normale,0.0,Aucun,Blessé léger,Masculin,12.0,Promenade - loisirs,3,9,0.0,2.0,7.0,1.0,200800020548B01,7,16,1.0,Cohérente,Non cohérentes
580,200800024361,2008-05-14,2008,mai,mercredi,81:0,38,38185,0.0,0.0,En agglomération,Hors intersection,3.0,Plein jour,Normale,4,Bidirectionnelle,2.0,Plat,1.0,0.0,90.0,Normale,0.0,Sur chaussée,Blessé léger,Masculin,51.0,Domicile - travail,3,9,0.0,2.0,3.0,1.0,200800024361B01,37,14,1.0,Non cohérente,Non cohérentes
581,200800024366,2008-05-17,2008,mai,samedi,11:25,38,38185,0.0,0.0,En agglomération,Hors intersection,6.0,Plein jour,Pluie légère,4,Bidirectionnelle,2.0,Plat,1.0,0.0,70.0,Mouillée,0.0,Sur piste cyclable,Indemne,Masculin,43.0,Non renseigné,3,9,0.0,1.0,1.0,1.0,200800024366A01,,,,Cohérente,Non cohérentes
582,200800024367,2008-05-17,2008,mai,samedi,12:15,38,38185,0.0,0.0,En agglomération,Intersection en X,3.0,Plein jour,Pluie légère,4,A sens unique,1.0,Plat,1.0,0.0,47.0,Mouillée,0.0,Sur chaussée,Blessé léger,Masculin,20.0,Non renseigné,3,9,0.0,2.0,1.0,1.0,200800024367B01,7,1,1.0,Cohérente,Non cohérentes
583,200800024369,2008-05-19,2008,mai,lundi,22:27,38,38185,0.0,0.0,En agglomération,Hors intersection,6.0,Nuit avec éclairage public allumé,Normale,4,A sens unique,1.0,Plat,2.0,0.0,40.0,Normale,0.0,Sur chaussée,Blessé léger,Féminin,42.0,Non renseigné,3,9,0.0,2.0,1.0,1.0,200800024369B01,7,22,1.0,Cohérente,Non cohérentes
584,200800024370,2008-05-20,2008,mai,mardi,12:15,38,38185,0.0,0.0,En agglomération,Intersection en X,3.0,Plein jour,Normale,4,Bidirectionnelle,2.0,Plat,1.0,0.0,100.0,Normale,0.0,Sur piste cyclable,Blessé léger,Masculin,29.0,Non renseigné,3,9,0.0,2.0,1.0,1.0,200800024370B01,7,1,1.0,Cohérente,Non cohérentes
585,200800024378,2008-05-27,2008,mai,mardi,80:0,38,38185,0.0,0.0,En agglomération,Hors intersection,6.0,Plein jour,Pluie légère,4,Bidirectionnelle,2.0,Plat,1.0,0.0,138.0,Mouillée,0.0,Sur chaussée,Blessé hospitalisé,Féminin,29.0,Domicile - travail,3,9,0.0,1.0,7.0,1.0,200800024378A01,,,,Non cohérente,Non cohérentes
586,200800025176,2008-05-03,2008,mai,samedi,95:5,67,67482,0.0,0.0,En agglomération,Intersection en T,1.0,Plein jour,Normale,4,Bidirectionnelle,2.0,Plat,1.0,0.0,51.0,Normale,0.0,Aucun,Blessé léger,Masculin,51.0,Non renseigné,3,9,0.0,2.0,1.0,1.0,200800025176B01,7,1,1.0,Non cohérente,Non cohérentes
587,200800025178,2008-05-03,2008,mai,samedi,17:15,67,67482,0.0,0.0,En agglomération,Hors intersection,1.0,Plein jour,Normale,4,A sens unique,1.0,Plat,1.0,0.0,45.0,Normale,0.0,Sur chaussée,Indemne,Masculin,19.0,Non renseigné,3,9,0.0,2.0,1.0,1.0,200800025178B01,30,13,1.0,Cohérente,Non cohérentes
588,200800025183,2008-05-06,2008,mai,mardi,90:0,67,67482,0.0,0.0,En agglomération,Hors intersection,3.0,Plein jour,Normale,4,A sens unique,30.0,Plat,1.0,30.0,150.0,Normale,0.0,Sur chaussée,Blessé léger,Masculin,30.0,Promenade - loisirs,3,9,0.0,2.0,7.0,19.0,200800025183B01,7,1,1.0,Non cohérente,Non cohérentes
589,200800025185,2008-05-06,2008,mai,mardi,18:00,67,67482,0.0,0.0,En agglomération,Hors intersection,3.0,Plein jour,Normale,4,A chaussées séparées,4.0,Plat,1.0,80.0,60.0,Normale,0.0,Sur chaussée,Blessé léger,Féminin,21.0,Domicile - travail,1,9,1.0,0.0,1.0,1.0,200800025185B01,7,22,1.0,Cohérente,Non cohérentes
590,200800025186,2008-05-07,2008,mai,mercredi,15:00,67,67482,0.0,0.0,En agglomération,Intersection en T,3.0,Plein jour,Normale,4,A sens unique,2.0,Plat,1.0,0.0,60.0,Normale,0.0,Sur piste cyclable,Blessé léger,Masculin,36.0,Promenade - loisirs,2,9,0.0,2.0,8.0,1.0,200800025186B01,7,1,1.0,Cohérente,Non cohérentes
591,200800025201,2008-05-15,2008,mai,jeudi,12:15,67,67482,0.0,0.0,En agglomération,Hors intersection,1.0,Plein jour,Temps couvert,4,Bidirectionnelle,1.0,Plat,1.0,0.0,250.0,Normale,6.0,Sur chaussée,Blessé léger,Féminin,25.0,Non renseigné,3,9,0.0,2.0,1.0,1.0,200800025201B01,1,0,1.0,Cohérente,Non cohérentes
592,200800025202,2008-05-15,2008,mai,jeudi,17:10,67,67482,0.0,0.0,En agglomération,Hors intersection,6.0,Plein jour,Normale,4,Bidirectionnelle,4.0,Plat,1.0,20.0,63.0,Normale,0.0,Sur piste cyclable,Indemne,Masculin,19.0,Promenade - loisirs,3,9,0.0,1.0,1.0,1.0,200800025202A01,,,,Cohérente,Non cohérentes
593,200800025205,2008-05-15,2008,mai,jeudi,18:55,67,67482,0.0,0.0,En agglomération,Intersection en Y,3.0,Plein jour,Pluie forte,4,Bidirectionnelle,2.0,Plat,1.0,0.0,66.0,Mouillée,0.0,Sur chaussée,Blessé léger,Féminin,30.0,Domicile - travail,3,9,0.0,2.0,1.0,1.0,200800025205A01,7,16,1.0,Cohérente,Non cohérentes
594,200800025209,2008-05-16,2008,mai,vendredi,22:15,67,67482,0.0,0.0,En agglomération,Hors intersection,6.0,Nuit avec éclairage public allumé,Normale,4,Bidirectionnelle,4.0,Plat,1.0,0.0,138.0,Normale,0.0,Sur chaussée,Blessé léger,Féminin,33.0,Non renseigné,3,9,1.0,0.0,1.0,1.0,200800025209A01,,,,Cohérente,Non cohérentes
595,200800025211,2008-05-18,2008,mai,dimanche,13:30,67,67482,0.0,0.0,En agglomération,Intersection en X,3.0,Plein jour,Pluie légère,4,Bidirectionnelle,4.0,Pente,1.0,0.0,120.0,Mouillée,0.0,Sur chaussée,Blessé léger,Féminin,64.0,Promenade - loisirs,3,9,0.0,2.0,1.0,1.0,200800025211B01,20,24,1.0,Cohérente,Non cohérentes
596,200800025212,2008-05-18,2008,mai,dimanche,17:40,67,67482,0.0,0.0,En agglomération,Hors intersection,3.0,Plein jour,Pluie légère,4,Bidirectionnelle,2.0,Plat,1.0,0.0,80.0,Mouillée,0.0,Sur chaussée,Blessé léger,Masculin,62.0,Promenade - loisirs,3,9,0.0,2.0,8.0,1.0,200800025212B01,7,1,1.0,Cohérente,Non cohérentes
597,200800025215,2008-05-20,2008,mai,mardi,12:15,67,67482,0.0,0.0,En agglomération,Intersection en X,3.0,Plein jour,Normale,4,A chaussées séparées,4.0,Plat,1.0,20.0,180.0,Normale,0.0,Sur chaussée,Blessé léger,Masculin,34.0,Non renseigné,1,2,0.0,2.0,1.0,1.0,200800025215A01,7,1,1.0,Cohérente,Non cohérentes
598,200800025217,2008-05-21,2008,mai,mercredi,17:55,67,67482,0.0,0.0,Hors agglomération,Intersection en T,3.0,Plein jour,Normale,4,Bidirectionnelle,4.0,Plat,1.0,0.0,159.0,Normale,0.0,Sur chaussée,Blessé léger,Masculin,45.0,Promenade - loisirs,3,9,0.0,2.0,7.0,19.0,200800025217A01,40,1,1.0,Cohérente,Non cohérentes
599,200800025220,2008-05-22,2008,mai,jeudi,14:25,67,67482,0.0,0.0,En agglomération,Hors intersection,3.0,Plein jour,Normale,4,A sens unique,2.0,Plat,1.0,10.0,139.0,Normale,0.0,Sur trottoir,Blessé léger,Masculin,32.0,Courses - achats,3,9,0.0,2.0,1.0,1.0,200800025220A01,7,1,1.0,Cohérente,Non cohérentes
600,200800025232,2008-05-27,2008,mai,mardi,18:35,67,67482,0.0,0.0,En agglomération,Hors intersection,3.0,Plein jour,Normale,4,Bidirectionnelle,4.0,Plat,1.0,80.0,80.0,Normale,0.0,Sur chaussée,Blessé léger,Féminin,20.0,Promenade - loisirs,3,9,0.0,2.0,1.0,19.0,200800025232B01,7,15,1.0,Cohérente,Non cohérentes
601,200800025235,2008-05-30,2008,mai,vendredi,93:0,67,67482,0.0,0.0,En agglomération,Hors intersection,2.0,Plein jour,Normale,4,A sens unique,1.0,Plat,1.0,10.0,27.0,Normale,0.0,Sur chaussée,Blessé léger,Masculin,78.0,Non renseigné,3,9,0.0,2.0,1.0,1.0,200800025235B01,10,4,1.0,Non cohérente,Non cohérentes
602,200800025237,2008-05-31,2008,mai,samedi,11:35,67,67482,0.0,0.0,En agglomération,Intersection en T,6.0,Plein jour,Normale,4,A sens unique,1.0,Plat,1.0,0.0,150.0,Normale,0.0,Sur chaussée,Indemne,Masculin,62.0,Non renseigné,3,9,0.0,1.0,1.0,1.0,200800025237A01,,,,Cohérente,Non cohérentes
603,200800025240,2008-05-31,2008,mai,samedi,18:45,67,67482,0.0,0.0,En agglomération,Hors intersection,3.0,Plein jour,Normale,4,Bidirectionnelle,3.0,Plat,1.0,0.0,110.0,Normale,0.0,Sur chaussée,Blessé léger,Féminin,48.0,Autre,3,2,0.0,2.0,2.0,19.0,200800025240B01,7,1,1.0,Cohérente,Non cohérentes
604,200800025367,2008-05-14,2008,mai,mercredi,14:10,74,74010,0.0,0.0,En agglomération,Giratoire,6.0,Plein jour,Normale,4,Bidirectionnelle,2.0,Bas de côte,1.0,0.0,70.0,Normale,0.0,Aucun,Blessé hospitalisé,Masculin,58.0,Autre,3,2,0.0,2.0,1.0,1.0,200800025367A01,7,23,1.0,Cohérente,Non cohérentes
605,200800025374,2008-05-29,2008,mai,jeudi,19:10,74,74010,0.0,0.0,En agglomération,Intersection en T,6.0,Plein jour,Normale,4,Bidirectionnelle,2.0,Plat,1.0,0.0,0.0,Normale,0.0,Aucun,Blessé léger,Masculin,52.0,Promenade - loisirs,3,2,0.0,0.0,4.0,1.0,200800025374B01,7,15,1.0,Cohérente,Non cohérentes
606,200800032557,2008-06-01,2008,juin,dimanche,15:40,38,38185,0.0,0.0,En agglomération,Hors intersection,6.0,Plein jour,Normale,4,Bidirectionnelle,3.0,Plat,1.0,0.0,104.0,Normale,0.0,Sur chaussée,Blessé léger,Masculin,60.0,Non renseigné,3,9,0.0,0.0,0.0,19.0,200800032557B01,7,1,1.0,Cohérente,Non cohérentes
607,200800032562,2008-06-03,2008,juin,mardi,84:5,38,38185,0.0,0.0,En agglomération,Hors intersection,1.0,Plein jour,Normale,4,A sens unique,1.0,Plat,1.0,0.0,60.0,Normale,0.0,Sur chaussée,Blessé léger,Féminin,54.0,Domicile - travail,3,9,0.0,2.0,1.0,5.0,200800032562B01,7,15,1.0,Non cohérente,Non cohérentes
608,200800032563,2008-06-05,2008,juin,jeudi,22:40,38,38185,0.0,0.0,En agglomération,Hors intersection,3.0,Nuit avec éclairage public allumé,Pluie légère,4,Bidirectionnelle,3.0,Plat,1.0,0.0,120.0,Mouillée,5.0,Sur chaussée,Blessé léger,Féminin,20.0,Domicile - travail,2,9,0.0,2.0,1.0,1.0,200800032563B01,7,15,1.0,Cohérente,Non cohérentes
609,200800032569,2008-06-11,2008,juin,mercredi,17:05,38,38185,0.0,0.0,En agglomération,Hors intersection,3.0,Plein jour,Pluie légère,4,Non renseigné,0.0,Plat,1.0,0.0,0.0,Mouillée,0.0,Sur chaussée,Blessé léger,Masculin,6.0,Non renseigné,3,9,0.0,2.0,0.0,19.0,200800032569B01,10,1,1.0,Cohérente,Non cohérentes
610,200800032575,2008-06-15,2008,juin,dimanche,10:45,38,38185,0.0,0.0,En agglomération,Hors intersection,3.0,Plein jour,Normale,4,Bidirectionnelle,3.0,Plat,1.0,0.0,90.0,Normale,0.0,Sur chaussée,Blessé léger,Masculin,12.0,Non renseigné,3,9,0.0,2.0,1.0,19.0,200800032575B01,7,1,1.0,Cohérente,Non cohérentes
611,200800032579,2008-06-19,2008,juin,jeudi,16:30,38,38185,0.0,0.0,En agglomération,Hors intersection,3.0,Plein jour,Normale,4,Bidirectionnelle,2.0,Plat,1.0,0.0,63.0,Normale,0.0,Sur chaussée,Blessé léger,Masculin,78.0,Non renseigné,3,9,0.0,2.0,1.0,1.0,200800032579B01,7,15,1.0,Cohérente,Non cohérentes
612,200800033412,2008-06-03,2008,juin,mardi,19:24,67,67482,0.0,0.0,En agglomération,Intersection en X,3.0,Plein jour,Normale,4,Bidirectionnelle,2.0,Plat,1.0,0.0,130.0,Normale,0.0,Sur chaussée,Blessé léger,Masculin,54.0,Non renseigné,3,9,0.0,2.0,1.0,1.0,200800033412B01,7,15,1.0,Cohérente,Non cohérentes
613,200800033420,2008-06-08,2008,juin,dimanche,14:55,67,67482,0.0,0.0,En agglomération,Hors intersection,3.0,Plein jour,Normale,4,Bidirectionnelle,2.0,Plat,1.0,0.0,120.0,Normale,0.0,Sur chaussée,Blessé hospitalisé,Masculin,17.0,Promenade - loisirs,3,2,0.0,2.0,7.0,19.0,200800033420B01,7,1,1.0,Cohérente,Non cohérentes
614,200800033423,2008-06-09,2008,juin,lundi,20:45,67,67482,0.0,0.0,En agglomération,Hors intersection,1.0,Plein jour,Normale,4,Bidirectionnelle,2.0,Plat,3.0,0.0,40.0,Normale,0.0,Sur chaussée,Blessé hospitalisé,Masculin,12.0,Promenade - loisirs,2,2,0.0,2.0,1.0,1.0,200800033423B01,7,1,1.0,Cohérente,Non cohérentes
615,200800033424,2008-06-10,2008,juin,mardi,14:24,67,67482,0.0,0.0,En agglomération,Hors intersection,3.0,Plein jour,Normale,4,Bidirectionnelle,3.0,Plat,1.0,0.0,100.0,Normale,0.0,Sur chaussée,Blessé léger,Masculin,34.0,Promenade - loisirs,3,9,0.0,2.0,8.0,1.0,200800033424B01,7,12,1.0,Cohérente,Non cohérentes
616,200800033426,2008-06-11,2008,juin,mercredi,12:40,67,67482,0.0,0.0,En agglomération,Intersection en X,6.0,Plein jour,Normale,4,Bidirectionnelle,4.0,Plat,1.0,50.0,130.0,Normale,0.0,Aucun,Blessé léger,Féminin,41.0,Promenade - loisirs,3,9,0.0,2.0,0.0,1.0,200800033426A01,7,15,1.0,Cohérente,Non cohérentes
617,200800033428,2008-06-11,2008,juin,mercredi,20:45,67,67482,0.0,0.0,En agglomération,Intersection en X,3.0,Plein jour,Normale,4,Bidirectionnelle,2.0,Plat,1.0,0.0,25.0,Normale,0.0,Sur chaussée,Indemne,Masculin,26.0,Utilisation professionnelle,1,2,0.0,2.0,1.0,1.0,200800033428B01,1,1,1.0,Cohérente,Non cohérentes
618,200800033428,2008-06-11,2008,juin,mercredi,20:45,67,67482,0.0,0.0,En agglomération,Intersection en X,3.0,Plein jour,Normale,4,Bidirectionnelle,2.0,Plat,1.0,0.0,25.0,Normale,0.0,Sur chaussée,Blessé léger,Masculin,22.0,Promenade - loisirs,1,9,0.0,2.0,1.0,1.0,200800033428A01,1,1,1.0,Cohérente,Non cohérentes
619,200800033434,2008-06-13,2008,juin,vendredi,18:00,67,67482,0.0,0.0,En agglomération,Hors intersection,1.0,Plein jour,Normale,4,A sens unique,2.0,Pente,1.0,0.0,120.0,Normale,2.0,Sur trottoir,Blessé hospitalisé,Masculin,23.0,Non renseigné,2,2,0.0,2.0,1.0,1.0,200800033434B01,30,1,1.0,Cohérente,Non cohérentes
620,200800033439,2008-06-18,2008,juin,mercredi,19:20,67,67482,0.0,0.0,En agglomération,Intersection en T,3.0,Plein jour,Normale,4,A sens unique,1.0,Plat,1.0,0.0,36.0,Normale,0.0,Sur chaussée,Blessé léger,Masculin,8.0,Promenade - loisirs,3,9,0.0,2.0,8.0,19.0,200800033439B01,7,1,1.0,Cohérente,Non cohérentes
621,200800033440,2008-06-19,2008,juin,jeudi,20:15,67,67482,0.0,0.0,En agglomération,Hors intersection,2.0,Plein jour,Normale,4,Bidirectionnelle,4.0,Plat,1.0,0.0,155.0,Normale,0.0,Sur chaussée,Blessé léger,Féminin,47.0,Non renseigné,3,2,0.0,2.0,4.0,1.0,200800033440B01,7,1,1.0,Cohérente,Non cohérentes
622,200800033443,2008-06-20,2008,juin,vendredi,18:40,67,67482,0.0,0.0,En agglomération,Intersection en X,3.0,Plein jour,Normale,4,A sens unique,1.0,Plat,1.0,0.0,0.0,Normale,0.0,Sur chaussée,Blessé léger,Féminin,38.0,Domicile - travail,1,9,0.0,2.0,0.0,16.0,200800033443A01,2,1,1.0,Cohérente,Non cohérentes
623,200800033444,2008-06-20,2008,juin,vendredi,20:25,67,67482,0.0,0.0,En agglomération,Hors intersection,6.0,Plein jour,Normale,4,A sens unique,1.0,Non renseigné,1.0,0.0,70.0,Normale,0.0,Sur chaussée,Blessé léger,Masculin,6.0,Non renseigné,3,9,0.0,2.0,1.0,19.0,200800033444B01,7,1,1.0,Cohérente,Non cohérentes
624,200800033444,2008-06-20,2008,juin,vendredi,20:25,67,67482,0.0,0.0,En agglomération,Hors intersection,6.0,Plein jour,Normale,4,A sens unique,1.0,Non renseigné,1.0,0.0,70.0,Normale,0.0,Sur chaussée,Blessé léger,Masculin,5.0,Non renseigné,3,9,0.0,2.0,1.0,19.0,200800033444B01,7,1,1.0,Cohérente,Non cohérentes
625,200800033446,2008-06-23,2008,juin,lundi,15:00,67,67482,0.0,0.0,En agglomération,Intersection en X,3.0,Plein jour,Normale,4,A chaussées séparées,4.0,Plat,1.0,0.0,180.0,Normale,0.0,Sur chaussée,Blessé léger,Féminin,52.0,Promenade - loisirs,3,9,0.0,2.0,1.0,1.0,200800033446B01,7,1,1.0,Cohérente,Non cohérentes
626,200800033452,2008-06-26,2008,juin,jeudi,17:15,67,67482,0.0,0.0,En agglomération,Hors intersection,6.0,Plein jour,Normale,4,Bidirectionnelle,3.0,Plat,1.0,0.0,75.0,Normale,4.0,Sur piste cyclable,Blessé léger,Féminin,30.0,Promenade - loisirs,3,9,0.0,1.0,1.0,1.0,200800033452A01,,,,Cohérente,Non cohérentes
627,200800033455,2008-06-27,2008,juin,vendredi,17:30,67,67482,0.0,0.0,En agglomération,Hors intersection,2.0,Plein jour,Normale,4,Bidirectionnelle,3.0,Plat,1.0,0.0,70.0,Normale,0.0,Sur chaussée,Blessé léger,Masculin,29.0,Non renseigné,3,9,0.0,2.0,1.0,1.0,200800033455A01,7,1,1.0,Cohérente,Non cohérentes
628,200800033457,2008-06-27,2008,juin,vendredi,18:35,67,67482,0.0,0.0,En agglomération,Hors intersection,1.0,Plein jour,Normale,9,Bidirectionnelle,0.0,Plat,3.0,0.0,0.0,Normale,0.0,Sur piste cyclable,Blessé hospitalisé,Masculin,24.0,Domicile - travail,3,9,0.0,2.0,1.0,1.0,200800033457B01,30,1,1.0,Cohérente,Non cohérentes
629,200800033592,2008-06-22,2008,juin,dimanche,11:15,74,74010,0.0,0.0,En agglomération,Hors intersection,6.0,Plein jour,Normale,4,Bidirectionnelle,2.0,Non renseigné,-1.0,0.0,0.0,Normale,0.0,Sur piste cyclable,Indemne,Masculin,50.0,Non renseigné,1,2,0.0,2.0,1.0,13.0,200800033592A01,1,1,1.0,Cohérente,Non cohérentes
630,200800033592,2008-06-22,2008,juin,dimanche,11:15,74,74010,0.0,0.0,En agglomération,Hors intersection,6.0,Plein jour,Normale,4,Bidirectionnelle,2.0,Non renseigné,-1.0,0.0,0.0,Normale,0.0,Sur piste cyclable,Blessé léger,Féminin,57.0,Promenade - loisirs,1,2,0.0,0.0,1.0,1.0,200800033592B01,1,13,1.0,Cohérente,Non cohérentes
631,200800039471,2008-07-16,2008,juillet,mercredi,15:25,38,38185,0.0,0.0,En agglomération,Hors intersection,3.0,Plein jour,Normale,4,Bidirectionnelle,5.0,Plat,1.0,0.0,160.0,Normale,0.0,Sur chaussée,Blessé hospitalisé,Masculin,13.0,Autre,3,9,0.0,2.0,1.0,19.0,200800039471B01,7,1,1.0,Cohérente,Non cohérentes
632,200800039483,2008-07-30,2008,juillet,mercredi,19:40,38,38185,0.0,0.0,En agglomération,Hors intersection,3.0,Plein jour,Normale,4,Bidirectionnelle,2.0,Plat,3.0,0.0,90.0,Normale,0.0,Sur piste cyclable,Blessé léger,Masculin,25.0,Non renseigné,3,9,0.0,2.0,1.0,1.0,200800039483B01,10,15,1.0,Cohérente,Non cohérentes
633,200800040236,2008-07-02,2008,juillet,mercredi,10:15,67,67482,0.0,0.0,En agglomération,Intersection en Y,3.0,Plein jour,Normale,4,A sens unique,1.0,Plat,3.0,0.0,40.0,Normale,0.0,Sur piste cyclable,Blessé léger,Féminin,23.0,Domicile - travail,2,9,0.0,2.0,1.0,5.0,200800040236A01,7,1,1.0,Cohérente,Non cohérentes
634,200800040237,2008-07-02,2008,juillet,mercredi,11:45,67,67482,0.0,0.0,En agglomération,Intersection en X,3.0,Plein jour,Normale,4,Bidirectionnelle,2.0,Plat,1.0,0.0,70.0,Normale,0.0,Sur chaussée,Blessé léger,Féminin,11.0,Non renseigné,3,9,0.0,2.0,1.0,19.0,200800040237B01,7,1,1.0,Cohérente,Non cohérentes
635,200800040249,2008-07-09,2008,juillet,mercredi,93:0,67,67482,0.0,0.0,En agglomération,Hors intersection,6.0,Plein jour,Normale,4,Bidirectionnelle,2.0,Plat,1.0,0.0,65.0,Normale,0.0,Sur chaussée,Indemne,Masculin,22.0,Promenade - loisirs,3,9,0.0,1.0,1.0,1.0,200800040249B01,,,,Non cohérente,Non cohérentes
636,200800040251,2008-07-10,2008,juillet,jeudi,11:30,67,67482,0.0,0.0,En agglomération,Hors intersection,3.0,Plein jour,Normale,4,Bidirectionnelle,5.0,Plat,1.0,0.0,145.0,Normale,0.0,Sur chaussée,Blessé léger,Féminin,11.0,Promenade - loisirs,3,9,0.0,2.0,8.0,0.0,200800040251B01,14,18,1.0,Cohérente,Non cohérentes
637,200800040259,2008-07-15,2008,juillet,mardi,16:20,67,67482,0.0,0.0,En agglomération,Hors intersection,3.0,Plein jour,Normale,4,Bidirectionnelle,2.0,Plat,1.0,0.0,64.0,Normale,0.0,Sur chaussée,Blessé léger,Féminin,65.0,Non renseigné,1,9,0.0,2.0,8.0,15.0,200800040259A01,37,1,1.0,Cohérente,Non cohérentes
638,200800040261,2008-07-18,2008,juillet,vendredi,94:8,67,67482,0.0,0.0,En agglomération,Intersection en T,3.0,Plein jour,Normale,4,Bidirectionnelle,3.0,Plat,1.0,0.0,90.0,Normale,0.0,Sur piste cyclable,Blessé léger,Masculin,33.0,Domicile - travail,2,2,0.0,2.0,1.0,1.0,200800040261B01,7,1,1.0,Non cohérente,Non cohérentes
639,200800040264,2008-07-19,2008,juillet,samedi,11:17,67,67482,0.0,0.0,En agglomération,Hors intersection,3.0,Plein jour,Normale,4,Bidirectionnelle,2.0,Plat,1.0,0.0,100.0,Normale,0.0,Sur chaussée,Blessé léger,Masculin,40.0,Autre,3,2,0.0,2.0,8.0,11.0,200800040264B01,37,1,1.0,Cohérente,Non cohérentes
640,200800043852,2008-08-05,2008,août,mardi,18:00,74,74010,0.0,0.0,En agglomération,Intersection en T,6.0,Plein jour,Normale,4,Bidirectionnelle,2.0,Plat,1.0,0.0,70.0,Normale,0.0,Aucun,Blessé léger,Masculin,23.0,Autre,3,9,0.0,0.0,1.0,1.0,200800043852B01,2,10,1.0,Cohérente,Non cohérentes
641,200800044906,2008-08-02,2008,août,samedi,12:20,67,67482,0.0,0.0,En agglomération,Hors intersection,6.0,Plein jour,Normale,4,Bidirectionnelle,2.0,Plat,1.0,0.0,80.0,Normale,0.0,Sur chaussée,Blessé léger,Féminin,45.0,Non renseigné,3,9,1.0,0.0,1.0,1.0,200800044906B01,7,24,1.0,Cohérente,Non cohérentes
642,200800044910,2008-08-06,2008,août,mercredi,12:45,67,67482,0.0,0.0,En agglomération,Intersection en X,3.0,Plein jour,Normale,4,Bidirectionnelle,2.0,Plat,1.0,0.0,60.0,Normale,0.0,Sur chaussée,Blessé léger,Masculin,18.0,Non renseigné,3,9,0.0,2.0,1.0,1.0,200800044910A01,7,1,1.0,Cohérente,Non cohérentes
643,200800044915,2008-08-09,2008,août,samedi,14:25,67,67482,0.0,0.0,En agglomération,Hors intersection,3.0,Plein jour,Normale,4,A sens unique,1.0,Plat,1.0,0.0,30.0,Normale,0.0,Sur chaussée,Blessé léger,Masculin,7.0,Non renseigné,3,2,0.0,2.0,6.0,19.0,200800044915A01,7,1,1.0,Cohérente,Non cohérentes
644,200800044922,2008-08-24,2008,août,dimanche,11:40,67,67482,0.0,0.0,En agglomération,Intersection en X,6.0,Plein jour,Normale,4,Bidirectionnelle,2.0,Plat,1.0,0.0,80.0,Normale,0.0,Sur chaussée,Blessé léger,Masculin,35.0,Promenade - loisirs,3,9,0.0,2.0,8.0,1.0,200800044922A01,7,15,1.0,Cohérente,Non cohérentes
645,200800044932,2008-08-29,2008,août,vendredi,12:00,67,67482,0.0,0.0,En agglomération,Hors intersection,2.0,Plein jour,Normale,4,Bidirectionnelle,2.0,Plat,1.0,0.0,95.0,Normale,0.0,Sur chaussée,Blessé léger,Masculin,65.0,Promenade - loisirs,3,9,0.0,2.0,4.0,1.0,200800044932B01,32,1,1.0,Cohérente,Non cohérentes
646,200800050549,2008-09-23,2008,septembre,mardi,74:5,38,38185,0.0,0.0,En agglomération,Hors intersection,3.0,Plein jour,Normale,4,Bidirectionnelle,3.0,Plat,1.0,0.0,126.0,Normale,0.0,Sur chaussée,Blessé hospitalisé,Masculin,20.0,Domicile - école,3,9,0.0,2.0,1.0,1.0,200800050549B01,7,15,1.0,Non cohérente,Non cohérentes
647,200800050551,2008-09-25,2008,septembre,jeudi,92:0,38,38185,0.0,0.0,En agglomération,Hors intersection,3.0,Plein jour,Normale,4,Bidirectionnelle,2.0,Plat,1.0,0.0,70.0,Normale,0.0,Sur chaussée,Blessé léger,Féminin,16.0,Non renseigné,2,9,1.0,4.0,1.0,1.0,200800050551B01,40,1,1.0,Non cohérente,Non cohérentes
648,200800051250,2008-09-03,2008,septembre,mercredi,13:48,67,67482,0.0,0.0,En agglomération,Intersection en T,3.0,Plein jour,Normale,4,Bidirectionnelle,2.0,Plat,1.0,0.0,120.0,Normale,0.0,Sur chaussée,Blessé léger,Féminin,36.0,Domicile - travail,3,9,0.0,2.0,7.0,1.0,200800051250B01,13,16,1.0,Cohérente,Non cohérentes
649,200800051258,2008-09-08,2008,septembre,lundi,18:10,67,67482,0.0,0.0,En agglomération,Hors intersection,6.0,Plein jour,Normale,4,Bidirectionnelle,2.0,Plat,1.0,0.0,140.0,Normale,0.0,Sur chaussée,Blessé léger,Masculin,7.0,Promenade - loisirs,3,9,0.0,2.0,1.0,1.0,200800051258B01,2,1,1.0,Cohérente,Non cohérentes
650,200800051259,2008-09-08,2008,septembre,lundi,19:35,67,67482,0.0,0.0,En agglomération,Intersection en T,3.0,Plein jour,Normale,4,Bidirectionnelle,2.0,Plat,1.0,0.0,134.0,Normale,0.0,Sur chaussée,Blessé léger,Féminin,27.0,Domicile - travail,2,2,0.0,2.0,8.0,1.0,200800051259B01,7,16,1.0,Cohérente,Non cohérentes
651,200800051263,2008-09-09,2008,septembre,mardi,16:40,67,67482,0.0,0.0,En agglomération,Place,6.0,Plein jour,Normale,4,A sens unique,1.0,Plat,1.0,0.0,50.0,Normale,0.0,Sur chaussée,Blessé léger,Féminin,57.0,Promenade - loisirs,3,9,0.0,2.0,1.0,1.0,200800051263B01,7,1,1.0,Cohérente,Non cohérentes
652,200800051275,2008-09-17,2008,septembre,mercredi,15:00,67,67482,0.0,0.0,En agglomération,Hors intersection,1.0,Plein jour,Normale,4,Bidirectionnelle,2.0,Plat,2.0,0.0,0.0,Normale,0.0,Sur piste cyclable,Indemne,Masculin,10.0,Promenade - loisirs,3,9,0.0,2.0,1.0,15.0,200800051275A01,1,2,1.0,Cohérente,Non cohérentes
653,200800051275,2008-09-17,2008,septembre,mercredi,15:00,67,67482,0.0,0.0,En agglomération,Hors intersection,1.0,Plein jour,Normale,4,Bidirectionnelle,2.0,Plat,2.0,0.0,0.0,Normale,0.0,Sur piste cyclable,Blessé léger,Masculin,59.0,Promenade - loisirs,3,9,0.0,2.0,1.0,2.0,200800051275B01,1,15,1.0,Cohérente,Non cohérentes
654,200800051276,2008-09-18,2008,septembre,jeudi,94:5,67,67482,0.0,0.0,En agglomération,Hors intersection,6.0,Plein jour,Normale,4,A sens unique,1.0,Plat,1.0,0.0,30.0,Normale,0.0,Sur piste cyclable,Indemne,Masculin,18.0,Domicile - école,3,9,0.0,1.0,3.0,1.0,200800051276A01,,,,Non cohérente,Non cohérentes
655,200800051276,2008-09-18,2008,septembre,jeudi,94:5,67,67482,0.0,0.0,En agglomération,Hors intersection,6.0,Plein jour,Normale,4,A sens unique,1.0,Plat,1.0,0.0,30.0,Normale,0.0,Sur piste cyclable,Blessé hospitalisé,Féminin,77.0,Promenade - loisirs,3,0,0.0,1.0,3.0,1.0,200800051276A01,,,,Non cohérente,Non cohérentes
656,200800051277,2008-09-18,2008,septembre,jeudi,13:10,67,67482,0.0,0.0,En agglomération,Intersection en T,6.0,Plein jour,Normale,4,Bidirectionnelle,2.0,Plat,1.0,0.0,0.0,Normale,0.0,Sur trottoir,Indemne,Masculin,39.0,Non renseigné,3,9,0.0,2.0,7.0,1.0,200800051277B01,1,15,1.0,Cohérente,Non cohérentes
657,200800051277,2008-09-18,2008,septembre,jeudi,13:10,67,67482,0.0,0.0,En agglomération,Intersection en T,6.0,Plein jour,Normale,4,Bidirectionnelle,2.0,Plat,1.0,0.0,0.0,Normale,0.0,Sur trottoir,Blessé léger,Féminin,44.0,Domicile - travail,2,2,0.0,2.0,1.0,15.0,200800051277A01,1,1,1.0,Cohérente,Non cohérentes
658,200800051279,2008-09-18,2008,septembre,jeudi,17:30,67,67482,0.0,0.0,En agglomération,Hors intersection,1.0,Plein jour,Normale,4,Bidirectionnelle,2.0,Plat,1.0,0.0,60.0,Normale,0.0,Sur chaussée,Blessé léger,Masculin,15.0,Promenade - loisirs,3,9,0.0,2.0,1.0,0.0,200800051279A01,7,1,1.0,Cohérente,Non cohérentes
659,200800051280,2008-09-19,2008,septembre,vendredi,74:5,67,67482,0.0,0.0,En agglomération,Intersection en X,3.0,Plein jour,Normale,4,A sens unique,1.0,Plat,1.0,0.0,90.0,Normale,0.0,Sur chaussée,Blessé léger,Masculin,48.0,Domicile - travail,2,9,0.0,2.0,1.0,1.0,200800051280A01,7,23,1.0,Non cohérente,Non cohérentes
660,200800051281,2008-09-19,2008,septembre,vendredi,14:35,67,67482,0.0,0.0,En agglomération,Hors intersection,6.0,Plein jour,Normale,4,Bidirectionnelle,2.0,Plat,1.0,0.0,70.0,Normale,6.0,Sur chaussée,Indemne,Masculin,21.0,Non renseigné,3,2,0.0,1.0,1.0,1.0,200800051281A01,,,,Cohérente,Non cohérentes
661,200800051281,2008-09-19,2008,septembre,vendredi,14:35,67,67482,0.0,0.0,En agglomération,Hors intersection,6.0,Plein jour,Normale,4,Bidirectionnelle,2.0,Plat,1.0,0.0,70.0,Normale,6.0,Sur chaussée,Blessé léger,Féminin,58.0,Non renseigné,3,0,0.0,1.0,1.0,1.0,200800051281A01,,,,Cohérente,Non cohérentes
662,200800051293,2008-09-27,2008,septembre,samedi,25:,67,67482,0.0,0.0,En agglomération,Intersection en T,6.0,Nuit avec éclairage public allumé,Normale,4,Bidirectionnelle,2.0,Plat,1.0,0.0,100.0,Normale,0.0,Sur chaussée,Blessé léger,Masculin,20.0,Non renseigné,3,4,0.0,2.0,1.0,0.0,200800051293A01,7,0,1.0,Non cohérente,Non cohérentes
663,200800051440,2008-09-02,2008,septembre,mardi,16:15,74,74010,0.0,0.0,En agglomération,Intersection en X,3.0,Plein jour,Normale,4,Bidirectionnelle,3.0,Plat,1.0,0.0,0.0,Normale,0.0,Aucun,Blessé hospitalisé,Féminin,69.0,Promenade - loisirs,3,4,0.0,0.0,2.0,19.0,200800051440A01,7,1,1.0,Cohérente,Non cohérentes
664,200800058172,2008-10-01,2008,octobre,mercredi,17:35,38,38185,0.0,0.0,En agglomération,Hors intersection,3.0,Plein jour,Normale,4,Bidirectionnelle,2.0,Plat,1.0,0.0,70.0,Normale,0.0,Sur chaussée,Blessé léger,Masculin,29.0,Non renseigné,3,2,0.0,2.0,1.0,1.0,200800058172B01,7,15,1.0,Cohérente,Non cohérentes
665,200800058181,2008-10-13,2008,octobre,lundi,91:0,38,38185,0.0,0.0,En agglomération,Hors intersection,3.0,Plein jour,Temps couvert,4,Bidirectionnelle,2.0,Plat,1.0,0.0,80.0,Mouillée,0.0,Sur piste cyclable,Blessé léger,Féminin,24.0,Non renseigné,3,9,0.0,2.0,7.0,1.0,200800058181B01,7,15,1.0,Non cohérente,Non cohérentes
666,200800059200,2008-10-03,2008,octobre,vendredi,18:00,67,67482,0.0,0.0,En agglomération,Intersection en X,3.0,Plein jour,Pluie légère,4,A sens unique,1.0,Plat,1.0,0.0,60.0,Mouillée,0.0,Sur chaussée,Blessé hospitalisé,Masculin,56.0,Non renseigné,2,2,0.0,2.0,2.0,1.0,200800059200A01,7,1,1.0,Cohérente,Non cohérentes
667,200800059201,2008-10-04,2008,octobre,samedi,12:55,67,67482,0.0,0.0,En agglomération,Hors intersection,6.0,Plein jour,Normale,4,Bidirectionnelle,2.0,Plat,1.0,15.0,65.0,Normale,0.0,Sur chaussée,Blessé léger,Féminin,34.0,Utilisation professionnelle,2,2,1.0,2.0,0.0,1.0,200800059201B01,7,22,1.0,Cohérente,Non cohérentes
668,200800059209,2008-10-08,2008,octobre,mercredi,22:00,67,67482,0.0,0.0,En agglomération,Intersection en T,3.0,Nuit avec éclairage public allumé,Pluie légère,4,Bidirectionnelle,3.0,Plat,1.0,0.0,89.0,Mouillée,0.0,Sur chaussée,Blessé léger,Féminin,23.0,Promenade - loisirs,2,2,0.0,2.0,2.0,1.0,200800059209B01,7,15,1.0,Cohérente,Non cohérentes
669,200800059222,2008-10-14,2008,octobre,mardi,80:0,67,67482,0.0,0.0,En agglomération,Intersection en X,3.0,Plein jour,Normale,4,A sens unique,1.0,Plat,1.0,0.0,45.0,Normale,0.0,Sur chaussée,Blessé léger,Féminin,44.0,Domicile - travail,3,9,0.0,2.0,7.0,1.0,200800059222B01,7,1,1.0,Non cohérente,Non cohérentes
670,200800059224,2008-10-14,2008,octobre,mardi,20:05,67,67482,0.0,0.0,En agglomération,Intersection à plus de 4 branches,6.0,Nuit avec éclairage public allumé,Normale,4,Non renseigné,5.0,Plat,-1.0,20.0,130.0,Normale,0.0,Sur chaussée,Blessé léger,Masculin,31.0,Non renseigné,3,9,0.0,2.0,1.0,1.0,200800059224B01,7,15,1.0,Cohérente,Non cohérentes
671,200800059225,2008-10-15,2008,octobre,mercredi,33:0,67,67482,0.0,0.0,En agglomération,Intersection en T,3.0,Nuit avec éclairage public allumé,Normale,4,Bidirectionnelle,3.0,Plat,1.0,0.0,100.0,Normale,0.0,Sur chaussée,Blessé léger,Masculin,16.0,Promenade - loisirs,1,4,0.0,2.0,1.0,15.0,200800059225A01,7,1,1.0,Non cohérente,Non cohérentes
672,200800059233,2008-10-17,2008,octobre,vendredi,13:30,67,67482,0.0,0.0,En agglomération,Intersection en T,3.0,Plein jour,Normale,4,Bidirectionnelle,2.0,Plat,1.0,0.0,86.0,Normale,0.0,Sur chaussée,Blessé léger,Masculin,12.0,Domicile - école,2,2,0.0,2.0,8.0,1.0,200800059233A01,7,1,1.0,Cohérente,Non cohérentes
673,200800059240,2008-10-19,2008,octobre,dimanche,17:55,67,67482,0.0,0.0,En agglomération,Intersection en T,3.0,Plein jour,Normale,4,Avec voies d'affectation variable,3.0,Plat,1.0,0.0,100.0,Normale,0.0,Sur chaussée,Blessé léger,Masculin,32.0,Promenade - loisirs,3,9,0.0,2.0,0.0,1.0,200800059240B01,7,15,1.0,Cohérente,Non cohérentes
674,200800059244,2008-10-21,2008,octobre,mardi,20:00,67,67482,0.0,0.0,En agglomération,Intersection en X,1.0,Nuit avec éclairage public allumé,Pluie légère,4,Bidirectionnelle,2.0,Plat,1.0,0.0,60.0,Mouillée,0.0,Sur chaussée,Blessé léger,Masculin,32.0,Non renseigné,2,2,0.0,2.0,1.0,1.0,200800059244A01,7,15,1.0,Cohérente,Non cohérentes
675,200800059253,2008-10-28,2008,octobre,mardi,19:00,67,67482,0.0,0.0,En agglomération,Intersection en X,3.0,Nuit avec éclairage public allumé,Pluie légère,4,A chaussées séparées,2.0,Plat,1.0,20.0,30.0,Normale,0.0,Sur chaussée,Blessé léger,Masculin,18.0,Promenade - loisirs,2,4,0.0,2.0,2.0,19.0,200800059253B01,7,15,1.0,Cohérente,Non cohérentes
676,200800059417,2008-10-29,2008,octobre,mercredi,16:35,74,74010,0.0,0.0,En agglomération,Hors intersection,6.0,Plein jour,Pluie légère,4,Bidirectionnelle,2.0,Plat,1.0,0.0,98.0,Normale,0.0,Sur chaussée,Blessé hospitalisé,Masculin,80.0,Autre,3,9,0.0,0.0,1.0,1.0,200800059417B01,7,15,1.0,Cohérente,Non cohérentes
677,200800064186,2008-11-04,2008,novembre,mardi,15:25,67,67482,0.0,0.0,En agglomération,Intersection en T,3.0,Plein jour,Normale,4,Bidirectionnelle,2.0,Plat,1.0,0.0,120.0,Normale,0.0,Sur chaussée,Blessé léger,Masculin,80.0,Promenade - loisirs,1,2,0.0,2.0,1.0,1.0,200800064186A01,7,15,1.0,Cohérente,Non cohérentes
678,200800064194,2008-11-08,2008,novembre,samedi,15:05,67,67482,0.0,0.0,En agglomération,Intersection en X,3.0,Plein jour,Normale,4,Bidirectionnelle,2.0,Plat,1.0,0.0,52.0,Normale,0.0,Sur chaussée,Blessé léger,Masculin,21.0,Promenade - loisirs,3,2,0.0,2.0,2.0,1.0,200800064194A01,7,1,1.0,Cohérente,Non cohérentes
679,200800064197,2008-11-12,2008,novembre,mercredi,12:30,67,67482,0.0,0.0,En agglomération,Hors intersection,3.0,Plein jour,Normale,4,Bidirectionnelle,4.0,Plat,1.0,20.0,140.0,Normale,0.0,Sur chaussée,Blessé léger,Féminin,20.0,Autre,3,9,0.0,2.0,8.0,19.0,200800064197A01,33,15,1.0,Cohérente,Non cohérentes
680,200800064203,2008-11-19,2008,novembre,mercredi,19:10,67,67482,0.0,0.0,En agglomération,Intersection en T,3.0,Nuit avec éclairage public allumé,Normale,4,Bidirectionnelle,1.0,Plat,1.0,0.0,80.0,Normale,0.0,Sur chaussée,Blessé léger,Féminin,57.0,Promenade - loisirs,3,4,0.0,2.0,1.0,1.0,200800064203B01,7,15,1.0,Cohérente,Non cohérentes
681,200800064205,2008-11-21,2008,novembre,vendredi,18:05,67,67482,0.0,0.0,En agglomération,Hors intersection,1.0,Nuit avec éclairage public non allumé,Normale,4,Bidirectionnelle,2.0,Plat,1.0,18.0,50.0,Normale,0.0,Sur piste cyclable,Blessé léger,Féminin,21.0,Domicile - travail,3,9,0.0,2.0,1.0,1.0,200800064205B01,2,1,1.0,Cohérente,Non cohérentes
682,200800064206,2008-11-21,2008,novembre,vendredi,94:5,67,67482,0.0,0.0,En agglomération,Intersection en X,3.0,Plein jour,Pluie légère,4,Bidirectionnelle,3.0,Plat,1.0,0.0,90.0,Mouillée,4.0,Sur piste cyclable,Blessé léger,Féminin,21.0,Non renseigné,1,4,0.0,2.0,7.0,1.0,200800064206B01,7,15,1.0,Non cohérente,Non cohérentes
683,200800064475,2008-11-19,2008,novembre,mercredi,75:0,38,38185,0.0,0.0,En agglomération,Hors intersection,3.0,Plein jour,Normale,4,A sens unique,1.0,Plat,1.0,0.0,33.0,Normale,0.0,Sur chaussée,Blessé hospitalisé,Féminin,39.0,Domicile - travail,1,2,0.0,2.0,0.0,16.0,200800064475B01,14,16,1.0,Non cohérente,Non cohérentes
684,200800065153,2008-11-30,2008,novembre,dimanche,70:0,67,67482,0.0,0.0,En agglomération,Intersection en X,3.0,Nuit avec éclairage public allumé,Normale,4,Bidirectionnelle,2.0,Plat,1.0,20.0,150.0,Normale,0.0,Sur chaussée,Blessé léger,Masculin,65.0,Non renseigné,3,9,0.0,2.0,7.0,19.0,200800065153B01,7,1,1.0,Non cohérente,Non cohérentes
685,200800065226,2008-11-27,2008,novembre,jeudi,15:,67,67482,0.0,0.0,En agglomération,Intersection en X,3.0,Nuit avec éclairage public allumé,Normale,4,Bidirectionnelle,2.0,Plat,1.0,0.0,82.0,Normale,0.0,Sur chaussée,Blessé léger,Féminin,25.0,Non renseigné,3,2,0.0,2.0,1.0,1.0,200800065226B01,7,1,1.0,Non cohérente,Non cohérentes
686,200800071310,2008-12-16,2008,décembre,mardi,16:30,38,38185,0.0,0.0,En agglomération,Hors intersection,6.0,Nuit avec éclairage public allumé,Normale,4,Bidirectionnelle,3.0,Plat,1.0,0.0,100.0,Normale,0.0,Sur chaussée,Blessé léger,Masculin,37.0,Non renseigné,3,2,0.0,2.0,8.0,16.0,200800071310B01,7,15,1.0,Cohérente,Non cohérentes
687,200800071313,2008-12-20,2008,décembre,samedi,65:0,38,38185,0.0,0.0,En agglomération,Intersection en T,3.0,Crépuscule ou aube,Normale,4,Bidirectionnelle,2.0,Plat,1.0,0.0,30.0,Normale,0.0,Sur chaussée,Blessé hospitalisé,Féminin,20.0,Promenade - loisirs,2,2,0.0,2.0,8.0,1.0,200800071313B01,37,1,1.0,Non cohérente,Non cohérentes
688,200800072096,2008-12-01,2008,décembre,lundi,85:0,67,67482,0.0,0.0,En agglomération,Intersection en X,3.0,Plein jour,Normale,4,Bidirectionnelle,3.0,Plat,1.0,0.0,0.0,Normale,0.0,Sur chaussée,Blessé léger,Masculin,74.0,Non renseigné,3,9,0.0,2.0,1.0,19.0,200800072096B01,7,16,1.0,Non cohérente,Non cohérentes
689,200800072098,2008-12-01,2008,décembre,lundi,17:25,67,67482,0.0,0.0,En agglomération,Hors intersection,3.0,Nuit avec éclairage public allumé,Pluie légère,4,Bidirectionnelle,2.0,Plat,1.0,70.0,50.0,Mouillée,0.0,Sur chaussée,Blessé léger,Féminin,47.0,Domicile - travail,2,4,0.0,2.0,5.0,19.0,200800072098A01,10,1,1.0,Cohérente,Non cohérentes
690,200800072102,2008-12-03,2008,décembre,mercredi,14:30,67,67482,0.0,0.0,En agglomération,Intersection en T,3.0,Plein jour,Pluie légère,4,A sens unique,1.0,Plat,1.0,0.0,30.0,Mouillée,0.0,Sur chaussée,Blessé léger,Féminin,42.0,Promenade - loisirs,3,9,0.0,2.0,7.0,1.0,200800072102B01,7,15,1.0,Cohérente,Non cohérentes
691,200800072120,2008-12-12,2008,décembre,vendredi,18:40,67,67482,0.0,0.0,En agglomération,Intersection en T,3.0,Nuit avec éclairage public allumé,Normale,4,Bidirectionnelle,2.0,Plat,1.0,0.0,42.0,Normale,0.0,Sur chaussée,Blessé léger,Masculin,19.0,Non renseigné,2,2,0.0,2.0,1.0,1.0,200800072120A01,7,1,1.0,Cohérente,Non cohérentes
692,200800072123,2008-12-16,2008,décembre,mardi,12:00,67,67482,0.0,0.0,En agglomération,Hors intersection,3.0,Plein jour,Normale,6,Non renseigné,0.0,Plat,-1.0,0.0,50.0,Normale,0.0,Aucun,Blessé hospitalisé,Féminin,18.0,Non renseigné,3,9,0.0,2.0,1.0,1.0,200800072123A01,7,16,1.0,Cohérente,Non cohérentes
693,200800072136,2008-12-23,2008,décembre,mardi,19:40,67,67482,0.0,0.0,En agglomération,Intersection en X,3.0,Nuit avec éclairage public allumé,Normale,4,Bidirectionnelle,2.0,Plat,3.0,0.0,40.0,Normale,0.0,Sur piste cyclable,Blessé léger,Féminin,47.0,Autre,3,9,0.0,2.0,7.0,1.0,200800072136B01,2,1,1.0,Cohérente,Non cohérentes
694,200800072137,2008-12-23,2008,décembre,mardi,22:20,67,67482,0.0,0.0,En agglomération,Intersection en X,3.0,Nuit avec éclairage public allumé,Normale,4,Bidirectionnelle,2.0,Plat,1.0,0.0,80.0,Normale,0.0,Sur chaussée,Blessé hospitalisé,Féminin,42.0,Promenade - loisirs,3,9,0.0,2.0,7.0,19.0,200800072137B01,7,15,1.0,Cohérente,Non cohérentes
695,200800072138,2008-12-24,2008,décembre,mercredi,15:10,67,67482,0.0,0.0,En agglomération,Hors intersection,6.0,Plein jour,Brouillard - fumée,4,Bidirectionnelle,3.0,Plat,1.0,0.0,60.0,Normale,0.0,Sur chaussée,Blessé léger,Féminin,47.0,Promenade - loisirs,3,2,1.0,0.0,1.0,22.0,200800072138B01,7,22,1.0,Cohérente,Non cohérentes
696,200800072283,2008-12-12,2008,décembre,vendredi,14:20,74,74010,0.0,0.0,En agglomération,Intersection en T,6.0,Plein jour,Normale,4,Bidirectionnelle,2.0,Plat,1.0,0.0,0.0,Normale,0.0,Aucun,Blessé léger,Masculin,16.0,Domicile - école,3,9,0.0,0.0,0.0,0.0,200800072283B01,7,4,1.0,Cohérente,Non cohérentes
697,200900004111,2009-01-05,2009,janvier,lundi,17:45,74,74010,0.0,0.0,En agglomération,Intersection en X,6.0,Nuit avec éclairage public allumé,Normale,4,Bidirectionnelle,2.0,Plat,1.0,0.0,56.0,Normale,0.0,Sur chaussée,Blessé léger,Féminin,25.0,Autre,3,2,0.0,0.0,1.0,1.0,200900004111A01,7,15,1.0,Cohérente,Non cohérentes
698,200900006451,2009-01-09,2009,janvier,vendredi,17:30,67,67482,4e-05,0.0,En agglomération,Intersection en X,3.0,Nuit avec éclairage public allumé,Normale,4,A chaussées séparées,0.0,Plat,1.0,79.0,79.0,Normale,0.0,Sur chaussée,Blessé léger,Féminin,18.0,Promenade - loisirs,3,9,0.0,2.0,8.0,19.0,200900006451B01,7,15,1.0,Cohérente,Non cohérentes
699,200900006451,2009-01-09,2009,janvier,vendredi,17:30,67,67482,4e-05,0.0,En agglomération,Intersection en X,3.0,Nuit avec éclairage public allumé,Normale,4,A chaussées séparées,0.0,Plat,1.0,79.0,79.0,Normale,0.0,Sur chaussée,Indemne,Masculin,18.0,Promenade - loisirs,3,9,0.0,2.0,8.0,19.0,200900006451B01,7,15,1.0,Cohérente,Non cohérentes
700,200900006453,2009-01-30,2009,janvier,vendredi,84:5,67,67482,4e-05,0.0,En agglomération,Hors intersection,3.0,Plein jour,Normale,4,Bidirectionnelle,2.0,Plat,1.0,0.0,60.0,Normale,0.0,Sur chaussée,Blessé léger,Féminin,22.0,Non renseigné,3,9,0.0,2.0,1.0,19.0,200900006453B01,7,1,1.0,Non cohérente,Non cohérentes
701,200900006457,2009-01-08,2009,janvier,jeudi,12:20,67,67482,4e-05,0.0,En agglomération,Intersection en X,5.0,Plein jour,Normale,4,Bidirectionnelle,2.0,Plat,1.0,0.0,60.0,Normale,0.0,Sur chaussée,Blessé léger,Féminin,16.0,Domicile - école,1,4,0.0,2.0,1.0,1.0,200900006457C01,7,23/14,2.0,Cohérente,Non cohérentes
702,200900006458,2009-01-30,2009,janvier,vendredi,13:45,67,67482,0.0,0.0,En agglomération,Intersection en T,1.0,Plein jour,Normale,4,A sens unique,1.0,Plat,1.0,0.0,45.0,Normale,0.0,Sur chaussée,Blessé léger,Masculin,35.0,Non renseigné,1,9,0.0,2.0,1.0,5.0,200900006458A01,7,1,1.0,Cohérente,Non cohérentes
703,200900006463,2009-01-13,2009,janvier,mardi,18:20,67,67482,0.0,0.0,En agglomération,Intersection en X,3.0,Nuit avec éclairage public allumé,Normale,4,Bidirectionnelle,2.0,Plat,1.0,0.0,85.0,Normale,0.0,Sur chaussée,Blessé léger,Masculin,15.0,Domicile - école,3,2,0.0,2.0,3.0,1.0,200900006463B01,7,1,1.0,Cohérente,Non cohérentes
704,200900006472,2009-01-22,2009,janvier,jeudi,93:5,67,67482,0.0,0.0,En agglomération,Intersection en T,3.0,Plein jour,Normale,4,A sens unique,1.0,Plat,1.0,0.0,40.0,Normale,0.0,Sur piste cyclable,Blessé léger,Féminin,55.0,Domicile - travail,3,2,0.0,0.0,0.0,1.0,200900006472B01,7,15,1.0,Non cohérente,Non cohérentes
705,200900006474,2009-01-28,2009,janvier,mercredi,18:40,67,67482,4e-05,0.0,En agglomération,Intersection en X,6.0,Crépuscule ou aube,Normale,4,Bidirectionnelle,2.0,Plat,1.0,0.0,0.0,Normale,0.0,Sur chaussée,Blessé léger,Féminin,55.0,Non renseigné,2,2,0.0,2.0,1.0,0.0,200900006474B01,7,1,1.0,Cohérente,Non cohérentes
706,200900006503,2009-01-28,2009,janvier,mercredi,20:00,67,67482,4e-05,0.0,En agglomération,Hors intersection,3.0,Nuit avec éclairage public allumé,Normale,4,Bidirectionnelle,2.0,Plat,1.0,0.0,53.0,Normale,0.0,Sur chaussée,Blessé léger,Masculin,61.0,Promenade - loisirs,3,9,0.0,2.0,7.0,1.0,200900006503B01,7,1,1.0,Cohérente,Non cohérentes
707,200900007337,2009-01-30,2009,janvier,vendredi,10:35,38,38185,0.0,0.0,En agglomération,Hors intersection,3.0,Plein jour,Normale,4,A chaussées séparées,4.0,Plat,1.0,0.0,100.0,Normale,0.0,Sur chaussée,Blessé hospitalisé,Masculin,80.0,Utilisation professionnelle,2,2,0.0,2.0,8.0,19.0,200900007337B01,40,1,1.0,Cohérente,Non cohérentes
708,200900007376,2009-01-30,2009,janvier,vendredi,94:0,38,38185,0.0,0.0,En agglomération,Hors intersection,6.0,Plein jour,Normale,4,Bidirectionnelle,2.0,Plat,1.0,0.0,55.0,Normale,0.0,Sur chaussée,Blessé léger,Féminin,20.0,Domicile - école,2,4,0.0,2.0,1.0,19.0,200900007376B01,7,21,1.0,Non cohérente,Non cohérentes
709,200900007407,2009-02-03,2009,février,mardi,16:10,38,38185,0.0,0.0,En agglomération,Hors intersection,3.0,Plein jour,Normale,4,Bidirectionnelle,4.0,Plat,1.0,0.0,140.0,Normale,0.0,Sur piste cyclable,Blessé hospitalisé,Masculin,24.0,Non renseigné,3,9,0.0,2.0,1.0,1.0,200900007407B01,37,16,1.0,Cohérente,Non cohérentes
710,200900008537,2009-03-16,2009,mars,lundi,13:25,74,74010,0.0,0.0,En agglomération,Intersection en X,3.0,Plein jour,Normale,4,A sens unique,1.0,Plat,-1.0,0.0,40.0,Normale,0.0,Aucun,Blessé léger,Masculin,36.0,Non renseigné,3,9,0.0,0.0,0.0,1.0,200900008537B01,10,1,1.0,Cohérente,Non cohérentes
711,200900011207,2009-02-11,2009,février,mercredi,80:0,67,67482,4e-05,0.0,En agglomération,Intersection en X,3.0,Plein jour,Normale,4,A chaussées séparées,5.0,Plat,1.0,0.0,220.0,Normale,0.0,Sur trottoir,Indemne,Masculin,43.0,Domicile - travail,3,9,0.0,9.0,7.0,1.0,200900011207B01,1,1,1.0,Non cohérente,Non cohérentes
712,200900011207,2009-02-11,2009,février,mercredi,80:0,67,67482,4e-05,0.0,En agglomération,Intersection en X,3.0,Plein jour,Normale,4,A chaussées séparées,5.0,Plat,1.0,0.0,220.0,Normale,0.0,Sur trottoir,Blessé léger,Masculin,48.0,Domicile - travail,3,9,0.0,2.0,0.0,1.0,200900011207A01,1,1,1.0,Non cohérente,Non cohérentes
713,200900011218,2009-02-12,2009,février,jeudi,75:0,67,67482,4e-05,0.0,En agglomération,Hors intersection,3.0,Plein jour,Autre,4,Bidirectionnelle,2.0,Plat,3.0,0.0,60.0,Verglacée,0.0,Sur chaussée,Blessé léger,Masculin,24.0,Non renseigné,2,9,0.0,2.0,1.0,1.0,200900011218B01,7,1,1.0,Non cohérente,Non cohérentes
714,200900011220,2009-02-13,2009,février,vendredi,91:0,67,67482,4e-05,0.0,En agglomération,Intersection en T,6.0,Plein jour,Normale,4,Bidirectionnelle,2.0,Plat,1.0,0.0,80.0,Normale,0.0,Sur chaussée,Blessé léger,Féminin,42.0,Non renseigné,3,9,0.0,2.0,1.0,1.0,200900011220B01,7,15,1.0,Non cohérente,Non cohérentes
715,200900011239,2009-02-18,2009,février,mercredi,12:10,67,67482,4e-05,0.0,En agglomération,Intersection en X,3.0,Plein jour,Normale,4,Bidirectionnelle,3.0,Plat,1.0,0.0,110.0,Normale,0.0,Sur chaussée,Blessé léger,Féminin,23.0,Non renseigné,1,2,0.0,2.0,7.0,19.0,200900011239B01,7,1,1.0,Cohérente,Non cohérentes
716,200900011243,2009-02-24,2009,février,mardi,20:15,67,67482,4e-05,0.0,En agglomération,Hors intersection,6.0,Nuit avec éclairage public allumé,Normale,4,A sens unique,1.0,Plat,1.0,0.0,40.0,Normale,0.0,Sur piste cyclable,Blessé léger,Féminin,74.0,Promenade - loisirs,3,9,0.0,2.0,7.0,1.0,200900011243B01,2,1,1.0,Cohérente,Non cohérentes
717,200900011246,2009-02-27,2009,février,vendredi,23:20,67,67482,4e-05,0.0,En agglomération,Hors intersection,3.0,Nuit avec éclairage public allumé,Normale,4,Bidirectionnelle,2.0,Plat,1.0,0.0,119.0,Normale,0.0,Sur chaussée,Blessé léger,Masculin,16.0,Non renseigné,3,9,0.0,2.0,2.0,19.0,200900011246A01,7,1,1.0,Cohérente,Non cohérentes
718,200900011403,2009-03-25,2009,mars,mercredi,19:00,67,67482,4e-05,0.0,En agglomération,Hors intersection,6.0,Nuit avec éclairage public allumé,Pluie forte,4,Non renseigné,2.0,Plat,1.0,0.0,60.0,Mouillée,0.0,Sur chaussée,Blessé léger,Féminin,19.0,Promenade - loisirs,3,9,1.0,0.0,1.0,1.0,200900011403B01,7,22,1.0,Cohérente,Non cohérentes
719,200900011404,2009-03-19,2009,mars,jeudi,18:00,67,67482,0.0,0.0,En agglomération,Intersection en X,3.0,Plein jour,Normale,4,A sens unique,1.0,Plat,1.0,0.0,25.0,Normale,0.0,Sur chaussée,Blessé léger,Féminin,26.0,Domicile - travail,3,9,0.0,2.0,8.0,19.0,200900011404B01,7,15,1.0,Cohérente,Non cohérentes
720,200900011406,2009-03-11,2009,mars,mercredi,16:40,67,67482,0.0,0.0,En agglomération,Hors intersection,6.0,Plein jour,Normale,4,Bidirectionnelle,2.0,Plat,1.0,0.0,110.0,Normale,0.0,Sur piste cyclable,Blessé léger,Féminin,34.0,Promenade - loisirs,3,9,0.0,2.0,1.0,1.0,200900011406B01,7,22,1.0,Cohérente,Non cohérentes
721,200900011407,2009-03-05,2009,mars,jeudi,21:15,67,67482,4e-05,0.0,En agglomération,Intersection en X,3.0,Nuit avec éclairage public allumé,Pluie légère,4,Bidirectionnelle,3.0,Plat,1.0,0.0,92.0,Mouillée,0.0,Sur chaussée,Blessé léger,Féminin,22.0,Promenade - loisirs,1,4,0.0,2.0,1.0,19.0,200900011407B01,7,15,1.0,Cohérente,Non cohérentes
722,200900011409,2009-03-20,2009,mars,vendredi,81:0,67,67482,0.0,0.0,En agglomération,Intersection en T,6.0,Plein jour,Normale,4,Bidirectionnelle,4.0,Plat,1.0,26.0,123.0,Normale,0.0,Sur chaussée,Blessé léger,Féminin,24.0,Autre,3,9,0.0,2.0,0.0,1.0,200900011409A01,7,15,1.0,Non cohérente,Non cohérentes
723,200900011416,2009-03-30,2009,mars,lundi,20:15,67,67482,4e-05,0.0,En agglomération,Intersection en T,3.0,Nuit avec éclairage public allumé,Pluie légère,4,Bidirectionnelle,4.0,Plat,1.0,0.0,90.0,Normale,0.0,Aucun,Blessé léger,Féminin,22.0,Non renseigné,3,2,0.0,2.0,1.0,1.0,200900011416B01,7,15,1.0,Cohérente,Non cohérentes
724,200900011417,2009-03-16,2009,mars,lundi,90:0,67,67482,4e-05,0.0,En agglomération,Intersection en X,3.0,Plein jour,Normale,4,Non renseigné,2.0,Non renseigné,-1.0,110.0,80.0,Non renseigné,0.0,Aucun,Blessé léger,Masculin,23.0,Non renseigné,3,2,0.0,2.0,1.0,13.0,200900011417A01,37,1,1.0,Non cohérente,Non cohérentes
725,200900011419,2009-03-30,2009,mars,lundi,84:5,67,67482,4e-05,0.0,En agglomération,Intersection en X,3.0,Plein jour,Normale,4,Bidirectionnelle,4.0,Bas de côte,1.0,0.0,140.0,Normale,0.0,Sur chaussée,Blessé léger,Masculin,63.0,Promenade - loisirs,3,9,0.0,2.0,7.0,19.0,200900011419B01,7,1,1.0,Non cohérente,Non cohérentes
726,200900011420,2009-03-10,2009,mars,mardi,17:20,67,67482,4e-05,0.0,En agglomération,Intersection en X,1.0,Plein jour,Temps couvert,4,A sens unique,1.0,Plat,1.0,0.0,80.0,Mouillée,4.0,Sur chaussée,Blessé léger,Féminin,14.0,Domicile - école,3,9,0.0,2.0,2.0,15.0,200900011420B01,7,1,1.0,Cohérente,Non cohérentes
727,200900011424,2009-03-16,2009,mars,lundi,16:30,67,67482,4e-05,0.0,En agglomération,Hors intersection,6.0,Plein jour,Normale,4,Bidirectionnelle,2.0,Plat,1.0,180.0,30.0,Normale,0.0,Sur piste cyclable,Indemne,Masculin,43.0,Domicile - travail,3,2,0.0,1.0,1.0,1.0,200900011424A01,,,,Cohérente,Non cohérentes
728,200900011426,2009-03-17,2009,mars,mardi,84:5,67,67482,4e-05,0.0,En agglomération,Hors intersection,6.0,Plein jour,Normale,4,Bidirectionnelle,2.0,Plat,1.0,0.0,70.0,Normale,0.0,Sur piste cyclable,Blessé léger,Masculin,35.0,Promenade - loisirs,3,9,0.0,2.0,0.0,1.0,200900011426B01,7,10,1.0,Non cohérente,Non cohérentes
729,200900011430,2009-03-19,2009,mars,jeudi,81:5,67,67482,4e-05,0.0,En agglomération,Intersection en X,3.0,Plein jour,Normale,4,Bidirectionnelle,4.0,Plat,1.0,0.0,100.0,Normale,0.0,Sur chaussée,Blessé léger,Féminin,44.0,Domicile - travail,2,2,0.0,2.0,1.0,1.0,200900011430B01,7,16,1.0,Non cohérente,Non cohérentes
730,200900013532,2009-04-23,2009,avril,jeudi,18:20,74,74010,0.0,0.0,En agglomération,Intersection en T,3.0,Plein jour,Normale,3,Bidirectionnelle,2.0,Non renseigné,1.0,0.0,80.0,Normale,0.0,Sur chaussée,Blessé léger,Féminin,41.0,Autre,1,9,0.0,2.0,1.0,19.0,200900013532A01,33,1,1.0,Cohérente,Non cohérentes
731,200900015449,2009-04-09,2009,avril,jeudi,85:0,38,38185,0.0,0.0,En agglomération,Hors intersection,7.0,Plein jour,Normale,4,Bidirectionnelle,2.0,Plat,1.0,0.0,126.0,Normale,0.0,Sur piste cyclable,Blessé léger,Féminin,24.0,Non renseigné,2,9,1.0,0.0,0.0,1.0,200900015449B01,7,24,1.0,Non cohérente,Non cohérentes
732,200900015509,2009-04-22,2009,avril,mercredi,16:15,38,38185,0.0,0.0,En agglomération,Hors intersection,3.0,Plein jour,Normale,4,A sens unique,2.0,Plat,2.0,0.0,100.0,Normale,0.0,Sur chaussée,Blessé léger,Féminin,36.0,Promenade - loisirs,3,9,0.0,2.0,2.0,1.0,200900015509B01,7,9,1.0,Cohérente,Non cohérentes
733,200900015516,2009-04-17,2009,avril,vendredi,61:0,38,38185,0.0,0.0,En agglomération,Hors intersection,7.0,Crépuscule ou aube,Normale,4,Bidirectionnelle,3.0,Plat,1.0,0.0,105.0,Normale,0.0,Sur chaussée,Blessé hospitalisé,Masculin,42.0,Non renseigné,3,9,12.0,2.0,0.0,1.0,200900015516B01,7,16,1.0,Non cohérente,Non cohérentes
734,200900016922,2009-05-27,2009,mai,mercredi,18:30,74,74010,0.0,0.0,En agglomération,Hors intersection,6.0,Plein jour,Normale,3,Bidirectionnelle,0.0,Pente,4.0,0.0,0.0,Normale,0.0,Sur chaussée,Blessé léger,Masculin,17.0,Promenade - loisirs,3,2,0.0,2.0,1.0,1.0,200900016922A01,7,1,1.0,Cohérente,Non cohérentes
735,200900019347,2009-04-01,2009,avril,mercredi,80:0,67,67482,0.0,0.0,En agglomération,Hors intersection,3.0,Plein jour,Normale,4,Bidirectionnelle,2.0,Plat,1.0,0.0,50.0,Normale,0.0,Sur chaussée,Blessé léger,Masculin,16.0,Domicile - école,3,9,0.0,2.0,1.0,1.0,200900019347B01,7,4,1.0,Non cohérente,Non cohérentes
736,200900019356,2009-04-06,2009,avril,lundi,91:0,67,67482,0.0,0.0,En agglomération,Intersection en T,3.0,Plein jour,Normale,4,A sens unique,1.0,Plat,1.0,0.0,50.0,Normale,0.0,Sur chaussée,Blessé léger,Féminin,29.0,Promenade - loisirs,3,9,0.0,2.0,7.0,1.0,200900019356B01,7,16,1.0,Non cohérente,Non cohérentes
737,200900019358,2009-04-11,2009,avril,samedi,11:45,67,67482,0.0,0.0,En agglomération,Intersection en T,6.0,Plein jour,Normale,4,Bidirectionnelle,2.0,Plat,1.0,0.0,60.0,Normale,0.0,Sur chaussée,Blessé léger,Masculin,8.0,Promenade - loisirs,3,2,0.0,2.0,1.0,19.0,200900019358B01,7,1,1.0,Cohérente,Non cohérentes
738,200900019360,2009-04-12,2009,avril,dimanche,10:30,67,67482,0.0,0.0,En agglomération,Hors intersection,6.0,Plein jour,Normale,4,Bidirectionnelle,4.0,Plat,1.0,0.0,120.0,Normale,0.0,Sur piste cyclable,Indemne,Féminin,27.0,Non renseigné,3,2,0.0,1.0,0.0,1.0,200900019360A01,,,,Cohérente,Non cohérentes
739,200900019389,2009-04-19,2009,avril,dimanche,18:20,67,67482,0.0,0.0,En agglomération,Intersection en T,3.0,Plein jour,Normale,4,Bidirectionnelle,1.0,Plat,2.0,0.0,100.0,Normale,0.0,Sur chaussée,Blessé léger,Féminin,56.0,Promenade - loisirs,2,2,0.0,2.0,1.0,0.0,200900019389B01,7,0,1.0,Cohérente,Non cohérentes
740,200900019411,2009-04-12,2009,avril,dimanche,17:00,67,67482,0.0,0.0,En agglomération,Hors intersection,3.0,Plein jour,Normale,4,A sens unique,1.0,Plat,1.0,0.0,60.0,Normale,0.0,Sur chaussée,Blessé léger,Masculin,21.0,Non renseigné,3,2,0.0,2.0,3.0,19.0,200900019411A01,7,1,1.0,Cohérente,Non cohérentes
741,200900019412,2009-04-25,2009,avril,samedi,14:10,67,67482,0.0,0.0,En agglomération,Intersection en X,3.0,Plein jour,Normale,4,A chaussées séparées,1.0,Plat,1.0,0.0,70.0,Normale,0.0,Sur trottoir,Blessé léger,Masculin,58.0,Promenade - loisirs,3,9,0.0,2.0,1.0,16.0,200900019412B01,7,20,1.0,Cohérente,Non cohérentes
742,200900019696,2009-05-18,2009,mai,lundi,84:5,67,67482,0.0,0.0,En agglomération,Intersection en T,3.0,Plein jour,Normale,4,Bidirectionnelle,2.0,Plat,1.0,0.0,80.0,Normale,0.0,Sur chaussée,Blessé léger,Féminin,24.0,Promenade - loisirs,3,9,0.0,2.0,1.0,15.0,200900019696A01,7,1,1.0,Non cohérente,Non cohérentes
743,200900019698,2009-05-22,2009,mai,vendredi,21:15,67,67482,0.0,0.0,En agglomération,Hors intersection,3.0,Plein jour,Normale,4,A chaussées séparées,4.0,Plat,1.0,18.0,76.0,Normale,0.0,Sur chaussée,Blessé léger,Masculin,30.0,Promenade - loisirs,2,2,0.0,2.0,8.0,19.0,200900019698B01,7,15,1.0,Cohérente,Non cohérentes
744,200900019716,2009-05-20,2009,mai,mercredi,1:,67,67482,0.0,0.0,En agglomération,Intersection en X,6.0,Nuit avec éclairage public allumé,Normale,4,A sens unique,1.0,Plat,1.0,0.0,45.0,Normale,0.0,Sur chaussée,Blessé léger,Féminin,19.0,Non renseigné,3,2,0.0,2.0,0.0,19.0,200900019716B01,7,0,1.0,Non cohérente,Non cohérentes
745,200900019727,2009-05-24,2009,mai,dimanche,23:05,67,67482,0.0,0.0,En agglomération,Hors intersection,1.0,Nuit avec éclairage public allumé,Normale,4,A sens unique,2.0,Plat,1.0,0.0,81.0,Normale,0.0,Sur trottoir,Blessé léger,Féminin,25.0,Promenade - loisirs,2,9,0.0,2.0,1.0,1.0,200900019727B01,30,1,1.0,Cohérente,Non cohérentes
746,200900019728,2009-05-27,2009,mai,mercredi,12:30,67,67482,0.0,0.0,En agglomération,Intersection en T,3.0,Plein jour,Normale,4,Bidirectionnelle,2.0,Plat,1.0,0.0,100.0,Normale,0.0,Sur chaussée,Blessé léger,Féminin,18.0,Domicile - école,3,9,0.0,2.0,1.0,1.0,200900019728B01,7,16,1.0,Cohérente,Non cohérentes
747,200900019729,2009-05-27,2009,mai,mercredi,22:30,67,67482,0.0,0.0,En agglomération,Intersection en T,3.0,Nuit avec éclairage public allumé,Normale,4,Bidirectionnelle,2.0,Plat,1.0,0.0,108.0,Normale,0.0,Sur chaussée,Blessé léger,Féminin,29.0,Autre,3,9,0.0,2.0,8.0,1.0,200900019729B01,7,15,1.0,Cohérente,Non cohérentes
748,200900019731,2009-05-11,2009,mai,lundi,19:15,67,67482,0.0,0.0,En agglomération,Intersection en X,3.0,Plein jour,Normale,4,Bidirectionnelle,4.0,Plat,1.0,0.0,50.0,Normale,0.0,Sur chaussée,Blessé léger,Féminin,24.0,Domicile - travail,3,9,0.0,2.0,0.0,1.0,200900019731B01,7,14,1.0,Cohérente,Non cohérentes
749,200900019737,2009-05-15,2009,mai,vendredi,19:30,67,67482,0.0,0.0,En agglomération,Intersection en X,3.0,Plein jour,Pluie légère,4,Bidirectionnelle,3.0,Plat,1.0,15.0,110.0,Mouillée,0.0,Sur chaussée,Blessé léger,Masculin,26.0,Utilisation professionnelle,2,2,0.0,2.0,1.0,1.0,200900019737B01,7,15,1.0,Cohérente,Non cohérentes
750,200900019739,2009-05-05,2009,mai,mardi,13:50,67,67482,0.0,0.0,En agglomération,Hors intersection,4.0,Plein jour,Normale,4,A sens unique,1.0,Plat,1.0,0.0,35.0,Normale,0.0,Sur chaussée,Blessé léger,Masculin,23.0,Autre,3,9,0.0,2.0,3.0,13.0,200900019739A01,7,24/1,2.0,Cohérente,Non cohérentes
751,200900019740,2009-05-14,2009,mai,jeudi,18:55,67,67482,0.0,0.0,En agglomération,Intersection en X,3.0,Plein jour,Normale,4,Bidirectionnelle,2.0,Plat,1.0,0.0,60.0,Normale,0.0,Sur chaussée,Blessé léger,Masculin,17.0,Promenade - loisirs,3,9,0.0,2.0,1.0,1.0,200900019740A01,2,1,1.0,Cohérente,Non cohérentes
752,200900019746,2009-05-06,2009,mai,mercredi,94:5,67,67482,0.0,0.0,En agglomération,Hors intersection,3.0,Plein jour,Normale,4,Bidirectionnelle,2.0,Plat,1.0,0.0,60.0,Normale,0.0,Sur chaussée,Blessé léger,Masculin,38.0,Domicile - travail,3,9,1.0,0.0,1.0,1.0,200900019746B01,7,24,1.0,Non cohérente,Non cohérentes
753,200900021148,2009-06-02,2009,juin,mardi,74:5,67,67482,0.0,0.0,En agglomération,Intersection en X,6.0,Plein jour,Normale,4,Bidirectionnelle,3.0,Plat,1.0,0.0,100.0,Normale,0.0,Sur chaussée,Blessé léger,Masculin,18.0,Domicile - école,2,2,0.0,2.0,1.0,1.0,200900021148B01,7,16,1.0,Non cohérente,Non cohérentes
754,200900021159,2009-06-06,2009,juin,samedi,18:58,67,67482,0.0,0.0,En agglomération,Hors intersection,3.0,Plein jour,Normale,4,Bidirectionnelle,2.0,Plat,1.0,15.0,0.0,Normale,4.0,Sur chaussée,Blessé léger,Masculin,11.0,Non renseigné,2,9,0.0,4.0,1.0,16.0,200900021159B01,40,1,1.0,Cohérente,Non cohérentes
755,200900021161,2009-06-10,2009,juin,mercredi,12:50,67,67482,0.0,0.0,En agglomération,Intersection en X,3.0,Plein jour,Normale,4,Bidirectionnelle,2.0,Plat,1.0,0.0,90.0,Normale,0.0,Sur chaussée,Blessé léger,Féminin,30.0,Domicile - travail,3,2,0.0,2.0,1.0,1.0,200900021161B01,7,1,1.0,Cohérente,Non cohérentes
756,200900021163,2009-06-03,2009,juin,mercredi,90:0,67,67482,0.0,0.0,En agglomération,Hors intersection,3.0,Plein jour,Normale,4,Bidirectionnelle,2.0,Plat,1.0,0.0,70.0,Normale,0.0,Sur chaussée,Blessé léger,Féminin,39.0,Non renseigné,2,2,1.0,0.0,3.0,1.0,200900021163B01,7,22,1.0,Non cohérente,Non cohérentes
757,200900021165,2009-06-11,2009,juin,jeudi,20:45,67,67482,0.0,0.0,En agglomération,Hors intersection,3.0,Crépuscule ou aube,Normale,6,Bidirectionnelle,2.0,Plat,1.0,0.0,106.0,Normale,0.0,Sur piste cyclable,Blessé léger,Féminin,32.0,Promenade - loisirs,3,9,0.0,2.0,7.0,1.0,200900021165B01,7,16,1.0,Cohérente,Non cohérentes
758,200900021173,2009-06-08,2009,juin,lundi,82:0,67,67482,0.0,0.0,En agglomération,Hors intersection,6.0,Plein jour,Normale,9,A sens unique,1.0,Plat,1.0,0.0,0.0,Normale,0.0,Sur piste cyclable,Indemne,Masculin,41.0,Non renseigné,3,9,0.0,1.0,1.0,1.0,200900021173A01,,,,Non cohérente,Non cohérentes
759,200900021175,2009-06-13,2009,juin,samedi,17:00,67,67482,0.0,0.0,En agglomération,Intersection en T,3.0,Plein jour,Normale,4,Bidirectionnelle,2.0,Plat,1.0,0.0,60.0,Normale,0.0,Sur chaussée,Blessé léger,Féminin,55.0,Courses - achats,2,2,0.0,2.0,1.0,19.0,200900021175A01,1,1,1.0,Cohérente,Non cohérentes
760,200900021175,2009-06-13,2009,juin,samedi,17:00,67,67482,0.0,0.0,En agglomération,Intersection en T,3.0,Plein jour,Normale,4,Bidirectionnelle,2.0,Plat,1.0,0.0,60.0,Normale,0.0,Sur chaussée,Blessé léger,Masculin,32.0,Promenade - loisirs,1,2,0.0,2.0,1.0,1.0,200900021175B01,1,19,1.0,Cohérente,Non cohérentes
761,200900021204,2009-06-16,2009,juin,mardi,15:50,67,67482,0.0,0.0,En agglomération,Intersection en X,3.0,Plein jour,Normale,4,Bidirectionnelle,1.0,Plat,1.0,0.0,110.0,Normale,0.0,Sur chaussée,Blessé léger,Féminin,47.0,Non renseigné,3,2,0.0,2.0,5.0,15.0,200900021204B01,7,15,1.0,Cohérente,Non cohérentes
762,200900021220,2009-06-25,2009,juin,jeudi,15:45,67,67482,0.0,0.0,En agglomération,Hors intersection,2.0,Plein jour,Normale,4,Bidirectionnelle,2.0,Plat,1.0,0.0,90.0,Normale,0.0,Sur chaussée,Blessé léger,Féminin,49.0,Domicile - travail,3,9,0.0,2.0,4.0,1.0,200900021220B01,7,1,1.0,Cohérente,Non cohérentes
763,200900021222,2009-06-25,2009,juin,jeudi,83:0,67,67482,0.0,0.0,En agglomération,Intersection en T,6.0,Plein jour,Normale,4,A sens unique,1.0,Plat,1.0,0.0,30.0,Normale,4.0,Sur chaussée,Blessé léger,Masculin,24.0,Non renseigné,3,9,0.0,2.0,3.0,1.0,200900021222A01,7,15,1.0,Non cohérente,Non cohérentes
764,200900021223,2009-06-30,2009,juin,mardi,10:45,67,67482,0.0,0.0,En agglomération,Intersection en X,3.0,Plein jour,Normale,4,Bidirectionnelle,4.0,Plat,1.0,0.0,150.0,Normale,0.0,Sur piste cyclable,Blessé léger,Féminin,35.0,Promenade - loisirs,2,2,0.0,2.0,1.0,1.0,200900021223B01,7,16,1.0,Cohérente,Non cohérentes
765,200900021225,2009-06-28,2009,juin,dimanche,18:50,67,67482,0.0,0.0,En agglomération,Intersection en T,3.0,Plein jour,Normale,4,Bidirectionnelle,3.0,Plat,1.0,0.0,119.0,Normale,0.0,Sur chaussée,Blessé léger,Masculin,59.0,Non renseigné,2,2,0.0,2.0,8.0,1.0,200900021225B01,7,15,1.0,Cohérente,Non cohérentes
766,200900021226,2009-06-22,2009,juin,lundi,16:25,67,67482,0.0,0.0,En agglomération,Hors intersection,6.0,Plein jour,Pluie forte,4,A sens unique,3.0,Plat,1.0,0.0,0.0,Mouillée,0.0,Sur chaussée,Blessé hospitalisé,Féminin,26.0,Domicile - travail,3,9,0.0,2.0,1.0,1.0,200900021226B01,7,22,1.0,Cohérente,Non cohérentes
767,200900021226,2009-06-22,2009,juin,lundi,16:25,67,67482,0.0,0.0,En agglomération,Hors intersection,6.0,Plein jour,Pluie forte,4,A sens unique,3.0,Plat,1.0,0.0,0.0,Mouillée,0.0,Sur chaussée,Indemne,Masculin,20.0,Non renseigné,3,9,0.0,2.0,1.0,1.0,200900021226B01,7,22,1.0,Cohérente,Non cohérentes
768,200900021873,2009-05-30,2009,mai,samedi,19:30,38,38185,0.0,0.0,En agglomération,Intersection en T,3.0,Plein jour,Normale,4,A sens unique,3.0,Plat,1.0,0.0,97.0,Normale,0.0,Sur chaussée,Blessé léger,Masculin,22.0,Promenade - loisirs,3,2,0.0,2.0,1.0,1.0,200900021873B01,7,15,1.0,Cohérente,Non cohérentes
769,200900021921,2009-05-30,2009,mai,samedi,55:,38,38185,0.0,0.0,Hors agglomération,Hors intersection,2.0,Nuit sans éclairage public,Normale,1,A chaussées séparées,4.0,Plat,1.0,0.0,170.0,Normale,0.0,Sur chaussée,Tué,Masculin,47.0,Autre,3,9,0.0,2.0,4.0,0.0,200900021921B01,10,1,1.0,Non cohérente,Non cohérentes
770,200900021923,2009-05-06,2009,mai,mercredi,21:50,38,38185,0.0,0.0,En agglomération,Hors intersection,3.0,Nuit avec éclairage public allumé,Normale,4,A sens unique,1.0,Plat,1.0,0.0,50.0,Normale,0.0,Sur chaussée,Blessé léger,Masculin,38.0,Non renseigné,3,9,0.0,2.0,1.0,1.0,200900021923B01,7,16,1.0,Cohérente,Non cohérentes
771,200900022933,2009-06-15,2009,juin,lundi,16:55,74,74010,0.0,0.0,En agglomération,Intersection en X,3.0,Plein jour,Normale,4,A sens unique,1.0,Plat,1.0,0.0,69.0,Normale,0.0,Aucun,Blessé léger,Masculin,53.0,Domicile - travail,3,2,0.0,0.0,1.0,1.0,200900022933B01,7,1,1.0,Cohérente,Non cohérentes
772,200900024402,2009-07-02,2009,juillet,jeudi,21:10,67,67482,0.0,0.0,En agglomération,Intersection en T,6.0,Crépuscule ou aube,Normale,4,Bidirectionnelle,2.0,Plat,1.0,0.0,105.0,Normale,0.0,Sur chaussée,Blessé léger,Masculin,22.0,Autre,3,9,0.0,2.0,4.0,13.0,200900024402B01,2,1,1.0,Cohérente,Non cohérentes
773,200900024412,2009-07-06,2009,juillet,lundi,19:30,67,67482,0.0,0.0,En agglomération,Intersection en T,3.0,Plein jour,Normale,4,Bidirectionnelle,2.0,Plat,1.0,0.0,80.0,Normale,0.0,Sur chaussée,Blessé léger,Masculin,41.0,Non renseigné,3,9,0.0,2.0,1.0,1.0,200900024412B01,7,1,1.0,Cohérente,Non cohérentes
774,200900024413,2009-07-04,2009,juillet,samedi,94:5,67,67482,0.0,0.0,En agglomération,Intersection en T,3.0,Plein jour,Normale,4,Bidirectionnelle,2.0,Plat,1.0,0.0,70.0,Normale,0.0,Sur piste cyclable,Blessé léger,Masculin,49.0,Domicile - travail,3,9,0.0,2.0,1.0,1.0,200900024413B01,7,15,1.0,Non cohérente,Non cohérentes
775,200900024416,2009-07-06,2009,juillet,lundi,18:30,67,67482,0.0,0.0,En agglomération,Hors intersection,6.0,Plein jour,Normale,4,Bidirectionnelle,1.0,Pente,4.0,0.0,40.0,Normale,0.0,Sur piste cyclable,Blessé léger,Masculin,26.0,Non renseigné,3,9,0.0,2.0,0.0,1.0,200900024416A01,1,1,1.0,Cohérente,Non cohérentes
776,200900024416,2009-07-06,2009,juillet,lundi,18:30,67,67482,0.0,0.0,En agglomération,Hors intersection,6.0,Plein jour,Normale,4,Bidirectionnelle,1.0,Pente,4.0,0.0,40.0,Normale,0.0,Sur piste cyclable,Blessé hospitalisé,Féminin,63.0,Non renseigné,3,9,0.0,2.0,0.0,1.0,200900024416B01,1,1,1.0,Cohérente,Non cohérentes
777,200900024418,2009-07-04,2009,juillet,samedi,12:20,67,67482,0.0,0.0,En agglomération,Intersection en X,3.0,Plein jour,Normale,4,Bidirectionnelle,2.0,Plat,1.0,0.0,50.0,Normale,0.0,Sur chaussée,Blessé léger,Féminin,37.0,Promenade - loisirs,2,2,0.0,2.0,1.0,19.0,200900024418A01,7,1,1.0,Cohérente,Non cohérentes
778,200900024428,2009-07-28,2009,juillet,mardi,20:50,67,67482,0.0,0.0,En agglomération,Hors intersection,6.0,Crépuscule ou aube,Normale,4,Bidirectionnelle,2.0,Plat,1.0,0.0,103.0,Normale,0.0,Sur chaussée,Blessé léger,Féminin,36.0,Promenade - loisirs,2,2,0.0,2.0,1.0,1.0,200900024428B01,7,24,1.0,Cohérente,Non cohérentes
779,200900024429,2009-07-19,2009,juillet,dimanche,15:40,67,67482,0.0,0.0,En agglomération,Intersection en X,3.0,Plein jour,Normale,4,Bidirectionnelle,2.0,Plat,1.0,0.0,60.0,Normale,0.0,Sur chaussée,Blessé léger,Masculin,71.0,Promenade - loisirs,2,2,0.0,2.0,2.0,1.0,200900024429B01,7,15,1.0,Cohérente,Non cohérentes
780,200900024431,2009-07-29,2009,juillet,mercredi,20:40,67,67482,0.0,0.0,En agglomération,Intersection en X,3.0,Plein jour,Normale,4,Bidirectionnelle,3.0,Plat,1.0,0.0,90.0,Normale,0.0,Sur chaussée,Blessé léger,Féminin,5.0,Promenade - loisirs,1,2,0.0,2.0,0.0,1.0,200900024431B01,7,16,1.0,Cohérente,Non cohérentes
781,200900024435,2009-07-21,2009,juillet,mardi,14:10,67,67482,0.0,0.0,En agglomération,Intersection en X,3.0,Plein jour,Normale,4,Bidirectionnelle,2.0,Plat,1.0,0.0,97.0,Normale,0.0,Sur chaussée,Blessé léger,Féminin,53.0,Non renseigné,3,9,0.0,2.0,1.0,5.0,200900024435A01,7,16,1.0,Cohérente,Non cohérentes
782,200900024437,2009-07-22,2009,juillet,mercredi,17:58,67,67482,0.0,0.0,En agglomération,Intersection en X,3.0,Plein jour,Normale,4,Bidirectionnelle,3.0,Plat,2.0,0.0,0.0,Normale,0.0,Sur chaussée,Blessé léger,Masculin,20.0,Domicile - travail,2,2,0.0,2.0,1.0,1.0,200900024437B01,7,1,1.0,Cohérente,Non cohérentes
783,200900024438,2009-07-24,2009,juillet,vendredi,17:35,67,67482,0.0,0.0,En agglomération,Hors intersection,3.0,Plein jour,Normale,4,Bidirectionnelle,4.0,Plat,1.0,0.0,60.0,Normale,0.0,Sur chaussée,Blessé léger,Féminin,37.0,Non renseigné,3,9,0.0,2.0,0.0,19.0,200900024438B01,7,1,1.0,Cohérente,Non cohérentes
784,200900024439,2009-07-30,2009,juillet,jeudi,17:50,67,67482,0.0,0.0,En agglomération,Autre intersection,6.0,Plein jour,Normale,4,Bidirectionnelle,2.0,Plat,1.0,0.0,60.0,Normale,0.0,Sur chaussée,Blessé léger,Féminin,43.0,Non renseigné,3,2,1.0,2.0,1.0,1.0,200900024439B01,7,22,1.0,Cohérente,Non cohérentes
785,200900024440,2009-07-20,2009,juillet,lundi,82:5,67,67482,0.0,0.0,En agglomération,Intersection en T,3.0,Plein jour,Pluie légère,4,Bidirectionnelle,1.0,Plat,1.0,0.0,0.0,Mouillée,0.0,Aucun,Blessé léger,Féminin,20.0,Non renseigné,2,2,0.0,2.0,7.0,1.0,200900024440A01,7,1,1.0,Non cohérente,Non cohérentes
786,200900024443,2009-07-31,2009,juillet,vendredi,22:00,67,67482,0.0,0.0,En agglomération,Intersection en T,6.0,Nuit avec éclairage public allumé,Normale,4,Bidirectionnelle,2.0,Plat,1.0,0.0,130.0,Normale,0.0,Sur chaussée,Blessé léger,Masculin,51.0,Non renseigné,3,4,0.0,2.0,0.0,0.0,200900024443B01,7,0,1.0,Cohérente,Non cohérentes
787,200900024447,2009-07-21,2009,juillet,mardi,18:59,67,67482,0.0,0.0,En agglomération,Hors intersection,3.0,Plein jour,Normale,4,Bidirectionnelle,2.0,Plat,2.0,0.0,139.0,Normale,0.0,Sur chaussée,Blessé léger,Féminin,28.0,Non renseigné,3,4,0.0,2.0,1.0,1.0,200900024447B01,7,9,1.0,Cohérente,Non cohérentes
788,200900024453,2009-07-13,2009,juillet,lundi,13:45,67,67482,0.0,0.0,En agglomération,Intersection en X,3.0,Plein jour,Normale,4,Bidirectionnelle,2.0,Plat,1.0,0.0,100.0,Normale,0.0,Sur chaussée,Blessé léger,Masculin,25.0,Non renseigné,3,9,0.0,4.0,1.0,1.0,200900024453A01,40,1,1.0,Cohérente,Non cohérentes
789,200900024454,2009-07-15,2009,juillet,mercredi,15:30,67,67482,0.0,0.0,En agglomération,Hors intersection,3.0,Plein jour,Normale,4,Bidirectionnelle,3.0,Plat,1.0,0.0,54.0,Normale,0.0,Sur piste cyclable,Blessé léger,Masculin,43.0,Promenade - loisirs,3,4,0.0,2.0,1.0,1.0,200900024454B01,7,16,1.0,Cohérente,Non cohérentes
790,200900025991,2009-08-13,2009,août,jeudi,13:50,67,67482,0.0,0.0,En agglomération,Autre intersection,3.0,Plein jour,Normale,4,Non renseigné,1.0,Plat,1.0,0.0,0.0,Normale,0.0,Sur chaussée,Blessé léger,Masculin,24.0,Non renseigné,3,9,0.0,2.0,1.0,1.0,200900025991A01,1,1,1.0,Cohérente,Non cohérentes
791,200900025991,2009-08-13,2009,août,jeudi,13:50,67,67482,0.0,0.0,En agglomération,Autre intersection,3.0,Plein jour,Normale,4,Non renseigné,1.0,Plat,1.0,0.0,0.0,Normale,0.0,Sur chaussée,Blessé léger,Masculin,41.0,Non renseigné,3,9,0.0,2.0,8.0,1.0,200900025991B01,1,1,1.0,Cohérente,Non cohérentes
792,200900025995,2009-08-05,2009,août,mercredi,18:50,67,67482,0.0,0.0,En agglomération,Hors intersection,1.0,Plein jour,Normale,4,Bidirectionnelle,2.0,Plat,3.0,0.0,65.0,Normale,0.0,Sur piste cyclable,Blessé léger,Masculin,44.0,Domicile - travail,1,2,0.0,2.0,1.0,1.0,200900025995B01,32,1,1.0,Cohérente,Non cohérentes
793,200900025997,2009-08-10,2009,août,lundi,13:00,67,67482,0.0,0.0,En agglomération,Intersection en T,3.0,Plein jour,Normale,4,A chaussées séparées,1.0,Plat,1.0,0.0,62.0,Normale,0.0,Sur chaussée,Blessé léger,Féminin,52.0,Non renseigné,3,9,0.0,2.0,1.0,1.0,200900025997B01,7,16,1.0,Cohérente,Non cohérentes
794,200900026037,2009-08-20,2009,août,jeudi,10:,67,67482,0.0,0.0,En agglomération,Hors intersection,6.0,Nuit avec éclairage public allumé,Normale,4,Bidirectionnelle,1.0,Plat,1.0,0.0,40.0,Normale,0.0,Sur piste cyclable,Blessé hospitalisé,Féminin,52.0,Non renseigné,3,9,8.0,0.0,1.0,1.0,200900026037A01,,,,Non cohérente,Non cohérentes
795,200900026042,2009-08-27,2009,août,jeudi,16:20,67,67482,0.0,0.0,En agglomération,Hors intersection,1.0,Plein jour,Normale,4,A sens unique,2.0,Plat,1.0,0.0,70.0,Normale,0.0,Sur chaussée,Blessé léger,Masculin,29.0,Non renseigné,3,9,0.0,2.0,1.0,21.0,200900026042A01,7,1,1.0,Cohérente,Non cohérentes
796,200900026043,2009-08-27,2009,août,jeudi,15:20,67,67482,0.0,0.0,En agglomération,Hors intersection,3.0,Plein jour,Normale,4,Bidirectionnelle,3.0,Plat,1.0,0.0,127.0,Normale,0.0,Sur chaussée,Blessé léger,Masculin,82.0,Non renseigné,3,9,0.0,2.0,8.0,18.0,200900026043B01,7,1,1.0,Cohérente,Non cohérentes
797,200900026045,2009-08-19,2009,août,mercredi,11:40,67,67482,0.0,0.0,En agglomération,Hors intersection,6.0,Plein jour,Normale,4,Bidirectionnelle,2.0,Plat,1.0,0.0,70.0,Normale,0.0,Sur trottoir,Indemne,Féminin,19.0,Non renseigné,3,9,0.0,1.0,1.0,1.0,200900026045A01,,,,Cohérente,Non cohérentes
798,200900026046,2009-08-28,2009,août,vendredi,10:15,67,67482,0.0,0.0,En agglomération,Hors intersection,3.0,Plein jour,Normale,4,Bidirectionnelle,2.0,Plat,1.0,0.0,61.0,Normale,0.0,Sur chaussée,Blessé léger,Féminin,34.0,Promenade - loisirs,3,4,0.0,2.0,8.0,1.0,200900026046B01,7,17,1.0,Cohérente,Non cohérentes
799,200900026047,2009-08-28,2009,août,vendredi,16:45,67,67482,0.0,0.0,En agglomération,Hors intersection,6.0,Plein jour,Normale,4,Bidirectionnelle,2.0,Plat,1.0,0.0,100.0,Normale,0.0,Sur chaussée,Indemne,Masculin,34.0,Domicile - travail,3,4,0.0,2.0,1.0,1.0,200900026047A01,,,,Cohérente,Non cohérentes
800,200900026047,2009-08-28,2009,août,vendredi,16:45,67,67482,0.0,0.0,En agglomération,Hors intersection,6.0,Plein jour,Normale,4,Bidirectionnelle,2.0,Plat,1.0,0.0,100.0,Normale,0.0,Sur chaussée,Blessé hospitalisé,Masculin,8.0,Promenade - loisirs,3,9,0.0,2.0,1.0,1.0,200900026047A01,,,,Cohérente,Non cohérentes
801,200900026050,2009-08-28,2009,août,vendredi,18:50,67,67482,0.0,0.0,En agglomération,Hors intersection,1.0,Plein jour,Normale,4,Non renseigné,1.0,Plat,1.0,0.0,150.0,Normale,0.0,Sur chaussée,Blessé léger,Masculin,14.0,Promenade - loisirs,3,4,0.0,2.0,1.0,1.0,200900026050B01,30,1,1.0,Cohérente,Non cohérentes
802,200900026058,2009-08-20,2009,août,jeudi,20:20,67,67482,0.0,0.0,En agglomération,Hors intersection,3.0,Plein jour,Normale,4,A sens unique,1.0,Plat,1.0,25.0,120.0,Normale,0.0,Sur chaussée,Blessé léger,Masculin,57.0,Utilisation professionnelle,3,9,0.0,2.0,2.0,1.0,200900026058B01,2,1,1.0,Cohérente,Non cohérentes
803,200900026060,2009-08-24,2009,août,lundi,83:0,67,67482,0.0,0.0,En agglomération,Intersection en T,3.0,Plein jour,Normale,4,Bidirectionnelle,2.0,Plat,2.0,24.0,50.0,Normale,0.0,Sur chaussée,Blessé hospitalisé,Masculin,33.0,Non renseigné,3,2,0.0,2.0,1.0,1.0,200900026060A01,7,1,1.0,Non cohérente,Non cohérentes
804,200900026459,2009-06-09,2009,juin,mardi,19:50,38,38185,0.0,0.0,En agglomération,Hors intersection,6.0,Plein jour,Normale,4,Non renseigné,0.0,Plat,1.0,0.0,59.0,Normale,6.0,Sur chaussée,Indemne,Masculin,27.0,Non renseigné,3,9,0.0,1.0,1.0,1.0,200900026459A01,,,,Cohérente,Non cohérentes
805,200900026459,2009-06-09,2009,juin,mardi,19:50,38,38185,0.0,0.0,En agglomération,Hors intersection,6.0,Plein jour,Normale,4,Non renseigné,0.0,Plat,1.0,0.0,59.0,Normale,6.0,Sur chaussée,Blessé léger,Féminin,20.0,Utilisation professionnelle,3,9,0.0,1.0,1.0,1.0,200900026459A01,,,,Cohérente,Non cohérentes
806,200900026465,2009-06-11,2009,juin,jeudi,17:00,38,38185,0.0,0.0,En agglomération,Intersection en T,3.0,Plein jour,Normale,4,A sens unique,4.0,Plat,1.0,0.0,107.0,Normale,0.0,Sur piste cyclable,Blessé léger,Masculin,24.0,Autre,3,9,0.0,2.0,1.0,1.0,200900026465B01,7,15,1.0,Cohérente,Non cohérentes
807,200900026534,2009-06-25,2009,juin,jeudi,73:0,38,38185,0.0,0.0,En agglomération,Intersection en X,3.0,Plein jour,Normale,5,Bidirectionnelle,2.0,Plat,1.0,0.0,100.0,Normale,0.0,Sur chaussée,Blessé léger,Masculin,26.0,Non renseigné,3,9,0.0,2.0,1.0,17.0,200900026534B01,7,1,1.0,Non cohérente,Non cohérentes
808,200900026535,2009-06-26,2009,juin,vendredi,14:35,38,38185,0.0,0.0,En agglomération,Intersection en X,3.0,Plein jour,Normale,4,Bidirectionnelle,7.0,Plat,1.0,0.0,293.0,Normale,0.0,Sur chaussée,Blessé hospitalisé,Masculin,40.0,Domicile - travail,3,9,0.0,2.0,1.0,1.0,200900026535B01,7,1,1.0,Cohérente,Non cohérentes
809,200900027972,2009-07-26,2009,juillet,dimanche,11:10,38,38185,0.0,0.0,En agglomération,Hors intersection,3.0,Plein jour,Normale,4,Bidirectionnelle,4.0,Plat,1.0,0.0,140.0,Normale,0.0,Sur chaussée,Blessé léger,Masculin,69.0,Non renseigné,3,9,0.0,2.0,7.0,19.0,200900027972B01,7,1,1.0,Cohérente,Non cohérentes
810,200900028824,2009-07-02,2009,juillet,jeudi,19:50,74,74010,0.0,0.0,En agglomération,Hors intersection,6.0,Plein jour,Normale,3,Bidirectionnelle,0.0,Plat,1.0,0.0,0.0,Normale,0.0,Sur chaussée,Blessé léger,Masculin,33.0,Autre,2,2,0.0,0.0,4.0,1.0,200900028824B01,7,1,1.0,Cohérente,Non cohérentes
811,200900028824,2009-07-02,2009,juillet,jeudi,19:50,74,74010,0.0,0.0,En agglomération,Hors intersection,6.0,Plein jour,Normale,3,Bidirectionnelle,0.0,Plat,1.0,0.0,0.0,Normale,0.0,Sur chaussée,Blessé hospitalisé,Masculin,4.0,Autre,1,2,0.0,0.0,4.0,1.0,200900028824B01,7,1,1.0,Cohérente,Non cohérentes
812,200900034818,2009-09-30,2009,septembre,mercredi,12:09,67,67482,0.0,0.0,En agglomération,Hors intersection,3.0,Plein jour,Normale,4,Bidirectionnelle,2.0,Plat,1.0,0.0,50.0,Normale,0.0,Sur chaussée,Blessé léger,Féminin,67.0,Non renseigné,3,9,1.0,0.0,1.0,1.0,200900034818B01,7,22,1.0,Cohérente,Non cohérentes
813,200900034834,2009-09-10,2009,septembre,jeudi,18:20,67,67482,0.0,0.0,En agglomération,Intersection en X,3.0,Plein jour,Normale,4,A chaussées séparées,4.0,Plat,1.0,0.0,60.0,Normale,0.0,Sur chaussée,Blessé hospitalisé,Masculin,31.0,Non renseigné,3,9,0.0,4.0,7.0,1.0,200900034834B01,40,1,1.0,Cohérente,Non cohérentes
814,200900034852,2009-09-01,2009,septembre,mardi,90:5,67,67482,0.0,0.0,En agglomération,Intersection en T,3.0,Plein jour,Normale,4,Bidirectionnelle,2.0,Plat,1.0,0.0,60.0,Normale,0.0,Sur chaussée,Blessé léger,Masculin,24.0,Utilisation professionnelle,3,4,0.0,2.0,1.0,1.0,200900034852A01,7,15,1.0,Non cohérente,Non cohérentes
815,200900034856,2009-09-23,2009,septembre,mercredi,13:00,67,67482,0.0,0.0,En agglomération,Intersection en T,6.0,Plein jour,Normale,4,Bidirectionnelle,2.0,Plat,1.0,10.0,105.0,Normale,0.0,Sur chaussée,Blessé hospitalisé,Masculin,30.0,Non renseigné,3,4,0.0,2.0,8.0,18.0,200900034856A01,14,1,1.0,Cohérente,Non cohérentes
816,200900034866,2009-09-09,2009,septembre,mercredi,19:45,67,67482,0.0,0.0,En agglomération,Hors intersection,3.0,Nuit avec éclairage public allumé,Normale,4,Bidirectionnelle,2.0,Plat,1.0,0.0,60.0,Normale,0.0,Sur chaussée,Blessé léger,Masculin,13.0,Promenade - loisirs,3,4,0.0,2.0,8.0,1.0,200900034866B01,7,17,1.0,Cohérente,Non cohérentes
817,200900034867,2009-09-21,2009,septembre,lundi,16:15,67,67482,0.0,0.0,En agglomération,Hors intersection,3.0,Plein jour,Normale,4,A sens unique,1.0,Plat,1.0,0.0,20.0,Normale,0.0,Sur chaussée,Blessé léger,Féminin,22.0,Non renseigné,3,9,1.0,0.0,1.0,1.0,200900034867B01,7,22,1.0,Cohérente,Non cohérentes
818,200900034868,2009-09-17,2009,septembre,jeudi,80:0,67,67482,0.0,0.0,En agglomération,Intersection en X,3.0,Plein jour,Normale,4,Bidirectionnelle,1.0,Plat,1.0,0.0,40.0,Normale,6.0,Sur chaussée,Blessé léger,Féminin,19.0,Domicile - école,3,9,0.0,2.0,1.0,1.0,200900034868A01,1,1,1.0,Non cohérente,Non cohérentes
819,200900034868,2009-09-17,2009,septembre,jeudi,80:0,67,67482,0.0,0.0,En agglomération,Intersection en X,3.0,Plein jour,Normale,4,Bidirectionnelle,1.0,Plat,1.0,0.0,40.0,Normale,6.0,Sur chaussée,Indemne,Féminin,27.0,Domicile - travail,3,9,0.0,2.0,0.0,1.0,200900034868B01,1,1,1.0,Non cohérente,Non cohérentes
820,200900034869,2009-09-08,2009,septembre,mardi,13:45,67,67482,0.0,0.0,En agglomération,Intersection en T,3.0,Plein jour,Normale,4,Bidirectionnelle,2.0,Plat,1.0,0.0,60.0,Normale,0.0,Sur chaussée,Blessé léger,Féminin,18.0,Non renseigné,2,2,0.0,2.0,1.0,1.0,200900034869A01,7,1,1.0,Cohérente,Non cohérentes
821,200900034875,2009-09-10,2009,septembre,jeudi,90:5,67,67482,0.0,0.0,En agglomération,Intersection à plus de 4 branches,6.0,Plein jour,Normale,4,A sens unique,4.0,Plat,2.0,0.0,120.0,Normale,0.0,Sur chaussée,Blessé léger,Féminin,32.0,Domicile - travail,1,2,0.0,2.0,8.0,1.0,200900034875B01,7,16,1.0,Non cohérente,Non cohérentes
822,200900044051,2009-09-11,2009,septembre,vendredi,12:10,74,74010,0.0,0.0,En agglomération,Hors intersection,6.0,Plein jour,Normale,4,Bidirectionnelle,2.0,Plat,1.0,25.0,85.0,Normale,0.0,Sur chaussée,Blessé léger,Masculin,44.0,Autre,2,9,0.0,2.0,1.0,15.0,200900044051A01,10,1,1.0,Cohérente,Non cohérentes
823,200900044061,2009-09-14,2009,septembre,lundi,62:5,74,74010,0.0,0.0,En agglomération,Intersection en T,6.0,Plein jour,Normale,3,Bidirectionnelle,4.0,Plat,1.0,0.0,116.0,Normale,0.0,Sur chaussée,Blessé hospitalisé,Masculin,34.0,Non renseigné,3,2,0.0,0.0,0.0,1.0,200900044061B01,7,15,1.0,Non cohérente,Non cohérentes
824,200900045713,2009-10-23,2009,octobre,vendredi,11:00,67,67482,0.0,0.0,En agglomération,Intersection en X,6.0,Plein jour,Pluie légère,4,A chaussées séparées,2.0,Plat,1.0,0.0,60.0,Mouillée,0.0,Sur chaussée,Blessé léger,Masculin,22.0,Non renseigné,3,9,0.0,2.0,1.0,1.0,200900045713A01,7,1,1.0,Cohérente,Non cohérentes
825,200900045718,2009-10-20,2009,octobre,mardi,16:30,67,67482,0.0,0.0,En agglomération,Hors intersection,3.0,Plein jour,Normale,4,Bidirectionnelle,2.0,Plat,1.0,0.0,60.0,Normale,0.0,Sur chaussée,Blessé léger,Masculin,21.0,Autre,3,9,0.0,2.0,1.0,19.0,200900045718B01,10,1,1.0,Cohérente,Non cohérentes
826,200900045720,2009-10-20,2009,octobre,mardi,19:10,67,67482,0.0,0.0,En agglomération,Hors intersection,3.0,Nuit avec éclairage public allumé,Normale,4,Bidirectionnelle,2.0,Plat,1.0,20.0,90.0,Normale,0.0,Sur chaussée,Blessé léger,Féminin,27.0,Domicile - école,3,9,0.0,2.0,7.0,19.0,200900045720B01,7,1,1.0,Cohérente,Non cohérentes
827,200900045725,2009-10-21,2009,octobre,mercredi,17:15,67,67482,0.0,0.0,En agglomération,Intersection en X,3.0,Plein jour,Normale,4,Bidirectionnelle,2.0,Plat,1.0,0.0,50.0,Normale,0.0,Sur chaussée,Blessé léger,Masculin,19.0,Promenade - loisirs,3,9,0.0,2.0,1.0,19.0,200900045725A01,7,15,1.0,Cohérente,Non cohérentes
828,200900045727,2009-10-17,2009,octobre,samedi,35:0,67,67482,0.0,0.0,En agglomération,Intersection en X,3.0,Nuit avec éclairage public allumé,Pluie légère,4,Bidirectionnelle,2.0,Plat,1.0,0.0,64.0,Mouillée,2.0,Sur chaussée,Blessé léger,Masculin,23.0,Non renseigné,3,9,0.0,2.0,4.0,1.0,200900045727B01,7,1,1.0,Non cohérente,Non cohérentes
829,200900045731,2009-10-22,2009,octobre,jeudi,17:40,67,67482,0.0,0.0,En agglomération,Intersection en T,3.0,Plein jour,Normale,4,Bidirectionnelle,2.0,Plat,1.0,0.0,100.0,Normale,0.0,Sur chaussée,Blessé léger,Féminin,55.0,Domicile - travail,1,4,0.0,2.0,1.0,1.0,200900045731B01,7,16,1.0,Cohérente,Non cohérentes
830,200900045749,2009-10-01,2009,octobre,jeudi,18:05,67,67482,0.0,0.0,En agglomération,Hors intersection,6.0,Plein jour,Normale,4,Bidirectionnelle,2.0,Plat,1.0,0.0,80.0,Normale,0.0,Sur chaussée,Blessé léger,Masculin,23.0,Domicile - école,1,4,1.0,0.0,1.0,1.0,200900045749B01,7,22,1.0,Cohérente,Non cohérentes
831,200900045757,2009-10-11,2009,octobre,dimanche,22:,67,67482,0.0,0.0,En agglomération,Intersection en X,3.0,Nuit avec éclairage public allumé,Normale,4,A sens unique,1.0,Plat,1.0,0.0,50.0,Normale,0.0,Sur chaussée,Blessé léger,Masculin,57.0,Autre,3,9,0.0,2.0,1.0,1.0,200900045757A01,7,1,1.0,Non cohérente,Non cohérentes
832,200900045759,2009-10-12,2009,octobre,lundi,71:6,67,67482,0.0,0.0,En agglomération,Intersection en X,3.0,Plein jour,Normale,4,A sens unique,2.0,Plat,1.0,0.0,60.0,Mouillée,0.0,Sur chaussée,Blessé léger,Masculin,21.0,Non renseigné,2,4,0.0,2.0,1.0,19.0,200900045759A01,7,1,1.0,Non cohérente,Non cohérentes
833,200900045770,2009-10-13,2009,octobre,mardi,18:30,67,67482,0.0,0.0,En agglomération,Hors intersection,3.0,Plein jour,Normale,4,Bidirectionnelle,2.0,Plat,1.0,0.0,70.0,Normale,0.0,Sur chaussée,Blessé léger,Masculin,14.0,Promenade - loisirs,1,9,0.0,2.0,8.0,9.0,200900045770B01,7,5,1.0,Cohérente,Non cohérentes
834,200900045772,2009-10-10,2009,octobre,samedi,13:45,67,67482,0.0,0.0,En agglomération,Intersection en X,3.0,Plein jour,Pluie forte,4,Avec voies d'affectation variable,0.0,Plat,1.0,0.0,75.0,Mouillée,0.0,Sur chaussée,Blessé léger,Masculin,20.0,Non renseigné,2,4,0.0,2.0,1.0,19.0,200900045772B01,7,1,1.0,Cohérente,Non cohérentes
835,200900045778,2009-10-12,2009,octobre,lundi,18:00,67,67482,0.0,0.0,En agglomération,Intersection en X,6.0,Plein jour,Normale,4,Non renseigné,2.0,Plat,1.0,0.0,70.0,Normale,0.0,Sur chaussée,Blessé léger,Masculin,26.0,Autre,3,9,0.0,2.0,7.0,19.0,200900045778B01,7,1,1.0,Cohérente,Non cohérentes
836,200900060718,2009-12-27,2009,décembre,dimanche,35:5,74,74010,0.0,0.0,Hors agglomération,Giratoire,3.0,Nuit avec éclairage public allumé,Normale,4,A sens unique,2.0,Plat,1.0,0.0,0.0,Normale,0.0,Aucun,Blessé hospitalisé,Masculin,19.0,Domicile - travail,1,2,0.0,2.0,1.0,1.0,200900060718B01,7,0,1.0,Non cohérente,Non cohérentes
837,200900061359,2009-11-21,2009,novembre,samedi,62:0,67,67482,0.0,0.0,En agglomération,Intersection en X,3.0,Nuit avec éclairage public allumé,Normale,4,Bidirectionnelle,2.0,Plat,1.0,102.0,264.0,Normale,0.0,Sur chaussée,Blessé léger,Féminin,27.0,Domicile - travail,2,9,0.0,2.0,8.0,1.0,200900061359A01,10,1,1.0,Non cohérente,Non cohérentes
838,200900061416,2009-11-05,2009,novembre,jeudi,90:0,67,67482,0.0,0.0,En agglomération,Intersection en X,3.0,Plein jour,Normale,4,Bidirectionnelle,2.0,Plat,1.0,0.0,100.0,Normale,0.0,Sur chaussée,Blessé léger,Masculin,38.0,Non renseigné,3,9,0.0,2.0,1.0,1.0,200900061416B01,7,1,1.0,Non cohérente,Non cohérentes
839,200900061421,2009-11-11,2009,novembre,mercredi,17:15,67,67482,0.0,0.0,En agglomération,Intersection en X,3.0,Crépuscule ou aube,Normale,4,Bidirectionnelle,2.0,Plat,1.0,0.0,70.0,Normale,0.0,Sur chaussée,Blessé léger,Masculin,54.0,Promenade - loisirs,1,2,0.0,2.0,7.0,1.0,200900061421B01,7,1,1.0,Cohérente,Non cohérentes
840,200900065661,2009-12-08,2009,décembre,mardi,71:0,67,67482,0.0,0.0,En agglomération,Hors intersection,2.0,Crépuscule ou aube,Pluie légère,4,Bidirectionnelle,4.0,Plat,1.0,0.0,120.0,Mouillée,0.0,Sur chaussée,Blessé léger,Féminin,34.0,Domicile - travail,1,2,0.0,2.0,4.0,1.0,200900065661B01,7,1,1.0,Non cohérente,Non cohérentes
841,200900065666,2009-12-14,2009,décembre,lundi,14:51,67,67482,0.0,0.0,En agglomération,Intersection en T,3.0,Plein jour,Normale,4,Bidirectionnelle,2.0,Plat,1.0,0.0,45.0,Normale,0.0,Sur piste cyclable,Blessé léger,Féminin,19.0,Non renseigné,3,9,0.0,2.0,1.0,1.0,200900065666B01,7,15,1.0,Cohérente,Non cohérentes
842,200900065676,2009-12-10,2009,décembre,jeudi,74:5,67,67482,0.0,0.0,En agglomération,Intersection en T,3.0,Nuit avec éclairage public allumé,Pluie légère,4,Bidirectionnelle,2.0,Plat,1.0,0.0,65.0,Mouillée,0.0,Sur chaussée,Blessé léger,Féminin,20.0,Domicile - école,3,4,0.0,2.0,1.0,1.0,200900065676B01,14,9,1.0,Non cohérente,Non cohérentes
843,200900065677,2009-12-09,2009,décembre,mercredi,13:50,67,67482,0.0,0.0,En agglomération,Intersection en T,3.0,Plein jour,Normale,4,Bidirectionnelle,3.0,Plat,1.0,0.0,130.0,Normale,0.0,Aucun,Blessé léger,Masculin,9.0,Non renseigné,3,2,0.0,2.0,2.0,1.0,200900065677B01,7,1,1.0,Cohérente,Non cohérentes
844,200900065680,2009-12-04,2009,décembre,vendredi,18:45,67,67482,0.0,0.0,En agglomération,Hors intersection,6.0,Nuit avec éclairage public allumé,Normale,4,A sens unique,2.0,Plat,1.0,90.0,30.0,Normale,0.0,Sur piste cyclable,Blessé léger,Féminin,58.0,Domicile - travail,2,9,0.0,2.0,1.0,5.0,200900065680B01,1,5,1.0,Cohérente,Non cohérentes
845,200900065680,2009-12-04,2009,décembre,vendredi,18:45,67,67482,0.0,0.0,En agglomération,Hors intersection,6.0,Nuit avec éclairage public allumé,Normale,4,A sens unique,2.0,Plat,1.0,90.0,30.0,Normale,0.0,Sur piste cyclable,Indemne,Masculin,41.0,Promenade - loisirs,3,9,0.0,2.0,1.0,5.0,200900065680A01,1,5,1.0,Cohérente,Non cohérentes
846,200900065716,2009-12-30,2009,décembre,mercredi,65:5,67,67482,0.0,0.0,En agglomération,Intersection en X,3.0,Nuit avec éclairage public allumé,Pluie légère,4,Avec voies d'affectation variable,4.0,Plat,1.0,0.0,130.0,Mouillée,0.0,Sur chaussée,Blessé léger,Masculin,46.0,Domicile - travail,1,4,0.0,2.0,8.0,19.0,200900065716B01,7,1,1.0,Non cohérente,Non cohérentes
847,200900066583,2009-09-24,2009,septembre,jeudi,18:45,38,38185,0.0,0.0,En agglomération,Hors intersection,3.0,Plein jour,Normale,4,A sens unique,2.0,Plat,1.0,0.0,100.0,Normale,0.0,Sur piste cyclable,Blessé léger,Féminin,60.0,Non renseigné,3,9,0.0,2.0,8.0,1.0,200900066583B01,15,15,1.0,Cohérente,Non cohérentes
848,200900066589,2009-09-27,2009,septembre,dimanche,13:25,38,38185,0.0,0.0,En agglomération,Intersection en T,3.0,Plein jour,Normale,4,A sens unique,1.0,Plat,1.0,0.0,69.0,Normale,0.0,Sur chaussée,Blessé léger,Masculin,62.0,Non renseigné,3,9,0.0,2.0,7.0,1.0,200900066589B01,7,16,1.0,Cohérente,Non cohérentes
849,200900066590,2009-09-11,2009,septembre,vendredi,80:0,38,38185,0.0,0.0,En agglomération,Intersection en X,3.0,Plein jour,Normale,4,Bidirectionnelle,3.0,Plat,1.0,0.0,107.0,Normale,0.0,Sur chaussée,Blessé léger,Masculin,15.0,Domicile - école,2,2,0.0,2.0,1.0,15.0,200900066590B01,7,1,1.0,Non cohérente,Non cohérentes
850,200900066632,2009-10-22,2009,octobre,jeudi,16:45,38,38185,0.0,0.0,En agglomération,Hors intersection,3.0,Plein jour,Normale,4,Bidirectionnelle,2.0,Plat,1.0,0.0,240.0,Normale,0.0,Sur chaussée,Blessé hospitalisé,Féminin,16.0,Domicile - école,2,2,0.0,2.0,8.0,19.0,200900066632B01,10,1,1.0,Cohérente,Non cohérentes
851,200900066706,2009-11-26,2009,novembre,jeudi,20:10,38,38185,0.0,0.0,En agglomération,Intersection en T,3.0,Nuit avec éclairage public allumé,Normale,4,Bidirectionnelle,4.0,Plat,1.0,0.0,240.0,Normale,2.0,Sur chaussée,Blessé léger,Masculin,58.0,Non renseigné,3,9,0.0,2.0,1.0,0.0,200900066706B01,7,16,1.0,Cohérente,Non cohérentes
852,200900066731,2009-12-11,2009,décembre,vendredi,14:00,38,38185,0.0,0.0,En agglomération,Intersection en X,6.0,Plein jour,Normale,4,A sens unique,3.0,Plat,1.0,0.0,110.0,Normale,0.0,Sur chaussée,Blessé hospitalisé,Masculin,31.0,Promenade - loisirs,2,2,0.0,4.0,7.0,19.0,200900066731B01,40,1,1.0,Cohérente,Non cohérentes
853,200900066837,2009-08-12,2009,août,mercredi,18:30,38,38185,0.0,0.0,En agglomération,Intersection en X,3.0,Plein jour,Normale,4,A sens unique,1.0,Plat,1.0,0.0,50.0,Normale,0.0,Sur chaussée,Blessé léger,Masculin,37.0,Domicile - travail,3,9,0.0,2.0,1.0,1.0,200900066837B01,7,15,1.0,Cohérente,Non cohérentes
854,200900066840,2009-08-24,2009,août,lundi,14:40,38,38185,0.0,0.0,En agglomération,Intersection en T,3.0,Plein jour,Normale,4,Bidirectionnelle,3.0,Plat,1.0,0.0,105.0,Normale,0.0,Sur chaussée,Blessé léger,Masculin,19.0,Non renseigné,3,9,0.0,2.0,1.0,1.0,200900066840A01,7,16,1.0,Cohérente,Non cohérentes
855,200900066844,2009-08-16,2009,août,dimanche,19:10,38,38185,0.0,0.0,En agglomération,Giratoire,3.0,Plein jour,Normale,4,Bidirectionnelle,3.0,Plat,1.0,0.0,100.0,Normale,0.0,Sur chaussée,Blessé léger,Masculin,39.0,Promenade - loisirs,1,2,0.0,2.0,1.0,1.0,200900066844B01,7,9,1.0,Cohérente,Non cohérentes
856,200900072188,2009-05-04,2009,mai,lundi,16:40,67,67482,0.0,0.0,En agglomération,Intersection en X,3.0,Plein jour,Normale,4,Bidirectionnelle,2.0,Plat,1.0,0.0,60.0,Normale,0.0,Sur piste cyclable,Blessé hospitalisé,Masculin,34.0,Courses - achats,2,2,0.0,2.0,7.0,5.0,200900072188A01,7,16,1.0,Cohérente,Non cohérentes
857,200900072195,2009-07-23,2009,juillet,jeudi,19:45,67,67482,0.0,0.0,En agglomération,Intersection à plus de 4 branches,3.0,Plein jour,Pluie légère,4,A sens unique,1.0,Plat,-1.0,0.0,47.0,Normale,0.0,Sur chaussée,Blessé léger,Masculin,15.0,Promenade - loisirs,2,2,0.0,2.0,0.0,5.0,200900072195A01,7,23,1.0,Cohérente,Non cohérentes
858,200900072197,2009-09-07,2009,septembre,lundi,16:30,67,67482,0.0,0.0,En agglomération,Intersection en X,6.0,Plein jour,Normale,4,Bidirectionnelle,4.0,Plat,1.0,0.0,100.0,Normale,1.0,Sur chaussée,Blessé léger,Masculin,25.0,Promenade - loisirs,3,4,0.0,2.0,7.0,11.0,200900072197A01,7,1,1.0,Cohérente,Non cohérentes
859,200900072202,2009-10-07,2009,octobre,mercredi,18:15,67,67482,0.0,0.0,En agglomération,Hors intersection,1.0,Crépuscule ou aube,Normale,4,A sens unique,1.0,Plat,1.0,0.0,30.0,Normale,0.0,Sur piste cyclable,Blessé léger,Féminin,58.0,Promenade - loisirs,1,9,0.0,2.0,1.0,5.0,200900072202A01,1,1,1.0,Cohérente,Non cohérentes
860,200900072202,2009-10-07,2009,octobre,mercredi,18:15,67,67482,0.0,0.0,En agglomération,Hors intersection,1.0,Crépuscule ou aube,Normale,4,A sens unique,1.0,Plat,1.0,0.0,30.0,Normale,0.0,Sur piste cyclable,Blessé léger,Masculin,27.0,Domicile - travail,1,9,0.0,2.0,1.0,1.0,200900072202B01,1,5,1.0,Cohérente,Non cohérentes
861,200900072204,2009-10-30,2009,octobre,vendredi,19:30,67,67482,0.0,0.0,En agglomération,Intersection en T,6.0,Nuit avec éclairage public allumé,Normale,4,Bidirectionnelle,3.0,Plat,1.0,0.0,90.0,Normale,0.0,Sur chaussée,Blessé hospitalisé,Féminin,30.0,Promenade - loisirs,2,2,1.0,0.0,1.0,1.0,200900072204B01,7/ 10,1/22,2.0,Cohérente,Non cohérentes
862,200900072206,2009-12-02,2009,décembre,mercredi,13:55,67,67482,0.0,0.0,En agglomération,Intersection en X,3.0,Plein jour,Normale,4,Bidirectionnelle,2.0,Plat,1.0,0.0,72.0,Normale,0.0,Sur chaussée,Blessé léger,Masculin,59.0,Promenade - loisirs,3,9,0.0,2.0,7.0,1.0,200900072206B01,7,1,1.0,Cohérente,Non cohérentes
863,201000032103,2010-02-11,2010,février,jeudi,10:30,38,38185,45.186,5.74646,En agglomération,Intersection en X,3.0,Plein jour,Neige - grêle,3,Bidirectionnelle,2.0,Plat,2.0,0.0,70.0,Normale,0.0,Sur chaussée,Blessé léger,Masculin,19.0,Non renseigné,1,9,0.0,2.0,1.0,1.0,201000032103B01,7,1,1.0,Cohérente,Cohérentes
864,201000032113,2010-03-09,2010,mars,mardi,84:0,38,38185,45.1918,5.71511,En agglomération,Hors intersection,6.0,Plein jour,Normale,4,Non renseigné,2.0,Plat,1.0,0.0,70.0,Normale,0.0,Sur chaussée,Blessé léger,Masculin,32.0,Domicile - travail,2,2,0.0,1.0,1.0,1.0,201000032113A01,,,,Non cohérente,Cohérentes
865,201000032113,2010-03-09,2010,mars,mardi,84:0,38,38185,45.1918,5.71511,En agglomération,Hors intersection,6.0,Plein jour,Normale,4,Non renseigné,2.0,Plat,1.0,0.0,70.0,Normale,0.0,Sur chaussée,Blessé léger,Masculin,23.0,Domicile - travail,3,9,0.0,1.0,1.0,1.0,201000032113A01,,,,Non cohérente,Cohérentes
866,201000032117,2010-03-17,2010,mars,mercredi,75:5,38,38185,45.1898,5.71329,En agglomération,Intersection en X,6.0,Plein jour,Normale,3,Bidirectionnelle,2.0,Plat,1.0,0.0,20.0,Normale,0.0,Sur piste cyclable,Indemne,Masculin,26.0,Non renseigné,3,9,0.0,1.0,1.0,1.0,201000032117A01,,,,Non cohérente,Cohérentes
867,201000032139,2010-06-04,2010,juin,vendredi,13:00,38,38185,0.0,0.0,En agglomération,Hors intersection,3.0,Plein jour,Normale,4,Bidirectionnelle,2.0,Plat,1.0,0.0,85.0,Normale,0.0,Sur piste cyclable,Blessé hospitalisé,Masculin,58.0,Non renseigné,3,9,0.0,2.0,6.0,1.0,201000032139B01,7,1,1.0,Cohérente,Non cohérentes
868,201000032141,2010-06-07,2010,juin,lundi,90:0,38,38185,45.1914,5.72507,En agglomération,Intersection en T,3.0,Plein jour,Normale,4,A sens unique,1.0,Plat,2.0,0.0,86.0,Normale,0.0,Sur piste cyclable,Blessé léger,Féminin,27.0,Non renseigné,3,9,0.0,2.0,0.0,1.0,201000032141B01,7,1,1.0,Non cohérente,Cohérentes
869,201000032144,2010-06-14,2010,juin,lundi,16:45,38,38185,0.0,0.0,En agglomération,Intersection en X,3.0,Plein jour,Normale,4,Bidirectionnelle,3.0,Plat,1.0,0.0,115.0,Normale,0.0,Sur chaussée,Blessé léger,Féminin,47.0,Promenade - loisirs,1,2,0.0,2.0,1.0,19.0,201000032144B01,30,1,1.0,Cohérente,Non cohérentes
870,201000032156,2010-06-25,2010,juin,vendredi,14:00,38,38185,0.0,0.0,En agglomération,Intersection en X,3.0,Plein jour,Normale,4,Bidirectionnelle,2.0,Plat,1.0,0.0,150.0,Normale,0.0,Sur chaussée,Blessé léger,Masculin,13.0,Promenade - loisirs,2,2,0.0,2.0,5.0,19.0,201000032156B01,7,1,1.0,Cohérente,Non cohérentes
871,201000032161,2010-06-29,2010,juin,mardi,85:0,38,38185,45.1807,5.71957,En agglomération,Intersection en X,3.0,Plein jour,Normale,2,Bidirectionnelle,4.0,Plat,1.0,0.0,210.0,Normale,0.0,Sur piste cyclable,Blessé léger,Masculin,26.0,Non renseigné,3,9,0.0,2.0,8.0,1.0,201000032161B01,7,15,1.0,Non cohérente,Cohérentes
872,201000032166,2010-07-06,2010,juillet,mardi,22:50,38,38185,45.179,5.75102,En agglomération,Intersection en X,3.0,Nuit avec éclairage public allumé,Normale,3,Bidirectionnelle,2.0,Plat,1.0,0.0,105.0,Normale,0.0,Sur chaussée,Blessé léger,Masculin,30.0,Non renseigné,3,9,0.0,2.0,1.0,1.0,201000032166B01,7,15,1.0,Cohérente,Cohérentes
873,201000032175,2010-08-09,2010,août,lundi,17:35,38,38185,0.0,0.0,En agglomération,Hors intersection,1.0,Plein jour,Normale,3,Bidirectionnelle,2.0,Plat,2.0,0.0,25.0,Normale,0.0,Sur chaussée,Blessé léger,Féminin,32.0,Domicile - travail,2,9,0.0,2.0,1.0,1.0,201000032175B01,32,1,1.0,Cohérente,Non cohérentes
874,201000032178,2010-08-24,2010,août,mardi,92:0,38,38185,0.0,0.0,En agglomération,Hors intersection,6.0,Plein jour,Normale,2,Bidirectionnelle,6.0,Plat,-1.0,0.0,200.0,Normale,0.0,Sur chaussée,Blessé léger,Féminin,38.0,Domicile - travail,3,9,0.0,2.0,7.0,19.0,201000032178B01,30,1,1.0,Non cohérente,Non cohérentes
875,201000032199,2010-10-27,2010,octobre,mercredi,16:30,38,38185,45.1636,5.71079,En agglomération,Hors intersection,3.0,Plein jour,Normale,2,A chaussées séparées,0.0,Plat,1.0,0.0,210.0,Normale,0.0,Sur chaussée,Blessé léger,Féminin,43.0,Utilisation professionnelle,1,2,0.0,2.0,1.0,1.0,201000032199B01,7,16,1.0,Cohérente,Cohérentes
876,201000032201,2010-10-28,2010,octobre,jeudi,92:5,38,38185,45.1801,5.70815,En agglomération,Hors intersection,6.0,Plein jour,Normale,2,A chaussées séparées,4.0,Plat,1.0,0.0,0.0,Normale,0.0,Sur chaussée,Blessé hospitalisé,Féminin,26.0,Domicile - travail,3,9,0.0,2.0,1.0,19.0,201000032201B01,7,1,1.0,Non cohérente,Cohérentes
877,201000032219,2010-12-13,2010,décembre,lundi,91:5,38,38185,45.188,5.74608,En agglomération,Intersection en X,6.0,Plein jour,Normale,2,A chaussées séparées,5.0,Plat,3.0,0.0,125.0,Normale,5.0,Sur chaussée,Blessé hospitalisé,Masculin,83.0,Promenade - loisirs,3,9,0.0,2.0,4.0,19.0,201000032219B01,7,16,1.0,Non cohérente,Cohérentes
878,201000032226,2010-12-27,2010,décembre,lundi,18:45,38,38185,45.1704,5.73805,En agglomération,Hors intersection,2.0,Nuit avec éclairage public allumé,Pluie légère,3,Bidirectionnelle,2.0,Plat,1.0,0.0,64.0,Mouillée,0.0,Sur chaussée,Blessé léger,Masculin,32.0,Autre,1,2,0.0,2.0,4.0,1.0,201000032226B01,7,2,1.0,Cohérente,Cohérentes
879,201000040491,2010-01-05,2010,janvier,mardi,13:50,67,67482,0.0,0.0,En agglomération,Intersection en X,3.0,Plein jour,Normale,4,Bidirectionnelle,2.0,Plat,1.0,0.0,86.0,Normale,0.0,Sur chaussée,Blessé léger,Féminin,57.0,Utilisation professionnelle,2,2,0.0,2.0,1.0,15.0,201000040491A01,1,1,1.0,Cohérente,Non cohérentes
880,201000040491,2010-01-05,2010,janvier,mardi,13:50,67,67482,0.0,0.0,En agglomération,Intersection en X,3.0,Plein jour,Normale,4,Bidirectionnelle,2.0,Plat,1.0,0.0,86.0,Normale,0.0,Sur chaussée,Indemne,Masculin,15.0,Domicile - école,3,9,0.0,2.0,1.0,1.0,201000040491B01,1,15,1.0,Cohérente,Non cohérentes
881,201000040494,2010-01-09,2010,janvier,samedi,18:15,67,67482,0.0,0.0,En agglomération,Hors intersection,3.0,Nuit avec éclairage public allumé,Neige - grêle,4,Bidirectionnelle,2.0,Plat,1.0,0.0,70.0,Enneigée,0.0,Sur chaussée,Blessé léger,Masculin,46.0,Domicile - travail,2,2,0.0,2.0,4.0,15.0,201000040494B01,7,1,1.0,Cohérente,Non cohérentes
882,201000040508,2010-01-26,2010,janvier,mardi,84:0,67,67482,0.0,0.0,En agglomération,Intersection en X,6.0,Plein jour,Normale,4,Bidirectionnelle,2.0,Plat,1.0,0.0,112.0,Normale,0.0,Sur chaussée,Blessé léger,Féminin,33.0,Non renseigné,3,2,0.0,2.0,7.0,19.0,201000040508B01,7,16,1.0,Non cohérente,Non cohérentes
883,201000040510,2010-01-28,2010,janvier,jeudi,60:0,67,67482,0.0,0.0,En agglomération,Hors intersection,2.0,Crépuscule ou aube,Neige - grêle,4,Bidirectionnelle,4.0,Plat,1.0,0.0,120.0,Enneigée,0.0,Sur chaussée,Tué,Féminin,56.0,Non renseigné,3,9,0.0,2.0,4.0,1.0,201000040510B01,7,1,1.0,Non cohérente,Non cohérentes
884,201000040525,2010-02-19,2010,février,vendredi,13:00,67,67482,0.0,0.0,En agglomération,Hors intersection,3.0,Plein jour,Pluie légère,4,Bidirectionnelle,2.0,Plat,1.0,0.0,60.0,Mouillée,0.0,Sur chaussée,Blessé léger,Féminin,19.0,Autre,2,9,0.0,2.0,3.0,19.0,201000040525B01,7,17,1.0,Cohérente,Non cohérentes
885,201000040525,2010-02-19,2010,février,vendredi,13:00,67,67482,0.0,0.0,En agglomération,Hors intersection,3.0,Plein jour,Pluie légère,4,Bidirectionnelle,2.0,Plat,1.0,0.0,60.0,Mouillée,0.0,Sur chaussée,Blessé léger,Féminin,9.0,Non renseigné,2,9,0.0,2.0,3.0,19.0,201000040525B01,7,17,1.0,Cohérente,Non cohérentes
886,201000040533,2010-02-25,2010,février,jeudi,84:0,67,67482,0.0,0.0,En agglomération,Intersection en X,3.0,Plein jour,Normale,4,Bidirectionnelle,2.0,Plat,1.0,0.0,56.0,Normale,0.0,Sur chaussée,Blessé léger,Féminin,21.0,Autre,3,9,0.0,2.0,1.0,1.0,201000040533A01,7,1,1.0,Non cohérente,Non cohérentes
887,201000040537,2010-02-27,2010,février,samedi,15:30,67,67482,0.0,0.0,En agglomération,Hors intersection,3.0,Plein jour,Normale,4,Bidirectionnelle,2.0,Plat,1.0,0.0,40.0,Normale,0.0,Sur piste cyclable,Indemne,Féminin,30.0,Autre,3,2,0.0,2.0,1.0,19.0,201000040537A01,1,1,1.0,Cohérente,Non cohérentes
888,201000040537,2010-02-27,2010,février,samedi,15:30,67,67482,0.0,0.0,En agglomération,Hors intersection,3.0,Plein jour,Normale,4,Bidirectionnelle,2.0,Plat,1.0,0.0,40.0,Normale,0.0,Sur piste cyclable,Blessé léger,Masculin,84.0,Promenade - loisirs,3,2,0.0,2.0,1.0,1.0,201000040537B01,1,19,1.0,Cohérente,Non cohérentes
889,201000040543,2010-03-02,2010,mars,mardi,80:5,67,67482,0.0,0.0,En agglomération,Intersection en X,3.0,Plein jour,Pluie légère,4,A sens unique,2.0,Plat,1.0,0.0,60.0,Normale,0.0,Sur bande d'arrêt d'urgence,Blessé léger,Féminin,22.0,Domicile - école,3,4,0.0,2.0,3.0,19.0,201000040543B01,7,1,1.0,Non cohérente,Non cohérentes
890,201000040545,2010-03-02,2010,mars,mardi,13:20,67,67482,0.0,0.0,En agglomération,Intersection en X,3.0,Plein jour,Temps couvert,4,A sens unique,1.0,Plat,1.0,0.0,80.0,Normale,0.0,Sur piste cyclable,Blessé léger,Féminin,29.0,Domicile - travail,3,4,0.0,2.0,7.0,19.0,201000040545B01,7,1,1.0,Cohérente,Non cohérentes
891,201000040548,2010-03-03,2010,mars,mercredi,15:30,67,67482,0.0,0.0,En agglomération,Hors intersection,6.0,Plein jour,Normale,4,Bidirectionnelle,2.0,Plat,1.0,0.0,62.0,Normale,0.0,Sur chaussée,Blessé léger,Féminin,38.0,Domicile - travail,2,2,1.0,0.0,3.0,1.0,201000040548B01,7,24,1.0,Cohérente,Non cohérentes
892,201000040553,2010-03-05,2010,mars,vendredi,12:30,67,67482,0.0,0.0,En agglomération,Hors intersection,6.0,Plein jour,Normale,4,Bidirectionnelle,2.0,Plat,1.0,0.0,120.0,Normale,0.0,Sur chaussée,Blessé léger,Masculin,61.0,Domicile - travail,2,9,1.0,0.0,1.0,1.0,201000040553B01,7,24,1.0,Cohérente,Non cohérentes
893,201000040569,2010-03-17,2010,mars,mercredi,83:0,67,67482,0.0,0.0,En agglomération,Intersection en X,3.0,Plein jour,Pluie légère,4,Bidirectionnelle,0.0,Pente,1.0,0.0,120.0,Mouillée,0.0,Sur chaussée,Blessé léger,Masculin,57.0,Domicile - travail,1,4,0.0,2.0,8.0,19.0,201000040569A01,10,1,1.0,Non cohérente,Non cohérentes
894,201000040573,2010-03-17,2010,mars,mercredi,19:54,67,67482,0.0,0.0,En agglomération,Intersection en X,3.0,Nuit avec éclairage public allumé,Normale,4,A sens unique,3.0,Plat,1.0,0.0,70.0,Normale,0.0,Sur chaussée,Blessé léger,Masculin,23.0,Non renseigné,3,9,0.0,2.0,4.0,19.0,201000040573B01,7,1,1.0,Cohérente,Non cohérentes
895,201000040576,2010-03-19,2010,mars,vendredi,17:30,67,67482,0.0,0.0,En agglomération,Hors intersection,6.0,Plein jour,Normale,4,Bidirectionnelle,2.0,Plat,1.0,0.0,92.0,Normale,0.0,Sur chaussée,Indemne,Masculin,25.0,Autre,3,9,0.0,1.0,1.0,1.0,201000040576A01,,,,Cohérente,Non cohérentes
896,201000040578,2010-03-22,2010,mars,lundi,84:0,67,67482,0.0,0.0,En agglomération,Intersection en T,3.0,Plein jour,Normale,4,Bidirectionnelle,2.0,Plat,1.0,0.0,60.0,Normale,0.0,Sur chaussée,Blessé léger,Masculin,66.0,Promenade - loisirs,2,2,0.0,2.0,1.0,15.0,201000040578A01,7,1,1.0,Non cohérente,Non cohérentes
897,201000040593,2010-03-30,2010,mars,mardi,92:0,67,67482,0.0,0.0,En agglomération,Intersection en X,3.0,Plein jour,Normale,4,Bidirectionnelle,3.0,Plat,1.0,0.0,120.0,Normale,0.0,Sur chaussée,Blessé léger,Féminin,24.0,Domicile - travail,3,4,0.0,2.0,7.0,19.0,201000040593B01,7,16,1.0,Non cohérente,Non cohérentes
898,201000040606,2010-04-08,2010,avril,jeudi,17:15,67,67482,0.0,0.0,En agglomération,Hors intersection,3.0,Plein jour,Temps couvert,4,A sens unique,2.0,Plat,1.0,25.0,127.0,Normale,0.0,Sur chaussée,Indemne,Féminin,12.0,Non renseigné,2,2,0.0,2.0,7.0,19.0,201000040606B01,7,1,1.0,Cohérente,Non cohérentes
899,201000040606,2010-04-08,2010,avril,jeudi,17:15,67,67482,0.0,0.0,En agglomération,Hors intersection,3.0,Plein jour,Temps couvert,4,A sens unique,2.0,Plat,1.0,25.0,127.0,Normale,0.0,Sur chaussée,Blessé léger,Féminin,12.0,Non renseigné,2,2,0.0,2.0,7.0,19.0,201000040606B01,7,1,1.0,Cohérente,Non cohérentes
900,201000040613,2010-04-13,2010,avril,mardi,14:50,67,67482,0.0,0.0,En agglomération,Hors intersection,6.0,Plein jour,Normale,4,Bidirectionnelle,2.0,Plat,1.0,0.0,80.0,Normale,0.0,Sur chaussée,Blessé léger,Féminin,52.0,Non renseigné,3,9,1.0,0.0,1.0,1.0,201000040613B01,7,22,1.0,Cohérente,Non cohérentes
901,201000040616,2010-04-15,2010,avril,jeudi,11:50,67,67482,0.0,0.0,En agglomération,Hors intersection,3.0,Plein jour,Normale,4,Bidirectionnelle,3.0,Plat,3.0,0.0,100.0,Normale,0.0,Sur chaussée,Blessé léger,Féminin,21.0,Promenade - loisirs,1,4,0.0,2.0,1.0,7.0,201000040616A01,37,16,1.0,Cohérente,Non cohérentes
902,201000040625,2010-04-19,2010,avril,lundi,17:30,67,67482,0.0,0.0,En agglomération,Hors intersection,3.0,Plein jour,Pluie légère,4,Bidirectionnelle,2.0,Plat,1.0,0.0,50.0,Normale,0.0,Aucun,Blessé léger,Masculin,20.0,Domicile - école,3,9,0.0,2.0,7.0,19.0,201000040625A01,7,1,1.0,Cohérente,Non cohérentes
903,201000040626,2010-04-21,2010,avril,mercredi,14:05,67,67482,0.0,0.0,En agglomération,Hors intersection,3.0,Plein jour,Normale,4,A sens unique,4.0,Plat,2.0,0.0,80.0,Normale,0.0,Sur piste cyclable,Blessé léger,Masculin,47.0,Promenade - loisirs,3,9,0.0,2.0,7.0,1.0,201000040626B01,1,1,1.0,Cohérente,Non cohérentes
904,201000040626,2010-04-21,2010,avril,mercredi,14:05,67,67482,0.0,0.0,En agglomération,Hors intersection,3.0,Plein jour,Normale,4,A sens unique,4.0,Plat,2.0,0.0,80.0,Normale,0.0,Sur piste cyclable,Indemne,Masculin,37.0,Utilisation professionnelle,3,9,0.0,2.0,7.0,1.0,201000040626A01,1,1,1.0,Cohérente,Non cohérentes
905,201000040627,2010-04-21,2010,avril,mercredi,14:20,67,67482,0.0,0.0,En agglomération,Intersection en T,3.0,Plein jour,Normale,4,A sens unique,1.0,Plat,1.0,0.0,70.0,Normale,0.0,Aucun,Blessé léger,Féminin,55.0,Promenade - loisirs,3,9,0.0,2.0,8.0,15.0,201000040627B01,7,4,1.0,Cohérente,Non cohérentes
906,201000040630,2010-04-23,2010,avril,vendredi,94:0,67,67482,0.0,0.0,En agglomération,Intersection en T,6.0,Plein jour,Normale,4,Bidirectionnelle,2.0,Plat,1.0,0.0,115.0,Normale,0.0,Sur chaussée,Blessé léger,Féminin,42.0,Domicile - travail,3,9,0.0,2.0,1.0,1.0,201000040630B01,7,16,1.0,Non cohérente,Non cohérentes
907,201000040637,2010-04-28,2010,avril,mercredi,20:40,67,67482,0.0,0.0,En agglomération,Intersection en X,3.0,Crépuscule ou aube,Normale,4,Bidirectionnelle,3.0,Plat,-1.0,0.0,100.0,Normale,0.0,Sur chaussée,Blessé léger,Masculin,28.0,Non renseigné,3,9,0.0,2.0,4.0,0.0,201000040637B01,7,16,1.0,Cohérente,Non cohérentes
908,201000040640,2010-04-30,2010,avril,vendredi,18:20,67,67482,0.0,0.0,En agglomération,Intersection en X,3.0,Plein jour,Normale,4,A chaussées séparées,1.0,Plat,1.0,40.0,40.0,Normale,0.0,Sur chaussée,Blessé léger,Féminin,31.0,Non renseigné,3,9,0.0,2.0,3.0,1.0,201000040640A01,7,1,1.0,Cohérente,Non cohérentes
909,201000040648,2010-05-07,2010,mai,vendredi,26:,67,67482,0.0,0.0,En agglomération,Hors intersection,6.0,Nuit avec éclairage public allumé,Pluie légère,4,Bidirectionnelle,4.0,Pente,1.0,0.0,140.0,Mouillée,0.0,Sur chaussée,Blessé hospitalisé,Féminin,19.0,Domicile - travail,3,9,0.0,2.0,1.0,5.0,201000040648B01,3,1,1.0,Non cohérente,Non cohérentes
910,201000040651,2010-05-09,2010,mai,dimanche,21:50,67,67482,0.0,0.0,En agglomération,Intersection en T,3.0,Nuit avec éclairage public allumé,Pluie légère,4,A chaussées séparées,4.0,Plat,1.0,0.0,40.0,Mouillée,0.0,Sur chaussée,Blessé léger,Féminin,49.0,Promenade - loisirs,3,9,0.0,2.0,8.0,19.0,201000040651B01,7,16,1.0,Cohérente,Non cohérentes
911,201000040655,2010-05-12,2010,mai,mercredi,17:00,67,67482,0.0,0.0,En agglomération,Hors intersection,6.0,Plein jour,Normale,4,A chaussées séparées,1.0,Plat,1.0,70.0,89.0,Normale,0.0,Sur chaussée,Blessé hospitalisé,Féminin,17.0,Domicile - école,3,2,1.0,0.0,1.0,21.0,201000040655B01,7/ 37,22/17,2.0,Cohérente,Non cohérentes
912,201000040657,2010-05-14,2010,mai,vendredi,12:30,67,67482,0.0,0.0,En agglomération,Intersection en X,1.0,Plein jour,Normale,4,A sens unique,1.0,Plat,1.0,0.0,28.0,Normale,0.0,Sur chaussée,Blessé léger,Féminin,37.0,Promenade - loisirs,3,9,0.0,2.0,1.0,15.0,201000040657A01,7,1,1.0,Cohérente,Non cohérentes
913,201000040664,2010-05-18,2010,mai,mardi,17:00,67,67482,0.0,0.0,En agglomération,Hors intersection,1.0,Plein jour,Normale,9,Non renseigné,0.0,Plat,-1.0,0.0,0.0,Normale,0.0,Sur accotement,Blessé léger,Masculin,21.0,Non renseigné,1,9,0.0,2.0,1.0,1.0,201000040664A01,1,1,1.0,Cohérente,Non cohérentes
914,201000040664,2010-05-18,2010,mai,mardi,17:00,67,67482,0.0,0.0,En agglomération,Hors intersection,1.0,Plein jour,Normale,9,Non renseigné,0.0,Plat,-1.0,0.0,0.0,Normale,0.0,Sur accotement,Blessé léger,Féminin,19.0,Promenade - loisirs,1,9,0.0,2.0,1.0,1.0,201000040664B01,1,1,1.0,Cohérente,Non cohérentes
915,201000040673,2010-05-21,2010,mai,vendredi,81:0,67,67482,0.0,0.0,En agglomération,Hors intersection,6.0,Plein jour,Temps couvert,4,Non renseigné,1.0,Plat,1.0,0.0,0.0,Normale,6.0,Sur chaussée,Indemne,Masculin,21.0,Domicile - école,3,9,0.0,1.0,1.0,1.0,201000040673A01,,,,Non cohérente,Non cohérentes
916,201000040673,2010-05-21,2010,mai,vendredi,81:0,67,67482,0.0,0.0,En agglomération,Hors intersection,6.0,Plein jour,Temps couvert,4,Non renseigné,1.0,Plat,1.0,0.0,0.0,Normale,6.0,Sur chaussée,Blessé léger,Féminin,55.0,Promenade - loisirs,3,9,0.0,1.0,1.0,1.0,201000040673A01,,,,Non cohérente,Non cohérentes
917,201000040684,2010-05-26,2010,mai,mercredi,18:20,67,67482,0.0,0.0,En agglomération,Hors intersection,6.0,Plein jour,Pluie légère,4,Bidirectionnelle,2.0,Plat,1.0,0.0,100.0,Mouillée,0.0,Sur trottoir,Indemne,Féminin,25.0,Promenade - loisirs,2,2,0.0,1.0,1.0,1.0,201000040684A01,,,,Cohérente,Non cohérentes
918,201000040690,2010-05-29,2010,mai,samedi,14:00,67,67482,0.0,0.0,En agglomération,Intersection en X,3.0,Plein jour,Normale,4,A sens unique,2.0,Plat,1.0,0.0,31.0,Normale,0.0,Sur chaussée,Blessé léger,Masculin,15.0,Promenade - loisirs,3,9,0.0,2.0,7.0,15.0,201000040690A01,7,1,1.0,Cohérente,Non cohérentes
919,201000040696,2010-06-04,2010,juin,vendredi,73:0,67,67482,0.0,0.0,En agglomération,Hors intersection,3.0,Plein jour,Normale,4,A chaussées séparées,2.0,Plat,1.0,0.0,0.0,Normale,0.0,Sur trottoir,Blessé léger,Masculin,39.0,Non renseigné,3,4,0.0,2.0,1.0,1.0,201000040696B01,10,0,1.0,Non cohérente,Non cohérentes
920,201000040698,2010-06-04,2010,juin,vendredi,94:0,67,67482,0.0,0.0,En agglomération,Hors intersection,6.0,Plein jour,Normale,4,Non renseigné,3.0,Plat,2.0,0.0,60.0,Normale,0.0,Sur chaussée,Blessé léger,Masculin,68.0,Promenade - loisirs,3,4,0.0,2.0,1.0,5.0,201000040698B01,7,0,1.0,Non cohérente,Non cohérentes
921,201000040699,2010-06-04,2010,juin,vendredi,16:40,67,67482,0.0,0.0,En agglomération,Intersection en X,6.0,Plein jour,Normale,4,Bidirectionnelle,2.0,Plat,1.0,0.0,60.0,Normale,0.0,Sur chaussée,Blessé léger,Féminin,38.0,Domicile - travail,3,4,0.0,2.0,8.0,1.0,201000040699B01,30,16,1.0,Cohérente,Non cohérentes
922,201000040701,2010-06-04,2010,juin,vendredi,20:15,67,67482,0.0,0.0,En agglomération,Intersection en X,6.0,Plein jour,Normale,4,Bidirectionnelle,2.0,Plat,1.0,70.0,90.0,Normale,0.0,Sur chaussée,Indemne,Masculin,24.0,Domicile - travail,3,4,0.0,2.0,1.0,1.0,201000040701A01,1,0,1.0,Cohérente,Non cohérentes
923,201000040701,2010-06-04,2010,juin,vendredi,20:15,67,67482,0.0,0.0,En agglomération,Intersection en X,6.0,Plein jour,Normale,4,Bidirectionnelle,2.0,Plat,1.0,70.0,90.0,Normale,0.0,Sur chaussée,Blessé hospitalisé,Masculin,46.0,Promenade - loisirs,3,4,0.0,2.0,1.0,0.0,201000040701B01,1,1,1.0,Cohérente,Non cohérentes
924,201000040702,2010-06-05,2010,juin,samedi,14:20,67,67482,0.0,0.0,En agglomération,Hors intersection,6.0,Plein jour,Normale,4,Bidirectionnelle,2.0,Plat,1.0,0.0,57.0,Normale,0.0,Sur chaussée,Blessé léger,Masculin,15.0,Promenade - loisirs,3,2,0.0,0.0,4.0,0.0,201000040702B01,7,24,1.0,Cohérente,Non cohérentes
925,201000040708,2010-06-05,2010,juin,samedi,20:20,67,67482,0.0,0.0,En agglomération,Intersection à plus de 4 branches,6.0,Plein jour,Normale,4,Bidirectionnelle,3.0,Plat,1.0,79.0,80.0,Normale,0.0,Sur chaussée,Blessé hospitalisé,Masculin,64.0,Autre,3,9,0.0,2.0,0.0,1.0,201000040708A01,7,16,1.0,Cohérente,Non cohérentes
926,201000040711,2010-06-07,2010,juin,lundi,12:10,67,67482,0.0,0.0,En agglomération,Hors intersection,3.0,Plein jour,Normale,4,Bidirectionnelle,2.0,Plat,1.0,0.0,50.0,Normale,0.0,Sur trottoir,Blessé léger,Masculin,41.0,Non renseigné,3,9,0.0,2.0,8.0,1.0,201000040711A01,7,1,1.0,Cohérente,Non cohérentes
927,201000040712,2010-06-07,2010,juin,lundi,16:21,67,67482,0.0,0.0,En agglomération,Hors intersection,3.0,Plein jour,Normale,4,Bidirectionnelle,3.0,Plat,1.0,0.0,70.0,Normale,0.0,Sur chaussée,Blessé léger,Masculin,12.0,Autre,1,2,0.0,2.0,7.0,19.0,201000040712B01,7,1,1.0,Cohérente,Non cohérentes
928,201000040717,2010-06-11,2010,juin,vendredi,12:00,67,67482,0.0,0.0,En agglomération,Hors intersection,3.0,Plein jour,Normale,4,A chaussées séparées,4.0,Plat,1.0,110.0,150.0,Normale,4.0,Sur trottoir,Blessé léger,Masculin,28.0,Domicile - travail,3,2,0.0,2.0,1.0,13.0,201000040717B01,7,20,1.0,Cohérente,Non cohérentes
929,201000040719,2010-06-12,2010,juin,samedi,10:35,67,67482,0.0,0.0,En agglomération,Intersection en X,3.0,Plein jour,Normale,4,Bidirectionnelle,2.0,Plat,1.0,0.0,60.0,Normale,0.0,Sur chaussée,Blessé léger,Masculin,23.0,Promenade - loisirs,1,4,0.0,2.0,1.0,1.0,201000040719A01,7,1,1.0,Cohérente,Non cohérentes
930,201000040731,2010-06-18,2010,juin,vendredi,13:45,67,67482,0.0,0.0,En agglomération,Intersection en X,3.0,Plein jour,Normale,4,Bidirectionnelle,3.0,Plat,-1.0,10.0,80.0,Normale,0.0,Sur chaussée,Blessé léger,Masculin,40.0,Non renseigné,3,9,0.0,4.0,3.0,19.0,201000040731A01,40,1,1.0,Cohérente,Non cohérentes
931,201000040736,2010-06-21,2010,juin,lundi,74:0,67,67482,0.0,0.0,En agglomération,Intersection à plus de 4 branches,3.0,Plein jour,Normale,4,A sens unique,4.0,Plat,1.0,0.0,100.0,Normale,0.0,Sur piste cyclable,Blessé léger,Féminin,45.0,Non renseigné,2,2,0.0,2.0,0.0,1.0,201000040736B01,7,1,1.0,Non cohérente,Non cohérentes
932,201000040741,2010-06-23,2010,juin,mercredi,14:45,67,67482,0.0,0.0,En agglomération,Intersection en X,3.0,Plein jour,Normale,4,Avec voies d'affectation variable,3.0,Plat,1.0,0.0,100.0,Normale,0.0,Sur chaussée,Blessé léger,Féminin,65.0,Promenade - loisirs,1,4,0.0,2.0,1.0,1.0,201000040741A01,14,1,1.0,Cohérente,Non cohérentes
933,201000040746,2010-06-24,2010,juin,jeudi,92:0,67,67482,0.0,0.0,En agglomération,Intersection en X,7.0,Plein jour,Normale,4,Bidirectionnelle,2.0,Plat,1.0,0.0,77.0,Normale,0.0,Sur chaussée,Indemne,Masculin,20.0,Non renseigné,3,9,0.0,2.0,0.0,1.0,201000040746A01,33,1,1.0,Non cohérente,Non cohérentes
934,201000040748,2010-06-25,2010,juin,vendredi,90:0,67,67482,0.0,0.0,En agglomération,Hors intersection,3.0,Plein jour,Normale,4,A sens unique,1.0,Plat,1.0,90.0,42.0,Normale,0.0,Sur piste cyclable,Blessé léger,Féminin,58.0,Promenade - loisirs,3,9,1.0,0.0,1.0,1.0,201000040748B01,7,22,1.0,Non cohérente,Non cohérentes
935,201000040752,2010-06-25,2010,juin,vendredi,22:20,67,67482,0.0,0.0,En agglomération,Hors intersection,7.0,Nuit sans éclairage public,Normale,9,Non renseigné,0.0,Plat,1.0,0.0,0.0,Normale,0.0,Aucun,Blessé léger,Masculin,21.0,Non renseigné,3,9,0.0,0.0,0.0,0.0,201000040752A01,,,,Cohérente,Non cohérentes
936,201000040756,2010-06-29,2010,juin,mardi,12:21,67,67482,0.0,0.0,En agglomération,Intersection en X,3.0,Plein jour,Normale,4,A chaussées séparées,2.0,Plat,1.0,0.0,50.0,Normale,0.0,Sur chaussée,Blessé hospitalisé,Masculin,37.0,Non renseigné,3,9,0.0,2.0,1.0,1.0,201000040756B01,7,1,1.0,Cohérente,Non cohérentes
937,201000040767,2010-07-02,2010,juillet,vendredi,21:30,67,67482,0.0,0.0,En agglomération,Intersection en T,6.0,Nuit avec éclairage public allumé,Normale,4,Bidirectionnelle,2.0,Plat,1.0,0.0,50.0,Normale,0.0,Sur chaussée,Blessé léger,Masculin,2.0,Promenade - loisirs,3,9,0.0,1.0,0.0,0.0,201000040767Z01,,,,Cohérente,Non cohérentes
938,201000040768,2010-07-02,2010,juillet,vendredi,10:00,67,67482,0.0,0.0,En agglomération,Intersection en T,3.0,Plein jour,Temps éblouissant,4,Bidirectionnelle,2.0,Plat,1.0,0.0,60.0,Normale,0.0,Sur chaussée,Blessé léger,Féminin,26.0,Domicile - travail,1,4,0.0,2.0,1.0,1.0,201000040768B01,7,15,1.0,Cohérente,Non cohérentes
939,201000040769,2010-07-02,2010,juillet,vendredi,11:20,67,67482,0.0,0.0,En agglomération,Intersection en X,3.0,Plein jour,Normale,4,Bidirectionnelle,2.0,Plat,1.0,0.0,130.0,Normale,0.0,Sur chaussée,Blessé hospitalisé,Féminin,40.0,Non renseigné,1,4,0.0,2.0,8.0,18.0,201000040769B01,15,16,1.0,Cohérente,Non cohérentes
940,201000040770,2010-07-02,2010,juillet,vendredi,17:00,67,67482,0.0,0.0,En agglomération,Intersection en X,3.0,Plein jour,Normale,4,Bidirectionnelle,2.0,Plat,1.0,0.0,120.0,Normale,0.0,Sur chaussée,Blessé hospitalisé,Masculin,48.0,Domicile - travail,2,2,0.0,2.0,5.0,1.0,201000040770A01,7,1,1.0,Cohérente,Non cohérentes
941,201000040772,2010-07-04,2010,juillet,dimanche,18:20,67,67482,0.0,0.0,En agglomération,Intersection en T,3.0,Plein jour,Normale,4,Bidirectionnelle,2.0,Plat,1.0,0.0,70.0,Normale,0.0,Sur chaussée,Blessé léger,Masculin,12.0,Promenade - loisirs,3,9,0.0,2.0,8.0,15.0,201000040772B01,7,1,1.0,Cohérente,Non cohérentes
942,201000040778,2010-07-07,2010,juillet,mercredi,11:55,67,67482,0.0,0.0,En agglomération,Hors intersection,3.0,Plein jour,Normale,4,Bidirectionnelle,1.0,Plat,1.0,0.0,46.0,Normale,6.0,Sur chaussée,Indemne,Masculin,52.0,Promenade - loisirs,2,2,0.0,2.0,1.0,1.0,201000040778B01,10,16,1.0,Cohérente,Non cohérentes
943,201000040778,2010-07-07,2010,juillet,mercredi,11:55,67,67482,0.0,0.0,En agglomération,Hors intersection,3.0,Plein jour,Normale,4,Bidirectionnelle,1.0,Plat,1.0,0.0,46.0,Normale,6.0,Sur chaussée,Blessé léger,Féminin,5.0,Promenade - loisirs,2,2,0.0,2.0,1.0,1.0,201000040778B01,10,16,1.0,Cohérente,Non cohérentes
944,201000040779,2010-07-07,2010,juillet,mercredi,13:20,67,67482,0.0,0.0,En agglomération,Intersection en T,3.0,Plein jour,Normale,4,Bidirectionnelle,2.0,Plat,1.0,0.0,80.0,Normale,0.0,Sur chaussée,Blessé léger,Féminin,34.0,Promenade - loisirs,3,9,0.0,2.0,1.0,1.0,201000040779A01,7,16,1.0,Cohérente,Non cohérentes
945,201000040791,2010-07-12,2010,juillet,lundi,71:0,67,67482,0.0,0.0,En agglomération,Hors intersection,3.0,Plein jour,Normale,4,A chaussées séparées,2.0,Plat,1.0,0.0,40.0,Normale,0.0,Sur chaussée,Blessé léger,Féminin,49.0,Domicile - travail,3,4,0.0,2.0,1.0,1.0,201000040791A01,7,16,1.0,Non cohérente,Non cohérentes
946,201000040796,2010-07-16,2010,juillet,vendredi,19:55,67,67482,0.0,0.0,En agglomération,Intersection en T,3.0,Plein jour,Normale,4,Bidirectionnelle,2.0,Plat,1.0,0.0,50.0,Normale,0.0,Sur chaussée,Blessé léger,Féminin,45.0,Non renseigné,3,9,0.0,2.0,1.0,1.0,201000040796B01,7,15,1.0,Cohérente,Non cohérentes
947,201000040804,2010-07-21,2010,juillet,mercredi,19:35,67,67482,0.0,0.0,En agglomération,Intersection en X,2.0,Plein jour,Normale,4,Bidirectionnelle,0.0,Plat,1.0,0.0,60.0,Normale,0.0,Aucun,Blessé léger,Masculin,26.0,Promenade - loisirs,2,2,0.0,2.0,4.0,1.0,201000040804A01,7,15,1.0,Cohérente,Non cohérentes
948,201000040807,2010-07-23,2010,juillet,vendredi,12:00,67,67482,0.0,0.0,En agglomération,Intersection en X,6.0,Plein jour,Normale,4,Bidirectionnelle,4.0,Pente,1.0,0.0,140.0,Normale,0.0,Sur chaussée,Blessé léger,Masculin,73.0,Promenade - loisirs,3,9,0.0,2.0,0.0,1.0,201000040807B01,10,1,1.0,Cohérente,Non cohérentes
949,201000040809,2010-07-23,2010,juillet,vendredi,19:00,67,67482,0.0,0.0,En agglomération,Intersection en X,3.0,Crépuscule ou aube,Pluie légère,4,Non renseigné,1.0,Plat,1.0,0.0,70.0,Mouillée,0.0,Sur chaussée,Blessé léger,Féminin,22.0,Autre,3,9,0.0,2.0,1.0,1.0,201000040809A01,7,1,1.0,Cohérente,Non cohérentes
950,201000040812,2010-07-28,2010,juillet,mercredi,20:25,67,67482,0.0,0.0,En agglomération,Intersection en X,3.0,Plein jour,Normale,4,Bidirectionnelle,4.0,Plat,1.0,80.0,94.0,Normale,0.0,Sur piste cyclable,Blessé léger,Masculin,58.0,Promenade - loisirs,3,9,0.0,2.0,1.0,1.0,201000040812B01,7,14,1.0,Cohérente,Non cohérentes
951,201000040813,2010-07-29,2010,juillet,jeudi,16:48,67,67482,0.0,0.0,En agglomération,Hors intersection,6.0,Plein jour,Normale,4,A sens unique,2.0,Plat,1.0,0.0,52.0,Normale,0.0,Sur chaussée,Blessé léger,Masculin,81.0,Promenade - loisirs,3,9,0.0,2.0,7.0,19.0,201000040813A01,40,1,1.0,Cohérente,Non cohérentes
952,201000040815,2010-07-30,2010,juillet,vendredi,18:10,67,67482,0.0,0.0,En agglomération,Hors intersection,6.0,Plein jour,Pluie légère,4,Bidirectionnelle,2.0,Plat,1.0,0.0,60.0,Normale,0.0,Sur chaussée,Blessé léger,Masculin,17.0,Promenade - loisirs,3,2,0.0,2.0,1.0,15.0,201000040815B01,7,1,1.0,Cohérente,Non cohérentes
953,201000040817,2010-07-31,2010,juillet,samedi,17:25,67,67482,0.0,0.0,En agglomération,Intersection en X,3.0,Plein jour,Normale,4,Bidirectionnelle,2.0,Plat,1.0,0.0,60.0,Normale,0.0,Aucun,Blessé léger,Masculin,11.0,Promenade - loisirs,2,2,0.0,2.0,1.0,1.0,201000040817B01,7,1,1.0,Cohérente,Non cohérentes
954,201000040828,2010-08-13,2010,août,vendredi,19:45,67,67482,0.0,0.0,En agglomération,Intersection en X,6.0,Plein jour,Normale,4,A sens unique,0.0,Plat,1.0,0.0,51.0,Normale,0.0,Sur chaussée,Blessé léger,Masculin,24.0,Promenade - loisirs,1,9,0.0,2.0,2.0,1.0,201000040828A01,7,1,1.0,Cohérente,Non cohérentes
955,201000040859,2010-09-05,2010,septembre,dimanche,45:1,67,67482,0.0,0.0,En agglomération,Hors intersection,3.0,Nuit avec éclairage public allumé,Normale,4,Bidirectionnelle,2.0,Plat,1.0,0.0,50.0,Normale,0.0,Sur chaussée,Blessé léger,Masculin,24.0,Promenade - loisirs,3,9,0.0,2.0,6.0,9.0,201000040859A01,7,1,1.0,Non cohérente,Non cohérentes
956,201000040872,2010-09-12,2010,septembre,dimanche,18:25,67,67482,0.0,0.0,En agglomération,Hors intersection,3.0,Plein jour,Normale,4,Bidirectionnelle,2.0,Plat,1.0,0.0,40.0,Normale,0.0,Sur trottoir,Blessé léger,Féminin,53.0,Promenade - loisirs,2,2,0.0,2.0,1.0,1.0,201000040872B01,7,22,1.0,Cohérente,Non cohérentes
957,201000040874,2010-09-13,2010,septembre,lundi,18:10,67,67482,0.0,0.0,En agglomération,Intersection en T,3.0,Plein jour,Normale,4,Bidirectionnelle,3.0,Plat,1.0,0.0,80.0,Normale,0.0,Sur chaussée,Blessé léger,Masculin,53.0,Promenade - loisirs,3,9,0.0,2.0,8.0,19.0,201000040874B01,7,15,1.0,Cohérente,Non cohérentes
958,201000040878,2010-09-16,2010,septembre,jeudi,75:0,67,67482,0.0,0.0,En agglomération,Intersection en T,3.0,Plein jour,Normale,4,Bidirectionnelle,4.0,Plat,1.0,0.0,95.0,Normale,0.0,Sur chaussée,Blessé léger,Masculin,20.0,Domicile - travail,3,9,0.0,2.0,1.0,1.0,201000040878A01,7,1,1.0,Non cohérente,Non cohérentes
959,201000040890,2010-09-21,2010,septembre,mardi,18:40,67,67482,0.0,0.0,En agglomération,Hors intersection,3.0,Plein jour,Normale,4,Bidirectionnelle,2.0,Plat,1.0,0.0,40.0,Normale,0.0,Sur piste cyclable,Indemne,Masculin,17.0,Promenade - loisirs,3,9,0.0,2.0,1.0,9.0,201000040890A01,1,1,1.0,Cohérente,Non cohérentes
960,201000040890,2010-09-21,2010,septembre,mardi,18:40,67,67482,0.0,0.0,En agglomération,Hors intersection,3.0,Plein jour,Normale,4,Bidirectionnelle,2.0,Plat,1.0,0.0,40.0,Normale,0.0,Sur piste cyclable,Blessé léger,Féminin,36.0,Domicile - travail,3,9,0.0,2.0,7.0,1.0,201000040890B01,1,9,1.0,Cohérente,Non cohérentes
961,201000040904,2010-10-02,2010,octobre,samedi,85:0,67,67482,0.0,0.0,En agglomération,Intersection en T,3.0,Plein jour,Pluie légère,4,Bidirectionnelle,2.0,Plat,1.0,30.0,40.0,Mouillée,0.0,Sur chaussée,Blessé léger,Masculin,25.0,Domicile - travail,2,2,0.0,2.0,8.0,1.0,201000040904B01,7,15,1.0,Non cohérente,Non cohérentes
962,201000040911,2010-10-04,2010,octobre,lundi,19:40,67,67482,0.0,0.0,En agglomération,Intersection en X,6.0,Nuit avec éclairage public allumé,Normale,4,Bidirectionnelle,3.0,Plat,1.0,0.0,180.0,Normale,0.0,Sur chaussée,Blessé léger,Féminin,26.0,Domicile - travail,2,2,0.0,2.0,8.0,19.0,201000040911B01,7,16,1.0,Cohérente,Non cohérentes
963,201000040919,2010-10-06,2010,octobre,mercredi,19:35,67,67482,0.0,0.0,En agglomération,Hors intersection,3.0,Nuit avec éclairage public allumé,Normale,4,Bidirectionnelle,2.0,Plat,3.0,0.0,70.0,Normale,0.0,Sur chaussée,Blessé léger,Féminin,41.0,Non renseigné,3,9,0.0,2.0,8.0,19.0,201000040919B01,33,17,1.0,Cohérente,Non cohérentes
964,201000040921,2010-10-08,2010,octobre,vendredi,18:00,67,67482,0.0,0.0,En agglomération,Intersection en T,3.0,Plein jour,Normale,4,Bidirectionnelle,2.0,Plat,1.0,6.0,52.0,Normale,0.0,Sur piste cyclable,Blessé léger,Féminin,56.0,Domicile - travail,2,2,0.0,2.0,7.0,1.0,201000040921B01,7,9,1.0,Cohérente,Non cohérentes
965,201000040923,2010-10-10,2010,octobre,dimanche,12:20,67,67482,0.0,0.0,En agglomération,Intersection en T,3.0,Plein jour,Normale,4,Bidirectionnelle,3.0,Plat,1.0,0.0,100.0,Normale,0.0,Aucun,Blessé léger,Masculin,47.0,Utilisation professionnelle,3,9,0.0,2.0,8.0,1.0,201000040923B01,7,16,1.0,Cohérente,Non cohérentes
966,201000040928,2010-10-15,2010,octobre,vendredi,75:0,67,67482,0.0,0.0,En agglomération,Intersection en T,3.0,Plein jour,Normale,4,Bidirectionnelle,4.0,Plat,1.0,0.0,0.0,Normale,0.0,Sur chaussée,Blessé léger,Féminin,16.0,Non renseigné,3,2,0.0,2.0,3.0,1.0,201000040928B01,7,1,1.0,Non cohérente,Non cohérentes
967,201000040934,2010-10-20,2010,octobre,mercredi,14:30,67,67482,0.0,0.0,En agglomération,Hors intersection,3.0,Plein jour,Pluie légère,4,Bidirectionnelle,2.0,Plat,1.0,0.0,100.0,Mouillée,0.0,Sur chaussée,Blessé léger,Masculin,17.0,Non renseigné,3,4,0.0,2.0,1.0,9.0,201000040934A01,31,1,1.0,Cohérente,Non cohérentes
968,201000040936,2010-10-21,2010,octobre,jeudi,14:00,67,67482,0.0,0.0,En agglomération,Intersection en X,3.0,Plein jour,Normale,4,A sens unique,1.0,Plat,1.0,0.0,70.0,Normale,0.0,Sur chaussée,Blessé léger,Féminin,46.0,Promenade - loisirs,3,9,0.0,2.0,3.0,1.0,201000040936B01,7,15,1.0,Cohérente,Non cohérentes
969,201000040939,2010-10-22,2010,octobre,vendredi,11:55,67,67482,0.0,0.0,En agglomération,Intersection en X,3.0,Plein jour,Normale,4,Bidirectionnelle,0.0,Plat,1.0,0.0,60.0,Normale,4.0,Sur chaussée,Blessé léger,Féminin,24.0,Domicile - travail,3,9,0.0,2.0,0.0,1.0,201000040939B01,7,15,1.0,Cohérente,Non cohérentes
970,201000040946,2010-10-27,2010,octobre,mercredi,16:45,67,67482,0.0,0.0,En agglomération,Hors intersection,3.0,Plein jour,Normale,4,Bidirectionnelle,3.0,Plat,1.0,0.0,100.0,Normale,0.0,Sur chaussée,Blessé léger,Masculin,35.0,Domicile - travail,3,9,0.0,2.0,8.0,1.0,201000040946A01,7,1,1.0,Cohérente,Non cohérentes
971,201000040952,2010-11-02,2010,novembre,mardi,16:05,67,67482,0.0,0.0,En agglomération,Hors intersection,6.0,Plein jour,Normale,4,Bidirectionnelle,2.0,Plat,1.0,0.0,90.0,Normale,0.0,Sur chaussée,Blessé léger,Masculin,34.0,Promenade - loisirs,3,9,0.0,2.0,1.0,1.0,201000040952B01,7,24,1.0,Cohérente,Non cohérentes
972,201000040953,2010-11-02,2010,novembre,mardi,17:20,67,67482,0.0,0.0,En agglomération,Intersection en X,6.0,Nuit avec éclairage public allumé,Normale,4,Bidirectionnelle,2.0,Plat,1.0,0.0,0.0,Normale,0.0,Sur trottoir,Blessé léger,Féminin,24.0,Promenade - loisirs,3,9,0.0,2.0,1.0,1.0,201000040953B01,30,15,1.0,Cohérente,Non cohérentes
973,201000040954,2010-11-03,2010,novembre,mercredi,14:30,67,67482,0.0,0.0,En agglomération,Hors intersection,3.0,Plein jour,Normale,4,A chaussées séparées,4.0,Plat,1.0,20.0,60.0,Normale,0.0,Sur chaussée,Blessé léger,Masculin,32.0,Non renseigné,3,9,0.0,2.0,5.0,19.0,201000040954B01,7,1,1.0,Cohérente,Non cohérentes
974,201000040959,2010-11-05,2010,novembre,vendredi,10:10,67,67482,0.0,0.0,En agglomération,Hors intersection,3.0,Plein jour,Normale,4,A sens unique,2.0,Plat,1.0,0.0,130.0,Normale,0.0,Sur trottoir,Blessé léger,Féminin,36.0,Promenade - loisirs,1,9,0.0,2.0,1.0,1.0,201000040959B01,7,9,1.0,Cohérente,Non cohérentes
975,201000040960,2010-11-05,2010,novembre,vendredi,13:50,67,67482,0.0,0.0,En agglomération,Intersection en X,3.0,Plein jour,Normale,4,A sens unique,2.0,Plat,1.0,0.0,40.0,Normale,0.0,Sur chaussée,Blessé léger,Masculin,25.0,Non renseigné,1,4,0.0,2.0,5.0,1.0,201000040960B01,7,9,1.0,Cohérente,Non cohérentes
976,201000040965,2010-11-08,2010,novembre,lundi,16:30,67,67482,0.0,0.0,En agglomération,Hors intersection,6.0,Plein jour,Normale,4,Bidirectionnelle,3.0,Plat,1.0,0.0,100.0,Normale,0.0,Sur chaussée,Indemne,Masculin,23.0,Non renseigné,3,9,0.0,1.0,1.0,1.0,201000040965A01,,,,Cohérente,Non cohérentes
977,201000040966,2010-11-08,2010,novembre,lundi,17:30,67,67482,0.0,0.0,En agglomération,Intersection en T,3.0,Plein jour,Normale,4,Non renseigné,2.0,Plat,1.0,0.0,80.0,Normale,0.0,Sur chaussée,Blessé léger,Masculin,54.0,Domicile - travail,1,2,0.0,2.0,3.0,1.0,201000040966B01,7,15,1.0,Cohérente,Non cohérentes
978,201000040970,2010-11-10,2010,novembre,mercredi,83:0,67,67482,0.0,0.0,En agglomération,Intersection en T,6.0,Plein jour,Pluie légère,4,A sens unique,1.0,Pente,1.0,0.0,35.0,Mouillée,0.0,Sur chaussée,Indemne,Féminin,20.0,Non renseigné,3,9,0.0,1.0,1.0,1.0,201000040970A01,,,,Non cohérente,Non cohérentes
979,201000040971,2010-11-10,2010,novembre,mercredi,91:5,67,67482,0.0,0.0,En agglomération,Hors intersection,6.0,Plein jour,Pluie légère,4,Bidirectionnelle,2.0,Plat,1.0,0.0,52.0,Mouillée,0.0,Sur trottoir,Indemne,Masculin,56.0,Non renseigné,3,9,0.0,1.0,1.0,1.0,201000040971A01,,,,Non cohérente,Non cohérentes
980,201000040976,2010-11-13,2010,novembre,samedi,43:5,67,67482,0.0,0.0,En agglomération,Intersection en X,3.0,Nuit avec éclairage public allumé,Vent fort - tempête,4,Bidirectionnelle,2.0,Plat,2.0,0.0,66.0,Normale,0.0,Sur chaussée,Blessé hospitalisé,Féminin,34.0,Domicile - travail,3,9,0.0,2.0,6.0,1.0,201000040976B01,7,16,1.0,Non cohérente,Non cohérentes
981,201000040981,2010-11-16,2010,novembre,mardi,18:30,67,67482,0.0,0.0,En agglomération,Intersection en X,3.0,Plein jour,Normale,4,Bidirectionnelle,2.0,Plat,1.0,0.0,80.0,Normale,0.0,Sur chaussée,Blessé léger,Masculin,53.0,Non renseigné,3,2,0.0,2.0,1.0,1.0,201000040981B01,7,1,1.0,Cohérente,Non cohérentes
982,201000040982,2010-11-17,2010,novembre,mercredi,75:7,67,67482,0.0,0.0,En agglomération,Hors intersection,6.0,Plein jour,Normale,4,Bidirectionnelle,4.0,Plat,1.0,30.0,60.0,Normale,0.0,Sur chaussée,Blessé léger,Masculin,14.0,Domicile - école,3,2,0.0,2.0,8.0,15.0,201000040982B01,7,1,1.0,Non cohérente,Non cohérentes
983,201000040993,2010-11-19,2010,novembre,vendredi,23:55,67,67482,0.0,0.0,En agglomération,Hors intersection,3.0,Nuit avec éclairage public allumé,Normale,4,A sens unique,1.0,Plat,1.0,0.0,0.0,Normale,0.0,Sur piste cyclable,Blessé léger,Féminin,28.0,Autre,3,4,0.0,9.0,1.0,13.0,201000040993A01,1,1,1.0,Cohérente,Non cohérentes
984,201000040993,2010-11-19,2010,novembre,vendredi,23:55,67,67482,0.0,0.0,En agglomération,Hors intersection,3.0,Nuit avec éclairage public allumé,Normale,4,A sens unique,1.0,Plat,1.0,0.0,0.0,Normale,0.0,Sur piste cyclable,Blessé léger,Féminin,34.0,Domicile - travail,3,9,0.0,2.0,1.0,1.0,201000040993B01,1,13,1.0,Cohérente,Non cohérentes
985,201000041012,2010-12-04,2010,décembre,samedi,15:18,67,67482,0.0,0.0,En agglomération,Intersection en X,7.0,Plein jour,Normale,4,A chaussées séparées,2.0,Plat,1.0,70.0,150.0,Normale,5.0,Aucun,Blessé léger,Féminin,26.0,Promenade - loisirs,3,9,0.0,2.0,0.0,18.0,201000041012B01,7,1,1.0,Cohérente,Non cohérentes
986,201000041017,2010-12-07,2010,décembre,mardi,82:0,67,67482,0.0,0.0,En agglomération,Intersection en X,3.0,Plein jour,Pluie légère,4,A sens unique,2.0,Plat,1.0,0.0,45.0,Mouillée,4.0,Sur chaussée,Blessé léger,Masculin,34.0,Promenade - loisirs,3,2,0.0,2.0,7.0,1.0,201000041017B01,7,15,1.0,Non cohérente,Non cohérentes
987,201000041020,2010-12-08,2010,décembre,mercredi,17:15,67,67482,0.0,0.0,En agglomération,Intersection en X,3.0,Nuit avec éclairage public allumé,Pluie légère,4,Bidirectionnelle,2.0,Plat,1.0,0.0,78.0,Mouillée,0.0,Sur chaussée,Blessé léger,Masculin,26.0,Non renseigné,3,9,0.0,4.0,7.0,19.0,201000041020A01,40,1,1.0,Cohérente,Non cohérentes
988,201000041031,2010-12-16,2010,décembre,jeudi,16:10,67,67482,0.0,0.0,En agglomération,Intersection en T,3.0,Crépuscule ou aube,Vent fort - tempête,4,Bidirectionnelle,2.0,Plat,1.0,0.0,60.0,Mouillée,0.0,Sur chaussée,Blessé léger,Masculin,31.0,Promenade - loisirs,3,9,0.0,2.0,8.0,1.0,201000041031B01,7,15,1.0,Cohérente,Non cohérentes
989,201000041035,2010-12-22,2010,décembre,mercredi,73:0,67,67482,0.0,0.0,En agglomération,Hors intersection,1.0,Crépuscule ou aube,Pluie légère,4,Bidirectionnelle,2.0,Plat,1.0,0.0,70.0,Mouillée,0.0,Sur chaussée,Indemne,Masculin,48.0,Promenade - loisirs,3,9,0.0,2.0,1.0,1.0,201000041035B01,1,1,1.0,Non cohérente,Non cohérentes
990,201000041035,2010-12-22,2010,décembre,mercredi,73:0,67,67482,0.0,0.0,En agglomération,Hors intersection,1.0,Crépuscule ou aube,Pluie légère,4,Bidirectionnelle,2.0,Plat,1.0,0.0,70.0,Mouillée,0.0,Sur chaussée,Blessé léger,Féminin,26.0,Domicile - travail,3,9,0.0,2.0,1.0,1.0,201000041035A01,1,1,1.0,Non cohérente,Non cohérentes
991,201000041043,2010-12-30,2010,décembre,jeudi,33:5,67,67482,0.0,0.0,En agglomération,Intersection en T,2.0,Nuit avec éclairage public allumé,Neige - grêle,4,Bidirectionnelle,2.0,Plat,1.0,0.0,0.0,Enneigée,0.0,Sur chaussée,Blessé léger,Masculin,18.0,Domicile - travail,3,9,0.0,2.0,4.0,1.0,201000041043A01,7,1,1.0,Non cohérente,Non cohérentes
992,201000042390,2010-05-17,2010,mai,lundi,12:00,74,74010,0.0,0.0,En agglomération,Place,6.0,Plein jour,Normale,4,Bidirectionnelle,2.0,Plat,1.0,0.0,50.0,Normale,0.0,Aucun,Blessé léger,Masculin,20.0,Autre,1,2,0.0,0.0,1.0,1.0,201000042390B01,7,16,1.0,Cohérente,Non cohérentes
993,201000042395,2010-06-23,2010,juin,mercredi,11:55,74,74010,0.0,0.0,En agglomération,Intersection en T,6.0,Plein jour,Normale,3,Bidirectionnelle,4.0,Plat,1.0,0.0,140.0,Normale,0.0,Sur chaussée,Blessé léger,Féminin,28.0,Autre,3,2,0.0,0.0,1.0,1.0,201000042395B01,7,1,1.0,Cohérente,Non cohérentes
994,201000042402,2010-08-10,2010,août,mardi,82:0,74,74010,0.0,0.0,En agglomération,Intersection en T,6.0,Plein jour,Normale,4,Bidirectionnelle,2.0,Plat,1.0,0.0,0.0,Normale,0.0,Aucun,Blessé hospitalisé,Masculin,73.0,Courses - achats,3,9,0.0,2.0,8.0,19.0,201000042402B01,7,1,1.0,Non cohérente,Non cohérentes
995,201100030341,2011-01-04,2011,janvier,mardi,16:00,38,38185,45.1899,5.71801,En agglomération,Intersection en X,3.0,Plein jour,Normale,4,Bidirectionnelle,4.0,Plat,1.0,0.0,200.0,Normale,0.0,Sur chaussée,Blessé hospitalisé,Féminin,63.0,Promenade - loisirs,2,2,0.0,4.0,1.0,15.0,201100030341B01,40,1,1.0,Cohérente,Cohérentes
996,201100030345,2011-01-06,2011,janvier,jeudi,81:5,38,38185,45.176,5.71763,En agglomération,Hors intersection,3.0,Plein jour,Normale,4,Bidirectionnelle,2.0,Plat,1.0,0.0,0.0,Normale,0.0,Sur chaussée,Blessé léger,Masculin,29.0,Domicile - travail,1,2,0.0,2.0,8.0,0.0,201100030345B01,7,17,1.0,Non cohérente,Cohérentes
997,201100030361,2011-01-31,2011,janvier,lundi,14:00,38,38185,45.1897,5.72465,En agglomération,Intersection en X,3.0,Plein jour,Normale,4,Non renseigné,2.0,Plat,1.0,0.0,0.0,Normale,5.0,Sur chaussée,Blessé hospitalisé,Masculin,65.0,Domicile - travail,3,9,0.0,2.0,1.0,1.0,201100030361B01,37,1,1.0,Cohérente,Cohérentes
998,201100030371,2011-03-03,2011,mars,jeudi,64:0,38,38185,45.1902,5.73214,En agglomération,Intersection en X,3.0,Crépuscule ou aube,Normale,4,A sens unique,1.0,Plat,1.0,0.0,64.0,Normale,0.0,Sur chaussée,Blessé léger,Masculin,35.0,Domicile - travail,1,2,0.0,2.0,1.0,1.0,201100030371B01,7,1,1.0,Non cohérente,Cohérentes
999,201100030373,2011-03-10,2011,mars,jeudi,19:45,38,38185,45.1779,5.7276,En agglomération,Intersection en X,6.0,Crépuscule ou aube,Normale,4,Non renseigné,0.0,Non renseigné,-1.0,0.0,0.0,Non renseigné,0.0,Aucun,Blessé hospitalisé,Masculin,23.0,Promenade - loisirs,2,2,0.0,2.0,8.0,15.0,201100030373B01,7,1,1.0,Cohérente,Cohérentes
1000,201100030375,2011-03-15,2011,mars,mardi,18:30,38,38185,45.1895,5.729,En agglomération,Hors intersection,6.0,Plein jour,Normale,4,Bidirectionnelle,2.0,Plat,1.0,0.0,0.0,Normale,0.0,Sur chaussée,Indemne,Féminin,68.0,Promenade - loisirs,1,2,0.0,1.0,1.0,1.0,201100030375A01,,,,Cohérente,Cohérentes
1001,201100030378,2011-03-21,2011,mars,lundi,18:00,38,38185,45.2054,5.70045,En agglomération,Giratoire,3.0,Plein jour,Normale,3,Bidirectionnelle,2.0,Plat,1.0,0.0,0.0,Normale,2.0,Sur chaussée,Blessé hospitalisé,Masculin,35.0,Domicile - travail,1,2,0.0,2.0,1.0,1.0,201100030378B01,7,16,1.0,Cohérente,Cohérentes
1002,201100030381,2011-03-23,2011,mars,mercredi,15:10,38,38185,45.1884,5.71448,En agglomération,Intersection en T,6.0,Plein jour,Normale,4,A sens unique,1.0,Non renseigné,-1.0,0.0,0.0,Normale,0.0,Aucun,Blessé léger,Féminin,35.0,Domicile - travail,2,2,0.0,4.0,7.0,16.0,201100030381B01,40,1,1.0,Cohérente,Cohérentes
1003,201100030393,2011-04-21,2011,avril,jeudi,18:35,38,38185,45.1887,5.72582,En agglomération,Intersection en X,3.0,Plein jour,Normale,3,Bidirectionnelle,3.0,Plat,1.0,0.0,103.0,Normale,0.0,Sur chaussée,Blessé léger,Masculin,31.0,Domicile - travail,2,2,0.0,2.0,1.0,1.0,201100030393B01,33,1,1.0,Cohérente,Cohérentes
1004,201100030413,2011-06-08,2011,juin,mercredi,70:0,38,38185,0.0,0.0,En agglomération,Intersection en X,6.0,Plein jour,Pluie légère,4,Bidirectionnelle,3.0,Plat,1.0,0.0,95.0,Mouillée,0.0,Sur chaussée,Blessé léger,Féminin,33.0,Domicile - travail,2,2,0.0,2.0,8.0,1.0,201100030413B01,7,15,1.0,Non cohérente,Non cohérentes
1005,201100030416,2011-06-17,2011,juin,vendredi,13:40,38,38185,0.0,0.0,En agglomération,Intersection en X,6.0,Plein jour,Normale,4,Bidirectionnelle,2.0,Plat,1.0,0.0,68.0,Normale,0.0,Sur chaussée,Blessé léger,Masculin,31.0,Promenade - loisirs,2,2,0.0,2.0,8.0,1.0,201100030416B01,10,16,1.0,Cohérente,Non cohérentes
1006,201100030425,2011-06-27,2011,juin,lundi,18:50,38,38185,0.0,0.0,En agglomération,Hors intersection,3.0,Plein jour,Normale,4,A sens unique,1.0,Plat,1.0,0.0,30.0,Normale,0.0,Sur chaussée,Blessé léger,Féminin,60.0,Domicile - travail,2,2,0.0,2.0,7.0,0.0,201100030425B01,7,15,1.0,Cohérente,Non cohérentes
1007,201100030432,2011-07-02,2011,juillet,samedi,10:00,38,38185,0.0,0.0,En agglomération,Intersection en X,3.0,Plein jour,Normale,4,Bidirectionnelle,2.0,Plat,1.0,0.0,0.0,Normale,0.0,Sur chaussée,Blessé léger,Masculin,82.0,Promenade - loisirs,2,2,0.0,2.0,2.0,1.0,201100030432B01,7,15,1.0,Cohérente,Non cohérentes
1008,201100030437,2011-07-22,2011,juillet,vendredi,23:25,38,38185,0.0,0.0,En agglomération,Hors intersection,6.0,Nuit avec éclairage public allumé,Normale,4,A sens unique,1.0,Plat,1.0,0.0,0.0,Normale,0.0,Sur chaussée,Blessé léger,Masculin,20.0,Non renseigné,2,2,0.0,2.0,8.0,19.0,201100030437A01,7,1,1.0,Cohérente,Non cohérentes
1009,201100030444,2011-08-15,2011,août,lundi,83:0,38,38185,0.0,0.0,En agglomération,Intersection en X,3.0,Plein jour,Normale,4,Bidirectionnelle,2.0,Plat,1.0,0.0,126.0,Normale,0.0,Sur chaussée,Blessé léger,Masculin,38.0,Autre,2,2,0.0,2.0,7.0,1.0,201100030444B01,7,1,1.0,Non cohérente,Non cohérentes
1010,201100030454,2011-09-09,2011,septembre,vendredi,10:45,38,38185,0.0,0.0,En agglomération,Hors intersection,6.0,Plein jour,Normale,4,Bidirectionnelle,3.0,Plat,1.0,0.0,0.0,Normale,0.0,Sur chaussée,Blessé léger,Féminin,29.0,Domicile - travail,2,2,1.0,0.0,1.0,1.0,201100030454B01,7,22,1.0,Cohérente,Non cohérentes
1011,201100030461,2011-09-16,2011,septembre,vendredi,12:00,38,38185,0.0,0.0,En agglomération,Hors intersection,6.0,Plein jour,Normale,4,Bidirectionnelle,2.0,Plat,1.0,0.0,98.0,Normale,0.0,Sur chaussée,Blessé léger,Féminin,22.0,Promenade - loisirs,3,9,0.0,2.0,1.0,1.0,201100030461B01,7,1,1.0,Cohérente,Non cohérentes
1012,201100030467,2011-10-03,2011,octobre,lundi,19:00,38,38185,0.0,0.0,En agglomération,Intersection en X,3.0,Plein jour,Normale,4,A sens unique,2.0,Plat,1.0,0.0,100.0,Normale,0.0,Sur chaussée,Blessé léger,Féminin,55.0,Promenade - loisirs,3,9,0.0,2.0,8.0,1.0,201100030467B01,7,15,1.0,Cohérente,Non cohérentes
1013,201100030472,2011-10-07,2011,octobre,vendredi,15:20,38,38185,0.0,0.0,En agglomération,Intersection en X,3.0,Plein jour,Normale,4,Bidirectionnelle,3.0,Plat,1.0,0.0,0.0,Normale,0.0,Sur chaussée,Blessé léger,Masculin,63.0,Promenade - loisirs,1,2,0.0,2.0,1.0,1.0,201100030472A01,37,1,1.0,Cohérente,Non cohérentes
1014,201100030474,2011-10-17,2011,octobre,lundi,14:25,38,38185,0.0,0.0,En agglomération,Hors intersection,6.0,Plein jour,Normale,4,Avec voies d'affectation variable,2.0,Plat,1.0,0.0,0.0,Normale,6.0,Sur chaussée,Indemne,Masculin,15.0,Promenade - loisirs,2,2,0.0,1.0,1.0,0.0,201100030474A01,,,,Cohérente,Non cohérentes
1015,201100030474,2011-10-17,2011,octobre,lundi,14:25,38,38185,0.0,0.0,En agglomération,Hors intersection,6.0,Plein jour,Normale,4,Avec voies d'affectation variable,2.0,Plat,1.0,0.0,0.0,Normale,6.0,Sur chaussée,Blessé hospitalisé,Féminin,82.0,Promenade - loisirs,3,9,0.0,1.0,1.0,0.0,201100030474A01,,,,Cohérente,Non cohérentes
1016,201100030476,2011-10-26,2011,octobre,mercredi,10:10,38,38185,45.162,5.71591,En agglomération,Hors intersection,3.0,Plein jour,Normale,3,A chaussées séparées,4.0,Plat,1.0,0.0,0.0,Normale,0.0,Sur chaussée,Tué,Féminin,17.0,Promenade - loisirs,2,9,0.0,2.0,1.0,1.0,201100030476B01,14,16,1.0,Cohérente,Cohérentes
1017,201100030486,2011-11-18,2011,novembre,vendredi,15:50,38,38185,0.0,0.0,En agglomération,Intersection en X,3.0,Plein jour,Normale,4,A sens unique,3.0,Plat,1.0,0.0,110.0,Normale,0.0,Sur chaussée,Blessé léger,Masculin,39.0,Promenade - loisirs,3,9,0.0,2.0,1.0,1.0,201100030486A01,7,15,1.0,Cohérente,Non cohérentes
1018,201100030489,2011-11-21,2011,novembre,lundi,13:50,38,38185,0.0,0.0,En agglomération,Intersection en X,3.0,Plein jour,Normale,4,Bidirectionnelle,2.0,Plat,1.0,0.0,220.0,Normale,0.0,Sur chaussée,Blessé léger,Féminin,22.0,Domicile - école,3,9,0.0,2.0,7.0,1.0,201100030489B01,7,15,1.0,Cohérente,Non cohérentes
1019,201100030492,2011-11-23,2011,novembre,mercredi,82:0,38,38185,0.0,0.0,En agglomération,Intersection en X,3.0,Plein jour,Normale,4,Bidirectionnelle,2.0,Plat,1.0,0.0,0.0,Normale,0.0,Sur chaussée,Blessé léger,Féminin,26.0,Promenade - loisirs,2,2,0.0,2.0,1.0,1.0,201100030492B01,7,16,1.0,Non cohérente,Non cohérentes
1020,201100030505,2011-12-09,2011,décembre,vendredi,17:05,38,38185,0.0,0.0,En agglomération,Intersection en T,3.0,Crépuscule ou aube,Normale,4,Bidirectionnelle,2.0,Plat,1.0,0.0,70.0,Normale,0.0,Sur chaussée,Blessé léger,Masculin,73.0,Promenade - loisirs,3,9,0.0,2.0,1.0,1.0,201100030505B01,7,15,1.0,Cohérente,Non cohérentes
1021,201100030514,2011-12-21,2011,décembre,mercredi,16:15,38,38185,0.0,0.0,En agglomération,Intersection en X,3.0,Plein jour,Pluie légère,4,Bidirectionnelle,2.0,Plat,1.0,0.0,0.0,Mouillée,0.0,Sur chaussée,Blessé léger,Masculin,87.0,Promenade - loisirs,3,9,0.0,2.0,7.0,1.0,201100030514B01,7,1,1.0,Cohérente,Non cohérentes
1022,201100030518,2011-12-24,2011,décembre,samedi,19:00,38,38185,0.0,0.0,En agglomération,Hors intersection,6.0,Nuit avec éclairage public allumé,Normale,4,Bidirectionnelle,2.0,Plat,1.0,0.0,0.0,Normale,0.0,Sur chaussée,Blessé léger,Féminin,60.0,Autre,3,9,0.0,2.0,1.0,1.0,201100030518B01,10,22,1.0,Cohérente,Non cohérentes
1023,201100038751,2011-01-08,2011,janvier,samedi,75:0,67,67482,0.0,0.0,En agglomération,Intersection en X,3.0,Plein jour,Pluie légère,4,Bidirectionnelle,2.0,Plat,1.0,0.0,70.0,Mouillée,0.0,Sur chaussée,Blessé léger,Masculin,17.0,Domicile - école,3,9,0.0,2.0,7.0,19.0,201100038751B01,7,1,1.0,Non cohérente,Non cohérentes
1024,201100038758,2011-01-14,2011,janvier,vendredi,19:50,67,67482,0.0,0.0,En agglomération,Intersection en X,3.0,Nuit avec éclairage public allumé,Normale,4,Bidirectionnelle,2.0,Plat,1.0,0.0,60.0,Normale,0.0,Sur chaussée,Blessé léger,Masculin,47.0,Promenade - loisirs,3,9,0.0,2.0,1.0,1.0,201100038758B01,7,15,1.0,Cohérente,Non cohérentes
1025,201100038768,2011-01-21,2011,janvier,vendredi,19:50,67,67482,0.0,0.0,En agglomération,Hors intersection,6.0,Nuit avec éclairage public allumé,Normale,4,A chaussées séparées,2.0,Plat,-1.0,0.0,50.0,Normale,0.0,Sur trottoir,Indemne,Féminin,38.0,Domicile - travail,3,9,0.0,1.0,1.0,1.0,201100038768A01,,,,Cohérente,Non cohérentes
1026,201100038782,2011-02-04,2011,février,vendredi,13:50,67,67482,0.0,0.0,En agglomération,Hors intersection,6.0,Plein jour,Normale,4,A sens unique,1.0,Plat,1.0,0.0,60.0,Normale,0.0,Sur chaussée,Blessé léger,Féminin,21.0,Non renseigné,3,2,1.0,1.0,1.0,1.0,201100038782A01,,,,Cohérente,Non cohérentes
1027,201100038782,2011-02-04,2011,février,vendredi,13:50,67,67482,0.0,0.0,En agglomération,Hors intersection,6.0,Plein jour,Normale,4,A sens unique,1.0,Plat,1.0,0.0,60.0,Normale,0.0,Sur chaussée,Indemne,Masculin,19.0,Non renseigné,3,9,1.0,1.0,1.0,1.0,201100038782A01,,,,Cohérente,Non cohérentes
1028,201100038785,2011-02-10,2011,février,jeudi,82:0,67,67482,0.0,0.0,En agglomération,Intersection en T,3.0,Plein jour,Normale,4,A sens unique,1.0,Plat,1.0,0.0,25.0,Normale,0.0,Sur chaussée,Blessé léger,Féminin,59.0,Domicile - travail,3,9,0.0,2.0,1.0,1.0,201100038785B01,10,1,1.0,Non cohérente,Non cohérentes
1029,201100038790,2011-02-14,2011,février,lundi,70:5,67,67482,0.0,0.0,En agglomération,Intersection en T,6.0,Crépuscule ou aube,Normale,4,Bidirectionnelle,2.0,Plat,1.0,24.0,96.0,Normale,0.0,Sur chaussée,Blessé léger,Masculin,40.0,Domicile - travail,2,2,0.0,2.0,2.0,1.0,201100038790A01,7,15,1.0,Non cohérente,Non cohérentes
1030,201100038791,2011-02-14,2011,février,lundi,10:55,67,67482,0.0,0.0,En agglomération,Hors intersection,6.0,Plein jour,Normale,4,A chaussées séparées,5.0,Plat,1.0,32.0,160.0,Normale,0.0,Sur chaussée,Blessé léger,Masculin,55.0,Non renseigné,2,2,0.0,2.0,2.0,1.0,201100038791A01,7,16,1.0,Cohérente,Non cohérentes
1031,201100038797,2011-02-16,2011,février,mercredi,15:45,67,67482,0.0,0.0,En agglomération,Hors intersection,3.0,Plein jour,Normale,4,Bidirectionnelle,2.0,Plat,1.0,80.0,120.0,Normale,0.0,Sur piste cyclable,Blessé léger,Masculin,43.0,Domicile - travail,3,9,1.0,0.0,1.0,1.0,201100038797B01,7,22,1.0,Cohérente,Non cohérentes
1032,201100038800,2011-02-20,2011,février,dimanche,55:0,67,67482,0.0,0.0,En agglomération,Hors intersection,1.0,Nuit avec éclairage public allumé,Normale,4,A sens unique,2.0,Plat,-1.0,0.0,69.0,Normale,0.0,Sur chaussée,Blessé léger,Féminin,21.0,Domicile - travail,3,9,0.0,2.0,1.0,1.0,201100038800B01,7,1,1.0,Non cohérente,Non cohérentes
1033,201100038835,2011-03-23,2011,mars,mercredi,12:50,67,67482,0.0,0.0,En agglomération,Intersection en T,6.0,Plein jour,Normale,4,Bidirectionnelle,2.0,Plat,1.0,0.0,130.0,Normale,0.0,Sur chaussée,Blessé léger,Masculin,11.0,Promenade - loisirs,3,2,0.0,2.0,2.0,1.0,201100038835B01,7,1,1.0,Cohérente,Non cohérentes
1034,201100038848,2011-04-03,2011,avril,dimanche,17:25,67,67482,0.0,0.0,En agglomération,Hors intersection,3.0,Plein jour,Normale,4,Bidirectionnelle,2.0,Plat,3.0,0.0,80.0,Normale,0.0,Sur chaussée,Blessé hospitalisé,Masculin,7.0,Non renseigné,3,9,0.0,2.0,1.0,16.0,201100038848B01,7,1,1.0,Cohérente,Non cohérentes
1035,201100038850,2011-04-04,2011,avril,lundi,10:30,67,67482,0.0,0.0,En agglomération,Hors intersection,6.0,Plein jour,Normale,4,A sens unique,2.0,Plat,2.0,0.0,70.0,Normale,4.0,Sur chaussée,Blessé léger,Féminin,20.0,Non renseigné,3,9,0.0,4.0,3.0,23.0,201100038850A01,40,1,1.0,Cohérente,Non cohérentes
1036,201100038857,2011-04-07,2011,avril,jeudi,16:08,67,67482,0.0,0.0,En agglomération,Intersection en T,3.0,Plein jour,Normale,4,A chaussées séparées,3.0,Plat,1.0,30.0,101.0,Normale,0.0,Sur chaussée,Blessé léger,Masculin,52.0,Promenade - loisirs,3,9,0.0,2.0,2.0,1.0,201100038857A01,40,1,1.0,Cohérente,Non cohérentes
1037,201100038858,2011-04-07,2011,avril,jeudi,16:15,67,67482,0.0,0.0,En agglomération,Intersection en X,5.0,Plein jour,Pluie légère,4,Bidirectionnelle,2.0,Plat,1.0,0.0,81.0,Normale,0.0,Sur chaussée,Blessé léger,Féminin,52.0,Promenade - loisirs,3,9,0.0,2.0,8.0,19.0,201100038858C01,7/ 10,16/23,2.0,Cohérente,Non cohérentes
1038,201100038866,2011-04-11,2011,avril,lundi,11:35,67,67482,0.0,0.0,En agglomération,Hors intersection,3.0,Plein jour,Normale,4,A sens unique,1.0,Plat,1.0,0.0,60.0,Normale,0.0,Sur chaussée,Blessé léger,Masculin,27.0,Non renseigné,3,9,1.0,0.0,1.0,1.0,201100038866B01,7,22,1.0,Cohérente,Non cohérentes
1039,201100038869,2011-04-12,2011,avril,mardi,19:05,67,67482,0.0,0.0,En agglomération,Intersection en T,3.0,Plein jour,Normale,4,Bidirectionnelle,2.0,Plat,1.0,0.0,55.0,Normale,0.0,Sur piste cyclable,Blessé léger,Masculin,70.0,Non renseigné,3,9,0.0,1.0,1.0,1.0,201100038869B01,7,15,1.0,Cohérente,Non cohérentes
1040,201100038873,2011-04-15,2011,avril,vendredi,85:0,67,67482,0.0,0.0,En agglomération,Hors intersection,6.0,Plein jour,Normale,4,A sens unique,1.0,Plat,-1.0,0.0,34.0,Normale,0.0,Sur piste cyclable,Blessé hospitalisé,Féminin,21.0,Domicile - école,3,9,0.0,1.0,1.0,1.0,201100038873A01,,,,Non cohérente,Non cohérentes
1041,201100038874,2011-04-15,2011,avril,vendredi,13:15,67,67482,0.0,0.0,En agglomération,Hors intersection,6.0,Plein jour,Normale,4,Bidirectionnelle,2.0,Plat,1.0,0.0,100.0,Normale,0.0,Sur chaussée,Blessé léger,Féminin,34.0,Non renseigné,3,9,0.0,2.0,1.0,13.0,201100038874A01,7,1,1.0,Cohérente,Non cohérentes
1042,201100038876,2011-04-19,2011,avril,mardi,10:35,67,67482,0.0,0.0,En agglomération,Hors intersection,6.0,Plein jour,Normale,4,Bidirectionnelle,2.0,Plat,1.0,0.0,80.0,Normale,0.0,Sur chaussée,Blessé léger,Masculin,17.0,Promenade - loisirs,2,2,0.0,2.0,1.0,1.0,201100038876B01,7,24,1.0,Cohérente,Non cohérentes
1043,201100038888,2011-04-29,2011,avril,vendredi,80:0,67,67482,0.0,0.0,En agglomération,Hors intersection,6.0,Plein jour,Normale,4,A sens unique,1.0,Plat,1.0,15.0,50.0,Normale,0.0,Sur piste cyclable,Indemne,Masculin,25.0,Domicile - travail,1,9,0.0,1.0,1.0,1.0,201100038888A01,,,,Non cohérente,Non cohérentes
1044,201100038901,2011-05-09,2011,mai,lundi,13:50,67,67482,0.0,0.0,En agglomération,Intersection en X,3.0,Plein jour,Normale,4,A chaussées séparées,4.0,Plat,1.0,80.0,170.0,Normale,0.0,Sur chaussée,Blessé léger,Féminin,61.0,Non renseigné,3,9,0.0,2.0,8.0,1.0,201100038901B01,34,1,1.0,Cohérente,Non cohérentes
1045,201100038910,2011-05-14,2011,mai,samedi,10:40,67,67482,0.0,0.0,En agglomération,Hors intersection,3.0,Plein jour,Normale,4,Bidirectionnelle,2.0,Plat,1.0,18.0,66.0,Normale,0.0,Sur chaussée,Blessé léger,Féminin,52.0,Non renseigné,3,9,0.0,2.0,2.0,1.0,201100038910B01,7,1,1.0,Cohérente,Non cohérentes
1046,201100038911,2011-05-16,2011,mai,lundi,85:0,67,67482,0.0,0.0,En agglomération,Hors intersection,1.0,Plein jour,Normale,4,Bidirectionnelle,2.0,Plat,4.0,0.0,30.0,Normale,0.0,Sur piste cyclable,Blessé léger,Masculin,49.0,Domicile - travail,3,9,0.0,2.0,1.0,5.0,201100038911A01,1,1,1.0,Non cohérente,Non cohérentes
1047,201100038911,2011-05-16,2011,mai,lundi,85:0,67,67482,0.0,0.0,En agglomération,Hors intersection,1.0,Plein jour,Normale,4,Bidirectionnelle,2.0,Plat,4.0,0.0,30.0,Normale,0.0,Sur piste cyclable,Blessé léger,Masculin,42.0,Promenade - loisirs,1,2,0.0,2.0,1.0,1.0,201100038911B01,1,5,1.0,Non cohérente,Non cohérentes
1048,201100038914,2011-05-19,2011,mai,jeudi,21:47,67,67482,0.0,0.0,En agglomération,Intersection en T,3.0,Nuit avec éclairage public allumé,Normale,4,Bidirectionnelle,2.0,Plat,1.0,0.0,70.0,Normale,0.0,Sur chaussée,Blessé léger,Féminin,28.0,Promenade - loisirs,1,4,0.0,2.0,7.0,15.0,201100038914A01,10,1,1.0,Cohérente,Non cohérentes
1049,201100038918,2011-05-20,2011,mai,vendredi,20:45,67,67482,0.0,0.0,En agglomération,Giratoire,3.0,Plein jour,Normale,4,Bidirectionnelle,3.0,Plat,1.0,0.0,120.0,Non renseigné,0.0,Sur chaussée,Blessé léger,Féminin,47.0,Domicile - travail,3,9,0.0,2.0,1.0,19.0,201100038918B01,7,16,1.0,Cohérente,Non cohérentes
1050,201100038921,2011-05-24,2011,mai,mardi,19:40,67,67482,0.0,0.0,En agglomération,Hors intersection,6.0,Plein jour,Normale,4,Bidirectionnelle,2.0,Plat,1.0,0.0,44.0,Normale,0.0,Sur chaussée,Blessé léger,Masculin,40.0,Promenade - loisirs,2,9,0.0,2.0,1.0,1.0,201100038921B01,7,24,1.0,Cohérente,Non cohérentes
1051,201100038928,2011-05-30,2011,mai,lundi,93:0,67,67482,0.0,0.0,En agglomération,Intersection en T,3.0,Plein jour,Normale,4,Bidirectionnelle,2.0,Plat,1.0,0.0,70.0,Normale,0.0,Aucun,Blessé léger,Masculin,57.0,Promenade - loisirs,3,9,0.0,2.0,1.0,1.0,201100038928B01,7,15,1.0,Non cohérente,Non cohérentes
1052,201100038931,2011-05-30,2011,mai,lundi,14:06,67,67482,0.0,0.0,En agglomération,Hors intersection,6.0,Plein jour,Normale,4,Bidirectionnelle,4.0,Plat,1.0,0.0,200.0,Normale,0.0,Sur chaussée,Blessé léger,Féminin,41.0,Promenade - loisirs,3,9,0.0,2.0,7.0,19.0,201100038931B01,7,1,1.0,Cohérente,Non cohérentes
1053,201100038933,2011-05-30,2011,mai,lundi,23:10,67,67482,0.0,0.0,En agglomération,Intersection en X,3.0,Nuit avec éclairage public allumé,Normale,4,Bidirectionnelle,1.0,Plat,1.0,0.0,40.0,Normale,0.0,Sur chaussée,Blessé léger,Masculin,27.0,Autre,3,9,0.0,2.0,1.0,1.0,201100038933B01,7,15,1.0,Cohérente,Non cohérentes
1054,201100038938,2011-06-01,2011,juin,mercredi,19:09,67,67482,0.0,0.0,En agglomération,Hors intersection,3.0,Plein jour,Normale,4,Bidirectionnelle,2.0,Plat,1.0,0.0,60.0,Normale,0.0,Sur chaussée,Blessé léger,Masculin,10.0,Promenade - loisirs,3,9,0.0,2.0,8.0,19.0,201100038938B01,7,1,1.0,Cohérente,Non cohérentes
1055,201100038945,2011-06-06,2011,juin,lundi,18:00,67,67482,0.0,0.0,En agglomération,Hors intersection,3.0,Plein jour,Normale,4,Bidirectionnelle,1.0,Plat,1.0,0.0,50.0,Normale,0.0,Sur chaussée,Blessé léger,Féminin,12.0,Promenade - loisirs,3,9,0.0,2.0,1.0,19.0,201100038945B01,7,1,1.0,Cohérente,Non cohérentes
1056,201100038946,2011-06-06,2011,juin,lundi,18:10,67,67482,0.0,0.0,En agglomération,Hors intersection,6.0,Plein jour,Normale,4,Bidirectionnelle,2.0,Plat,1.0,0.0,60.0,Normale,0.0,Sur chaussée,Blessé léger,Féminin,30.0,Non renseigné,3,2,0.0,2.0,1.0,18.0,201100038946B01,7,23,1.0,Cohérente,Non cohérentes
1057,201100038954,2011-06-10,2011,juin,vendredi,11:20,67,67482,0.0,0.0,En agglomération,Hors intersection,6.0,Plein jour,Normale,4,A sens unique,2.0,Plat,1.0,0.0,102.0,Normale,6.0,Sur chaussée,Indemne,Masculin,29.0,Non renseigné,3,2,0.0,1.0,1.0,1.0,201100038954A01,,,,Cohérente,Non cohérentes
1058,201100038954,2011-06-10,2011,juin,vendredi,11:20,67,67482,0.0,0.0,En agglomération,Hors intersection,6.0,Plein jour,Normale,4,A sens unique,2.0,Plat,1.0,0.0,102.0,Normale,6.0,Sur chaussée,Blessé léger,Féminin,72.0,Promenade - loisirs,3,9,0.0,1.0,1.0,1.0,201100038954A01,,,,Cohérente,Non cohérentes
1059,201100038957,2011-06-11,2011,juin,samedi,18:25,67,67482,0.0,0.0,En agglomération,Hors intersection,6.0,Plein jour,Normale,4,A sens unique,2.0,Plat,1.0,0.0,72.0,Normale,0.0,Sur chaussée,Indemne,Masculin,47.0,Non renseigné,3,2,0.0,1.0,1.0,1.0,201100038957A01,,,,Cohérente,Non cohérentes
1060,201100038960,2011-06-14,2011,juin,mardi,73:0,67,67482,0.0,0.0,En agglomération,Intersection à plus de 4 branches,3.0,Plein jour,Normale,4,Bidirectionnelle,2.0,Plat,1.0,0.0,52.0,Normale,4.0,Sur chaussée,Blessé léger,Féminin,15.0,Domicile - école,3,9,0.0,4.0,1.0,0.0,201100038960A01,40,1,1.0,Non cohérente,Non cohérentes
1061,201100038963,2011-06-14,2011,juin,mardi,20:50,67,67482,0.0,0.0,En agglomération,Hors intersection,1.0,Plein jour,Normale,4,Bidirectionnelle,2.0,Pente,2.0,0.0,100.0,Normale,0.0,Sur piste cyclable,Blessé léger,Masculin,33.0,Promenade - loisirs,3,9,0.0,2.0,1.0,1.0,201100038963A01,1,1,1.0,Cohérente,Non cohérentes
1062,201100038963,2011-06-14,2011,juin,mardi,20:50,67,67482,0.0,0.0,En agglomération,Hors intersection,1.0,Plein jour,Normale,4,Bidirectionnelle,2.0,Pente,2.0,0.0,100.0,Normale,0.0,Sur piste cyclable,Indemne,Masculin,31.0,Promenade - loisirs,3,9,0.0,2.0,1.0,1.0,201100038963B01,1,1,1.0,Cohérente,Non cohérentes
1063,201100038968,2011-06-23,2011,juin,jeudi,83:5,67,67482,0.0,0.0,En agglomération,Place,3.0,Plein jour,Normale,4,Bidirectionnelle,2.0,Plat,1.0,40.0,60.0,Normale,0.0,Sur chaussée,Blessé hospitalisé,Féminin,32.0,Domicile - travail,2,2,0.0,2.0,7.0,19.0,201100038968B01,7,1,1.0,Non cohérente,Non cohérentes
1064,201100038970,2011-06-23,2011,juin,jeudi,19:00,67,67482,0.0,0.0,En agglomération,Intersection en T,3.0,Plein jour,Normale,4,Bidirectionnelle,2.0,Plat,3.0,0.0,80.0,Mouillée,0.0,Aucun,Blessé léger,Féminin,28.0,Domicile - travail,3,9,0.0,2.0,8.0,1.0,201100038970B01,7,1,1.0,Cohérente,Non cohérentes
1065,201100038973,2011-06-24,2011,juin,vendredi,16:25,67,67482,0.0,0.0,En agglomération,Hors intersection,2.0,Plein jour,Normale,4,A sens unique,2.0,Plat,1.0,0.0,68.0,Normale,0.0,Sur chaussée,Blessé léger,Masculin,18.0,Promenade - loisirs,3,9,1.0,2.0,1.0,1.0,201100038973A01,7,1,1.0,Cohérente,Non cohérentes
1066,201100038974,2011-06-24,2011,juin,vendredi,21:40,67,67482,0.0,0.0,En agglomération,Intersection en T,3.0,Crépuscule ou aube,Normale,4,A sens unique,1.0,Plat,1.0,0.0,31.0,Normale,0.0,Sur chaussée,Blessé léger,Masculin,30.0,Promenade - loisirs,3,9,0.0,2.0,1.0,1.0,201100038974B01,7,1,1.0,Cohérente,Non cohérentes
1067,201100038975,2011-06-25,2011,juin,samedi,10:40,67,67482,0.0,0.0,En agglomération,Intersection en X,3.0,Plein jour,Normale,4,Bidirectionnelle,2.0,Plat,1.0,0.0,50.0,Normale,0.0,Sur chaussée,Blessé léger,Masculin,1.0,Promenade - loisirs,3,9,0.0,2.0,1.0,1.0,201100038975A01,7,1,1.0,Cohérente,Non cohérentes
1068,201100038976,2011-06-26,2011,juin,dimanche,18:59,67,67482,0.0,0.0,En agglomération,Intersection en X,3.0,Plein jour,Normale,4,A sens unique,2.0,Plat,1.0,0.0,60.0,Normale,0.0,Sur chaussée,Blessé léger,Masculin,62.0,Promenade - loisirs,3,9,0.0,2.0,1.0,1.0,201100038976B01,7,15,1.0,Cohérente,Non cohérentes
1069,201100038984,2011-07-01,2011,juillet,vendredi,17:45,67,67482,0.0,0.0,En agglomération,Hors intersection,6.0,Plein jour,Normale,4,Bidirectionnelle,2.0,Plat,1.0,0.0,50.0,Normale,0.0,Sur piste cyclable,Indemne,Masculin,72.0,Promenade - loisirs,3,9,0.0,1.0,1.0,1.0,201100038984A01,,,,Cohérente,Non cohérentes
1070,201100038987,2011-07-04,2011,juillet,lundi,16:25,67,67482,0.0,0.0,En agglomération,Hors intersection,3.0,Plein jour,Normale,4,Bidirectionnelle,2.0,Plat,1.0,0.0,60.0,Normale,0.0,Sur chaussée,Blessé léger,Masculin,23.0,Autre,3,9,0.0,2.0,1.0,19.0,201100038987A01,7,1,1.0,Cohérente,Non cohérentes
1071,201100038994,2011-07-07,2011,juillet,jeudi,16:35,67,67482,0.0,0.0,En agglomération,Intersection en T,3.0,Plein jour,Pluie légère,4,A chaussées séparées,2.0,Plat,1.0,30.0,150.0,Normale,0.0,Sur chaussée,Blessé hospitalisé,Masculin,15.0,Promenade - loisirs,3,2,0.0,2.0,3.0,1.0,201100038994A01,7,1,1.0,Cohérente,Non cohérentes
1072,201100038997,2011-07-09,2011,juillet,samedi,91:7,67,67482,0.0,0.0,En agglomération,Hors intersection,3.0,Plein jour,Normale,4,A chaussées séparées,4.0,Plat,1.0,45.0,120.0,Normale,4.0,Sur chaussée,Blessé hospitalisé,Féminin,62.0,Non renseigné,3,9,0.0,4.0,1.0,19.0,201100038997A01,40,1,1.0,Non cohérente,Non cohérentes
1073,201100039000,2011-07-11,2011,juillet,lundi,17:10,67,67482,0.0,0.0,En agglomération,Hors intersection,6.0,Plein jour,Normale,4,Bidirectionnelle,1.0,Plat,1.0,0.0,11.0,Normale,0.0,Sur piste cyclable,Blessé léger,Masculin,44.0,Autre,3,9,0.0,1.0,1.0,1.0,201100039000A01,,,,Cohérente,Non cohérentes
1074,201100039009,2011-07-15,2011,juillet,vendredi,20:50,67,67482,0.0,0.0,En agglomération,Intersection en X,3.0,Plein jour,Normale,4,A chaussées séparées,2.0,Plat,1.0,15.0,70.0,Normale,0.0,Sur chaussée,Blessé léger,Masculin,17.0,Promenade - loisirs,3,9,0.0,2.0,7.0,1.0,201100039009A01,7,16,1.0,Cohérente,Non cohérentes
1075,201100039017,2011-07-29,2011,juillet,vendredi,74:0,67,67482,0.0,0.0,En agglomération,Hors intersection,3.0,Crépuscule ou aube,Normale,4,Bidirectionnelle,2.0,Plat,1.0,0.0,60.0,Normale,0.0,Sur chaussée,Blessé hospitalisé,Masculin,42.0,Domicile - travail,1,9,0.0,0.0,0.0,0.0,201100039017B01,7,1,1.0,Non cohérente,Non cohérentes
1076,201100039023,2011-08-05,2011,août,vendredi,18:01,67,67482,0.0,0.0,En agglomération,Hors intersection,6.0,Plein jour,Normale,4,Bidirectionnelle,2.0,Plat,1.0,0.0,70.0,Normale,0.0,Sur trottoir,Indemne,Masculin,21.0,Non renseigné,3,9,0.0,1.0,1.0,1.0,201100039023Z01,,,,Cohérente,Non cohérentes
1077,201100039032,2011-08-12,2011,août,vendredi,18:00,67,67482,0.0,0.0,En agglomération,Intersection en X,3.0,Plein jour,Normale,4,A chaussées séparées,3.0,Plat,1.0,20.0,80.0,Normale,0.0,Sur chaussée,Blessé léger,Féminin,82.0,Non renseigné,3,2,0.0,2.0,2.0,19.0,201100039032B01,30,1,1.0,Cohérente,Non cohérentes
1078,201100039041,2011-08-19,2011,août,vendredi,19:07,67,67482,0.0,0.0,En agglomération,Intersection en X,3.0,Plein jour,Normale,4,Bidirectionnelle,2.0,Pente,1.0,0.0,60.0,Normale,0.0,Sur chaussée,Blessé léger,Masculin,20.0,Promenade - loisirs,3,2,0.0,2.0,1.0,1.0,201100039041B01,7,1,1.0,Cohérente,Non cohérentes
1079,201100039049,2011-08-25,2011,août,jeudi,17:57,67,67482,0.0,0.0,En agglomération,Intersection en X,3.0,Plein jour,Normale,4,Bidirectionnelle,6.0,Plat,1.0,20.0,70.0,Normale,0.0,Sur chaussée,Blessé léger,Masculin,19.0,Promenade - loisirs,3,4,0.0,2.0,8.0,1.0,201100039049A01,30,1,1.0,Cohérente,Non cohérentes
1080,201100039055,2011-08-29,2011,août,lundi,14:10,67,67482,0.0,0.0,En agglomération,Hors intersection,3.0,Plein jour,Normale,4,Bidirectionnelle,2.0,Plat,1.0,0.0,61.0,Normale,4.0,Sur chaussée,Blessé léger,Masculin,47.0,Autre,3,9,0.0,4.0,1.0,1.0,201100039055A01,39,1,1.0,Cohérente,Non cohérentes
1081,201100039057,2011-08-30,2011,août,mardi,90:0,67,67482,0.0,0.0,En agglomération,Intersection en X,3.0,Plein jour,Normale,4,Bidirectionnelle,3.0,Plat,-1.0,0.0,110.0,Normale,0.0,Sur chaussée,Blessé léger,Masculin,72.0,Promenade - loisirs,3,2,0.0,2.0,3.0,1.0,201100039057B01,7,16,1.0,Non cohérente,Non cohérentes
1082,201100039064,2011-09-03,2011,septembre,samedi,40:0,67,67482,0.0,0.0,En agglomération,Intersection en X,3.0,Nuit avec éclairage public allumé,Normale,4,A sens unique,2.0,Plat,3.0,0.0,56.0,Normale,0.0,Sur chaussée,Blessé hospitalisé,Masculin,19.0,Promenade - loisirs,3,9,0.0,2.0,3.0,19.0,201100039064B01,7,1,1.0,Non cohérente,Non cohérentes
1083,201100039064,2011-09-03,2011,septembre,samedi,40:0,67,67482,0.0,0.0,En agglomération,Intersection en X,3.0,Nuit avec éclairage public allumé,Normale,4,A sens unique,2.0,Plat,3.0,0.0,56.0,Normale,0.0,Sur chaussée,Blessé hospitalisé,Masculin,18.0,Promenade - loisirs,3,9,0.0,2.0,3.0,19.0,201100039064B01,7,1,1.0,Non cohérente,Non cohérentes
1084,201100039068,2011-09-06,2011,septembre,mardi,82:5,67,67482,0.0,0.0,En agglomération,Hors intersection,2.0,Plein jour,Normale,4,Bidirectionnelle,3.0,Plat,1.0,0.0,90.0,Normale,0.0,Sur chaussée,Blessé léger,Féminin,37.0,Domicile - travail,3,9,0.0,2.0,1.0,18.0,201100039068A01,37,1,1.0,Non cohérente,Non cohérentes
1085,201100039069,2011-09-06,2011,septembre,mardi,10:00,67,67482,0.0,0.0,En agglomération,Intersection en T,3.0,Plein jour,Normale,4,A sens unique,2.0,Plat,3.0,0.0,100.0,Normale,0.0,Sur chaussée,Blessé léger,Féminin,62.0,Promenade - loisirs,3,9,0.0,2.0,7.0,1.0,201100039069A01,3,16,1.0,Cohérente,Non cohérentes
1086,201100039073,2011-09-08,2011,septembre,jeudi,84:5,67,67482,0.0,0.0,En agglomération,Intersection en X,3.0,Plein jour,Normale,4,Bidirectionnelle,3.0,Plat,1.0,0.0,100.0,Normale,0.0,Sur chaussée,Blessé léger,Féminin,64.0,Non renseigné,3,2,0.0,2.0,1.0,1.0,201100039073B01,7,15,1.0,Non cohérente,Non cohérentes
1087,201100039074,2011-09-08,2011,septembre,jeudi,13:35,67,67482,0.0,0.0,En agglomération,Intersection en X,3.0,Plein jour,Normale,4,A sens unique,1.0,Plat,1.0,0.0,60.0,Normale,0.0,Sur chaussée,Blessé léger,Féminin,51.0,Domicile - travail,3,9,0.0,2.0,8.0,15.0,201100039074B01,7,16,1.0,Cohérente,Non cohérentes
1088,201100039078,2011-09-12,2011,septembre,lundi,61:0,67,67482,0.0,0.0,En agglomération,Intersection en X,3.0,Crépuscule ou aube,Normale,4,Bidirectionnelle,3.0,Plat,2.0,0.0,165.0,Normale,0.0,Sur chaussée,Blessé léger,Féminin,27.0,Domicile - travail,3,9,0.0,2.0,7.0,19.0,201100039078A01,7,16,1.0,Non cohérente,Non cohérentes
1089,201100039083,2011-09-14,2011,septembre,mercredi,12:05,67,67482,0.0,0.0,En agglomération,Intersection en T,3.0,Plein jour,Normale,4,Bidirectionnelle,3.0,Plat,1.0,0.0,90.0,Normale,0.0,Sur chaussée,Blessé léger,Féminin,19.0,Domicile - école,2,9,0.0,2.0,8.0,15.0,201100039083A01,7,1,1.0,Cohérente,Non cohérentes
1090,201100039085,2011-09-16,2011,septembre,vendredi,94:0,67,67482,0.0,0.0,En agglomération,Intersection en X,3.0,Plein jour,Normale,4,Bidirectionnelle,6.0,Plat,1.0,0.0,100.0,Normale,0.0,Sur chaussée,Blessé hospitalisé,Masculin,29.0,Domicile - travail,3,4,0.0,2.0,1.0,19.0,201100039085A01,7,1,1.0,Non cohérente,Non cohérentes
1091,201100039086,2011-09-16,2011,septembre,vendredi,12:50,67,67482,0.0,0.0,En agglomération,Intersection en X,3.0,Plein jour,Normale,4,Bidirectionnelle,2.0,Plat,1.0,0.0,69.0,Normale,0.0,Sur chaussée,Blessé léger,Féminin,62.0,Non renseigné,3,2,0.0,2.0,1.0,1.0,201100039086A01,7,1,1.0,Cohérente,Non cohérentes
1092,201100039093,2011-09-23,2011,septembre,vendredi,10:35,67,67482,0.0,0.0,En agglomération,Hors intersection,2.0,Plein jour,Normale,4,Bidirectionnelle,2.0,Plat,1.0,0.0,60.0,Normale,0.0,Sur chaussée,Blessé hospitalisé,Masculin,26.0,Non renseigné,3,4,0.0,2.0,1.0,2.0,201100039093A01,7,2,1.0,Cohérente,Non cohérentes
1093,201100039094,2011-09-23,2011,septembre,vendredi,15:40,67,67482,0.0,0.0,En agglomération,Place,3.0,Plein jour,Normale,4,A sens unique,2.0,Plat,1.0,0.0,220.0,Normale,5.0,Sur chaussée,Blessé léger,Masculin,14.0,Promenade - loisirs,2,2,0.0,2.0,1.0,1.0,201100039094B01,7,1,1.0,Cohérente,Non cohérentes
1094,201100039099,2011-09-25,2011,septembre,dimanche,18:35,67,67482,0.0,0.0,En agglomération,Intersection en T,3.0,Plein jour,Normale,4,Bidirectionnelle,2.0,Plat,1.0,0.0,32.0,Normale,0.0,Sur chaussée,Blessé léger,Masculin,7.0,Promenade - loisirs,3,9,0.0,2.0,1.0,1.0,201100039099B01,7,1,1.0,Cohérente,Non cohérentes
1095,201100039106,2011-09-28,2011,septembre,mercredi,17:08,67,67482,0.0,0.0,En agglomération,Hors intersection,3.0,Plein jour,Normale,4,A chaussées séparées,4.0,Plat,1.0,0.0,120.0,Normale,4.0,Sur accotement,Blessé léger,Masculin,67.0,Promenade - loisirs,3,2,0.0,4.0,1.0,19.0,201100039106A01,40,1,1.0,Cohérente,Non cohérentes
1096,201100039110,2011-09-29,2011,septembre,jeudi,18:38,67,67482,0.0,0.0,En agglomération,Hors intersection,3.0,Plein jour,Normale,4,Bidirectionnelle,2.0,Plat,1.0,0.0,60.0,Normale,0.0,Sur piste cyclable,Blessé hospitalisé,Féminin,26.0,Domicile - travail,3,2,0.0,2.0,8.0,16.0,201100039110B01,32,1,1.0,Cohérente,Non cohérentes
1097,201100039111,2011-09-29,2011,septembre,jeudi,20:10,67,67482,0.0,0.0,En agglomération,Hors intersection,6.0,Nuit avec éclairage public allumé,Normale,4,A sens unique,1.0,Plat,1.0,0.0,60.0,Normale,0.0,Sur chaussée,Blessé hospitalisé,Masculin,31.0,Promenade - loisirs,1,4,1.0,0.0,1.0,5.0,201100039111B01,7,22,1.0,Cohérente,Non cohérentes
1098,201100039116,2011-10-01,2011,octobre,samedi,95:8,67,67482,0.0,0.0,En agglomération,Intersection en X,3.0,Plein jour,Normale,4,Bidirectionnelle,3.0,Plat,1.0,0.0,50.0,Normale,0.0,Sur chaussée,Blessé léger,Féminin,20.0,Utilisation professionnelle,3,9,0.0,2.0,8.0,1.0,201100039116B01,7,1,1.0,Non cohérente,Non cohérentes
1099,201100039118,2011-10-05,2011,octobre,mercredi,13:27,67,67482,0.0,0.0,En agglomération,Hors intersection,6.0,Plein jour,Normale,4,A sens unique,1.0,Plat,1.0,0.0,60.0,Normale,0.0,Sur chaussée,Blessé léger,Féminin,52.0,Domicile - travail,3,2,0.0,2.0,1.0,1.0,201100039118B01,7,24,1.0,Cohérente,Non cohérentes
1100,201100039120,2011-10-06,2011,octobre,jeudi,84:5,67,67482,0.0,0.0,En agglomération,Hors intersection,3.0,Plein jour,Normale,4,Bidirectionnelle,2.0,Plat,1.0,0.0,80.0,Normale,0.0,Sur chaussée,Blessé léger,Féminin,32.0,Non renseigné,3,9,1.0,0.0,1.0,1.0,201100039120B01,7,22,1.0,Non cohérente,Non cohérentes
1101,201100039122,2011-10-06,2011,octobre,jeudi,19:30,67,67482,0.0,0.0,En agglomération,Intersection en T,3.0,Nuit avec éclairage public allumé,Pluie forte,4,Bidirectionnelle,2.0,Plat,1.0,0.0,115.0,Mouillée,0.0,Sur chaussée,Blessé hospitalisé,Masculin,27.0,Domicile - travail,1,4,0.0,2.0,1.0,1.0,201100039122B01,7,15,1.0,Cohérente,Non cohérentes
1102,201100039127,2011-10-10,2011,octobre,lundi,18:50,67,67482,0.0,0.0,En agglomération,Hors intersection,3.0,Plein jour,Normale,4,A sens unique,1.0,Plat,2.0,0.0,36.0,Normale,0.0,Sur piste cyclable,Blessé léger,Masculin,29.0,Promenade - loisirs,3,9,0.0,2.0,1.0,1.0,201100039127B01,7,16,1.0,Cohérente,Non cohérentes
1103,201100039129,2011-10-11,2011,octobre,mardi,17:00,67,67482,0.0,0.0,En agglomération,Hors intersection,3.0,Plein jour,Normale,4,Bidirectionnelle,3.0,Plat,1.0,0.0,70.0,Normale,0.0,Sur chaussée,Blessé léger,Masculin,11.0,Domicile - école,3,2,0.0,2.0,1.0,19.0,201100039129A01,7,1,1.0,Cohérente,Non cohérentes
1104,201100039141,2011-10-19,2011,octobre,mercredi,16:52,67,67482,0.0,0.0,En agglomération,Intersection en X,3.0,Plein jour,Normale,4,Bidirectionnelle,3.0,Plat,1.0,0.0,80.0,Normale,0.0,Sur chaussée,Blessé léger,Masculin,29.0,Autre,3,9,0.0,2.0,7.0,19.0,201100039141B01,7,1,1.0,Cohérente,Non cohérentes
1105,201100039144,2011-10-20,2011,octobre,jeudi,95:0,67,67482,0.0,0.0,En agglomération,Intersection en T,3.0,Plein jour,Normale,4,Bidirectionnelle,2.0,Plat,1.0,0.0,60.0,Normale,0.0,Sur chaussée,Blessé léger,Masculin,41.0,Domicile - travail,2,9,0.0,2.0,1.0,5.0,201100039144A01,7,16,1.0,Non cohérente,Non cohérentes
1106,201100039165,2011-11-05,2011,novembre,samedi,12:00,67,67482,0.0,0.0,En agglomération,Hors intersection,6.0,Plein jour,Normale,4,A sens unique,2.0,Plat,1.0,0.0,0.0,Normale,0.0,Sur chaussée,Blessé léger,Féminin,52.0,Promenade - loisirs,3,2,0.0,1.0,1.0,1.0,201100039165A01,,,,Cohérente,Non cohérentes
1107,201100039166,2011-11-05,2011,novembre,samedi,12:50,67,67482,0.0,0.0,En agglomération,Hors intersection,1.0,Plein jour,Normale,4,Bidirectionnelle,2.0,Plat,3.0,0.0,20.0,Normale,0.0,Sur piste cyclable,Blessé léger,Féminin,16.0,Domicile - école,3,9,0.0,2.0,1.0,13.0,201100039166A01,1,1,1.0,Cohérente,Non cohérentes
1108,201100039166,2011-11-05,2011,novembre,samedi,12:50,67,67482,0.0,0.0,En agglomération,Hors intersection,1.0,Plein jour,Normale,4,Bidirectionnelle,2.0,Plat,3.0,0.0,20.0,Normale,0.0,Sur piste cyclable,Indemne,Masculin,23.0,Promenade - loisirs,3,9,0.0,2.0,1.0,1.0,201100039166B01,1,13,1.0,Cohérente,Non cohérentes
1109,201100039167,2011-11-06,2011,novembre,dimanche,13:10,67,67482,0.0,0.0,En agglomération,Hors intersection,3.0,Plein jour,Normale,4,A chaussées séparées,2.0,Plat,1.0,10.0,154.0,Normale,0.0,Sur chaussée,Blessé léger,Masculin,9.0,Promenade - loisirs,3,9,0.0,2.0,1.0,19.0,201100039167B01,7,1,1.0,Cohérente,Non cohérentes
1110,201100039185,2011-11-16,2011,novembre,mercredi,11:30,67,67482,0.0,0.0,En agglomération,Hors intersection,6.0,Plein jour,Normale,4,Bidirectionnelle,2.0,Plat,1.0,120.0,65.0,Normale,0.0,Sur piste cyclable,Indemne,Masculin,20.0,Domicile - école,3,4,0.0,1.0,1.0,1.0,201100039185A01,,,,Cohérente,Non cohérentes
1111,201100039197,2011-11-24,2011,novembre,jeudi,14:15,67,67482,0.0,0.0,En agglomération,Intersection en X,3.0,Plein jour,Temps couvert,4,A sens unique,1.0,Plat,1.0,0.0,50.0,Normale,0.0,Sur chaussée,Blessé léger,Masculin,43.0,Autre,3,2,0.0,2.0,1.0,1.0,201100039197A01,7,1,1.0,Cohérente,Non cohérentes
1112,201100039213,2011-12-05,2011,décembre,lundi,85:5,67,67482,0.0,0.0,En agglomération,Intersection en X,3.0,Plein jour,Normale,4,Non renseigné,1.0,Plat,1.0,0.0,35.0,Normale,0.0,Sur chaussée,Blessé léger,Féminin,23.0,Autre,3,9,0.0,2.0,1.0,1.0,201100039213B01,7,14,1.0,Non cohérente,Non cohérentes
1113,201100039216,2011-12-05,2011,décembre,lundi,13:50,67,67482,0.0,0.0,En agglomération,Hors intersection,3.0,Plein jour,Normale,4,A sens unique,2.0,Plat,1.0,0.0,55.0,Normale,0.0,Sur trottoir,Blessé léger,Féminin,15.0,Domicile - école,3,9,0.0,0.0,7.0,1.0,201100039216A01,7,1,1.0,Cohérente,Non cohérentes
1114,201100039218,2011-12-06,2011,décembre,mardi,94:5,67,67482,0.0,0.0,Hors agglomération,Intersection en X,3.0,Crépuscule ou aube,Pluie légère,4,Bidirectionnelle,2.0,Plat,-1.0,0.0,50.0,Mouillée,0.0,Sur chaussée,Blessé hospitalisé,Féminin,33.0,Non renseigné,3,2,0.0,2.0,1.0,1.0,201100039218A01,7,1,1.0,Non cohérente,Non cohérentes
1115,201100039219,2011-12-06,2011,décembre,mardi,16:23,67,67482,0.0,0.0,En agglomération,Hors intersection,6.0,Crépuscule ou aube,Pluie légère,4,Bidirectionnelle,2.0,Plat,1.0,0.0,50.0,Mouillée,0.0,Sur piste cyclable,Blessé léger,Masculin,51.0,Non renseigné,3,9,0.0,2.0,1.0,1.0,201100039219B01,7,1,1.0,Cohérente,Non cohérentes
1116,201100039226,2011-12-09,2011,décembre,vendredi,18:45,67,67482,0.0,0.0,En agglomération,Intersection en X,3.0,Nuit avec éclairage public allumé,Pluie forte,4,Bidirectionnelle,2.0,Plat,1.0,0.0,126.0,Mouillée,5.0,Sur chaussée,Blessé léger,Féminin,23.0,Promenade - loisirs,3,9,0.0,2.0,1.0,1.0,201100039226A01,7,16,1.0,Cohérente,Non cohérentes
1117,201100039229,2011-12-12,2011,décembre,lundi,16:20,67,67482,0.0,0.0,En agglomération,Hors intersection,3.0,Plein jour,Normale,4,Bidirectionnelle,2.0,Plat,1.0,0.0,70.0,Normale,0.0,Sur chaussée,Blessé léger,Masculin,59.0,Autre,3,9,0.0,2.0,7.0,19.0,201100039229A01,37,1,1.0,Cohérente,Non cohérentes
1118,201100039243,2011-12-28,2011,décembre,mercredi,14:15,67,67482,0.0,0.0,En agglomération,Hors intersection,6.0,Plein jour,Normale,4,Bidirectionnelle,2.0,Plat,1.0,0.0,90.0,Normale,0.0,Sur chaussée,Blessé léger,Masculin,57.0,Promenade - loisirs,3,2,1.0,0.0,1.0,1.0,201100039243B01,7,24,1.0,Cohérente,Non cohérentes
1119,201100039245,2011-12-28,2011,décembre,mercredi,21:10,67,67482,0.0,0.0,En agglomération,Intersection en X,3.0,Nuit avec éclairage public allumé,Normale,4,Bidirectionnelle,3.0,Plat,1.0,0.0,90.0,Normale,0.0,Sur chaussée,Blessé léger,Féminin,23.0,Promenade - loisirs,3,2,0.0,2.0,1.0,16.0,201100039245B01,7,1,1.0,Cohérente,Non cohérentes
1120,201100040518,2011-02-08,2011,février,mardi,10:05,74,74010,0.0,0.0,En agglomération,Intersection en T,6.0,Plein jour,Normale,4,Bidirectionnelle,3.0,Plat,1.0,0.0,120.0,Normale,0.0,Sur chaussée,Blessé hospitalisé,Masculin,64.0,Autre,2,2,0.0,0.0,1.0,1.0,201100040518B01,7,15,1.0,Cohérente,Non cohérentes
1121,201100040523,2011-04-21,2011,avril,jeudi,14:25,74,74010,0.0,0.0,En agglomération,Giratoire,6.0,Plein jour,Normale,4,A chaussées séparées,0.0,Plat,1.0,0.0,0.0,Normale,0.0,Sur chaussée,Blessé hospitalisé,Féminin,69.0,Autre,3,2,0.0,0.0,1.0,16.0,201100040523B01,13,16,1.0,Cohérente,Non cohérentes
1122,201100040528,2011-06-06,2011,juin,lundi,16:15,74,74010,0.0,0.0,En agglomération,Giratoire,6.0,Plein jour,Normale,4,A chaussées séparées,0.0,Plat,-1.0,0.0,0.0,Normale,0.0,Sur chaussée,Blessé hospitalisé,Féminin,72.0,Promenade - loisirs,3,2,0.0,0.0,1.0,0.0,201100040528B01,7,9,1.0,Cohérente,Non cohérentes
1123,201100040529,2011-06-14,2011,juin,mardi,20:10,74,74010,0.0,0.0,En agglomération,Giratoire,6.0,Plein jour,Normale,4,A chaussées séparées,0.0,Plat,1.0,0.0,0.0,Normale,0.0,Sur chaussée,Blessé hospitalisé,Féminin,54.0,Utilisation professionnelle,3,2,0.0,0.0,1.0,19.0,201100040529B01,7,0,1.0,Cohérente,Non cohérentes
1124,201100040544,2011-10-17,2011,octobre,lundi,71:0,74,74010,0.0,0.0,En agglomération,Intersection en T,6.0,Crépuscule ou aube,Normale,4,Bidirectionnelle,2.0,Plat,1.0,0.0,65.0,Normale,0.0,Sur chaussée,Blessé hospitalisé,Masculin,48.0,Autre,3,2,0.0,2.0,0.0,0.0,201100040544A01,33,1,1.0,Non cohérente,Non cohérentes
1125,201200027771,2012-01-27,2012,janvier,vendredi,75:0,38,38185,45.1861,5.717,En agglomération,Intersection en X,3.0,Plein jour,Pluie légère,4,Bidirectionnelle,3.0,Plat,1.0,0.0,65.0,Mouillée,0.0,Sur chaussée,Blessé hospitalisé,Masculin,16.0,Autre,3,9,0.0,2.0,1.0,1.0,201200027771B01,7,15,1.0,Non cohérente,Cohérentes
1126,201200027775,2012-02-08,2012,février,mercredi,20:,38,38185,0.0,0.0,En agglomération,Intersection en X,3.0,Nuit avec éclairage public allumé,Normale,4,A sens unique,2.0,Plat,1.0,0.0,70.0,Normale,0.0,Sur chaussée,Blessé léger,Masculin,22.0,Promenade - loisirs,3,9,0.0,2.0,1.0,1.0,201200027775B01,7,1,1.0,Non cohérente,Non cohérentes
1127,201200027776,2012-02-14,2012,février,mardi,16:35,38,38185,0.0,0.0,En agglomération,Intersection en T,3.0,Plein jour,Normale,4,Bidirectionnelle,2.0,Plat,1.0,0.0,110.0,Normale,0.0,Sur chaussée,Blessé léger,Masculin,41.0,Non renseigné,3,9,0.0,2.0,1.0,1.0,201200027776B01,7,1,1.0,Cohérente,Non cohérentes
1128,201200027788,2012-03-12,2012,mars,lundi,16:50,38,38185,0.0,0.0,En agglomération,Intersection en X,6.0,Plein jour,Normale,4,Bidirectionnelle,3.0,Plat,1.0,0.0,20.0,Normale,0.0,Sur chaussée,Blessé léger,Féminin,28.0,Promenade - loisirs,3,9,0.0,2.0,8.0,1.0,201200027788B01,7,1,1.0,Cohérente,Non cohérentes
1129,201200027789,2012-03-12,2012,mars,lundi,14:20,38,38185,45.1629,5.72853,En agglomération,Hors intersection,6.0,Plein jour,Normale,3,Bidirectionnelle,2.0,Plat,1.0,0.0,0.0,Normale,2.0,Sur piste cyclable,Indemne,Masculin,23.0,Domicile - école,2,2,0.0,2.0,1.0,5.0,201200027789A01,1,19,1.0,Cohérente,Cohérentes
1130,201200027789,2012-03-12,2012,mars,lundi,14:20,38,38185,45.1629,5.72853,En agglomération,Hors intersection,6.0,Plein jour,Normale,3,Bidirectionnelle,2.0,Plat,1.0,0.0,0.0,Normale,2.0,Sur piste cyclable,Blessé hospitalisé,Féminin,41.0,Autre,2,2,0.0,2.0,7.0,19.0,201200027789B01,1,5,1.0,Cohérente,Cohérentes
1131,201200027820,2012-05-22,2012,mai,mardi,90:5,38,38185,45.1807,5.71957,En agglomération,Intersection en X,3.0,Plein jour,Pluie légère,2,A chaussées séparées,0.0,Plat,1.0,0.0,250.0,Normale,0.0,Sur chaussée,Blessé léger,Féminin,51.0,Non renseigné,3,9,0.0,2.0,1.0,1.0,201200027820B01,7,16,1.0,Non cohérente,Cohérentes
1132,201200027825,2012-05-30,2012,mai,mercredi,18:30,38,38185,45.1867,5.74396,En agglomération,Intersection en X,3.0,Plein jour,Normale,3,Bidirectionnelle,2.0,Plat,1.0,0.0,100.0,Normale,0.0,Sur chaussée,Blessé léger,Masculin,50.0,Domicile - travail,3,9,0.0,2.0,2.0,1.0,201200027825B01,7,15,1.0,Cohérente,Cohérentes
1133,201200027826,2012-05-31,2012,mai,jeudi,83:5,38,38185,0.0,0.0,En agglomération,Hors intersection,6.0,Plein jour,Normale,4,Bidirectionnelle,2.0,Plat,1.0,0.0,100.0,Normale,0.0,Sur chaussée,Blessé léger,Masculin,22.0,Promenade - loisirs,3,9,0.0,2.0,1.0,1.0,201200027826B01,7,16,1.0,Non cohérente,Non cohérentes
1134,201200027829,2012-06-01,2012,juin,vendredi,83:5,38,38185,45.1599,5.71375,En agglomération,Intersection en X,3.0,Plein jour,Normale,4,Bidirectionnelle,3.0,Plat,1.0,0.0,123.0,Normale,0.0,Sur chaussée,Blessé hospitalisé,Féminin,26.0,Domicile - école,3,9,0.0,2.0,0.0,1.0,201200027829B01,15,16,1.0,Non cohérente,Cohérentes
1135,201200027832,2012-06-05,2012,juin,mardi,17:05,38,38185,0.0,0.0,En agglomération,Hors intersection,6.0,Plein jour,Normale,4,A sens unique,3.0,Plat,3.0,0.0,150.0,Normale,5.0,Sur chaussée,Blessé léger,Masculin,59.0,Domicile - travail,2,2,0.0,2.0,1.0,1.0,201200027832B01,7,9,1.0,Cohérente,Non cohérentes
1136,201200027836,2012-06-12,2012,juin,mardi,17:15,38,38185,45.1837,5.73356,En agglomération,Intersection en X,3.0,Plein jour,Pluie légère,3,Bidirectionnelle,6.0,Plat,1.0,0.0,150.0,Mouillée,0.0,Sur chaussée,Blessé hospitalisé,Masculin,19.0,Promenade - loisirs,3,9,0.0,2.0,4.0,19.0,201200027836B01,7,1,1.0,Cohérente,Cohérentes
1137,201200027844,2012-06-21,2012,juin,jeudi,14:55,38,38185,0.0,0.0,En agglomération,Intersection en X,3.0,Plein jour,Normale,4,A chaussées séparées,4.0,Plat,1.0,0.0,200.0,Normale,0.0,Sur chaussée,Blessé léger,Féminin,67.0,Promenade - loisirs,3,9,0.0,2.0,8.0,1.0,201200027844B01,14,16,1.0,Cohérente,Non cohérentes
1138,201200027863,2012-08-08,2012,août,mercredi,16:45,38,38185,0.0,0.0,En agglomération,Hors intersection,1.0,Plein jour,Normale,4,Bidirectionnelle,2.0,Plat,1.0,0.0,220.0,Normale,0.0,Sur chaussée,Blessé léger,Masculin,82.0,Promenade - loisirs,3,9,0.0,2.0,7.0,1.0,201200027863B01,7,15,1.0,Cohérente,Non cohérentes
1139,201200027866,2012-08-14,2012,août,mardi,17:00,38,38185,0.0,0.0,En agglomération,Intersection en X,3.0,Plein jour,Normale,4,A sens unique,1.0,Plat,1.0,0.0,70.0,Normale,0.0,Sur chaussée,Blessé léger,Masculin,30.0,Utilisation professionnelle,1,2,0.0,2.0,1.0,1.0,201200027866B01,10,1,1.0,Cohérente,Non cohérentes
1140,201200027876,2012-09-07,2012,septembre,vendredi,19:40,38,38185,0.0,0.0,En agglomération,Intersection en X,3.0,Plein jour,Normale,4,A sens unique,1.0,Plat,1.0,0.0,35.0,Normale,0.0,Sur chaussée,Blessé léger,Féminin,21.0,Promenade - loisirs,2,9,0.0,2.0,1.0,1.0,201200027876A01,7,15,1.0,Cohérente,Non cohérentes
1141,201200027879,2012-09-19,2012,septembre,mercredi,94:0,38,38185,0.0,0.0,En agglomération,Intersection en X,6.0,Plein jour,Normale,4,Bidirectionnelle,4.0,Plat,1.0,0.0,62.0,Normale,0.0,Sur chaussée,Blessé léger,Féminin,23.0,Utilisation professionnelle,3,9,0.0,2.0,1.0,1.0,201200027879A01,7,1,1.0,Non cohérente,Non cohérentes
1142,201200027880,2012-09-20,2012,septembre,jeudi,18:00,38,38185,0.0,0.0,En agglomération,Hors intersection,7.0,Plein jour,Normale,4,Bidirectionnelle,3.0,Plat,1.0,0.0,140.0,Normale,0.0,Sur chaussée,Blessé hospitalisé,Féminin,64.0,Promenade - loisirs,2,9,0.0,2.0,1.0,1.0,201200027880B01,7,23,1.0,Cohérente,Non cohérentes
1143,201200027881,2012-09-22,2012,septembre,samedi,14:19,38,38185,0.0,0.0,En agglomération,Hors intersection,6.0,Plein jour,Normale,4,A sens unique,1.0,Plat,1.0,0.0,59.0,Normale,0.0,Sur chaussée,Indemne,Masculin,20.0,Promenade - loisirs,3,9,0.0,1.0,1.0,1.0,201200027881A01,,,,Cohérente,Non cohérentes
1144,201200027891,2012-10-16,2012,octobre,mardi,15:15,38,38185,0.0,0.0,En agglomération,Intersection en X,3.0,Plein jour,Normale,4,Bidirectionnelle,2.0,Plat,1.0,0.0,100.0,Normale,0.0,Sur chaussée,Blessé léger,Masculin,63.0,Promenade - loisirs,3,9,0.0,2.0,8.0,1.0,201200027891B01,7,16,1.0,Cohérente,Non cohérentes
1145,201200027893,2012-10-17,2012,octobre,mercredi,11:55,38,38185,0.0,0.0,En agglomération,Hors intersection,3.0,Plein jour,Normale,4,Bidirectionnelle,4.0,Plat,1.0,0.0,200.0,Normale,0.0,Sur chaussée,Blessé léger,Féminin,54.0,Promenade - loisirs,3,9,0.0,2.0,8.0,1.0,201200027893B01,7,15,1.0,Cohérente,Non cohérentes
1146,201200027896,2012-11-06,2012,novembre,mardi,17:55,38,38185,0.0,0.0,En agglomération,Hors intersection,6.0,Nuit avec éclairage public allumé,Pluie légère,4,A sens unique,1.0,Plat,1.0,0.0,65.0,Normale,0.0,Sur chaussée,Indemne,Masculin,26.0,Promenade - loisirs,3,9,0.0,1.0,1.0,1.0,201200027896A01,,,,Cohérente,Non cohérentes
1147,201200027904,2012-11-21,2012,novembre,mercredi,14:30,38,38185,0.0,0.0,En agglomération,Hors intersection,3.0,Plein jour,Normale,4,Bidirectionnelle,4.0,Plat,1.0,0.0,165.0,Normale,0.0,Sur chaussée,Blessé léger,Masculin,30.0,Domicile - travail,3,9,0.0,2.0,1.0,1.0,201200027904B01,7,16,1.0,Cohérente,Non cohérentes
1148,201200035363,2012-01-03,2012,janvier,mardi,14:10,67,67482,0.0,0.0,En agglomération,Intersection en X,6.0,Plein jour,Normale,4,A sens unique,1.0,Plat,1.0,0.0,500.0,Normale,0.0,Sur chaussée,Blessé hospitalisé,Féminin,54.0,Domicile - travail,3,4,0.0,2.0,1.0,1.0,201200035363B01,7,15,1.0,Cohérente,Non cohérentes
1149,201200035372,2012-01-11,2012,janvier,mercredi,20:0,67,67482,0.0,0.0,En agglomération,Intersection en T,6.0,Nuit avec éclairage public allumé,Normale,4,A chaussées séparées,6.0,Plat,1.0,0.0,196.0,Normale,0.0,Sur chaussée,Blessé léger,Féminin,20.0,Promenade - loisirs,3,2,0.0,2.0,0.0,1.0,201200035372B01,7,1,1.0,Cohérente,Non cohérentes
1150,201200035374,2012-01-11,2012,janvier,mercredi,18:30,67,67482,0.0,0.0,En agglomération,Hors intersection,3.0,Nuit avec éclairage public allumé,Normale,4,Bidirectionnelle,2.0,Plat,1.0,0.0,80.0,Normale,0.0,Aucun,Blessé léger,Féminin,48.0,Domicile - travail,3,9,0.0,2.0,7.0,1.0,201200035374B01,7,22,1.0,Cohérente,Non cohérentes
1151,201200035381,2012-01-16,2012,janvier,lundi,83:0,67,67482,0.0,0.0,En agglomération,Intersection en X,3.0,Plein jour,Normale,4,Bidirectionnelle,2.0,Plat,1.0,0.0,65.0,Normale,2.0,Aucun,Indemne,Masculin,15.0,Domicile - école,1,2,0.0,2.0,1.0,1.0,201200035381A01,1,1,1.0,Non cohérente,Non cohérentes
1152,201200035381,2012-01-16,2012,janvier,lundi,83:0,67,67482,0.0,0.0,En agglomération,Intersection en X,3.0,Plein jour,Normale,4,Bidirectionnelle,2.0,Plat,1.0,0.0,65.0,Normale,2.0,Aucun,Blessé hospitalisé,Féminin,45.0,Domicile - travail,3,4,0.0,9.0,7.0,1.0,201200035381B01,1,1,1.0,Non cohérente,Non cohérentes
1153,201200035386,2012-01-19,2012,janvier,jeudi,18:20,67,67482,0.0,0.0,En agglomération,Intersection en X,3.0,Nuit avec éclairage public allumé,Pluie légère,4,Bidirectionnelle,3.0,Plat,1.0,0.0,120.0,Mouillée,2.0,Sur chaussée,Blessé hospitalisé,Masculin,44.0,Domicile - travail,1,4,0.0,2.0,8.0,19.0,201200035386B01,7,15,1.0,Cohérente,Non cohérentes
1154,201200035393,2012-01-24,2012,janvier,mardi,83:5,67,67482,0.0,0.0,En agglomération,Hors intersection,3.0,Plein jour,Normale,4,Non renseigné,1.0,Plat,1.0,0.0,40.0,Normale,0.0,Sur trottoir,Blessé léger,Masculin,41.0,Domicile - travail,1,2,0.0,2.0,1.0,1.0,201200035393A01,7,20,1.0,Non cohérente,Non cohérentes
1155,201200035401,2012-02-01,2012,février,mercredi,16:15,67,67482,0.0,0.0,En agglomération,Hors intersection,6.0,Plein jour,Normale,4,A sens unique,1.0,Plat,1.0,0.0,40.0,Normale,0.0,Sur piste cyclable,Blessé léger,Féminin,20.0,Promenade - loisirs,3,9,1.0,0.0,1.0,5.0,201200035401A01,7,24,1.0,Cohérente,Non cohérentes
1156,201200035404,2012-02-07,2012,février,mardi,14:50,67,67482,0.0,0.0,En agglomération,Hors intersection,3.0,Plein jour,Normale,4,Bidirectionnelle,2.0,Plat,1.0,0.0,95.0,Normale,0.0,Sur chaussée,Blessé léger,Féminin,53.0,Domicile - travail,3,9,0.0,2.0,8.0,9.0,201200035404A01,38,1,1.0,Cohérente,Non cohérentes
1157,201200035407,2012-02-08,2012,février,mercredi,19:50,67,67482,0.0,0.0,En agglomération,Hors intersection,3.0,Nuit avec éclairage public allumé,Normale,4,A chaussées séparées,6.0,Plat,1.0,50.0,65.0,Normale,0.0,Sur chaussée,Blessé hospitalisé,Masculin,17.0,Promenade - loisirs,3,4,0.0,2.0,1.0,19.0,201200035407A01,7,15,1.0,Cohérente,Non cohérentes
1158,201200035409,2012-02-11,2012,février,samedi,16:50,67,67482,0.0,0.0,En agglomération,Hors intersection,6.0,Plein jour,Normale,4,A sens unique,2.0,Plat,1.0,0.0,60.0,Normale,0.0,Sur chaussée,Blessé léger,Masculin,68.0,Courses - achats,3,4,0.0,2.0,1.0,5.0,201200035409A01,7,1,1.0,Cohérente,Non cohérentes
1159,201200035410,2012-02-12,2012,février,dimanche,11:20,67,67482,0.0,0.0,En agglomération,Intersection en X,6.0,Plein jour,Normale,4,Avec voies d'affectation variable,0.0,Plat,1.0,0.0,0.0,Normale,6.0,Sur chaussée,Blessé léger,Féminin,23.0,Promenade - loisirs,3,4,0.0,2.0,1.0,19.0,201200035410A01,7,1,1.0,Cohérente,Non cohérentes
1160,201200035415,2012-02-15,2012,février,mercredi,18:10,67,67482,0.0,0.0,En agglomération,Intersection en X,3.0,Nuit avec éclairage public allumé,Normale,4,Bidirectionnelle,2.0,Plat,1.0,0.0,60.0,Normale,0.0,Sur piste cyclable,Blessé léger,Masculin,27.0,Domicile - travail,1,4,0.0,2.0,1.0,1.0,201200035415B01,7,15,1.0,Cohérente,Non cohérentes
1161,201200035419,2012-02-17,2012,février,vendredi,18:50,67,67482,0.0,0.0,En agglomération,Hors intersection,3.0,Nuit avec éclairage public allumé,Normale,4,Bidirectionnelle,3.0,Plat,1.0,0.0,70.0,Normale,0.0,Sur chaussée,Blessé léger,Féminin,20.0,Non renseigné,3,4,0.0,2.0,1.0,1.0,201200035419A01,7,9,1.0,Cohérente,Non cohérentes
1162,201200035420,2012-02-19,2012,février,dimanche,21:50,67,67482,0.0,0.0,En agglomération,Intersection en T,3.0,Nuit avec éclairage public allumé,Normale,4,A sens unique,2.0,Plat,1.0,0.0,70.0,Normale,0.0,Sur piste cyclable,Blessé léger,Masculin,20.0,Non renseigné,3,9,0.0,2.0,7.0,1.0,201200035420B01,7,16,1.0,Cohérente,Non cohérentes
1163,201200035423,2012-02-21,2012,février,mardi,16:50,67,67482,0.0,0.0,En agglomération,Hors intersection,3.0,Plein jour,Normale,4,Bidirectionnelle,2.0,Plat,1.0,70.0,80.0,Normale,0.0,Sur chaussée,Blessé léger,Masculin,23.0,Promenade - loisirs,3,9,0.0,2.0,8.0,19.0,201200035423A01,7,1,1.0,Cohérente,Non cohérentes
1164,201200035424,2012-02-22,2012,février,mercredi,12:05,67,67482,0.0,0.0,En agglomération,Hors intersection,3.0,Plein jour,Normale,4,Bidirectionnelle,4.0,Plat,1.0,20.0,140.0,Normale,0.0,Sur chaussée,Blessé léger,Masculin,37.0,Promenade - loisirs,3,4,0.0,2.0,3.0,19.0,201200035424A01,10,1,1.0,Cohérente,Non cohérentes
1165,201200035433,2012-03-05,2012,mars,lundi,23:20,67,67482,0.0,0.0,En agglomération,Hors intersection,3.0,Nuit avec éclairage public allumé,Normale,4,A chaussées séparées,2.0,Plat,1.0,35.0,80.0,Normale,0.0,Sur chaussée,Blessé léger,Masculin,31.0,Promenade - loisirs,3,9,0.0,2.0,8.0,1.0,201200035433A01,7,2,1.0,Cohérente,Non cohérentes
1166,201200035437,2012-03-07,2012,mars,mercredi,93:0,67,67482,0.0,0.0,En agglomération,Intersection en X,1.0,Plein jour,Normale,4,Avec voies d'affectation variable,3.0,Plat,1.0,0.0,90.0,Normale,0.0,Sur chaussée,Blessé hospitalisé,Féminin,40.0,Utilisation professionnelle,1,4,0.0,2.0,1.0,19.0,201200035437B01,7,15,1.0,Non cohérente,Non cohérentes
1167,201200035438,2012-03-08,2012,mars,jeudi,16:10,67,67482,0.0,0.0,En agglomération,Intersection en X,3.0,Plein jour,Normale,4,Bidirectionnelle,2.0,Plat,1.0,0.0,50.0,Normale,0.0,Sur chaussée,Blessé léger,Masculin,20.0,Utilisation professionnelle,2,9,0.0,2.0,1.0,1.0,201200035438A01,7,1,1.0,Cohérente,Non cohérentes
1168,201200035446,2012-03-14,2012,mars,mercredi,17:40,67,67482,0.0,0.0,En agglomération,Hors intersection,6.0,Plein jour,Normale,4,Bidirectionnelle,2.0,Plat,1.0,0.0,80.0,Normale,0.0,Aucun,Indemne,Masculin,29.0,Autre,3,9,0.0,1.0,1.0,0.0,201200035446A01,,,,Cohérente,Non cohérentes
1169,201200035448,2012-03-15,2012,mars,jeudi,74:5,67,67482,0.0,0.0,En agglomération,Hors intersection,6.0,Plein jour,Normale,4,A sens unique,2.0,Plat,1.0,0.0,41.0,Non renseigné,0.0,Sur chaussée,Indemne,Féminin,22.0,Non renseigné,3,9,0.0,1.0,1.0,1.0,201200035448A01,,,,Non cohérente,Non cohérentes
1170,201200035457,2012-03-19,2012,mars,lundi,22:15,67,67482,0.0,0.0,En agglomération,Hors intersection,6.0,Nuit avec éclairage public allumé,Normale,4,Non renseigné,1.0,Plat,1.0,0.0,0.0,Normale,0.0,Sur chaussée,Blessé léger,Masculin,31.0,Promenade - loisirs,3,9,0.0,2.0,0.0,1.0,201200035457A01,1,0,1.0,Cohérente,Non cohérentes
1171,201200035457,2012-03-19,2012,mars,lundi,22:15,67,67482,0.0,0.0,En agglomération,Hors intersection,6.0,Nuit avec éclairage public allumé,Normale,4,Non renseigné,1.0,Plat,1.0,0.0,0.0,Normale,0.0,Sur chaussée,Indemne,Masculin,22.0,Non renseigné,3,9,0.0,0.0,0.0,0.0,201200035457Z01,1,1,1.0,Cohérente,Non cohérentes
1172,201200035458,2012-03-20,2012,mars,mardi,17:10,67,67482,0.0,0.0,En agglomération,Hors intersection,6.0,Plein jour,Normale,4,Bidirectionnelle,2.0,Plat,1.0,0.0,60.0,Normale,0.0,Sur chaussée,Blessé léger,Féminin,69.0,Non renseigné,3,4,0.0,2.0,1.0,1.0,201200035458B01,7,1,1.0,Cohérente,Non cohérentes
1173,201200035465,2012-03-26,2012,mars,lundi,18:20,67,67482,0.0,0.0,En agglomération,Hors intersection,3.0,Plein jour,Normale,4,Bidirectionnelle,2.0,Plat,1.0,0.0,51.0,Normale,0.0,Sur chaussée,Blessé léger,Masculin,6.0,Domicile - école,2,4,0.0,2.0,3.0,19.0,201200035465B01,10,1,1.0,Cohérente,Non cohérentes
1174,201200035471,2012-03-28,2012,mars,mercredi,20:25,67,67482,0.0,0.0,En agglomération,Hors intersection,1.0,Nuit avec éclairage public allumé,Normale,4,A chaussées séparées,2.0,Plat,1.0,30.0,60.0,Normale,0.0,Sur chaussée,Blessé léger,Masculin,18.0,Promenade - loisirs,2,4,0.0,2.0,1.0,5.0,201200035471A01,7,9,1.0,Cohérente,Non cohérentes
1175,201200035473,2012-03-30,2012,mars,vendredi,15:30,67,67482,0.0,0.0,En agglomération,Intersection en X,3.0,Plein jour,Normale,4,Bidirectionnelle,2.0,Plat,1.0,0.0,60.0,Normale,0.0,Sur chaussée,Blessé léger,Féminin,57.0,Non renseigné,3,9,0.0,2.0,3.0,1.0,201200035473B01,7,15,1.0,Cohérente,Non cohérentes
1176,201200035474,2012-03-31,2012,mars,samedi,43:0,67,67482,0.0,0.0,En agglomération,Intersection en T,3.0,Nuit avec éclairage public allumé,Normale,4,Non renseigné,1.0,Plat,1.0,0.0,75.0,Normale,6.0,Sur chaussée,Blessé léger,Féminin,20.0,Promenade - loisirs,2,9,0.0,2.0,1.0,5.0,201200035474B01,7,1,1.0,Non cohérente,Non cohérentes
1177,201200035475,2012-04-02,2012,avril,lundi,14:55,67,67482,0.0,0.0,En agglomération,Hors intersection,3.0,Plein jour,Normale,4,Bidirectionnelle,4.0,Plat,2.0,0.0,80.0,Normale,0.0,Sur piste cyclable,Blessé léger,Masculin,69.0,Promenade - loisirs,3,9,0.0,2.0,8.0,1.0,201200035475B01,7,16,1.0,Cohérente,Non cohérentes
1178,201200035478,2012-04-05,2012,avril,jeudi,15:30,67,67482,0.0,0.0,En agglomération,Intersection en X,3.0,Plein jour,Pluie forte,4,A sens unique,1.0,Plat,1.0,0.0,125.0,Mouillée,0.0,Sur chaussée,Blessé léger,Masculin,23.0,Autre,3,9,0.0,2.0,8.0,19.0,201200035478A01,7,1,1.0,Cohérente,Non cohérentes
1179,201200035488,2012-04-10,2012,avril,mardi,17:20,67,67482,0.0,0.0,En agglomération,Intersection en T,6.0,Plein jour,Pluie légère,4,Bidirectionnelle,2.0,Plat,1.0,0.0,50.0,Mouillée,0.0,Sur chaussée,Blessé léger,Féminin,15.0,Non renseigné,3,4,0.0,2.0,1.0,15.0,201200035488A01,7,1,1.0,Cohérente,Non cohérentes
1180,201200035495,2012-04-17,2012,avril,mardi,84:0,67,67482,0.0,0.0,En agglomération,Intersection en T,3.0,Plein jour,Normale,4,Bidirectionnelle,2.0,Plat,1.0,0.0,60.0,Normale,0.0,Sur chaussée,Blessé léger,Masculin,23.0,Domicile - travail,3,4,0.0,2.0,1.0,19.0,201200035495A01,7,15,1.0,Non cohérente,Non cohérentes
1181,201200035511,2012-04-27,2012,avril,vendredi,12:00,67,67482,0.0,0.0,En agglomération,Intersection en X,3.0,Plein jour,Normale,4,Bidirectionnelle,3.0,Plat,1.0,0.0,100.0,Normale,0.0,Sur chaussée,Blessé léger,Féminin,45.0,Non renseigné,3,4,0.0,2.0,1.0,1.0,201200035511B01,7,16,1.0,Cohérente,Non cohérentes
1182,201200035514,2012-04-27,2012,avril,vendredi,15:53,67,67482,0.0,0.0,En agglomération,Hors intersection,3.0,Plein jour,Normale,4,A chaussées séparées,2.0,Plat,1.0,30.0,50.0,Normale,0.0,Sur chaussée,Blessé léger,Masculin,15.0,Promenade - loisirs,3,9,0.0,2.0,1.0,19.0,201200035514B01,7,5,1.0,Cohérente,Non cohérentes
1183,201200035517,2012-04-30,2012,avril,lundi,90:5,67,67482,0.0,0.0,En agglomération,Intersection en T,3.0,Plein jour,Normale,4,Bidirectionnelle,2.0,Plat,1.0,0.0,90.0,Normale,0.0,Sur chaussée,Blessé hospitalisé,Masculin,54.0,Promenade - loisirs,2,9,0.0,2.0,1.0,1.0,201200035517A01,7,16,1.0,Non cohérente,Non cohérentes
1184,201200035523,2012-05-04,2012,mai,vendredi,64:5,67,67482,0.0,0.0,En agglomération,Intersection en X,3.0,Plein jour,Normale,4,Bidirectionnelle,2.0,Plat,1.0,0.0,50.0,Normale,0.0,Sur chaussée,Blessé hospitalisé,Masculin,20.0,Non renseigné,3,4,0.0,2.0,8.0,2.0,201200035523B01,10,2,1.0,Non cohérente,Non cohérentes
1185,201200035528,2012-05-07,2012,mai,lundi,17:50,67,67482,0.0,0.0,En agglomération,Hors intersection,3.0,Plein jour,Normale,4,Bidirectionnelle,3.0,Sommet de côte,1.0,0.0,100.0,Normale,0.0,Sur chaussée,Blessé léger,Masculin,66.0,Promenade - loisirs,3,9,0.0,2.0,1.0,19.0,201200035528A01,7,1,1.0,Cohérente,Non cohérentes
1186,201200035530,2012-05-08,2012,mai,mardi,18:45,67,67482,0.0,0.0,En agglomération,Intersection en T,3.0,Plein jour,Pluie légère,4,Bidirectionnelle,2.0,Plat,1.0,0.0,80.0,Mouillée,0.0,Sur chaussée,Blessé léger,Masculin,75.0,Non renseigné,3,9,0.0,2.0,8.0,15.0,201200035530A01,7,1,1.0,Cohérente,Non cohérentes
1187,201200035533,2012-05-11,2012,mai,vendredi,22:00,67,67482,0.0,0.0,En agglomération,Intersection en T,3.0,Nuit avec éclairage public allumé,Normale,4,A sens unique,2.0,Plat,1.0,0.0,70.0,Normale,0.0,Sur chaussée,Blessé léger,Masculin,37.0,Autre,3,9,0.0,2.0,1.0,19.0,201200035533B01,7,1,1.0,Cohérente,Non cohérentes
1188,201200035534,2012-05-13,2012,mai,dimanche,16:00,67,67482,0.0,0.0,En agglomération,Hors intersection,3.0,Plein jour,Temps éblouissant,4,Bidirectionnelle,3.0,Plat,1.0,0.0,100.0,Normale,0.0,Sur chaussée,Blessé léger,Féminin,22.0,Non renseigné,3,9,1.0,0.0,1.0,1.0,201200035534B01,7,22,1.0,Cohérente,Non cohérentes
1189,201200035536,2012-05-13,2012,mai,dimanche,16:45,67,67482,0.0,0.0,En agglomération,Hors intersection,3.0,Plein jour,Normale,4,Bidirectionnelle,2.0,Plat,1.0,0.0,124.0,Normale,0.0,Sur chaussée,Blessé hospitalisé,Masculin,9.0,Promenade - loisirs,3,9,0.0,2.0,1.0,19.0,201200035536B01,7,4,1.0,Cohérente,Non cohérentes
1190,201200035541,2012-05-15,2012,mai,mardi,11:15,67,67482,0.0,0.0,En agglomération,Intersection à plus de 4 branches,2.0,Plein jour,Normale,4,A sens unique,0.0,Plat,1.0,0.0,49.0,Normale,0.0,Sur chaussée,Blessé léger,Féminin,62.0,Domicile - travail,2,9,0.0,2.0,1.0,1.0,201200035541B01,7,1,1.0,Cohérente,Non cohérentes
1191,201200035547,2012-05-19,2012,mai,samedi,10:,67,67482,0.0,0.0,En agglomération,Intersection en X,3.0,Nuit avec éclairage public allumé,Pluie légère,4,A sens unique,1.0,Plat,1.0,0.0,50.0,Mouillée,0.0,Sur chaussée,Blessé léger,Masculin,32.0,Promenade - loisirs,2,9,0.0,2.0,1.0,15.0,201200035547A01,7,1,1.0,Non cohérente,Non cohérentes
1192,201200035550,2012-05-20,2012,mai,dimanche,11:20,67,67482,0.0,0.0,En agglomération,Intersection en X,3.0,Plein jour,Normale,4,Bidirectionnelle,2.0,Plat,1.0,0.0,61.0,Normale,0.0,Sur chaussée,Tué,Masculin,63.0,Promenade - loisirs,2,2,0.0,2.0,1.0,1.0,201200035550A01,38,1,1.0,Cohérente,Non cohérentes
1193,201200035556,2012-05-22,2012,mai,mardi,17:22,67,67482,0.0,0.0,En agglomération,Intersection en T,3.0,Plein jour,Normale,4,Bidirectionnelle,2.0,Plat,1.0,0.0,100.0,Normale,0.0,Sur chaussée,Blessé léger,Masculin,47.0,Domicile - travail,3,4,0.0,2.0,7.0,1.0,201200035556B01,7,1,1.0,Cohérente,Non cohérentes
1194,201200035559,2012-05-24,2012,mai,jeudi,15:05,67,67482,0.0,0.0,En agglomération,Intersection en T,3.0,Plein jour,Normale,4,Bidirectionnelle,2.0,Plat,1.0,0.0,134.0,Normale,0.0,Sur chaussée,Blessé léger,Masculin,61.0,Promenade - loisirs,3,9,0.0,2.0,1.0,1.0,201200035559B01,7,16,1.0,Cohérente,Non cohérentes
1195,201200035562,2012-05-25,2012,mai,vendredi,20:15,67,67482,0.0,0.0,En agglomération,Hors intersection,3.0,Plein jour,Normale,4,Bidirectionnelle,2.0,Plat,1.0,0.0,55.0,Normale,0.0,Sur chaussée,Blessé léger,Masculin,14.0,Promenade - loisirs,3,9,0.0,2.0,1.0,19.0,201200035562B01,7,1,1.0,Cohérente,Non cohérentes
1196,201200035570,2012-06-01,2012,juin,vendredi,23:45,67,67482,0.0,0.0,En agglomération,Hors intersection,6.0,Nuit avec éclairage public allumé,Normale,4,Avec voies d'affectation variable,2.0,Plat,1.0,0.0,80.0,Normale,0.0,Sur piste cyclable,Blessé léger,Masculin,49.0,Promenade - loisirs,3,9,0.0,1.0,1.0,1.0,201200035570A01,,,,Cohérente,Non cohérentes
1197,201200035571,2012-06-02,2012,juin,samedi,13:26,67,67482,0.0,0.0,En agglomération,Intersection en X,3.0,Plein jour,Normale,4,Bidirectionnelle,3.0,Plat,1.0,0.0,120.0,Normale,0.0,Sur chaussée,Blessé léger,Masculin,11.0,Promenade - loisirs,3,9,0.0,2.0,6.0,19.0,201200035571A01,7,1,1.0,Cohérente,Non cohérentes
1198,201200035572,2012-06-02,2012,juin,samedi,17:50,67,67482,0.0,0.0,En agglomération,Hors intersection,1.0,Plein jour,Normale,4,Bidirectionnelle,2.0,Plat,4.0,0.0,100.0,Normale,0.0,Sur piste cyclable,Blessé hospitalisé,Masculin,43.0,Promenade - loisirs,1,4,0.0,2.0,1.0,1.0,201200035572A01,1,1,1.0,Cohérente,Non cohérentes
1199,201200035572,2012-06-02,2012,juin,samedi,17:50,67,67482,0.0,0.0,En agglomération,Hors intersection,1.0,Plein jour,Normale,4,Bidirectionnelle,2.0,Plat,4.0,0.0,100.0,Normale,0.0,Sur piste cyclable,Blessé léger,Masculin,26.0,Promenade - loisirs,1,4,0.0,2.0,1.0,1.0,201200035572B01,1,1,1.0,Cohérente,Non cohérentes
1200,201200035574,2012-06-03,2012,juin,dimanche,18:45,67,67482,0.0,0.0,En agglomération,Intersection en X,1.0,Plein jour,Pluie légère,4,A chaussées séparées,3.0,Plat,1.0,0.0,45.0,Mouillée,0.0,Sur trottoir,Blessé léger,Masculin,28.0,Promenade - loisirs,2,9,0.0,2.0,1.0,1.0,201200035574A01,1,1,1.0,Cohérente,Non cohérentes
1201,201200035574,2012-06-03,2012,juin,dimanche,18:45,67,67482,0.0,0.0,En agglomération,Intersection en X,1.0,Plein jour,Pluie légère,4,A chaussées séparées,3.0,Plat,1.0,0.0,45.0,Mouillée,0.0,Sur trottoir,Indemne,Masculin,11.0,Non renseigné,3,4,0.0,2.0,1.0,1.0,201200035574B01,1,1,1.0,Cohérente,Non cohérentes
1202,201200035576,2012-06-05,2012,juin,mardi,15:35,67,67482,0.0,0.0,En agglomération,Intersection en T,3.0,Plein jour,Normale,4,Bidirectionnelle,2.0,Plat,1.0,0.0,77.0,Normale,0.0,Sur chaussée,Blessé léger,Masculin,23.0,Promenade - loisirs,3,4,0.0,2.0,1.0,1.0,201200035576A01,7,16,1.0,Cohérente,Non cohérentes
1203,201200035578,2012-06-07,2012,juin,jeudi,75:0,67,67482,0.0,0.0,En agglomération,Hors intersection,1.0,Plein jour,Normale,4,Bidirectionnelle,2.0,Plat,1.0,0.0,0.0,Normale,0.0,Sur piste cyclable,Blessé hospitalisé,Masculin,52.0,Domicile - travail,2,9,0.0,2.0,1.0,1.0,201200035578B01,1,5,1.0,Non cohérente,Non cohérentes
1204,201200035578,2012-06-07,2012,juin,jeudi,75:0,67,67482,0.0,0.0,En agglomération,Hors intersection,1.0,Plein jour,Normale,4,Bidirectionnelle,2.0,Plat,1.0,0.0,0.0,Normale,0.0,Sur piste cyclable,Blessé léger,Féminin,22.0,Domicile - travail,2,9,0.0,2.0,1.0,5.0,201200035578A01,1,1,1.0,Non cohérente,Non cohérentes
1205,201200035579,2012-06-07,2012,juin,jeudi,13:00,67,67482,0.0,0.0,En agglomération,Hors intersection,3.0,Plein jour,Normale,4,Bidirectionnelle,2.0,Plat,1.0,0.0,61.0,Normale,0.0,Sur chaussée,Blessé léger,Féminin,10.0,Non renseigné,3,9,0.0,2.0,1.0,19.0,201200035579B01,7,1,1.0,Cohérente,Non cohérentes
1206,201200035580,2012-06-09,2012,juin,samedi,15:00,67,67482,0.0,0.0,En agglomération,Intersection en X,3.0,Plein jour,Normale,4,Bidirectionnelle,2.0,Plat,1.0,0.0,100.0,Normale,0.0,Sur chaussée,Blessé léger,Masculin,27.0,Promenade - loisirs,3,9,0.0,2.0,8.0,19.0,201200035580A01,7,1,1.0,Cohérente,Non cohérentes
1207,201200035581,2012-06-10,2012,juin,dimanche,12:55,67,67482,0.0,0.0,En agglomération,Hors intersection,6.0,Plein jour,Normale,4,Bidirectionnelle,2.0,Plat,2.0,0.0,40.0,Normale,0.0,Sur chaussée,Blessé léger,Masculin,12.0,Promenade - loisirs,3,9,0.0,2.0,0.0,1.0,201200035581B01,10,13,1.0,Cohérente,Non cohérentes
1208,201200035590,2012-06-13,2012,juin,mercredi,71:0,67,67482,0.0,0.0,En agglomération,Hors intersection,6.0,Plein jour,Normale,4,A chaussées séparées,2.0,Plat,1.0,40.0,113.0,Mouillée,0.0,Sur piste cyclable,Indemne,Masculin,35.0,Domicile - travail,3,4,0.0,1.0,1.0,5.0,201200035590A01,,,,Non cohérente,Non cohérentes
1209,201200035590,2012-06-13,2012,juin,mercredi,71:0,67,67482,0.0,0.0,En agglomération,Hors intersection,6.0,Plein jour,Normale,4,A chaussées séparées,2.0,Plat,1.0,40.0,113.0,Mouillée,0.0,Sur piste cyclable,Blessé léger,Féminin,52.0,Non renseigné,3,9,0.0,1.0,1.0,5.0,201200035590A01,,,,Non cohérente,Non cohérentes
1210,201200035592,2012-06-14,2012,juin,jeudi,14:35,67,67482,0.0,0.0,En agglomération,Hors intersection,3.0,Plein jour,Normale,4,Bidirectionnelle,2.0,Plat,1.0,20.0,80.0,Normale,0.0,Sur chaussée,Blessé hospitalisé,Féminin,13.0,Domicile - école,3,4,0.0,2.0,1.0,5.0,201200035592B01,7,15,1.0,Cohérente,Non cohérentes
1211,201200035602,2012-06-23,2012,juin,samedi,14:40,67,67482,0.0,0.0,En agglomération,Hors intersection,6.0,Plein jour,Normale,4,Avec voies d'affectation variable,1.0,Plat,1.0,0.0,124.0,Normale,0.0,Sur chaussée,Indemne,Masculin,22.0,Promenade - loisirs,3,9,0.0,1.0,1.0,1.0,201200035602A01,,,,Cohérente,Non cohérentes
1212,201200035607,2012-06-26,2012,juin,mardi,95:0,67,67482,0.0,0.0,En agglomération,Hors intersection,3.0,Plein jour,Pluie légère,4,Bidirectionnelle,2.0,Plat,1.0,0.0,28.0,Normale,0.0,Sur piste cyclable,Blessé léger,Masculin,57.0,Promenade - loisirs,3,9,0.0,2.0,7.0,2.0,201200035607A01,1,2,1.0,Non cohérente,Non cohérentes
1213,201200035607,2012-06-26,2012,juin,mardi,95:0,67,67482,0.0,0.0,En agglomération,Hors intersection,3.0,Plein jour,Pluie légère,4,Bidirectionnelle,2.0,Plat,1.0,0.0,28.0,Normale,0.0,Sur piste cyclable,Blessé léger,Féminin,40.0,Promenade - loisirs,3,9,0.0,2.0,8.0,2.0,201200035607B01,1,2,1.0,Non cohérente,Non cohérentes
1214,201200035610,2012-06-28,2012,juin,jeudi,17:00,67,67482,0.0,0.0,En agglomération,Intersection en X,3.0,Plein jour,Normale,4,A sens unique,1.0,Plat,-1.0,0.0,50.0,Normale,0.0,Sur chaussée,Blessé léger,Masculin,13.0,Domicile - école,3,9,0.0,2.0,1.0,1.0,201200035610A01,7,1,1.0,Cohérente,Non cohérentes
1215,201200035615,2012-07-01,2012,juillet,dimanche,17:30,67,67482,0.0,0.0,En agglomération,Intersection en T,3.0,Plein jour,Normale,4,Bidirectionnelle,2.0,Plat,1.0,0.0,70.0,Normale,0.0,Sur chaussée,Blessé léger,Masculin,7.0,Promenade - loisirs,3,9,0.0,2.0,1.0,1.0,201200035615B01,7,1,1.0,Cohérente,Non cohérentes
1216,201200035616,2012-07-02,2012,juillet,lundi,14:10,67,67482,0.0,0.0,En agglomération,Hors intersection,3.0,Plein jour,Temps couvert,4,Bidirectionnelle,1.0,Plat,1.0,0.0,40.0,Normale,0.0,Sur chaussée,Blessé léger,Masculin,47.0,Promenade - loisirs,2,9,0.0,2.0,8.0,1.0,201200035616B01,7,9,1.0,Cohérente,Non cohérentes
1217,201200035620,2012-07-05,2012,juillet,jeudi,13:0,67,67482,0.0,0.0,En agglomération,Hors intersection,3.0,Nuit avec éclairage public allumé,Normale,4,Bidirectionnelle,2.0,Plat,1.0,50.0,80.0,Normale,0.0,Sur chaussée,Blessé léger,Masculin,18.0,Promenade - loisirs,3,9,0.0,2.0,7.0,19.0,201200035620B01,7,1,1.0,Cohérente,Non cohérentes
1218,201200035624,2012-07-09,2012,juillet,lundi,16:10,67,67482,0.0,0.0,En agglomération,Hors intersection,3.0,Plein jour,Normale,4,Bidirectionnelle,2.0,Plat,1.0,0.0,100.0,Normale,0.0,Sur piste cyclable,Blessé léger,Féminin,23.0,Promenade - loisirs,3,9,0.0,2.0,1.0,1.0,201200035624B01,7,15,1.0,Cohérente,Non cohérentes
1219,201200035627,2012-07-12,2012,juillet,jeudi,14:00,67,67482,0.0,0.0,En agglomération,Hors intersection,6.0,Plein jour,Normale,4,Bidirectionnelle,1.0,Pente,1.0,0.0,35.0,Normale,2.0,Sur chaussée,Indemne,Masculin,27.0,Non renseigné,3,9,0.0,1.0,1.0,2.0,201200035627A01,,,,Cohérente,Non cohérentes
1220,201200035627,2012-07-12,2012,juillet,jeudi,14:00,67,67482,0.0,0.0,En agglomération,Hors intersection,6.0,Plein jour,Normale,4,Bidirectionnelle,1.0,Pente,1.0,0.0,35.0,Normale,2.0,Sur chaussée,Blessé léger,Féminin,63.0,Non renseigné,3,9,0.0,1.0,1.0,2.0,201200035627A01,,,,Cohérente,Non cohérentes
1221,201200035631,2012-07-18,2012,juillet,mercredi,19:00,67,67482,0.0,0.0,Hors agglomération,Intersection en Y,6.0,Plein jour,Normale,4,Avec voies d'affectation variable,1.0,Plat,1.0,0.0,38.0,Non renseigné,2.0,Sur chaussée,Tué,Masculin,29.0,Non renseigné,1,2,0.0,0.0,0.0,0.0,201200035631A01,,,,Cohérente,Non cohérentes
1222,201200035632,2012-07-18,2012,juillet,mercredi,19:40,67,67482,0.0,0.0,En agglomération,Hors intersection,3.0,Plein jour,Normale,4,A sens unique,1.0,Plat,1.0,0.0,11.0,Normale,0.0,Sur chaussée,Blessé léger,Féminin,26.0,Domicile - travail,1,4,1.0,2.0,1.0,1.0,201200035632B01,7,22,1.0,Cohérente,Non cohérentes
1223,201200035636,2012-07-21,2012,juillet,samedi,10:00,67,67482,0.0,0.0,En agglomération,Intersection en T,3.0,Plein jour,Normale,4,A sens unique,2.0,Plat,1.0,0.0,70.0,Mouillée,0.0,Sur chaussée,Blessé léger,Féminin,71.0,Promenade - loisirs,3,9,0.0,2.0,7.0,1.0,201200035636B01,7,16,1.0,Cohérente,Non cohérentes
1224,201200035637,2012-07-21,2012,juillet,samedi,16:45,67,67482,0.0,0.0,En agglomération,Hors intersection,3.0,Plein jour,Normale,4,Bidirectionnelle,2.0,Plat,1.0,0.0,150.0,Normale,0.0,Sur chaussée,Blessé léger,Masculin,11.0,Promenade - loisirs,3,9,0.0,2.0,8.0,19.0,201200035637B01,7,16,1.0,Cohérente,Non cohérentes
1225,201200035638,2012-07-21,2012,juillet,samedi,23:00,67,67482,0.0,0.0,En agglomération,Intersection en T,3.0,Nuit avec éclairage public allumé,Normale,4,Bidirectionnelle,2.0,Plat,1.0,0.0,80.0,Mouillée,0.0,Sur chaussée,Blessé hospitalisé,Masculin,21.0,Promenade - loisirs,2,9,0.0,2.0,8.0,19.0,201200035638B01,7,15,1.0,Cohérente,Non cohérentes
1226,201200035644,2012-07-27,2012,juillet,vendredi,10:36,67,67482,0.0,0.0,En agglomération,Hors intersection,2.0,Plein jour,Normale,4,Bidirectionnelle,3.0,Non renseigné,1.0,0.0,260.0,Normale,0.0,Sur chaussée,Blessé léger,Masculin,30.0,Non renseigné,1,2,0.0,2.0,1.0,1.0,201200035644A01,2,20,1.0,Cohérente,Non cohérentes
1227,201200035645,2012-07-30,2012,juillet,lundi,14:00,67,67482,0.0,0.0,En agglomération,Hors intersection,3.0,Plein jour,Normale,4,A sens unique,2.0,Plat,1.0,0.0,56.0,Normale,0.0,Sur chaussée,Blessé léger,Masculin,39.0,Promenade - loisirs,1,4,1.0,0.0,1.0,1.0,201200035645B01,7,24,1.0,Cohérente,Non cohérentes
1228,201200035647,2012-07-31,2012,juillet,mardi,20:00,67,67482,0.0,0.0,En agglomération,Intersection en X,2.0,Crépuscule ou aube,Normale,4,Bidirectionnelle,3.0,Plat,-1.0,0.0,80.0,Normale,4.0,Sur chaussée,Blessé léger,Féminin,39.0,Non renseigné,1,4,0.0,2.0,4.0,1.0,201200035647A01,33,1,1.0,Cohérente,Non cohérentes
1229,201200035661,2012-08-12,2012,août,dimanche,23:01,67,67482,0.0,0.0,En agglomération,Hors intersection,2.0,Nuit avec éclairage public allumé,Normale,4,Bidirectionnelle,2.0,Plat,1.0,0.0,105.0,Normale,0.0,Sur piste cyclable,Blessé léger,Masculin,34.0,Non renseigné,3,2,0.0,2.0,4.0,1.0,201200035661B01,2,17,1.0,Cohérente,Non cohérentes
1230,201200035674,2012-08-22,2012,août,mercredi,14:25,67,67482,0.0,0.0,En agglomération,Hors intersection,3.0,Plein jour,Normale,4,Bidirectionnelle,6.0,Plat,1.0,115.0,100.0,Normale,0.0,Sur chaussée,Blessé léger,Masculin,17.0,Promenade - loisirs,3,9,0.0,2.0,2.0,19.0,201200035674A01,7,1,1.0,Cohérente,Non cohérentes
1231,201200035676,2012-08-24,2012,août,vendredi,18:15,67,67482,0.0,0.0,En agglomération,Hors intersection,3.0,Crépuscule ou aube,Temps couvert,4,A sens unique,1.0,Plat,1.0,0.0,80.0,Mouillée,0.0,Sur chaussée,Blessé léger,Féminin,44.0,Non renseigné,3,9,1.0,0.0,2.0,1.0,201200035676B01,7,24,1.0,Cohérente,Non cohérentes
1232,201200035681,2012-08-27,2012,août,lundi,16:45,67,67482,0.0,0.0,En agglomération,Intersection en T,6.0,Plein jour,Normale,4,A sens unique,1.0,Plat,1.0,0.0,40.0,Normale,0.0,Sur chaussée,Indemne,Masculin,22.0,Promenade - loisirs,3,9,0.0,1.0,1.0,15.0,201200035681A01,,,,Cohérente,Non cohérentes
1233,201200035683,2012-08-30,2012,août,jeudi,16:35,67,67482,0.0,0.0,En agglomération,Hors intersection,3.0,Plein jour,Normale,4,Bidirectionnelle,2.0,Plat,1.0,0.0,60.0,Normale,0.0,Sur chaussée,Blessé léger,Masculin,43.0,Domicile - travail,1,2,0.0,2.0,1.0,1.0,201200035683B01,7,24,1.0,Cohérente,Non cohérentes
1234,201200035709,2012-09-13,2012,septembre,jeudi,17:35,67,67482,0.0,0.0,En agglomération,Hors intersection,6.0,Plein jour,Normale,4,Non renseigné,1.0,Plat,1.0,0.0,0.0,Normale,6.0,Sur chaussée,Indemne,Masculin,18.0,Promenade - loisirs,3,2,0.0,1.0,1.0,1.0,201200035709A01,,,,Cohérente,Non cohérentes
1235,201200035711,2012-09-15,2012,septembre,samedi,13:59,67,67482,0.0,0.0,En agglomération,Intersection en X,1.0,Plein jour,Normale,4,Bidirectionnelle,2.0,Plat,1.0,0.0,116.0,Normale,0.0,Sur chaussée,Blessé léger,Féminin,39.0,Non renseigné,3,2,0.0,4.0,1.0,15.0,201200035711A01,40,1,1.0,Cohérente,Non cohérentes
1236,201200035716,2012-09-17,2012,septembre,lundi,14:30,67,67482,0.0,0.0,En agglomération,Hors intersection,1.0,Plein jour,Normale,4,A sens unique,1.0,Plat,3.0,0.0,90.0,Normale,0.0,Sur piste cyclable,Blessé léger,Masculin,28.0,Domicile - école,2,9,0.0,2.0,1.0,15.0,201200035716A01,1,16,1.0,Cohérente,Non cohérentes
1237,201200035716,2012-09-17,2012,septembre,lundi,14:30,67,67482,0.0,0.0,En agglomération,Hors intersection,1.0,Plein jour,Normale,4,A sens unique,1.0,Plat,3.0,0.0,90.0,Normale,0.0,Sur piste cyclable,Blessé léger,Masculin,19.0,Domicile - école,2,9,0.0,2.0,1.0,16.0,201200035716B01,1,15,1.0,Cohérente,Non cohérentes
1238,201200035717,2012-09-17,2012,septembre,lundi,18:10,67,67482,0.0,0.0,En agglomération,Hors intersection,3.0,Crépuscule ou aube,Normale,4,Bidirectionnelle,3.0,Plat,1.0,0.0,90.0,Normale,0.0,Sur chaussée,Blessé léger,Masculin,49.0,Autre,1,4,0.0,2.0,1.0,1.0,201200035717B01,10,1,1.0,Cohérente,Non cohérentes
1239,201200035721,2012-09-21,2012,septembre,vendredi,74:5,67,67482,0.0,0.0,En agglomération,Intersection en X,3.0,Plein jour,Normale,4,Bidirectionnelle,4.0,Plat,1.0,0.0,150.0,Normale,5.0,Sur chaussée,Blessé léger,Féminin,24.0,Domicile - travail,3,9,0.0,2.0,0.0,1.0,201200035721B01,7,16,1.0,Non cohérente,Non cohérentes
1240,201200035725,2012-09-25,2012,septembre,mardi,80:5,67,67482,0.0,0.0,En agglomération,Intersection en X,3.0,Plein jour,Normale,4,Bidirectionnelle,4.0,Plat,1.0,0.0,80.0,Normale,2.0,Sur chaussée,Blessé léger,Féminin,26.0,Domicile - travail,1,4,0.0,2.0,5.0,1.0,201200035725A01,7,1,1.0,Non cohérente,Non cohérentes
1241,201200035728,2012-09-27,2012,septembre,jeudi,65:5,67,67482,0.0,0.0,En agglomération,Hors intersection,2.0,Crépuscule ou aube,Normale,4,Bidirectionnelle,3.0,Plat,1.0,30.0,60.0,Normale,0.0,Sur chaussée,Blessé léger,Féminin,50.0,Non renseigné,3,2,0.0,2.0,3.0,1.0,201200035728B01,7,14,1.0,Non cohérente,Non cohérentes
1242,201200035731,2012-09-27,2012,septembre,jeudi,18:00,67,67482,0.0,0.0,En agglomération,Intersection en T,3.0,Plein jour,Pluie légère,4,Bidirectionnelle,2.0,Plat,1.0,13.0,87.0,Mouillée,0.0,Sur chaussée,Tué,Féminin,65.0,Non renseigné,2,2,0.0,2.0,0.0,19.0,201200035731A01,7,1,1.0,Cohérente,Non cohérentes
1243,201200035735,2012-09-30,2012,septembre,dimanche,11:40,67,67482,0.0,0.0,En agglomération,Intersection en X,2.0,Plein jour,Normale,4,Bidirectionnelle,3.0,Plat,1.0,0.0,151.0,Normale,0.0,Sur chaussée,Blessé léger,Masculin,53.0,Autre,3,9,0.0,2.0,1.0,1.0,201200035735A01,7,18,1.0,Cohérente,Non cohérentes
1244,201200035736,2012-10-02,2012,octobre,mardi,17:20,67,67482,0.0,0.0,En agglomération,Intersection en X,3.0,Plein jour,Normale,4,A chaussées séparées,1.0,Plat,1.0,0.0,35.0,Normale,0.0,Sur chaussée,Blessé léger,Masculin,38.0,Autre,3,9,0.0,2.0,1.0,1.0,201200035736B01,7,15,1.0,Cohérente,Non cohérentes
1245,201200035740,2012-10-03,2012,octobre,mercredi,11:30,67,67482,0.0,0.0,En agglomération,Intersection en X,3.0,Plein jour,Normale,4,Bidirectionnelle,2.0,Plat,1.0,0.0,40.0,Normale,0.0,Sur chaussée,Blessé léger,Féminin,20.0,Domicile - école,3,9,0.0,2.0,7.0,19.0,201200035740B01,7,12,1.0,Cohérente,Non cohérentes
1246,201200035741,2012-10-03,2012,octobre,mercredi,16:05,67,67482,0.0,0.0,En agglomération,Intersection en X,3.0,Plein jour,Normale,4,A chaussées séparées,2.0,Plat,1.0,81.0,97.0,Normale,0.0,Sur chaussée,Blessé léger,Masculin,34.0,Promenade - loisirs,2,9,0.0,2.0,1.0,1.0,201200035741A01,7,15,1.0,Cohérente,Non cohérentes
1247,201200035744,2012-10-04,2012,octobre,jeudi,75:0,67,67482,0.0,0.0,En agglomération,Hors intersection,3.0,Crépuscule ou aube,Pluie légère,4,Bidirectionnelle,4.0,Plat,3.0,0.0,110.0,Mouillée,0.0,Sur chaussée,Blessé léger,Masculin,14.0,Autre,3,9,0.0,2.0,1.0,19.0,201200035744B01,7,16,1.0,Non cohérente,Non cohérentes
1248,201200035747,2012-10-08,2012,octobre,lundi,18:16,67,67482,0.0,0.0,En agglomération,Place,2.0,Plein jour,Normale,4,Bidirectionnelle,2.0,Plat,1.0,0.0,30.0,Normale,0.0,Sur piste cyclable,Blessé léger,Féminin,72.0,Promenade - loisirs,3,2,0.0,2.0,1.0,1.0,201200035747B01,1,15,1.0,Cohérente,Non cohérentes
1249,201200035747,2012-10-08,2012,octobre,lundi,18:16,67,67482,0.0,0.0,En agglomération,Place,2.0,Plein jour,Normale,4,Bidirectionnelle,2.0,Plat,1.0,0.0,30.0,Normale,0.0,Sur piste cyclable,Indemne,Féminin,18.0,Domicile - école,3,2,0.0,2.0,4.0,15.0,201200035747A01,1,1,1.0,Cohérente,Non cohérentes
1250,201200035748,2012-10-10,2012,octobre,mercredi,14:50,67,67482,0.0,0.0,En agglomération,Hors intersection,3.0,Plein jour,Normale,4,A chaussées séparées,2.0,Plat,1.0,110.0,73.0,Normale,0.0,Aucun,Blessé léger,Masculin,8.0,Non renseigné,3,9,0.0,4.0,7.0,19.0,201200035748A01,40,1,1.0,Cohérente,Non cohérentes
1251,201200035751,2012-10-16,2012,octobre,mardi,73:5,67,67482,0.0,0.0,En agglomération,Intersection en X,3.0,Plein jour,Normale,4,A chaussées séparées,6.0,Plat,1.0,70.0,160.0,Normale,0.0,Sur chaussée,Blessé léger,Féminin,38.0,Domicile - travail,1,9,0.0,2.0,1.0,1.0,201200035751B01,7,19,1.0,Non cohérente,Non cohérentes
1252,201200035756,2012-10-18,2012,octobre,jeudi,19:15,67,67482,0.0,0.0,En agglomération,Intersection en X,3.0,Nuit avec éclairage public allumé,Normale,4,A sens unique,2.0,Plat,1.0,0.0,40.0,Normale,0.0,Sur chaussée,Blessé léger,Masculin,19.0,Promenade - loisirs,3,9,0.0,2.0,4.0,1.0,201200035756A01,7,1,1.0,Cohérente,Non cohérentes
1253,201200035764,2012-10-24,2012,octobre,mercredi,12:10,67,67482,0.0,0.0,En agglomération,Intersection en X,3.0,Plein jour,Normale,4,A chaussées séparées,4.0,Plat,1.0,130.0,134.0,Normale,0.0,Sur chaussée,Blessé hospitalisé,Masculin,44.0,Domicile - travail,1,4,0.0,2.0,4.0,19.0,201200035764A01,33,15,1.0,Cohérente,Non cohérentes
1254,201200035779,2012-11-06,2012,novembre,mardi,13:40,67,67482,0.0,0.0,En agglomération,Intersection en X,6.0,Plein jour,Normale,4,Bidirectionnelle,2.0,Plat,1.0,0.0,160.0,Normale,0.0,Sur chaussée,Blessé léger,Féminin,19.0,Non renseigné,3,9,0.0,1.0,1.0,19.0,201200035779A01,,,,Cohérente,Non cohérentes
1255,201200035790,2012-11-14,2012,novembre,mercredi,18:10,67,67482,0.0,0.0,En agglomération,Hors intersection,1.0,Nuit avec éclairage public allumé,Normale,4,Bidirectionnelle,2.0,Plat,1.0,0.0,45.0,Normale,0.0,Sur chaussée,Blessé léger,Masculin,22.0,Promenade - loisirs,2,4,0.0,2.0,1.0,1.0,201200035790A01,7,1,1.0,Cohérente,Non cohérentes
1256,201200035793,2012-11-19,2012,novembre,lundi,53:5,67,67482,0.0,0.0,En agglomération,Intersection en X,3.0,Nuit avec éclairage public allumé,Brouillard - fumée,4,Bidirectionnelle,2.0,Plat,1.0,0.0,50.0,Mouillée,0.0,Sur chaussée,Blessé hospitalisé,Masculin,63.0,Domicile - travail,1,4,0.0,2.0,1.0,1.0,201200035793B01,7,15,1.0,Non cohérente,Non cohérentes
1257,201200035796,2012-11-19,2012,novembre,lundi,18:50,67,67482,0.0,0.0,En agglomération,Intersection en T,3.0,Nuit avec éclairage public allumé,Normale,4,A sens unique,2.0,Plat,3.0,0.0,70.0,Normale,0.0,Sur chaussée,Blessé léger,Masculin,47.0,Promenade - loisirs,3,9,0.0,2.0,8.0,19.0,201200035796A01,7,15,1.0,Cohérente,Non cohérentes
1258,201200035797,2012-11-21,2012,novembre,mercredi,18:10,67,67482,0.0,0.0,En agglomération,Hors intersection,3.0,Nuit avec éclairage public allumé,Normale,4,Bidirectionnelle,3.0,Plat,1.0,0.0,113.0,Normale,0.0,Sur chaussée,Blessé léger,Masculin,20.0,Domicile - école,3,9,0.0,2.0,1.0,19.0,201200035797A01,7,1,1.0,Cohérente,Non cohérentes
1259,201200035800,2012-11-23,2012,novembre,vendredi,10:52,67,67482,0.0,0.0,En agglomération,Intersection en X,3.0,Plein jour,Normale,4,Bidirectionnelle,2.0,Plat,1.0,0.0,65.0,Normale,0.0,Sur chaussée,Tué,Masculin,31.0,Domicile - travail,2,2,0.0,2.0,1.0,19.0,201200035800B01,17,14,1.0,Cohérente,Non cohérentes
1260,201200035804,2012-11-26,2012,novembre,lundi,18:25,67,67482,0.0,0.0,En agglomération,Intersection en T,3.0,Nuit avec éclairage public allumé,Pluie forte,4,A sens unique,1.0,Plat,1.0,0.0,41.0,Mouillée,0.0,Sur chaussée,Blessé léger,Féminin,56.0,Non renseigné,1,4,0.0,2.0,7.0,19.0,201200035804A01,7,1,1.0,Cohérente,Non cohérentes
1261,201200035806,2012-11-27,2012,novembre,mardi,22:25,67,67482,0.0,0.0,En agglomération,Intersection en X,3.0,Nuit sans éclairage public,Pluie légère,4,Bidirectionnelle,2.0,Plat,1.0,0.0,80.0,Mouillée,0.0,Sur chaussée,Blessé léger,Féminin,21.0,Autre,3,9,0.0,2.0,7.0,1.0,201200035806B01,7,15,1.0,Cohérente,Non cohérentes
1262,201200035808,2012-11-28,2012,novembre,mercredi,18:06,67,67482,0.0,0.0,En agglomération,Intersection en T,1.0,Nuit avec éclairage public allumé,Pluie légère,4,Bidirectionnelle,3.0,Plat,1.0,0.0,150.0,Mouillée,0.0,Sur chaussée,Blessé léger,Féminin,57.0,Autre,1,4,0.0,2.0,1.0,1.0,201200035808A01,7,15,1.0,Cohérente,Non cohérentes
1263,201200035810,2012-11-29,2012,novembre,jeudi,16:10,67,67482,0.0,0.0,En agglomération,Hors intersection,3.0,Plein jour,Pluie légère,4,Bidirectionnelle,2.0,Plat,1.0,0.0,30.0,Normale,0.0,Sur chaussée,Blessé léger,Masculin,18.0,Autre,3,9,0.0,2.0,1.0,19.0,201200035810A01,7,1,1.0,Cohérente,Non cohérentes
1264,201200035828,2012-12-13,2012,décembre,jeudi,85:0,67,67482,0.0,0.0,En agglomération,Intersection en X,3.0,Plein jour,Temps couvert,4,Bidirectionnelle,3.0,Plat,1.0,0.0,60.0,Normale,0.0,Sur chaussée,Blessé léger,Masculin,27.0,Autre,1,4,0.0,4.0,8.0,19.0,201200035828A01,40,1,1.0,Non cohérente,Non cohérentes
1265,201200035834,2012-12-16,2012,décembre,dimanche,20:5,67,67482,0.0,0.0,En agglomération,Intersection en T,3.0,Nuit avec éclairage public allumé,Pluie forte,4,Bidirectionnelle,2.0,Plat,1.0,0.0,100.0,Mouillée,0.0,Sur chaussée,Blessé léger,Masculin,17.0,Promenade - loisirs,2,4,0.0,2.0,1.0,1.0,201200035834A01,7,1,1.0,Cohérente,Non cohérentes
1266,201200035848,2012-12-29,2012,décembre,samedi,95:5,67,67482,0.0,0.0,En agglomération,Intersection en T,3.0,Plein jour,Normale,4,A chaussées séparées,2.0,Plat,1.0,0.0,0.0,Normale,0.0,Sur chaussée,Blessé léger,Féminin,69.0,Promenade - loisirs,2,9,0.0,2.0,1.0,19.0,201200035848A01,7,1,1.0,Non cohérente,Non cohérentes
1267,201200036953,2012-05-14,2012,mai,lundi,82:5,74,74010,0.0,0.0,En agglomération,Intersection en T,6.0,Plein jour,Normale,4,Bidirectionnelle,0.0,Plat,1.0,0.0,0.0,Normale,0.0,Sur chaussée,Tué,Féminin,81.0,Autre,3,9,0.0,0.0,1.0,1.0,201200036953B01,7,16,1.0,Non cohérente,Non cohérentes
1268,201200036959,2012-06-16,2012,juin,samedi,10:00,74,74010,0.0,0.0,En agglomération,Hors intersection,6.0,Plein jour,Normale,4,Bidirectionnelle,1.0,Plat,1.0,0.0,61.0,Normale,0.0,Sur chaussée,Indemne,Masculin,16.0,Promenade - loisirs,3,9,0.0,1.0,1.0,1.0,201200036959A01,,,,Cohérente,Non cohérentes
1269,201200036971,2012-11-14,2012,novembre,mercredi,10:25,74,74010,0.0,0.0,En agglomération,Giratoire,6.0,Plein jour,Normale,3,Bidirectionnelle,2.0,Plat,1.0,,70.0,Normale,5.0,Sur chaussée,Indemne,Masculin,35.0,Domicile - travail,1,2,0.0,1.0,1.0,9.0,201200036971A01,,,,Cohérente,Non cohérentes
1270,201300026233,2013-01-31,2013,janvier,jeudi,93:0,38,38185,45.1817,5.74484,En agglomération,Intersection en X,3.0,Plein jour,Normale,4,A sens unique,1.0,Plat,1.0,0.0,40.0,Normale,0.0,Sur chaussée,Blessé léger,Féminin,22.0,Promenade - loisirs,3,9,0.0,2.0,1.0,1.0,201300026233B01,7,15,1.0,Non cohérente,Cohérentes
1271,201300026242,2013-02-28,2013,février,jeudi,10:50,38,38185,45.1998,5.73998,En agglomération,Hors intersection,6.0,Plein jour,Normale,3,Bidirectionnelle,2.0,Plat,1.0,0.0,70.0,Normale,0.0,Sur chaussée,Blessé léger,Féminin,84.0,Promenade - loisirs,3,9,0.0,2.0,1.0,17.0,201300026242B01,7,23,1.0,Cohérente,Cohérentes
1272,201300026246,2013-03-09,2013,mars,samedi,14:5,38,38185,0.0,0.0,En agglomération,Intersection en T,3.0,Nuit avec éclairage public allumé,Normale,4,Avec voies d'affectation variable,1.0,Plat,1.0,0.0,0.0,Normale,0.0,Sur chaussée,Blessé léger,Masculin,23.0,Promenade - loisirs,3,9,0.0,0.0,6.0,1.0,201300026246B01,7,1,1.0,Cohérente,Non cohérentes
1273,201300026253,2013-03-26,2013,mars,mardi,85:2,38,38185,0.0,0.0,En agglomération,Hors intersection,6.0,Plein jour,Temps couvert,4,Bidirectionnelle,4.0,Plat,1.0,0.0,0.0,Normale,5.0,Sur chaussée,Tué,Féminin,28.0,Domicile - travail,3,9,0.0,2.0,8.0,1.0,201300026253B01,14,16,1.0,Non cohérente,Non cohérentes
1274,201300026256,2013-04-04,2013,avril,jeudi,14:15,38,38185,0.0,0.0,En agglomération,Hors intersection,3.0,Plein jour,Normale,3,Bidirectionnelle,2.0,Plat,1.0,0.0,0.0,Normale,0.0,Sur chaussée,Blessé hospitalisé,Masculin,11.0,Promenade - loisirs,3,9,0.0,2.0,3.0,19.0,201300026256B01,7,1,1.0,Cohérente,Non cohérentes
1275,201300026285,2013-06-18,2013,juin,mardi,16:24,38,38185,45.1666,5.72845,En agglomération,Intersection en X,3.0,Plein jour,Normale,3,Bidirectionnelle,1.0,Plat,1.0,0.0,0.0,Normale,5.0,Sur chaussée,Tué,Masculin,85.0,Autre,2,9,0.0,2.0,8.0,1.0,201300026285B01,7,1,1.0,Cohérente,Cohérentes
1276,201300026292,2013-07-03,2013,juillet,mercredi,15:19,38,38185,0.0,0.0,En agglomération,Intersection en X,2.0,Plein jour,Normale,4,Bidirectionnelle,1.0,Plat,-1.0,0.0,0.0,Normale,0.0,Sur chaussée,Blessé hospitalisé,Féminin,48.0,Non renseigné,3,9,0.0,2.0,1.0,1.0,201300026292B01,37,16,1.0,Cohérente,Non cohérentes
1277,201300026298,2013-07-26,2013,juillet,vendredi,81:5,38,38185,0.0,0.0,En agglomération,Hors intersection,3.0,Plein jour,Normale,4,Non renseigné,0.0,Plat,1.0,0.0,0.0,Normale,0.0,Sur chaussée,Blessé hospitalisé,Masculin,41.0,Domicile - travail,1,2,0.0,2.0,3.0,0.0,201300026298A01,37,15,1.0,Non cohérente,Non cohérentes
1278,201300026299,2013-07-26,2013,juillet,vendredi,17:30,38,38185,0.0,0.0,En agglomération,Hors intersection,6.0,Plein jour,Normale,4,Non renseigné,0.0,Plat,-1.0,0.0,0.0,Normale,6.0,Sur trottoir,Indemne,Masculin,26.0,Non renseigné,3,9,0.0,1.0,1.0,1.0,201300026299A01,,,,Cohérente,Non cohérentes
1279,201300026307,2013-08-28,2013,août,mercredi,17:50,38,38185,0.0,0.0,En agglomération,Hors intersection,3.0,Plein jour,Normale,4,Bidirectionnelle,0.0,Plat,1.0,0.0,0.0,Normale,0.0,Sur chaussée,Blessé hospitalisé,Féminin,32.0,Non renseigné,2,2,0.0,2.0,8.0,19.0,201300026307B01,7,1,1.0,Cohérente,Non cohérentes
1280,201300026308,2013-08-28,2013,août,mercredi,19:29,38,38185,0.0,0.0,En agglomération,Hors intersection,6.0,Plein jour,Normale,4,A chaussées séparées,1.0,Plat,1.0,0.0,0.0,Normale,0.0,Sur chaussée,Indemne,Masculin,44.0,Domicile - travail,1,4,0.0,1.0,1.0,1.0,201300026308A01,,,,Cohérente,Non cohérentes
1281,201300026342,2013-10-21,2013,octobre,lundi,18:55,38,38185,0.0,0.0,En agglomération,Hors intersection,6.0,Nuit avec éclairage public allumé,Normale,4,Non renseigné,1.0,Plat,1.0,0.0,16.0,Normale,0.0,Sur piste cyclable,Blessé hospitalisé,Masculin,23.0,Autre,2,2,0.0,1.0,1.0,1.0,201300026342B01,,,,Cohérente,Non cohérentes
1282,201300026353,2013-11-15,2013,novembre,vendredi,16:14,38,38185,0.0,0.0,En agglomération,Intersection en X,3.0,Plein jour,Normale,4,Bidirectionnelle,2.0,Plat,1.0,0.0,80.0,Normale,0.0,Sur chaussée,Blessé léger,Masculin,17.0,Non renseigné,3,9,0.0,0.0,1.0,1.0,201300026353A01,7,15,1.0,Cohérente,Non cohérentes
1283,201300032897,2013-01-02,2013,janvier,mercredi,17:00,67,67482,0.0,0.0,En agglomération,Intersection en X,1.0,Nuit avec éclairage public allumé,Normale,4,Bidirectionnelle,2.0,Plat,1.0,0.0,110.0,Normale,0.0,Sur chaussée,Blessé léger,Féminin,16.0,Promenade - loisirs,3,9,0.0,2.0,1.0,15.0,201300032897A01,7,16,1.0,Cohérente,Non cohérentes
1284,201300032903,2013-01-07,2013,janvier,lundi,14:05,67,67482,0.0,0.0,En agglomération,Intersection en T,3.0,Plein jour,Normale,4,Bidirectionnelle,2.0,Plat,1.0,0.0,59.0,Normale,0.0,Sur chaussée,Blessé léger,Féminin,17.0,Autre,3,9,0.0,2.0,8.0,9.0,201300032903B01,34,1,1.0,Cohérente,Non cohérentes
1285,201300032914,2013-01-18,2013,janvier,vendredi,16:25,67,67482,0.0,0.0,En agglomération,Hors intersection,3.0,Plein jour,Normale,4,Bidirectionnelle,3.0,Plat,1.0,0.0,150.0,Normale,0.0,Sur chaussée,Tué,Masculin,42.0,Non renseigné,1,4,0.0,2.0,2.0,14.0,201300032914A01,7,1,1.0,Cohérente,Non cohérentes
1286,201300032915,2013-01-19,2013,janvier,samedi,10:25,67,67482,0.0,0.0,En agglomération,Intersection en X,3.0,Plein jour,Neige - grêle,4,Bidirectionnelle,2.0,Plat,1.0,0.0,120.0,Enneigée,0.0,Sur chaussée,Blessé hospitalisé,Féminin,57.0,Promenade - loisirs,2,4,0.0,2.0,7.0,19.0,201300032915A01,37,1,1.0,Cohérente,Non cohérentes
1287,201300032924,2013-02-01,2013,février,vendredi,18:20,67,67482,0.0,0.0,En agglomération,Intersection en T,3.0,Nuit avec éclairage public allumé,Pluie légère,4,Bidirectionnelle,4.0,Plat,1.0,0.0,156.0,Mouillée,0.0,Sur chaussée,Blessé léger,Féminin,17.0,Non renseigné,1,4,0.0,2.0,7.0,19.0,201300032924B01,7,16,1.0,Cohérente,Non cohérentes
1288,201300032928,2013-02-05,2013,février,mardi,21:05,67,67482,0.0,0.0,En agglomération,Hors intersection,3.0,Nuit avec éclairage public allumé,Pluie légère,4,A sens unique,2.0,Non renseigné,1.0,0.0,100.0,Mouillée,0.0,Sur chaussée,Blessé léger,Féminin,26.0,Promenade - loisirs,3,9,0.0,2.0,7.0,19.0,201300032928B01,2,1,1.0,Cohérente,Non cohérentes
1289,201300032929,2013-02-07,2013,février,jeudi,19:30,67,67482,0.0,0.0,En agglomération,Hors intersection,2.0,Nuit avec éclairage public allumé,Normale,4,A chaussées séparées,2.0,Plat,1.0,108.0,71.0,Normale,0.0,Sur chaussée,Blessé léger,Masculin,22.0,Domicile - travail,1,4,0.0,4.0,4.0,19.0,201300032929A01,40,1,1.0,Cohérente,Non cohérentes
1290,201300032938,2013-02-14,2013,février,jeudi,19:35,67,67482,0.0,0.0,En agglomération,Hors intersection,3.0,Nuit avec éclairage public allumé,Normale,4,Bidirectionnelle,3.0,Plat,1.0,0.0,100.0,Normale,0.0,Sur chaussée,Blessé léger,Masculin,18.0,Non renseigné,1,4,0.0,2.0,0.0,13.0,201300032938A01,37,1,1.0,Cohérente,Non cohérentes
1291,201300032955,2013-03-07,2013,mars,jeudi,85:0,67,67482,0.0,0.0,En agglomération,Hors intersection,3.0,Plein jour,Normale,4,Bidirectionnelle,2.0,Plat,1.0,0.0,80.0,Normale,0.0,Sur chaussée,Blessé hospitalisé,Féminin,42.0,Domicile - travail,1,4,1.0,0.0,1.0,1.0,201300032955B01,7,22,1.0,Non cohérente,Non cohérentes
1292,201300032957,2013-03-09,2013,mars,samedi,15:00,67,67482,0.0,0.0,En agglomération,Hors intersection,3.0,Plein jour,Pluie légère,4,Bidirectionnelle,2.0,Non renseigné,3.0,0.0,70.0,Mouillée,0.0,Sur piste cyclable,Blessé léger,Masculin,40.0,Domicile - travail,1,4,0.0,2.0,1.0,1.0,201300032957B01,7,15,1.0,Cohérente,Non cohérentes
1293,201300032963,2013-03-13,2013,mars,mercredi,70:0,67,67482,0.0,0.0,En agglomération,Intersection en X,3.0,Plein jour,Normale,4,Bidirectionnelle,2.0,Plat,1.0,0.0,60.0,Normale,0.0,Sur chaussée,Blessé léger,Féminin,53.0,Utilisation professionnelle,1,9,0.0,2.0,8.0,1.0,201300032963B01,7,15,1.0,Non cohérente,Non cohérentes
1294,201300032969,2013-03-16,2013,mars,samedi,20:00,67,67482,0.0,0.0,En agglomération,Intersection en T,3.0,Nuit avec éclairage public allumé,Normale,4,Bidirectionnelle,2.0,Plat,1.0,0.0,132.0,Normale,0.0,Sur chaussée,Blessé léger,Masculin,29.0,Autre,1,4,0.0,2.0,1.0,1.0,201300032969B01,7,16,1.0,Cohérente,Non cohérentes
1295,201300032974,2013-03-22,2013,mars,vendredi,10:10,67,67482,0.0,0.0,En agglomération,Hors intersection,3.0,Plein jour,Normale,4,Bidirectionnelle,3.0,Plat,1.0,0.0,102.0,Normale,0.0,Sur chaussée,Blessé léger,Féminin,24.0,Non renseigné,1,4,0.0,2.0,1.0,19.0,201300032974B01,7,15,1.0,Cohérente,Non cohérentes
1296,201300032977,2013-03-24,2013,mars,dimanche,21:5,67,67482,0.0,0.0,En agglomération,Intersection en T,3.0,Nuit avec éclairage public allumé,Normale,4,A sens unique,2.0,Plat,3.0,0.0,70.0,Normale,0.0,Sur chaussée,Blessé léger,Féminin,25.0,Promenade - loisirs,3,9,0.0,2.0,8.0,1.0,201300032977B01,7,1,1.0,Cohérente,Non cohérentes
1297,201300032985,2013-03-30,2013,mars,samedi,12:45,67,67482,0.0,0.0,En agglomération,Hors intersection,3.0,Plein jour,Normale,4,Bidirectionnelle,2.0,Plat,1.0,0.0,60.0,Normale,0.0,Sur chaussée,Blessé léger,Masculin,69.0,Non renseigné,3,9,0.0,2.0,1.0,19.0,201300032985A01,30,1,1.0,Cohérente,Non cohérentes
1298,201300032989,2013-04-03,2013,avril,mercredi,16:45,67,67482,0.0,0.0,En agglomération,Intersection en X,3.0,Plein jour,Normale,4,A chaussées séparées,5.0,Plat,1.0,90.0,90.0,Normale,0.0,Sur chaussée,Blessé léger,Masculin,41.0,Domicile - travail,3,9,0.0,2.0,1.0,1.0,201300032989A01,7,15,1.0,Cohérente,Non cohérentes
1299,201300032996,2013-04-08,2013,avril,lundi,18:30,67,67482,0.0,0.0,En agglomération,Hors intersection,3.0,Plein jour,Normale,4,Bidirectionnelle,2.0,Plat,1.0,0.0,59.0,Normale,0.0,Sur chaussée,Blessé léger,Féminin,52.0,Non renseigné,1,4,0.0,2.0,1.0,1.0,201300032996B01,7,16,1.0,Cohérente,Non cohérentes
1300,201300033000,2013-04-09,2013,avril,mardi,16:35,67,67482,0.0,0.0,En agglomération,Hors intersection,3.0,Plein jour,Normale,4,Bidirectionnelle,2.0,Plat,1.0,0.0,60.0,Normale,0.0,Sur chaussée,Blessé léger,Masculin,57.0,Promenade - loisirs,1,4,0.0,2.0,8.0,19.0,201300033000B01,7,1,1.0,Cohérente,Non cohérentes
1301,201300033009,2013-04-23,2013,avril,mardi,90:0,67,67482,0.0,0.0,En agglomération,Intersection en X,3.0,Plein jour,Normale,4,Bidirectionnelle,2.0,Plat,1.0,0.0,88.0,Normale,0.0,Sur chaussée,Blessé léger,Féminin,33.0,Domicile - école,2,4,0.0,2.0,1.0,19.0,201300033009A01,7,1,1.0,Non cohérente,Non cohérentes
1302,201300033030,2013-05-14,2013,mai,mardi,12:30,67,67482,0.0,0.0,En agglomération,Intersection en X,6.0,Plein jour,Normale,4,Bidirectionnelle,3.0,Plat,1.0,0.0,0.0,Normale,0.0,Sur chaussée,Indemne,Masculin,18.0,Non renseigné,1,4,0.0,1.0,1.0,19.0,201300033030A01,,,,Cohérente,Non cohérentes
1303,201300033031,2013-05-14,2013,mai,mardi,14:40,67,67482,0.0,0.0,En agglomération,Intersection en T,3.0,Plein jour,Normale,4,A sens unique,2.0,Plat,1.0,0.0,59.0,Normale,0.0,Sur chaussée,Blessé léger,Masculin,21.0,Non renseigné,1,4,0.0,4.0,7.0,19.0,201300033031A01,40,1,1.0,Cohérente,Non cohérentes
1304,201300033032,2013-05-14,2013,mai,mardi,19:00,67,67482,0.0,0.0,En agglomération,Intersection en T,3.0,Plein jour,Normale,4,Bidirectionnelle,3.0,Plat,1.0,0.0,123.0,Normale,0.0,Sur chaussée,Blessé léger,Féminin,26.0,Utilisation professionnelle,1,4,0.0,2.0,1.0,19.0,201300033032B01,10,16,1.0,Cohérente,Non cohérentes
1305,201300033039,2013-05-24,2013,mai,vendredi,65:5,67,67482,0.0,0.0,En agglomération,Giratoire,3.0,Plein jour,Normale,4,Bidirectionnelle,2.0,Plat,1.0,18.0,144.0,Normale,0.0,Sur chaussée,Blessé léger,Masculin,50.0,Domicile - travail,1,4,0.0,2.0,2.0,14.0,201300033039A01,7,16,1.0,Non cohérente,Non cohérentes
1306,201300033042,2013-05-25,2013,mai,samedi,15:20,67,67482,0.0,0.0,En agglomération,Intersection en T,3.0,Plein jour,Normale,4,A chaussées séparées,2.0,Plat,1.0,0.0,90.0,Normale,0.0,Sur chaussée,Blessé léger,Masculin,21.0,Non renseigné,1,4,0.0,2.0,1.0,19.0,201300033042A01,37,1,1.0,Cohérente,Non cohérentes
1307,201300033051,2013-06-05,2013,juin,mercredi,84:0,67,67482,0.0,0.0,En agglomération,Hors intersection,2.0,Plein jour,Normale,4,A sens unique,1.0,Plat,1.0,0.0,40.0,Normale,0.0,Sur chaussée,Blessé léger,Féminin,20.0,Domicile - travail,1,4,0.0,2.0,1.0,19.0,201300033051A01,7,1,1.0,Non cohérente,Non cohérentes
1308,201300033064,2013-06-14,2013,juin,vendredi,13:45,67,67482,0.0,0.0,Hors agglomération,Intersection en T,3.0,Plein jour,Normale,4,Bidirectionnelle,2.0,Plat,1.0,0.0,110.0,Normale,0.0,Sur chaussée,Blessé léger,Masculin,20.0,Promenade - loisirs,3,9,0.0,2.0,1.0,19.0,201300033064A01,40,1,1.0,Cohérente,Non cohérentes
1309,201300033065,2013-06-15,2013,juin,samedi,41:0,67,67482,0.0,0.0,En agglomération,Intersection en X,3.0,Nuit avec éclairage public allumé,Normale,4,A chaussées séparées,3.0,Plat,1.0,0.0,91.0,Normale,0.0,Sur chaussée,Blessé léger,Féminin,17.0,Promenade - loisirs,3,9,0.0,2.0,1.0,19.0,201300033065B01,7,1,1.0,Non cohérente,Non cohérentes
1310,201300033068,2013-06-20,2013,juin,jeudi,19:25,67,67482,0.0,0.0,En agglomération,Hors intersection,3.0,Plein jour,Normale,4,Bidirectionnelle,2.0,Plat,1.0,0.0,100.0,Normale,0.0,Sur chaussée,Blessé léger,Féminin,23.0,Promenade - loisirs,2,9,0.0,2.0,8.0,19.0,201300033068B01,7,1,1.0,Cohérente,Non cohérentes
1311,201300033069,2013-06-21,2013,juin,vendredi,16:45,67,67482,0.0,0.0,En agglomération,Hors intersection,3.0,Plein jour,Normale,4,A chaussées séparées,2.0,Plat,1.0,22.0,48.0,Normale,0.0,Sur chaussée,Blessé léger,Masculin,11.0,Promenade - loisirs,3,9,0.0,2.0,8.0,19.0,201300033069A01,7,1,1.0,Cohérente,Non cohérentes
1312,201300033073,2013-06-24,2013,juin,lundi,16:30,67,67482,0.0,0.0,En agglomération,Hors intersection,6.0,Plein jour,Normale,4,Bidirectionnelle,2.0,Pente,1.0,15.0,165.0,Normale,0.0,Sur chaussée,Blessé hospitalisé,Féminin,77.0,Promenade - loisirs,1,4,1.0,0.0,1.0,1.0,201300033073B01,,,,Cohérente,Non cohérentes
1313,201300033083,2013-07-02,2013,juillet,mardi,18:10,67,67482,0.0,0.0,En agglomération,Hors intersection,3.0,Plein jour,Normale,4,A sens unique,1.0,Plat,1.0,0.0,60.0,Normale,0.0,Sur piste cyclable,Blessé léger,Féminin,46.0,Promenade - loisirs,1,4,0.0,0.0,0.0,1.0,201300033083A01,7,23,1.0,Cohérente,Non cohérentes
1314,201300033086,2013-07-04,2013,juillet,jeudi,83:5,67,67482,0.0,0.0,En agglomération,Hors intersection,3.0,Plein jour,Normale,4,Bidirectionnelle,3.0,Plat,1.0,0.0,110.0,Normale,0.0,Sur chaussée,Blessé léger,Féminin,28.0,Domicile - travail,1,4,0.0,2.0,5.0,19.0,201300033086A01,7,1,1.0,Non cohérente,Non cohérentes
1315,201300033087,2013-07-04,2013,juillet,jeudi,14:30,67,67482,0.0,0.0,En agglomération,Hors intersection,3.0,Plein jour,Normale,4,A sens unique,1.0,Non renseigné,1.0,0.0,50.0,Normale,0.0,Sur chaussée,Blessé léger,Masculin,13.0,Non renseigné,1,4,0.0,4.0,3.0,19.0,201300033087A01,40,1,1.0,Cohérente,Non cohérentes
1316,201300033100,2013-07-13,2013,juillet,samedi,10:15,67,67482,0.0,0.0,En agglomération,Intersection en X,3.0,Plein jour,Normale,4,A chaussées séparées,4.0,Plat,1.0,60.0,70.0,Normale,4.0,Sur chaussée,Blessé léger,Masculin,60.0,Promenade - loisirs,3,9,0.0,2.0,7.0,19.0,201300033100A01,7,1,1.0,Cohérente,Non cohérentes
1317,201300033101,2013-07-13,2013,juillet,samedi,17:50,67,67482,0.0,0.0,En agglomération,Hors intersection,6.0,Plein jour,Normale,4,Bidirectionnelle,2.0,Plat,1.0,0.0,65.0,Normale,0.0,Sur chaussée,Blessé léger,Masculin,23.0,Domicile - travail,1,4,0.0,2.0,7.0,1.0,201300033101B01,7,22,1.0,Cohérente,Non cohérentes
1318,201300033105,2013-07-20,2013,juillet,samedi,11:50,67,67482,0.0,0.0,En agglomération,Hors intersection,1.0,Plein jour,Normale,4,Bidirectionnelle,2.0,Plat,3.0,0.0,70.0,Normale,0.0,Sur piste cyclable,Blessé hospitalisé,Féminin,28.0,Promenade - loisirs,3,9,0.0,2.0,1.0,5.0,201300033105A01,1,1,1.0,Cohérente,Non cohérentes
1319,201300033105,2013-07-20,2013,juillet,samedi,11:50,67,67482,0.0,0.0,En agglomération,Hors intersection,1.0,Plein jour,Normale,4,Bidirectionnelle,2.0,Plat,3.0,0.0,70.0,Normale,0.0,Sur piste cyclable,Blessé hospitalisé,Masculin,55.0,Domicile - travail,2,9,0.0,2.0,1.0,1.0,201300033105B01,1,5,1.0,Cohérente,Non cohérentes
1320,201300033107,2013-07-23,2013,juillet,mardi,19:15,67,67482,0.0,0.0,En agglomération,Hors intersection,3.0,Plein jour,Normale,4,Bidirectionnelle,2.0,Plat,1.0,0.0,90.0,Normale,0.0,Sur chaussée,Blessé léger,Masculin,73.0,Promenade - loisirs,1,4,0.0,2.0,5.0,1.0,201300033107B01,7,16,1.0,Cohérente,Non cohérentes
1321,201300033119,2013-08-02,2013,août,vendredi,15:45,67,67482,0.0,0.0,En agglomération,Hors intersection,6.0,Plein jour,Normale,4,Bidirectionnelle,2.0,Plat,1.0,0.0,45.0,Normale,0.0,Sur chaussée,Indemne,Masculin,31.0,Promenade - loisirs,3,9,0.0,1.0,1.0,1.0,201300033119A01,,,,Cohérente,Non cohérentes
1322,201300033120,2013-08-03,2013,août,samedi,90:0,67,67482,0.0,0.0,En agglomération,Hors intersection,3.0,Plein jour,Normale,4,Bidirectionnelle,2.0,Plat,1.0,0.0,65.0,Normale,0.0,Sur piste cyclable,Blessé hospitalisé,Masculin,59.0,Utilisation professionnelle,3,9,0.0,2.0,1.0,1.0,201300033120B01,7,22,1.0,Non cohérente,Non cohérentes
1323,201300033122,2013-08-04,2013,août,dimanche,14:45,67,67482,0.0,0.0,En agglomération,Intersection en X,3.0,Plein jour,Normale,4,Bidirectionnelle,3.0,Plat,1.0,0.0,130.0,Normale,0.0,Sur chaussée,Blessé léger,Masculin,14.0,Non renseigné,3,9,0.0,4.0,1.0,19.0,201300033122A01,40,1,1.0,Cohérente,Non cohérentes
1324,201300033125,2013-08-07,2013,août,mercredi,17:20,67,67482,0.0,0.0,En agglomération,Hors intersection,3.0,Plein jour,Pluie légère,4,Bidirectionnelle,2.0,Plat,1.0,0.0,30.0,Mouillée,0.0,Sur chaussée,Indemne,Masculin,23.0,Non renseigné,1,4,0.0,2.0,1.0,0.0,201300033125A01,1,0,1.0,Cohérente,Non cohérentes
1325,201300033125,2013-08-07,2013,août,mercredi,17:20,67,67482,0.0,0.0,En agglomération,Hors intersection,3.0,Plein jour,Pluie légère,4,Bidirectionnelle,2.0,Plat,1.0,0.0,30.0,Mouillée,0.0,Sur chaussée,Blessé hospitalisé,Féminin,22.0,Domicile - travail,1,4,0.0,2.0,1.0,0.0,201300033125B01,1,0,1.0,Cohérente,Non cohérentes
1326,201300033129,2013-08-10,2013,août,samedi,40:0,67,67482,0.0,0.0,En agglomération,Intersection en X,6.0,Nuit avec éclairage public allumé,Normale,4,A sens unique,1.0,Plat,2.0,0.0,60.0,Normale,0.0,Sur chaussée,Blessé léger,Féminin,21.0,Non renseigné,2,4,0.0,1.0,1.0,1.0,201300033129A01,,,,Non cohérente,Non cohérentes
1327,201300033131,2013-08-12,2013,août,lundi,13:35,67,67482,0.0,0.0,En agglomération,Hors intersection,1.0,Plein jour,Normale,4,Bidirectionnelle,2.0,Plat,4.0,0.0,131.0,Normale,0.0,Sur piste cyclable,Indemne,Masculin,38.0,Domicile - travail,1,4,0.0,2.0,1.0,1.0,201300033131A01,1,1,1.0,Cohérente,Non cohérentes
1328,201300033131,2013-08-12,2013,août,lundi,13:35,67,67482,0.0,0.0,En agglomération,Hors intersection,1.0,Plein jour,Normale,4,Bidirectionnelle,2.0,Plat,4.0,0.0,131.0,Normale,0.0,Sur piste cyclable,Blessé léger,Féminin,33.0,Non renseigné,1,4,0.0,2.0,1.0,1.0,201300033131B01,1,1,1.0,Cohérente,Non cohérentes
1329,201300033134,2013-08-17,2013,août,samedi,16:30,67,67482,0.0,0.0,En agglomération,Hors intersection,3.0,Plein jour,Normale,4,Bidirectionnelle,2.0,Plat,1.0,0.0,60.0,Normale,0.0,Sur chaussée,Blessé léger,Masculin,9.0,Promenade - loisirs,1,4,0.0,2.0,8.0,19.0,201300033134A01,33,1,1.0,Cohérente,Non cohérentes
1330,201300033137,2013-08-19,2013,août,lundi,11:58,67,67482,0.0,0.0,En agglomération,Hors intersection,6.0,Plein jour,Normale,4,A sens unique,1.0,Plat,1.0,0.0,34.0,Normale,0.0,Sur chaussée,Indemne,Masculin,40.0,Non renseigné,1,4,0.0,1.0,1.0,1.0,201300033137B01,,,,Cohérente,Non cohérentes
1331,201300033144,2013-08-28,2013,août,mercredi,71:0,67,67482,0.0,0.0,En agglomération,Intersection en T,3.0,Plein jour,Normale,4,Bidirectionnelle,2.0,Plat,1.0,0.0,50.0,Normale,0.0,Sur chaussée,Blessé léger,Masculin,23.0,Non renseigné,1,4,0.0,4.0,3.0,19.0,201300033144A01,40,1,1.0,Non cohérente,Non cohérentes
1332,201300033147,2013-08-29,2013,août,jeudi,14:46,67,67482,0.0,0.0,En agglomération,Intersection en T,1.0,Plein jour,Normale,4,Bidirectionnelle,2.0,Plat,1.0,0.0,80.0,Normale,0.0,Sur chaussée,Blessé léger,Féminin,53.0,Non renseigné,1,4,0.0,2.0,1.0,1.0,201300033147A01,7,16,1.0,Cohérente,Non cohérentes
1333,201300033149,2013-09-02,2013,septembre,lundi,83:8,67,67482,0.0,0.0,En agglomération,Intersection en T,3.0,Plein jour,Normale,4,A sens unique,1.0,Plat,1.0,0.0,100.0,Normale,0.0,Sur chaussée,Blessé léger,Féminin,25.0,Non renseigné,1,4,0.0,4.0,1.0,1.0,201300033149A01,40,1,1.0,Non cohérente,Non cohérentes
1334,201300033153,2013-09-03,2013,septembre,mardi,18:25,67,67482,0.0,0.0,En agglomération,Intersection en T,3.0,Plein jour,Normale,4,Bidirectionnelle,2.0,Plat,1.0,0.0,55.0,Normale,0.0,Sur chaussée,Blessé léger,Masculin,27.0,Promenade - loisirs,3,9,0.0,2.0,1.0,15.0,201300033153A01,7,1,1.0,Cohérente,Non cohérentes
1335,201300033154,2013-09-03,2013,septembre,mardi,21:10,67,67482,0.0,0.0,En agglomération,Intersection en T,6.0,Nuit avec éclairage public allumé,Normale,4,A sens unique,1.0,Plat,1.0,0.0,60.0,Normale,0.0,Sur piste cyclable,Blessé léger,Masculin,43.0,Promenade - loisirs,1,4,0.0,1.0,1.0,1.0,201300033154A01,,,,Cohérente,Non cohérentes
1336,201300033157,2013-09-06,2013,septembre,vendredi,18:20,67,67482,0.0,0.0,En agglomération,Intersection en T,6.0,Plein jour,Normale,4,A chaussées séparées,2.0,Plat,1.0,40.0,30.0,Normale,0.0,Sur chaussée,Blessé léger,Masculin,49.0,Promenade - loisirs,1,4,0.0,2.0,7.0,1.0,201300033157B01,7,15,1.0,Cohérente,Non cohérentes
1337,201300033163,2013-09-11,2013,septembre,mercredi,16:00,67,67482,0.0,0.0,En agglomération,Intersection en Y,3.0,Plein jour,Pluie forte,4,Bidirectionnelle,2.0,Plat,1.0,0.0,53.0,Mouillée,0.0,Sur piste cyclable,Blessé léger,Féminin,21.0,Promenade - loisirs,1,4,0.0,2.0,8.0,1.0,201300033163B01,10,1,1.0,Cohérente,Non cohérentes
1338,201300033169,2013-09-18,2013,septembre,mercredi,18:15,67,67482,0.0,0.0,En agglomération,Intersection en X,3.0,Crépuscule ou aube,Normale,4,Bidirectionnelle,2.0,Plat,1.0,0.0,50.0,Normale,0.0,Sur chaussée,Blessé léger,Féminin,28.0,Promenade - loisirs,3,9,0.0,2.0,7.0,19.0,201300033169B01,7,1,1.0,Cohérente,Non cohérentes
1339,201300033185,2013-10-03,2013,octobre,jeudi,13:40,67,67482,0.0,0.0,En agglomération,Hors intersection,3.0,Plein jour,Normale,4,Bidirectionnelle,2.0,Plat,1.0,80.0,180.0,Normale,0.0,Sur chaussée,Blessé hospitalisé,Masculin,24.0,Domicile - école,1,4,0.0,2.0,6.0,11.0,201300033185A01,7,1,1.0,Cohérente,Non cohérentes
1340,201300033193,2013-10-09,2013,octobre,mercredi,16:40,67,67482,0.0,0.0,En agglomération,Hors intersection,7.0,Plein jour,Normale,4,A chaussées séparées,3.0,Plat,1.0,70.0,80.0,Normale,0.0,Sur chaussée,Blessé léger,Masculin,23.0,Non renseigné,1,4,1.0,0.0,1.0,1.0,201300033193B01,7,22,1.0,Cohérente,Non cohérentes
1341,201300033196,2013-10-09,2013,octobre,mercredi,20:40,67,67482,0.0,0.0,En agglomération,Intersection en X,3.0,Crépuscule ou aube,Normale,4,Bidirectionnelle,4.0,Plat,1.0,10.0,130.0,Normale,0.0,Sur chaussée,Blessé léger,Féminin,17.0,Non renseigné,1,4,0.0,2.0,7.0,19.0,201300033196B01,7,16,1.0,Cohérente,Non cohérentes
1342,201300033199,2013-10-11,2013,octobre,vendredi,17:45,67,67482,0.0,0.0,En agglomération,Intersection en T,3.0,Plein jour,Normale,4,Bidirectionnelle,2.0,Plat,1.0,0.0,127.0,Normale,0.0,Aucun,Blessé léger,Masculin,53.0,Promenade - loisirs,3,9,0.0,2.0,1.0,19.0,201300033199B01,7,16,1.0,Cohérente,Non cohérentes
1343,201300033203,2013-10-18,2013,octobre,vendredi,23:50,67,67482,0.0,0.0,En agglomération,Intersection en X,3.0,Nuit avec éclairage public allumé,Normale,4,Bidirectionnelle,2.0,Pente,1.0,0.0,66.0,Normale,0.0,Sur chaussée,Blessé léger,Masculin,24.0,Promenade - loisirs,1,4,0.0,2.0,7.0,1.0,201300033203A01,33,1,1.0,Cohérente,Non cohérentes
1344,201300033204,2013-10-19,2013,octobre,samedi,22:55,67,67482,0.0,0.0,En agglomération,Hors intersection,3.0,Nuit avec éclairage public allumé,Pluie légère,4,Bidirectionnelle,2.0,Plat,1.0,0.0,90.0,Mouillée,0.0,Sur chaussée,Blessé léger,Féminin,22.0,Promenade - loisirs,1,9,0.0,2.0,8.0,19.0,201300033204B01,7,1,1.0,Cohérente,Non cohérentes
1345,201300033208,2013-10-23,2013,octobre,mercredi,72:5,67,67482,0.0,0.0,En agglomération,Intersection en T,3.0,Crépuscule ou aube,Pluie légère,4,Bidirectionnelle,2.0,Plat,3.0,0.0,65.0,Mouillée,0.0,Sur chaussée,Blessé hospitalisé,Féminin,32.0,Domicile - travail,2,9,0.0,2.0,7.0,1.0,201300033208B01,7,1,1.0,Non cohérente,Non cohérentes
1346,201300033218,2013-11-05,2013,novembre,mardi,93:0,67,67482,0.0,0.0,En agglomération,Intersection en X,3.0,Plein jour,Normale,4,Bidirectionnelle,3.0,Plat,1.0,0.0,90.0,Normale,0.0,Sur bande d'arrêt d'urgence,Blessé léger,Masculin,82.0,Courses - achats,1,4,0.0,2.0,1.0,19.0,201300033218B01,10,1,1.0,Non cohérente,Non cohérentes
1347,201300033219,2013-11-05,2013,novembre,mardi,11:50,67,67482,0.0,0.0,En agglomération,Hors intersection,2.0,Plein jour,Normale,4,A sens unique,1.0,Plat,1.0,0.0,59.0,Normale,0.0,Sur chaussée,Blessé léger,Féminin,23.0,Domicile - travail,1,4,0.0,2.0,1.0,1.0,201300033219A01,7,24,1.0,Cohérente,Non cohérentes
1348,201300033222,2013-11-06,2013,novembre,mercredi,15:23,67,67482,0.0,0.0,En agglomération,Intersection en X,3.0,Plein jour,Temps couvert,4,Bidirectionnelle,3.0,Plat,1.0,0.0,80.0,Mouillée,0.0,Sur chaussée,Blessé léger,Féminin,22.0,Promenade - loisirs,1,4,0.0,2.0,8.0,1.0,201300033222B01,7,16,1.0,Cohérente,Non cohérentes
1349,201300033255,2013-12-02,2013,décembre,lundi,84:5,67,67482,0.0,0.0,En agglomération,Intersection en X,3.0,Plein jour,Normale,4,Bidirectionnelle,1.0,Plat,2.0,0.0,50.0,Normale,0.0,Sur chaussée,Blessé léger,Masculin,28.0,Domicile - travail,2,4,0.0,2.0,3.0,15.0,201300033255B01,7,1,1.0,Non cohérente,Non cohérentes
1350,201300033258,2013-12-05,2013,décembre,jeudi,22:00,67,67482,0.0,0.0,En agglomération,Hors intersection,1.0,Nuit avec éclairage public allumé,Normale,4,A sens unique,1.0,Plat,1.0,20.0,30.0,Normale,0.0,Sur chaussée,Indemne,Féminin,36.0,Domicile - travail,2,9,0.0,2.0,1.0,1.0,201300033258B01,1,19,1.0,Cohérente,Non cohérentes
1351,201300033258,2013-12-05,2013,décembre,jeudi,22:00,67,67482,0.0,0.0,En agglomération,Hors intersection,1.0,Nuit avec éclairage public allumé,Normale,4,A sens unique,1.0,Plat,1.0,20.0,30.0,Normale,0.0,Sur chaussée,Blessé hospitalisé,Masculin,58.0,Promenade - loisirs,1,4,0.0,2.0,1.0,19.0,201300033258A01,1,1,1.0,Cohérente,Non cohérentes
1352,201300033277,2013-12-16,2013,décembre,lundi,15:45,67,67482,0.0,0.0,En agglomération,Hors intersection,6.0,Plein jour,Normale,9,Non renseigné,4.0,Plat,1.0,0.0,30.0,Normale,0.0,Sur trottoir,Indemne,Féminin,19.0,Domicile - école,3,9,0.0,1.0,1.0,1.0,201300033277A01,,,,Cohérente,Non cohérentes
1353,201400026752,2014-01-20,2014,janvier,lundi,60:0,38,38185,0.0,0.0,En agglomération,Hors intersection,6.0,Nuit avec éclairage public allumé,Pluie légère,3,Bidirectionnelle,2.0,Plat,1.0,0.0,0.0,Mouillée,0.0,Sur chaussée,Blessé léger,Masculin,56.0,Domicile - travail,1,9,0.0,2.0,4.0,2.0,201400026752B01,14,2,1.0,Non cohérente,Non cohérentes
1354,201400026805,2014-05-23,2014,mai,vendredi,11:40,38,38185,0.0,0.0,En agglomération,Hors intersection,6.0,Plein jour,Normale,4,A sens unique,1.0,Plat,1.0,0.0,45.0,Normale,0.0,Sur chaussée,Blessé hospitalisé,Féminin,71.0,Non renseigné,3,9,1.0,0.0,0.0,0.0,201400026805B01,7,22,1.0,Cohérente,Non cohérentes
1355,201400026808,2014-05-26,2014,mai,lundi,11:45,38,38185,0.0,0.0,En agglomération,Hors intersection,3.0,Plein jour,Normale,4,Non renseigné,0.0,Plat,1.0,0.0,68.0,Normale,0.0,Sur chaussée,Blessé léger,Masculin,32.0,Non renseigné,3,4,0.0,0.0,1.0,1.0,201400026808A01,40,1,1.0,Cohérente,Non cohérentes
1356,201400026823,2014-06-28,2014,juin,samedi,14:30,38,38185,0.0,0.0,En agglomération,Hors intersection,6.0,Plein jour,Normale,6,Non renseigné,0.0,Plat,1.0,0.0,0.0,Normale,0.0,Sur chaussée,Indemne,Féminin,54.0,Non renseigné,1,9,1.0,1.0,1.0,1.0,201400026823A01,,,,Cohérente,Non cohérentes
1357,201400026823,2014-06-28,2014,juin,samedi,14:30,38,38185,0.0,0.0,En agglomération,Hors intersection,6.0,Plein jour,Normale,6,Non renseigné,0.0,Plat,1.0,0.0,0.0,Normale,0.0,Sur chaussée,Blessé léger,Féminin,3.0,Promenade - loisirs,3,9,1.0,1.0,1.0,1.0,201400026823A01,,,,Cohérente,Non cohérentes
1358,201400026827,2014-07-08,2014,juillet,mardi,44:0,38,38185,0.0,0.0,Hors agglomération,Hors intersection,3.0,Nuit avec éclairage public allumé,Pluie légère,3,A sens unique,2.0,Plat,1.0,0.0,0.0,Mouillée,2.0,Sur chaussée,Blessé léger,Masculin,55.0,Non renseigné,3,4,0.0,2.0,8.0,1.0,201400026827B01,7,1,1.0,Non cohérente,Non cohérentes
1359,201400026836,2014-07-18,2014,juillet,vendredi,10:40,38,38185,0.0,0.0,En agglomération,Hors intersection,6.0,Plein jour,Normale,3,A sens unique,0.0,Plat,3.0,0.0,0.0,Normale,5.0,Sur chaussée,Blessé hospitalisé,Masculin,37.0,Non renseigné,3,4,0.0,2.0,1.0,19.0,201400026836A01,7,9,1.0,Cohérente,Non cohérentes
1360,201400026839,2014-07-30,2014,juillet,mercredi,15:00,38,38185,0.0,0.0,En agglomération,Intersection en X,5.0,Plein jour,Normale,3,Bidirectionnelle,0.0,Plat,1.0,0.0,0.0,Normale,0.0,Sur chaussée,Blessé hospitalisé,Masculin,24.0,Utilisation professionnelle,2,4,0.0,2.0,1.0,0.0,201400026839A01,7,1,2.0,Cohérente,Non cohérentes
1361,201400026845,2014-08-06,2014,août,mercredi,13:40,38,38185,0.0,0.0,En agglomération,Hors intersection,3.0,Plein jour,Normale,4,A chaussées séparées,2.0,Plat,1.0,0.0,60.0,Normale,4.0,Sur chaussée,Blessé hospitalisé,Féminin,20.0,Non renseigné,2,4,9.0,2.0,8.0,19.0,201400026845B01,7,1,1.0,Cohérente,Non cohérentes
1362,201400026860,2014-09-25,2014,septembre,jeudi,10:32,38,38185,0.0,0.0,En agglomération,Intersection en T,3.0,Plein jour,Normale,4,Bidirectionnelle,1.0,Plat,1.0,0.0,0.0,Normale,5.0,Sur chaussée,Blessé léger,Masculin,29.0,Non renseigné,2,4,0.0,2.0,1.0,1.0,201400026860B01,7,15,1.0,Cohérente,Non cohérentes
1363,201400026865,2014-10-06,2014,octobre,lundi,17:20,38,38185,0.0,0.0,En agglomération,Hors intersection,6.0,Plein jour,Normale,4,Non renseigné,1.0,Plat,1.0,0.0,15.0,Normale,0.0,Sur piste cyclable,Indemne,Féminin,19.0,Non renseigné,3,9,0.0,1.0,1.0,0.0,201400026865A01,,,,Cohérente,Non cohérentes
1364,201400026884,2014-11-14,2014,novembre,vendredi,13:50,38,38185,0.0,0.0,En agglomération,Hors intersection,6.0,Plein jour,Normale,4,Non renseigné,1.0,Plat,1.0,0.0,35.0,Normale,0.0,Sur chaussée,Blessé hospitalisé,Masculin,14.0,Promenade - loisirs,3,9,0.0,2.0,1.0,19.0,201400026884A01,7,1,1.0,Cohérente,Non cohérentes
1365,201400026889,2014-11-27,2014,novembre,jeudi,10:30,38,38185,0.0,0.0,En agglomération,Hors intersection,6.0,Plein jour,Normale,4,Bidirectionnelle,2.0,Plat,1.0,0.0,0.0,Normale,0.0,Sur chaussée,Blessé léger,Masculin,57.0,Non renseigné,3,4,1.0,0.0,2.0,1.0,201400026889B01,7,22,1.0,Cohérente,Non cohérentes
1366,201400033162,2014-01-10,2014,janvier,vendredi,16:20,67,67482,0.0,0.0,En agglomération,Hors intersection,6.0,Plein jour,Normale,4,Bidirectionnelle,2.0,Plat,3.0,0.0,60.0,Normale,0.0,Sur chaussée,Blessé léger,Féminin,54.0,Non renseigné,3,9,0.0,2.0,1.0,16.0,201400033162B01,1,16,1.0,Cohérente,Non cohérentes
1367,201400033162,2014-01-10,2014,janvier,vendredi,16:20,67,67482,0.0,0.0,En agglomération,Hors intersection,6.0,Plein jour,Normale,4,Bidirectionnelle,2.0,Plat,3.0,0.0,60.0,Normale,0.0,Sur chaussée,Indemne,Masculin,67.0,Promenade - loisirs,3,9,0.0,2.0,1.0,16.0,201400033162A01,1,16,1.0,Cohérente,Non cohérentes
1368,201400033163,2014-01-10,2014,janvier,vendredi,16:30,67,67482,0.0,0.0,En agglomération,Hors intersection,3.0,Crépuscule ou aube,Normale,4,A chaussées séparées,2.0,Plat,1.0,20.0,90.0,Normale,0.0,Sur chaussée,Blessé léger,Masculin,23.0,Promenade - loisirs,3,9,0.0,2.0,1.0,19.0,201400033163A01,7,1,1.0,Cohérente,Non cohérentes
1369,201400033167,2014-01-14,2014,janvier,mardi,19:10,67,67482,0.0,0.0,En agglomération,Hors intersection,3.0,Nuit avec éclairage public allumé,Normale,4,Bidirectionnelle,2.0,Plat,1.0,55.0,100.0,Mouillée,0.0,Sur chaussée,Blessé léger,Féminin,51.0,Promenade - loisirs,2,4,0.0,2.0,8.0,19.0,201400033167B01,7,1,1.0,Cohérente,Non cohérentes
1370,201400033177,2014-01-27,2014,janvier,lundi,17:30,67,67482,0.0,0.0,En agglomération,Intersection en T,1.0,Crépuscule ou aube,Pluie légère,4,Bidirectionnelle,3.0,Plat,1.0,0.0,60.0,Mouillée,0.0,Sur chaussée,Blessé léger,Féminin,34.0,Domicile - travail,2,4,0.0,2.0,1.0,19.0,201400033177B01,2,16,1.0,Cohérente,Non cohérentes
1371,201400033197,2014-02-20,2014,février,jeudi,73:0,67,67482,0.0,0.0,En agglomération,Intersection en T,3.0,Plein jour,Normale,4,Bidirectionnelle,2.0,Plat,1.0,0.0,80.0,Normale,0.0,Sur chaussée,Blessé léger,Masculin,45.0,Domicile - travail,1,2,0.0,2.0,1.0,1.0,201400033197B01,7,16,1.0,Non cohérente,Non cohérentes
1372,201400033200,2014-02-22,2014,février,samedi,14:15,67,67482,0.0,0.0,En agglomération,Intersection en X,3.0,Plein jour,Normale,4,Bidirectionnelle,2.0,Plat,1.0,0.0,105.0,Normale,0.0,Sur chaussée,Blessé léger,Féminin,56.0,Promenade - loisirs,3,9,0.0,2.0,4.0,1.0,201400033200B01,7,16,1.0,Cohérente,Non cohérentes
1373,201400033204,2014-02-26,2014,février,mercredi,15:10,67,67482,0.0,0.0,En agglomération,Intersection en T,3.0,Plein jour,Pluie légère,4,Bidirectionnelle,2.0,Plat,1.0,0.0,70.0,Mouillée,0.0,Sur chaussée,Blessé léger,Féminin,48.0,Domicile - travail,2,9,0.0,2.0,1.0,16.0,201400033204B01,7,15,1.0,Cohérente,Non cohérentes
1374,201400033210,2014-03-06,2014,mars,jeudi,14:15,67,67482,0.0,0.0,En agglomération,Hors intersection,6.0,Plein jour,Normale,4,A sens unique,2.0,Plat,1.0,0.0,85.0,Normale,0.0,Aucun,Blessé léger,Féminin,29.0,Non renseigné,3,9,1.0,0.0,1.0,1.0,201400033210B01,7,22,1.0,Cohérente,Non cohérentes
1375,201400033241,2014-03-22,2014,mars,samedi,94:5,67,67482,0.0,0.0,En agglomération,Intersection en X,6.0,Plein jour,Pluie légère,4,Bidirectionnelle,2.0,Plat,1.0,0.0,80.0,Mouillée,0.0,Sur chaussée,Indemne,Masculin,20.0,Non renseigné,3,9,0.0,1.0,2.0,1.0,201400033241A01,,,,Non cohérente,Non cohérentes
1376,201400033244,2014-03-25,2014,mars,mardi,13:30,67,67482,0.0,0.0,En agglomération,Hors intersection,6.0,Plein jour,Normale,4,A sens unique,1.0,Plat,1.0,0.0,70.0,Normale,0.0,Sur chaussée,Blessé léger,Féminin,39.0,Promenade - loisirs,3,9,0.0,2.0,1.0,1.0,201400033244B01,2,15,1.0,Cohérente,Non cohérentes
1377,201400033256,2014-04-06,2014,avril,dimanche,20:0,67,67482,0.0,0.0,En agglomération,Intersection en X,3.0,Nuit avec éclairage public allumé,Normale,4,Bidirectionnelle,2.0,Non renseigné,1.0,0.0,128.0,Normale,0.0,Sur chaussée,Blessé léger,Masculin,22.0,Promenade - loisirs,3,9,0.0,2.0,2.0,1.0,201400033256B01,7,16,1.0,Cohérente,Non cohérentes
1378,201400033259,2014-04-07,2014,avril,lundi,21:30,67,67482,0.0,0.0,En agglomération,Hors intersection,3.0,Nuit avec éclairage public allumé,Normale,4,Bidirectionnelle,5.0,Plat,1.0,0.0,152.0,Normale,2.0,Sur chaussée,Blessé léger,Masculin,56.0,Promenade - loisirs,3,9,0.0,2.0,1.0,1.0,201400033259B01,7,15,1.0,Cohérente,Non cohérentes
1379,201400033260,2014-04-07,2014,avril,lundi,22:15,67,67482,0.0,0.0,En agglomération,Intersection en T,2.0,Nuit avec éclairage public allumé,Normale,4,Bidirectionnelle,1.0,Plat,1.0,0.0,72.0,Normale,0.0,Sur chaussée,Blessé léger,Féminin,51.0,Promenade - loisirs,3,9,0.0,2.0,4.0,1.0,201400033260B01,7,15,1.0,Cohérente,Non cohérentes
1380,201400033261,2014-04-08,2014,avril,mardi,15:45,67,67482,0.0,0.0,En agglomération,Intersection en T,3.0,Plein jour,Normale,4,Bidirectionnelle,2.0,Plat,1.0,0.0,80.0,Normale,0.0,Sur chaussée,Blessé léger,Féminin,19.0,Autre,3,9,0.0,2.0,1.0,16.0,201400033261A01,7,1,1.0,Cohérente,Non cohérentes
1381,201400033263,2014-04-09,2014,avril,mercredi,17:05,67,67482,0.0,0.0,En agglomération,Hors intersection,6.0,Plein jour,Normale,4,Non renseigné,1.0,Plat,1.0,0.0,0.0,Normale,6.0,Sur chaussée,Indemne,Masculin,18.0,Promenade - loisirs,3,9,0.0,1.0,1.0,1.0,201400033263A01,,,,Cohérente,Non cohérentes
1382,201400033266,2014-04-10,2014,avril,jeudi,15:10,67,67482,0.0,0.0,En agglomération,Hors intersection,3.0,Plein jour,Normale,4,A chaussées séparées,2.0,Plat,1.0,0.0,60.0,Normale,0.0,Sur chaussée,Blessé léger,Féminin,21.0,Promenade - loisirs,2,9,0.0,2.0,5.0,1.0,201400033266B01,7,1,1.0,Cohérente,Non cohérentes
1383,201400033269,2014-04-11,2014,avril,vendredi,18:25,67,67482,0.0,0.0,En agglomération,Hors intersection,3.0,Plein jour,Normale,4,A sens unique,1.0,Plat,1.0,0.0,0.0,Normale,0.0,Sur chaussée,Blessé léger,Féminin,49.0,Promenade - loisirs,3,9,0.0,2.0,2.0,1.0,201400033269B01,7,1,1.0,Cohérente,Non cohérentes
1384,201400033270,2014-04-12,2014,avril,samedi,18:55,67,67482,0.0,0.0,En agglomération,Intersection en Y,3.0,Plein jour,Normale,4,A sens unique,3.0,Plat,1.0,0.0,42.0,Normale,0.0,Sur chaussée,Blessé léger,Féminin,63.0,Promenade - loisirs,3,9,0.0,2.0,7.0,1.0,201400033270B01,7,16,1.0,Cohérente,Non cohérentes
1385,201400033274,2014-04-15,2014,avril,mardi,18:45,67,67482,0.0,0.0,En agglomération,Hors intersection,3.0,Plein jour,Normale,4,Bidirectionnelle,3.0,Plat,3.0,0.0,119.0,Normale,0.0,Sur chaussée,Blessé léger,Masculin,66.0,Promenade - loisirs,2,2,0.0,2.0,8.0,1.0,201400033274B01,7,16,1.0,Cohérente,Non cohérentes
1386,201400033276,2014-04-16,2014,avril,mercredi,18:35,67,67482,0.0,0.0,En agglomération,Hors intersection,3.0,Plein jour,Normale,4,Bidirectionnelle,2.0,Plat,2.0,0.0,80.0,Normale,0.0,Sur chaussée,Blessé léger,Masculin,11.0,Promenade - loisirs,1,2,0.0,2.0,1.0,1.0,201400033276B01,7,23,1.0,Cohérente,Non cohérentes
1387,201400033284,2014-04-29,2014,avril,mardi,16:00,67,67482,0.0,0.0,En agglomération,Hors intersection,3.0,Plein jour,Normale,4,A chaussées séparées,4.0,Plat,1.0,60.0,285.0,Normale,0.0,Sur chaussée,Blessé léger,Féminin,31.0,Promenade - loisirs,3,9,0.0,2.0,8.0,1.0,201400033284B01,7,1,1.0,Cohérente,Non cohérentes
1388,201400033293,2014-05-13,2014,mai,mardi,20:57,67,67482,0.0,0.0,En agglomération,Intersection en T,1.0,Plein jour,Normale,4,Bidirectionnelle,2.0,Plat,1.0,0.0,0.0,Normale,0.0,Sur chaussée,Blessé léger,Masculin,27.0,Utilisation professionnelle,3,9,0.0,2.0,1.0,1.0,201400033293A01,1,1,1.0,Cohérente,Non cohérentes
1389,201400033293,2014-05-13,2014,mai,mardi,20:57,67,67482,0.0,0.0,En agglomération,Intersection en T,1.0,Plein jour,Normale,4,Bidirectionnelle,2.0,Plat,1.0,0.0,0.0,Normale,0.0,Sur chaussée,Blessé léger,Masculin,18.0,Promenade - loisirs,3,9,0.0,2.0,1.0,1.0,201400033293B01,1,1,1.0,Cohérente,Non cohérentes
1390,201400033294,2014-05-14,2014,mai,mercredi,17:50,67,67482,0.0,0.0,En agglomération,Intersection en T,3.0,Plein jour,Normale,4,Bidirectionnelle,2.0,Plat,1.0,70.0,60.0,Normale,0.0,Sur chaussée,Blessé léger,Féminin,22.0,Promenade - loisirs,3,9,0.0,2.0,2.0,1.0,201400033294B01,7,16,1.0,Cohérente,Non cohérentes
1391,201400033296,2014-05-15,2014,mai,jeudi,16:40,67,67482,0.0,0.0,En agglomération,Hors intersection,1.0,Plein jour,Normale,4,Bidirectionnelle,1.0,Plat,1.0,0.0,113.0,Normale,0.0,Sur piste cyclable,Blessé léger,Masculin,13.0,Promenade - loisirs,3,9,0.0,2.0,1.0,1.0,201400033296A01,1,1,1.0,Cohérente,Non cohérentes
1392,201400033296,2014-05-15,2014,mai,jeudi,16:40,67,67482,0.0,0.0,En agglomération,Hors intersection,1.0,Plein jour,Normale,4,Bidirectionnelle,1.0,Plat,1.0,0.0,113.0,Normale,0.0,Sur piste cyclable,Indemne,Masculin,21.0,Promenade - loisirs,3,9,0.0,2.0,6.0,1.0,201400033296B01,1,1,1.0,Cohérente,Non cohérentes
1393,201400033300,2014-05-17,2014,mai,samedi,15:22,67,67482,0.0,0.0,En agglomération,Hors intersection,3.0,Plein jour,Normale,4,Bidirectionnelle,3.0,Plat,1.0,0.0,110.0,Normale,0.0,Sur chaussée,Blessé léger,Masculin,84.0,Promenade - loisirs,3,9,0.0,2.0,1.0,19.0,201400033300A01,37,1,1.0,Cohérente,Non cohérentes
1394,201400033302,2014-05-19,2014,mai,lundi,81:5,67,67482,0.0,0.0,En agglomération,Intersection en T,3.0,Plein jour,Normale,4,A sens unique,1.0,Plat,1.0,0.0,0.0,Normale,0.0,Sur chaussée,Blessé léger,Féminin,44.0,Domicile - travail,3,9,0.0,2.0,1.0,1.0,201400033302A01,7,0,1.0,Non cohérente,Non cohérentes
1395,201400033304,2014-05-19,2014,mai,lundi,16:25,67,67482,0.0,0.0,En agglomération,Intersection en T,3.0,Plein jour,Normale,4,Bidirectionnelle,1.0,Plat,1.0,0.0,240.0,Normale,0.0,Sur chaussée,Blessé léger,Féminin,16.0,Promenade - loisirs,1,2,0.0,2.0,1.0,1.0,201400033304B01,7,15,1.0,Cohérente,Non cohérentes
1396,201400033305,2014-05-21,2014,mai,mercredi,14:10,67,67482,0.0,0.0,En agglomération,Hors intersection,3.0,Plein jour,Normale,4,Bidirectionnelle,2.0,Plat,1.0,0.0,59.0,Normale,0.0,Sur piste cyclable,Blessé léger,Masculin,33.0,Autre,3,9,0.0,2.0,1.0,1.0,201400033305B01,7,1,1.0,Cohérente,Non cohérentes
1397,201400033310,2014-05-23,2014,mai,vendredi,18:20,67,67482,0.0,0.0,En agglomération,Hors intersection,3.0,Plein jour,Normale,4,A sens unique,1.0,Plat,1.0,30.0,60.0,Normale,0.0,Sur chaussée,Blessé léger,Féminin,37.0,Promenade - loisirs,3,9,0.0,0.0,1.0,1.0,201400033310B01,7,1,1.0,Cohérente,Non cohérentes
1398,201400033311,2014-05-23,2014,mai,vendredi,19:15,67,67482,0.0,0.0,En agglomération,Place,3.0,Plein jour,Normale,4,Bidirectionnelle,0.0,Plat,1.0,0.0,0.0,Normale,0.0,Sur chaussée,Blessé léger,Féminin,58.0,Domicile - travail,3,9,0.0,2.0,7.0,1.0,201400033311B01,1,1,1.0,Cohérente,Non cohérentes
1399,201400033311,2014-05-23,2014,mai,vendredi,19:15,67,67482,0.0,0.0,En agglomération,Place,3.0,Plein jour,Normale,4,Bidirectionnelle,0.0,Plat,1.0,0.0,0.0,Normale,0.0,Sur chaussée,Indemne,Masculin,32.0,Non renseigné,3,9,0.0,2.0,1.0,1.0,201400033311A01,1,1,1.0,Cohérente,Non cohérentes
1400,201400033314,2014-05-28,2014,mai,mercredi,22:50,67,67482,0.0,0.0,En agglomération,Hors intersection,6.0,Nuit avec éclairage public allumé,Normale,4,A sens unique,1.0,Plat,1.0,0.0,38.0,Normale,0.0,Sur chaussée,Blessé léger,Masculin,43.0,Promenade - loisirs,3,9,0.0,2.0,1.0,1.0,201400033314B01,7,4,1.0,Cohérente,Non cohérentes
1401,201400033318,2014-06-03,2014,juin,mardi,18:30,67,67482,0.0,0.0,En agglomération,Hors intersection,7.0,Plein jour,Normale,4,Bidirectionnelle,2.0,Plat,2.0,0.0,0.0,Normale,0.0,Sur piste cyclable,Blessé léger,Féminin,56.0,Domicile - travail,2,9,0.0,0.0,1.0,0.0,201400033318B01,30,1,1.0,Cohérente,Non cohérentes
1402,201400033328,2014-06-12,2014,juin,jeudi,84:0,67,67482,0.0,0.0,En agglomération,Hors intersection,3.0,Plein jour,Normale,4,Bidirectionnelle,2.0,Plat,1.0,0.0,60.0,Normale,0.0,Sur chaussée,Blessé hospitalisé,Féminin,31.0,Promenade - loisirs,3,9,0.0,2.0,2.0,0.0,201400033328B01,7,1,1.0,Non cohérente,Non cohérentes
1403,201400033330,2014-06-13,2014,juin,vendredi,14:25,67,67482,0.0,0.0,En agglomération,Hors intersection,6.0,Plein jour,Normale,4,Bidirectionnelle,2.0,Plat,1.0,0.0,71.0,Normale,0.0,Sur chaussée,Blessé léger,Féminin,75.0,Promenade - loisirs,3,9,0.0,2.0,1.0,1.0,201400033330B01,7,22,1.0,Cohérente,Non cohérentes
1404,201400033337,2014-06-19,2014,juin,jeudi,16:15,67,67482,0.0,0.0,En agglomération,Hors intersection,6.0,Plein jour,Normale,4,Bidirectionnelle,2.0,Plat,1.0,0.0,76.0,Normale,0.0,Sur chaussée,Blessé léger,Masculin,70.0,Promenade - loisirs,3,9,0.0,2.0,1.0,1.0,201400033337B01,7,22,1.0,Cohérente,Non cohérentes
1405,201400033341,2014-06-20,2014,juin,vendredi,18:35,67,67482,0.0,0.0,En agglomération,Intersection en T,3.0,Plein jour,Normale,4,Bidirectionnelle,3.0,Plat,1.0,0.0,150.0,Normale,0.0,Sur chaussée,Blessé léger,Féminin,27.0,Promenade - loisirs,3,9,0.0,2.0,7.0,19.0,201400033341B01,7,1,1.0,Cohérente,Non cohérentes
1406,201400033343,2014-06-22,2014,juin,dimanche,15:5,67,67482,0.0,0.0,En agglomération,Hors intersection,3.0,Nuit avec éclairage public allumé,Normale,4,Bidirectionnelle,2.0,Plat,1.0,0.0,120.0,Normale,0.0,Sur chaussée,Blessé léger,Masculin,17.0,Promenade - loisirs,3,9,0.0,2.0,1.0,1.0,201400033343A01,1,19,1.0,Cohérente,Non cohérentes
1407,201400033343,2014-06-22,2014,juin,dimanche,15:5,67,67482,0.0,0.0,En agglomération,Hors intersection,3.0,Nuit avec éclairage public allumé,Normale,4,Bidirectionnelle,2.0,Plat,1.0,0.0,120.0,Normale,0.0,Sur chaussée,Blessé léger,Féminin,19.0,Promenade - loisirs,3,9,0.0,2.0,8.0,19.0,201400033343B01,1,1,1.0,Cohérente,Non cohérentes
1408,201400033353,2014-06-28,2014,juin,samedi,13:45,67,67482,0.0,0.0,En agglomération,Hors intersection,6.0,Plein jour,Pluie légère,4,Bidirectionnelle,2.0,Plat,2.0,0.0,55.0,Mouillée,0.0,Sur chaussée,Blessé léger,Masculin,54.0,Promenade - loisirs,3,9,0.0,1.0,1.0,1.0,201400033353A01,,,,Cohérente,Non cohérentes
1409,201400033358,2014-07-04,2014,juillet,vendredi,17:10,67,67482,0.0,0.0,En agglomération,Intersection en T,3.0,Plein jour,Normale,4,Bidirectionnelle,2.0,Plat,1.0,0.0,100.0,Normale,0.0,Sur chaussée,Blessé léger,Féminin,16.0,Promenade - loisirs,3,9,0.0,2.0,1.0,16.0,201400033358B01,7,1,1.0,Cohérente,Non cohérentes
1410,201400033368,2014-07-19,2014,juillet,samedi,14:35,67,67482,0.0,0.0,En agglomération,Intersection en T,3.0,Plein jour,Normale,4,Bidirectionnelle,3.0,Plat,1.0,0.0,205.0,Normale,0.0,Sur chaussée,Blessé léger,Masculin,84.0,Non renseigné,3,9,0.0,2.0,1.0,1.0,201400033368A01,30,1,1.0,Cohérente,Non cohérentes
1411,201400033375,2014-07-22,2014,juillet,mardi,16:50,67,67482,0.0,0.0,En agglomération,Hors intersection,3.0,Plein jour,Normale,4,Bidirectionnelle,4.0,Plat,1.0,50.0,50.0,Normale,0.0,Sur chaussée,Blessé léger,Masculin,16.0,Promenade - loisirs,3,9,0.0,2.0,1.0,1.0,201400033375A01,40,1,1.0,Cohérente,Non cohérentes
1412,201400033377,2014-07-24,2014,juillet,jeudi,19:00,67,67482,0.0,0.0,En agglomération,Hors intersection,3.0,Plein jour,Normale,4,Bidirectionnelle,2.0,Plat,1.0,0.0,45.0,Normale,0.0,Sur chaussée,Blessé léger,Masculin,7.0,Promenade - loisirs,3,9,0.0,2.0,1.0,19.0,201400033377A01,7,1,1.0,Cohérente,Non cohérentes
1413,201400033380,2014-07-28,2014,juillet,lundi,17:00,67,67482,0.0,0.0,En agglomération,Hors intersection,3.0,Plein jour,Normale,4,A sens unique,1.0,Plat,1.0,70.0,25.0,Normale,0.0,Sur chaussée,Blessé léger,Masculin,12.0,Promenade - loisirs,3,9,0.0,2.0,1.0,1.0,201400033380B01,7,1,1.0,Cohérente,Non cohérentes
1414,201400033381,2014-07-29,2014,juillet,mardi,10:50,67,67482,0.0,0.0,En agglomération,Hors intersection,3.0,Plein jour,Pluie forte,4,A sens unique,3.0,Plat,1.0,0.0,90.0,Mouillée,0.0,Sur chaussée,Blessé léger,Masculin,68.0,Promenade - loisirs,3,9,0.0,2.0,1.0,1.0,201400033381A01,7,1,1.0,Cohérente,Non cohérentes
1415,201400033382,2014-07-31,2014,juillet,jeudi,75:0,67,67482,0.0,0.0,En agglomération,Intersection en T,3.0,Plein jour,Normale,4,Bidirectionnelle,2.0,Plat,1.0,20.0,45.0,Normale,0.0,Sur chaussée,Blessé léger,Féminin,33.0,Domicile - travail,3,9,0.0,2.0,1.0,1.0,201400033382B01,7,16,1.0,Non cohérente,Non cohérentes
1416,201400033390,2014-08-04,2014,août,lundi,15:53,67,67482,0.0,0.0,En agglomération,Intersection en X,3.0,Plein jour,Normale,4,Bidirectionnelle,2.0,Plat,1.0,0.0,60.0,Normale,0.0,Sur chaussée,Blessé léger,Masculin,67.0,Promenade - loisirs,3,9,0.0,2.0,4.0,1.0,201400033390B01,40,1,1.0,Cohérente,Non cohérentes
1417,201400033394,2014-08-11,2014,août,lundi,14:00,67,67482,0.0,0.0,En agglomération,Hors intersection,2.0,Plein jour,Normale,4,Bidirectionnelle,2.0,Plat,1.0,0.0,80.0,Normale,0.0,Sur chaussée,Blessé léger,Masculin,31.0,Promenade - loisirs,3,9,0.0,2.0,1.0,1.0,201400033394A01,7,1,1.0,Cohérente,Non cohérentes
1418,201400033398,2014-08-16,2014,août,samedi,11:20,67,67482,0.0,0.0,En agglomération,Intersection en X,6.0,Plein jour,Normale,4,Bidirectionnelle,2.0,Plat,1.0,0.0,60.0,Normale,0.0,Sur piste cyclable,Blessé léger,Masculin,76.0,Promenade - loisirs,1,4,0.0,2.0,1.0,1.0,201400033398B01,7,15,1.0,Cohérente,Non cohérentes
1419,201400033399,2014-08-19,2014,août,mardi,13:10,67,67482,0.0,0.0,En agglomération,Intersection en T,3.0,Plein jour,Normale,4,Bidirectionnelle,4.0,Plat,1.0,0.0,140.0,Normale,0.0,Sur chaussée,Blessé léger,Masculin,78.0,Promenade - loisirs,1,4,0.0,2.0,7.0,19.0,201400033399A01,10,1,1.0,Cohérente,Non cohérentes
1420,201400033410,2014-09-04,2014,septembre,jeudi,18:55,67,67482,0.0,0.0,En agglomération,Hors intersection,3.0,Plein jour,Normale,4,Bidirectionnelle,2.0,Plat,1.0,0.0,84.0,Normale,0.0,Sur piste cyclable,Blessé léger,Masculin,10.0,Non renseigné,3,9,0.0,2.0,1.0,5.0,201400033410A01,37,7,1.0,Cohérente,Non cohérentes
1421,201400033412,2014-09-08,2014,septembre,lundi,35:,67,67482,0.0,0.0,En agglomération,Intersection en T,3.0,Nuit avec éclairage public allumé,Normale,4,Bidirectionnelle,2.0,Plat,1.0,0.0,105.0,Normale,0.0,Sur chaussée,Blessé léger,Masculin,24.0,Promenade - loisirs,3,9,0.0,2.0,1.0,19.0,201400033412B01,7,15,1.0,Non cohérente,Non cohérentes
1422,201400033413,2014-09-08,2014,septembre,lundi,10:45,67,67482,0.0,0.0,En agglomération,Hors intersection,3.0,Plein jour,Temps éblouissant,3,Bidirectionnelle,1.0,Plat,1.0,0.0,60.0,Normale,0.0,Sur chaussée,Blessé léger,Masculin,48.0,Autre,1,4,0.0,2.0,1.0,1.0,201400033413B01,7,20,1.0,Cohérente,Non cohérentes
1423,201400033414,2014-09-08,2014,septembre,lundi,18:45,67,67482,0.0,0.0,En agglomération,Intersection en X,3.0,Plein jour,Normale,4,A chaussées séparées,4.0,Plat,1.0,20.0,60.0,Normale,0.0,Aucun,Blessé léger,Féminin,28.0,Domicile - travail,3,9,0.0,2.0,1.0,19.0,201400033414A01,7,1,1.0,Cohérente,Non cohérentes
1424,201400033416,2014-09-11,2014,septembre,jeudi,84:5,67,67482,0.0,0.0,En agglomération,Intersection en T,3.0,Plein jour,Normale,4,Bidirectionnelle,4.0,Plat,1.0,15.0,150.0,Normale,0.0,Sur trottoir,Blessé léger,Féminin,72.0,Autre,2,4,0.0,2.0,4.0,1.0,201400033416A01,1,15,1.0,Non cohérente,Non cohérentes
1425,201400033416,2014-09-11,2014,septembre,jeudi,84:5,67,67482,0.0,0.0,En agglomération,Intersection en T,3.0,Plein jour,Normale,4,Bidirectionnelle,4.0,Plat,1.0,15.0,150.0,Normale,0.0,Sur trottoir,Indemne,Féminin,22.0,Utilisation professionnelle,2,4,0.0,2.0,1.0,15.0,201400033416B01,1,1,1.0,Non cohérente,Non cohérentes
1426,201400033417,2014-09-12,2014,septembre,vendredi,11:20,67,67482,0.0,0.0,En agglomération,Intersection en X,3.0,Plein jour,Pluie légère,4,A sens unique,4.0,Plat,1.0,0.0,125.0,Normale,5.0,Sur chaussée,Blessé léger,Masculin,15.0,Autre,3,4,0.0,2.0,1.0,19.0,201400033417A01,7,16,1.0,Cohérente,Non cohérentes
1427,201400033422,2014-09-19,2014,septembre,vendredi,10:35,67,67482,0.0,0.0,En agglomération,Intersection en X,3.0,Plein jour,Normale,4,Bidirectionnelle,2.0,Plat,1.0,0.0,75.0,Normale,0.0,Sur chaussée,Blessé léger,Masculin,25.0,Promenade - loisirs,3,9,0.0,2.0,1.0,1.0,201400033422B01,7,16,1.0,Cohérente,Non cohérentes
1428,201400033423,2014-09-19,2014,septembre,vendredi,10:00,67,67482,0.0,0.0,En agglomération,Intersection en X,3.0,Plein jour,Normale,3,Bidirectionnelle,2.0,Plat,1.0,0.0,92.0,Normale,0.0,Sur chaussée,Blessé léger,Masculin,24.0,Promenade - loisirs,3,9,0.0,2.0,7.0,1.0,201400033423A01,7,1,1.0,Cohérente,Non cohérentes
1429,201400033446,2014-10-15,2014,octobre,mercredi,19:30,67,67482,0.0,0.0,En agglomération,Intersection en T,3.0,Nuit avec éclairage public allumé,Pluie légère,4,A sens unique,1.0,Plat,1.0,0.0,60.0,Mouillée,0.0,Sur chaussée,Blessé léger,Féminin,24.0,Non renseigné,1,4,0.0,2.0,1.0,1.0,201400033446A01,7,15,1.0,Cohérente,Non cohérentes
1430,201400033450,2014-10-21,2014,octobre,mardi,75:9,67,67482,0.0,0.0,En agglomération,Hors intersection,6.0,Plein jour,Normale,4,Bidirectionnelle,2.0,Plat,1.0,0.0,50.0,Normale,0.0,Sur trottoir,Indemne,Masculin,36.0,Utilisation professionnelle,1,4,0.0,1.0,1.0,1.0,201400033450A01,,,,Non cohérente,Non cohérentes
1431,201400033453,2014-10-25,2014,octobre,samedi,22:15,67,67482,0.0,0.0,En agglomération,Intersection en T,6.0,Nuit avec éclairage public allumé,Normale,4,Bidirectionnelle,2.0,Plat,1.0,0.0,98.0,Normale,0.0,Sur piste cyclable,Blessé léger,Masculin,35.0,Domicile - travail,1,4,0.0,2.0,1.0,1.0,201400033453A01,7,15,1.0,Cohérente,Non cohérentes
1432,201400033454,2014-10-28,2014,octobre,mardi,93:5,67,67482,0.0,0.0,En agglomération,Intersection en Y,6.0,Plein jour,Normale,4,Bidirectionnelle,2.0,Plat,1.0,22.0,117.0,Normale,0.0,Sur chaussée,Tué,Féminin,90.0,Promenade - loisirs,1,4,0.0,2.0,1.0,15.0,201400033454A01,14,16,1.0,Non cohérente,Non cohérentes
1433,201400033460,2014-11-03,2014,novembre,lundi,16:20,67,67482,0.0,0.0,En agglomération,Intersection en T,6.0,Plein jour,Pluie légère,4,A sens unique,1.0,Plat,1.0,0.0,60.0,Mouillée,0.0,Sur chaussée,Blessé léger,Masculin,34.0,Domicile - travail,1,4,0.0,2.0,1.0,15.0,201400033460B01,7,1,1.0,Cohérente,Non cohérentes
1434,201400033461,2014-11-03,2014,novembre,lundi,19:18,67,67482,0.0,0.0,En agglomération,Intersection en X,6.0,Nuit avec éclairage public allumé,Normale,4,Bidirectionnelle,2.0,Non renseigné,1.0,0.0,50.0,Normale,0.0,Sur chaussée,Blessé léger,Féminin,21.0,Non renseigné,3,4,0.0,2.0,3.0,1.0,201400033461A01,40,1,1.0,Cohérente,Non cohérentes
1435,201400033466,2014-11-07,2014,novembre,vendredi,15:30,67,67482,0.0,0.0,En agglomération,Hors intersection,6.0,Plein jour,Pluie légère,4,Bidirectionnelle,1.0,Plat,1.0,0.0,120.0,Mouillée,0.0,Sur chaussée,Blessé léger,Féminin,19.0,Courses - achats,3,9,0.0,2.0,2.0,1.0,201400033466B01,7,1,1.0,Cohérente,Non cohérentes
1436,201400033470,2014-11-12,2014,novembre,mercredi,17:08,67,67482,0.0,0.0,En agglomération,Hors intersection,3.0,Nuit avec éclairage public allumé,Pluie légère,4,Bidirectionnelle,2.0,Plat,1.0,0.0,80.0,Normale,0.0,Sur chaussée,Blessé léger,Féminin,56.0,Domicile - travail,3,9,0.0,2.0,7.0,1.0,201400033470B01,7,9,1.0,Cohérente,Non cohérentes
1437,201400033479,2014-11-15,2014,novembre,samedi,16:45,67,67482,0.0,0.0,En agglomération,Hors intersection,3.0,Nuit avec éclairage public allumé,Pluie forte,4,Bidirectionnelle,2.0,Pente,1.0,0.0,90.0,Mouillée,0.0,Sur chaussée,Blessé léger,Féminin,48.0,Promenade - loisirs,1,4,0.0,2.0,7.0,1.0,201400033479B01,7,16,1.0,Cohérente,Non cohérentes
1438,201400033484,2014-11-19,2014,novembre,mercredi,11:50,67,67482,0.0,0.0,En agglomération,Intersection en T,6.0,Plein jour,Normale,4,Non renseigné,0.0,Plat,1.0,0.0,0.0,Normale,6.0,Aucun,Blessé léger,Féminin,25.0,Non renseigné,1,4,0.0,2.0,1.0,1.0,201400033484A01,7,1,1.0,Cohérente,Non cohérentes
1439,201400033485,2014-11-19,2014,novembre,mercredi,12:10,67,67482,0.0,0.0,En agglomération,Hors intersection,6.0,Plein jour,Normale,4,A chaussées séparées,2.0,Plat,-1.0,0.0,47.0,Normale,0.0,Sur chaussée,Blessé léger,Féminin,57.0,Promenade - loisirs,3,9,0.0,2.0,1.0,1.0,201400033485B01,7,10,1.0,Cohérente,Non cohérentes
1440,201400033487,2014-11-20,2014,novembre,jeudi,83:5,67,67482,0.0,0.0,Hors agglomération,Intersection en T,6.0,Plein jour,Normale,4,Bidirectionnelle,3.0,Plat,1.0,10.0,100.0,Normale,0.0,Sur chaussée,Blessé léger,Féminin,66.0,Promenade - loisirs,1,4,0.0,2.0,0.0,19.0,201400033487A01,7,1,2.0,Non cohérente,Non cohérentes
1441,201400033491,2014-11-26,2014,novembre,mercredi,75:6,67,67482,0.0,0.0,En agglomération,Hors intersection,6.0,Plein jour,Normale,3,Bidirectionnelle,4.0,Bas de côte,1.0,0.0,110.0,Normale,0.0,Sur chaussée,Blessé léger,Féminin,23.0,Domicile - travail,2,4,0.0,2.0,1.0,15.0,201400033491B01,10,1,1.0,Non cohérente,Non cohérentes
1442,201400033508,2014-12-11,2014,décembre,jeudi,72:0,67,67482,0.0,0.0,En agglomération,Intersection en X,3.0,Nuit avec éclairage public allumé,Pluie légère,4,A chaussées séparées,2.0,Plat,1.0,0.0,110.0,Mouillée,0.0,Sur chaussée,Blessé léger,Masculin,16.0,Autre,1,4,0.0,2.0,7.0,19.0,201400033508A01,7,1,1.0,Non cohérente,Non cohérentes
1443,201400033511,2014-12-15,2014,décembre,lundi,16:15,67,67482,0.0,0.0,En agglomération,Hors intersection,3.0,Plein jour,Normale,4,Bidirectionnelle,3.0,Plat,1.0,0.0,140.0,Normale,0.0,Sur chaussée,Blessé léger,Féminin,43.0,Non renseigné,1,4,0.0,2.0,1.0,9.0,201400033511A01,37,1,1.0,Cohérente,Non cohérentes
1444,201400033513,2014-12-15,2014,décembre,lundi,19:00,67,67482,0.0,0.0,En agglomération,Hors intersection,3.0,Nuit avec éclairage public allumé,Normale,4,Bidirectionnelle,2.0,Plat,1.0,0.0,60.0,Normale,0.0,Sur chaussée,Blessé léger,Féminin,25.0,Non renseigné,1,4,0.0,2.0,1.0,19.0,201400033513B01,7,1,1.0,Cohérente,Non cohérentes
1445,201400033521,2014-12-18,2014,décembre,jeudi,18:35,67,67482,0.0,0.0,En agglomération,Hors intersection,3.0,Nuit avec éclairage public allumé,Normale,4,Bidirectionnelle,2.0,Plat,1.0,0.0,120.0,Mouillée,0.0,Sur chaussée,Blessé léger,Masculin,21.0,Promenade - loisirs,3,9,0.0,2.0,1.0,19.0,201400033521B01,7,17,1.0,Cohérente,Non cohérentes
1446,201400033526,2014-12-23,2014,décembre,mardi,10:33,67,67482,0.0,0.0,En agglomération,Intersection en X,3.0,Plein jour,Normale,4,Bidirectionnelle,2.0,Plat,1.0,0.0,0.0,Normale,0.0,Sur chaussée,Blessé léger,Masculin,28.0,Non renseigné,1,4,0.0,2.0,1.0,1.0,201400033526A01,37,1,1.0,Cohérente,Non cohérentes
1447,201400033527,2014-12-24,2014,décembre,mercredi,14:40,67,67482,0.0,0.0,En agglomération,Intersection en T,3.0,Plein jour,Normale,4,Bidirectionnelle,2.0,Plat,1.0,0.0,130.0,Normale,0.0,Sur chaussée,Blessé léger,Masculin,84.0,Non renseigné,1,4,0.0,2.0,1.0,1.0,201400033527A01,7,1,1.0,Cohérente,Non cohérentes
1448,201400034577,2014-01-24,2014,janvier,vendredi,22:20,74,74010,0.0,0.0,En agglomération,Giratoire,2.0,Nuit avec éclairage public allumé,Normale,4,Bidirectionnelle,2.0,Plat,3.0,0.0,80.0,Normale,0.0,Sur chaussée,Blessé léger,Masculin,30.0,Autre,3,9,0.0,2.0,4.0,1.0,201400034577A01,7,9,1.0,Cohérente,Non cohérentes
1449,201400034586,2014-03-11,2014,mars,mardi,16:10,74,74010,0.0,0.0,En agglomération,Giratoire,6.0,Plein jour,Normale,3,A chaussées séparées,4.0,Plat,3.0,50.0,150.0,Normale,5.0,Sur chaussée,Blessé hospitalisé,Masculin,47.0,Promenade - loisirs,3,9,0.0,2.0,1.0,1.0,201400034586B01,7,1,1.0,Cohérente,Non cohérentes
1450,201400034593,2014-04-24,2014,avril,jeudi,17:25,74,74010,0.0,0.0,En agglomération,Hors intersection,6.0,Plein jour,Normale,3,Bidirectionnelle,4.0,Plat,1.0,0.0,60.0,Normale,0.0,Sur piste cyclable,Blessé léger,Masculin,75.0,Autre,2,9,1.0,0.0,1.0,1.0,201400034593B01,7,22,1.0,Cohérente,Non cohérentes
1451,201400034621,2014-11-21,2014,novembre,vendredi,18:25,74,74010,0.0,0.0,En agglomération,Intersection en T,3.0,Nuit avec éclairage public allumé,Normale,4,A sens unique,2.0,Plat,1.0,0.0,90.0,Normale,0.0,Aucun,Blessé hospitalisé,Féminin,49.0,Non renseigné,2,4,0.0,2.0,7.0,19.0,201400034621B01,7,1,1.0,Cohérente,Non cohérentes
1452,201500025872,2015-05-07,2015,mai,jeudi,85:0,38,38185,45.19142,5.72511,En agglomération,Intersection en T,3.0,Plein jour,Normale,4,A sens unique,1.0,Plat,1.0,0.0,0.0,Normale,0.0,Sur chaussée,Blessé hospitalisé,Féminin,55.0,Non renseigné,1,9,0.0,2.0,2.0,19.0,201500025872A01,7,1,1.0,Non cohérente,Cohérentes
1453,201500025873,2015-02-12,2015,février,jeudi,15:10,38,38185,45.18487,5.72167,En agglomération,Hors intersection,6.0,Plein jour,Normale,4,A sens unique,2.0,Plat,1.0,0.0,0.0,Normale,0.0,Sur chaussée,Indemne,Masculin,22.0,Non renseigné,3,9,0.0,1.0,1.0,1.0,201500025873A01,,,,Cohérente,Cohérentes
1454,201500025874,2015-05-05,2015,mai,mardi,13:38,38,38185,45.17621,5.70919,En agglomération,Hors intersection,6.0,Plein jour,Normale,4,Bidirectionnelle,1.0,Plat,1.0,0.0,0.0,Normale,0.0,Sur chaussée,Indemne,Masculin,20.0,Domicile - école,3,2,0.0,2.0,1.0,21.0,201500025874B01,7,1/22,2.0,Cohérente,Cohérentes
1455,201500025881,2015-02-21,2015,février,samedi,55:,38,38185,0.0,0.0,En agglomération,Hors intersection,6.0,Nuit avec éclairage public allumé,Normale,4,A sens unique,1.0,Plat,1.0,0.0,0.0,Normale,0.0,Sur chaussée,Blessé léger,Masculin,28.0,Promenade - loisirs,2,9,0.0,2.0,7.0,1.0,201500025881B01,7,16,1.0,Non cohérente,Non cohérentes
1456,201500025887,2015-03-01,2015,mars,dimanche,13:40,38,38185,0.0,0.0,En agglomération,Hors intersection,6.0,Plein jour,Autre,3,Bidirectionnelle,1.0,Plat,1.0,0.0,0.0,Mouillée,0.0,Sur chaussée,Blessé léger,Masculin,75.0,Non renseigné,3,9,0.0,2.0,7.0,19.0,201500025887B01,7,1,1.0,Cohérente,Non cohérentes
1457,201500025892,2015-05-29,2015,mai,vendredi,80:5,38,38185,45.17116,5.72395,En agglomération,Hors intersection,3.0,Plein jour,Normale,4,Bidirectionnelle,4.0,Plat,1.0,0.0,0.0,Normale,0.0,Sur chaussée,Blessé léger,Féminin,45.0,Domicile - travail,3,9,0.0,2.0,2.0,1.0,201500025892B01,7,19,1.0,Non cohérente,Cohérentes
1458,201500025893,2015-03-06,2015,mars,vendredi,11:10,38,38185,0.0,0.0,En agglomération,Hors intersection,6.0,Plein jour,Normale,4,Non renseigné,2.0,Plat,1.0,0.0,70.0,Normale,0.0,Sur chaussée,Blessé léger,Féminin,75.0,Promenade - loisirs,2,2,0.0,2.0,7.0,19.0,201500025893B01,7,1,1.0,Cohérente,Non cohérentes
1459,201500025902,2015-06-12,2015,juin,vendredi,16:40,38,38185,45.18706,5.73061,En agglomération,Intersection en X,6.0,Plein jour,Pluie légère,4,A sens unique,0.0,Plat,1.0,0.0,57.0,Mouillée,0.0,Sur chaussée,Indemne,Féminin,30.0,Non renseigné,3,2,0.0,1.0,1.0,21.0,201500025902A01,,,,Cohérente,Cohérentes
1460,201500025906,2015-06-25,2015,juin,jeudi,82:0,38,38185,0.0,0.0,En agglomération,Hors intersection,6.0,Plein jour,Normale,4,Bidirectionnelle,0.0,Plat,1.0,0.0,0.0,Normale,0.0,Sur piste cyclable,Indemne,Féminin,37.0,Non renseigné,3,2,0.0,1.0,2.0,1.0,201500025906A01,,,,Non cohérente,Non cohérentes
1461,201500025930,2015-09-15,2015,septembre,mardi,14:00,38,38185,45.19419,5.71894,En agglomération,Intersection en X,6.0,Plein jour,Normale,3,A sens unique,0.0,Plat,1.0,0.0,0.0,Normale,0.0,Sur chaussée,Blessé hospitalisé,Masculin,55.0,Domicile - travail,3,2,0.0,2.0,0.0,0.0,201500025930B01,7,0,1.0,Cohérente,Cohérentes
1462,201500025932,2015-09-18,2015,septembre,vendredi,84:5,38,38185,45.17348,5.71783,En agglomération,Hors intersection,6.0,Plein jour,Normale,3,Non renseigné,2.0,Pente,1.0,0.0,56.0,Mouillée,0.0,Sur piste cyclable,Blessé léger,Masculin,53.0,Domicile - travail,2,9,0.0,2.0,1.0,1.0,201500025932B01,10,15,1.0,Non cohérente,Cohérentes
1463,201500025944,2015-10-21,2015,octobre,mercredi,12:20,38,38185,45.18069,5.71957,En agglomération,Intersection en X,6.0,Plein jour,Temps couvert,3,Non renseigné,0.0,Non renseigné,-1.0,0.0,0.0,Non renseigné,0.0,Aucun,Blessé hospitalisé,Masculin,20.0,Promenade - loisirs,1,9,0.0,2.0,1.0,1.0,201500025944B01,14,16,1.0,Cohérente,Cohérentes
1464,201500025946,2015-10-22,2015,octobre,jeudi,91:5,38,38185,45.17657,5.73168,En agglomération,Intersection en X,3.0,Plein jour,Normale,3,Bidirectionnelle,4.0,Plat,1.0,0.0,0.0,Normale,0.0,Sur chaussée,Blessé hospitalisé,Masculin,35.0,Promenade - loisirs,2,4,0.0,0.0,0.0,0.0,201500025946B01,7,1,1.0,Non cohérente,Cohérentes
1465,201500025968,2015-12-08,2015,décembre,mardi,10:35,38,38185,45.18379,5.73112,En agglomération,Hors intersection,6.0,Plein jour,Normale,3,Non renseigné,1.0,Plat,1.0,0.0,0.0,Normale,0.0,Sur trottoir,Indemne,Masculin,26.0,Domicile - école,3,9,0.0,1.0,1.0,1.0,201500025968A01,,,,Cohérente,Cohérentes
1466,201500032138,2015-01-04,2015,janvier,dimanche,17:57,67,67482,0.0,0.0,En agglomération,Hors intersection,3.0,Nuit avec éclairage public allumé,Normale,4,Bidirectionnelle,2.0,Plat,1.0,0.0,120.0,Normale,0.0,Sur chaussée,Blessé léger,Masculin,31.0,Non renseigné,1,4,0.0,2.0,1.0,1.0,201500032138A01,7,0,1.0,Cohérente,Non cohérentes
1467,201500032139,2015-03-02,2015,mars,lundi,15:15,67,67482,48.5918,7.70444,En agglomération,Hors intersection,3.0,Plein jour,Normale,4,Bidirectionnelle,2.0,Plat,1.0,0.0,70.0,Normale,0.0,Sur chaussée,Blessé léger,Masculin,14.0,Non renseigné,1,4,0.0,2.0,7.0,19.0,201500032139B01,7,1,1.0,Cohérente,Non cohérentes
1468,201500032151,2015-01-11,2015,janvier,dimanche,14:20,67,67482,0.0,0.0,En agglomération,Hors intersection,3.0,Plein jour,Normale,4,Bidirectionnelle,2.0,Plat,1.0,0.0,110.0,Normale,0.0,Sur chaussée,Blessé léger,Féminin,84.0,Promenade - loisirs,3,9,0.0,2.0,1.0,19.0,201500032151Y01,7,1,1.0,Cohérente,Non cohérentes
1469,201500032154,2015-03-09,2015,mars,lundi,16:45,67,67482,48.56966,7.76317,Hors agglomération,Intersection en X,3.0,Plein jour,Normale,4,Bidirectionnelle,3.0,Plat,1.0,0.0,100.0,Normale,0.0,Sur chaussée,Blessé léger,Masculin,13.0,Autre,3,9,0.0,2.0,1.0,1.0,201500032154B01,7,1,1.0,Cohérente,Non cohérentes
1470,201500032172,2015-03-20,2015,mars,vendredi,16:00,67,67482,48.58069,7.77686,En agglomération,Hors intersection,3.0,Plein jour,Normale,4,A chaussées séparées,2.0,Plat,1.0,20.0,120.0,Normale,0.0,Sur chaussée,Blessé léger,Féminin,18.0,Promenade - loisirs,2,9,0.0,2.0,4.0,19.0,201500032172B01,7,1,1.0,Cohérente,Non cohérentes
1471,201500032173,2015-01-19,2015,janvier,lundi,83:5,67,67482,0.0,0.0,Hors agglomération,Hors intersection,6.0,Plein jour,Temps couvert,4,Bidirectionnelle,2.0,Plat,-1.0,0.0,80.0,Normale,0.0,Sur piste cyclable,Blessé léger,Masculin,42.0,Non renseigné,1,4,0.0,2.0,0.0,1.0,201500032173A01,1,9,1.0,Non cohérente,Non cohérentes
1472,201500032173,2015-01-19,2015,janvier,lundi,83:5,67,67482,0.0,0.0,Hors agglomération,Hors intersection,6.0,Plein jour,Temps couvert,4,Bidirectionnelle,2.0,Plat,-1.0,0.0,80.0,Normale,0.0,Sur piste cyclable,Indemne,Masculin,26.0,Non renseigné,1,4,0.0,2.0,1.0,9.0,201500032173B01,1,1,1.0,Non cohérente,Non cohérentes
1473,201500032182,2015-03-30,2015,mars,lundi,85:5,67,67482,48.5823,7.75717,En agglomération,Intersection en X,3.0,Plein jour,Normale,4,Bidirectionnelle,0.0,Plat,1.0,0.0,67.0,Normale,0.0,Sur chaussée,Blessé léger,Féminin,20.0,Non renseigné,3,9,0.0,2.0,1.0,0.0,201500032182B01,7,1,1.0,Non cohérente,Non cohérentes
1474,201500032191,2015-01-30,2015,janvier,vendredi,53:0,67,67482,0.0,0.0,En agglomération,Giratoire,3.0,Nuit avec éclairage public allumé,Normale,4,A sens unique,2.0,Plat,-1.0,0.0,60.0,Mouillée,0.0,Sur chaussée,Blessé léger,Masculin,22.0,Non renseigné,1,4,0.0,2.0,3.0,1.0,201500032191A01,7,0,1.0,Non cohérente,Non cohérentes
1475,201500032191,2015-01-30,2015,janvier,vendredi,53:0,67,67482,0.0,0.0,En agglomération,Giratoire,3.0,Nuit avec éclairage public allumé,Normale,4,A sens unique,2.0,Plat,-1.0,0.0,60.0,Mouillée,0.0,Sur chaussée,Blessé léger,Féminin,21.0,Non renseigné,1,4,0.0,2.0,3.0,1.0,201500032191A01,7,0,1.0,Non cohérente,Non cohérentes
1476,201500032205,2015-04-14,2015,avril,mardi,17:24,67,67482,48.60033,7.75456,En agglomération,Hors intersection,3.0,Plein jour,Normale,4,A chaussées séparées,2.0,Plat,1.0,50.0,80.0,Normale,0.0,Sur chaussée,Blessé hospitalisé,Féminin,58.0,Domicile - travail,3,9,0.0,2.0,8.0,19.0,201500032205A01,7,1,1.0,Cohérente,Non cohérentes
1477,201500032212,2015-02-14,2015,février,samedi,15:05,67,67482,0.0,0.0,En agglomération,Intersection en T,3.0,Plein jour,Normale,4,Bidirectionnelle,2.0,Plat,1.0,0.0,69.0,Normale,0.0,Sur chaussée,Blessé léger,Féminin,80.0,Promenade - loisirs,1,4,0.0,2.0,1.0,1.0,201500032212B01,7,15,1.0,Cohérente,Non cohérentes
1478,201500032214,2015-02-17,2015,février,mardi,17:30,67,67482,0.0,0.0,En agglomération,Intersection en T,3.0,Nuit avec éclairage public allumé,Normale,4,Bidirectionnelle,2.0,Plat,1.0,0.0,30.0,Normale,0.0,Sur chaussée,Blessé léger,Féminin,24.0,Domicile - travail,2,9,0.0,2.0,3.0,1.0,201500032214B01,7,1,1.0,Cohérente,Non cohérentes
1479,201500032220,2015-02-21,2015,février,samedi,15:,67,67482,0.0,0.0,En agglomération,Hors intersection,6.0,Nuit avec éclairage public allumé,Normale,4,A sens unique,1.0,Plat,1.0,0.0,40.0,Normale,0.0,Sur chaussée,Blessé hospitalisé,Féminin,21.0,Promenade - loisirs,3,9,0.0,4.0,8.0,1.0,201500032220A01,40,1,1.0,Non cohérente,Non cohérentes
1480,201500032222,2015-02-23,2015,février,lundi,14:15,67,67482,0.0,0.0,En agglomération,Intersection en X,3.0,Plein jour,Temps couvert,4,Bidirectionnelle,3.0,Plat,1.0,0.0,140.0,Mouillée,0.0,Sur chaussée,Blessé léger,Masculin,24.0,Non renseigné,1,4,0.0,2.0,6.0,1.0,201500032222A01,7,1,1.0,Cohérente,Non cohérentes
1481,201500032223,2015-04-24,2015,avril,vendredi,19:00,67,67482,48.58772,7.69783,En agglomération,Intersection en T,3.0,Plein jour,Normale,4,Bidirectionnelle,2.0,Plat,1.0,0.0,125.0,Normale,0.0,Sur chaussée,Blessé léger,Masculin,5.0,Promenade - loisirs,3,9,0.0,2.0,8.0,19.0,201500032223B01,7,16,1.0,Cohérente,Non cohérentes
1482,201500032224,2015-02-27,2015,février,vendredi,10:12,67,67482,0.0,0.0,En agglomération,Intersection en T,3.0,Plein jour,Pluie légère,4,Bidirectionnelle,2.0,Plat,1.0,0.0,60.0,Mouillée,0.0,Sur chaussée,Blessé léger,Féminin,29.0,Utilisation professionnelle,2,4,0.0,2.0,8.0,1.0,201500032224B01,7,16,1.0,Cohérente,Non cohérentes
1483,201500032226,2015-02-28,2015,février,samedi,21:55,67,67482,0.0,0.0,En agglomération,Hors intersection,3.0,Nuit avec éclairage public non allumé,Normale,4,Bidirectionnelle,3.0,Plat,1.0,20.0,150.0,Normale,0.0,Sur chaussée,Blessé léger,Masculin,25.0,Promenade - loisirs,1,4,0.0,2.0,6.0,1.0,201500032226B01,7,1,1.0,Cohérente,Non cohérentes
1484,201500032231,2015-04-29,2015,avril,mercredi,21:05,67,67482,48.58747,7.73858,En agglomération,Intersection en X,1.0,Nuit avec éclairage public allumé,Normale,4,Non renseigné,2.0,Plat,1.0,0.0,80.0,Normale,4.0,Sur chaussée,Blessé léger,Masculin,42.0,Promenade - loisirs,3,9,0.0,2.0,7.0,15.0,201500032231B01,7,1,1.0,Cohérente,Non cohérentes
1485,201500032232,2015-04-29,2015,avril,mercredi,21:55,67,67482,48.56197,7.73061,En agglomération,Hors intersection,3.0,Nuit avec éclairage public allumé,Normale,4,Bidirectionnelle,2.0,Plat,1.0,0.0,57.0,Normale,0.0,Sur chaussée,Blessé léger,Masculin,3.0,Promenade - loisirs,1,2,0.0,2.0,8.0,19.0,201500032232B01,7,1,1.0,Cohérente,Non cohérentes
1486,201500032236,2015-05-04,2015,mai,lundi,17:10,67,67482,48.5788,7.75931,En agglomération,Hors intersection,3.0,Plein jour,Normale,4,A chaussées séparées,2.0,Plat,1.0,50.0,166.0,Normale,0.0,Sur chaussée,Blessé léger,Féminin,29.0,Non renseigné,1,4,0.0,2.0,0.0,1.0,201500032236B01,7,22,1.0,Cohérente,Non cohérentes
1487,201500032237,2015-05-06,2015,mai,mercredi,17:30,67,67482,48.57364,7.76672,En agglomération,Hors intersection,4.0,Plein jour,Normale,4,Bidirectionnelle,2.0,Plat,1.0,20.0,140.0,Normale,0.0,Sur chaussée,Indemne,Masculin,19.0,Non renseigné,1,4,0.0,0.0,0.0,0.0,201500032237C01,7,1,2.0,Cohérente,Non cohérentes
1488,201500032240,2015-05-07,2015,mai,jeudi,18:22,67,67482,48.57935,7.7327,En agglomération,Hors intersection,3.0,Plein jour,Normale,4,A sens unique,2.0,Plat,1.0,0.0,80.0,Normale,0.0,Sur chaussée,Blessé léger,Masculin,10.0,Promenade - loisirs,3,9,0.0,2.0,1.0,1.0,201500032240B01,7,9,1.0,Cohérente,Non cohérentes
1489,201500032244,2015-05-14,2015,mai,jeudi,18:45,67,67482,48.54918,7.75658,En agglomération,Hors intersection,3.0,Plein jour,Normale,4,Bidirectionnelle,2.0,Plat,1.0,0.0,50.0,Normale,0.0,Sur chaussée,Blessé léger,Masculin,5.0,Promenade - loisirs,3,9,0.0,2.0,7.0,19.0,201500032244A01,7,1,1.0,Cohérente,Non cohérentes
1490,201500032248,2015-05-21,2015,mai,jeudi,83:7,67,67482,48.5789,7.74342,En agglomération,Hors intersection,2.0,Plein jour,Normale,4,Non renseigné,2.0,Plat,1.0,0.0,70.0,Normale,0.0,Aucun,Blessé léger,Féminin,35.0,Domicile - école,2,9,0.0,2.0,1.0,1.0,201500032248A01,7,21,1.0,Non cohérente,Non cohérentes
1491,201500032261,2015-05-28,2015,mai,jeudi,12:00,67,67482,48.5814,7.76278,En agglomération,Intersection en X,1.0,Plein jour,Normale,4,Bidirectionnelle,2.0,Plat,1.0,0.0,60.0,Normale,0.0,Sur chaussée,Blessé léger,Masculin,24.0,Promenade - loisirs,2,9,0.0,2.0,3.0,1.0,201500032261B01,7,15,1.0,Cohérente,Non cohérentes
1492,201500032265,2015-06-03,2015,juin,mercredi,11:20,67,67482,48.5906,7.75597,En agglomération,Hors intersection,3.0,Plein jour,Normale,4,A chaussées séparées,2.0,Plat,1.0,0.0,60.0,Normale,0.0,Sur piste cyclable,Blessé hospitalisé,Masculin,45.0,Autre,2,2,0.0,2.0,2.0,1.0,201500032265A01,7,1,1.0,Cohérente,Non cohérentes
1493,201500032270,2015-06-05,2015,juin,vendredi,16:50,67,67482,48.59696,7.74166,En agglomération,Hors intersection,3.0,Plein jour,Normale,4,Bidirectionnelle,2.0,Plat,1.0,0.0,40.0,Normale,0.0,Sur chaussée,Blessé léger,Masculin,66.0,Promenade - loisirs,3,9,0.0,2.0,1.0,19.0,201500032270A01,37,1,1.0,Cohérente,Non cohérentes
1494,201500032271,2015-06-05,2015,juin,vendredi,18:20,67,67482,48.5951,7.69397,En agglomération,Hors intersection,3.0,Plein jour,Normale,4,Bidirectionnelle,2.0,Plat,1.0,0.0,80.0,Normale,0.0,Sur chaussée,Blessé léger,Masculin,12.0,Non renseigné,1,4,0.0,2.0,1.0,19.0,201500032271A01,7,1,1.0,Cohérente,Non cohérentes
1495,201500032274,2015-06-10,2015,juin,mercredi,13:05,67,67482,48.59896,7.7909,En agglomération,Hors intersection,3.0,Plein jour,Normale,4,Bidirectionnelle,2.0,Plat,1.0,0.0,45.0,Normale,0.0,Sur chaussée,Blessé hospitalisé,Masculin,44.0,Non renseigné,1,4,0.0,2.0,1.0,19.0,201500032274A01,7,1,1.0,Cohérente,Non cohérentes
1496,201500032277,2015-06-12,2015,juin,vendredi,12:15,67,67482,48.58941,7.7452,En agglomération,Intersection en T,3.0,Plein jour,Normale,3,A sens unique,1.0,Plat,1.0,0.0,40.0,Normale,0.0,Sur chaussée,Blessé léger,Féminin,14.0,Domicile - école,2,2,0.0,2.0,7.0,19.0,201500032277B01,34,1,1.0,Cohérente,Non cohérentes
1497,201500032278,2015-06-12,2015,juin,vendredi,17:42,67,67482,48.5914,7.70728,En agglomération,Hors intersection,1.0,Plein jour,Normale,4,A sens unique,1.0,Plat,1.0,95.0,90.0,Normale,0.0,Sur chaussée,Blessé léger,Masculin,21.0,Non renseigné,3,9,0.0,2.0,2.0,19.0,201500032278A01,7,1,1.0,Cohérente,Non cohérentes
1498,201500032279,2015-06-13,2015,juin,samedi,10:03,67,67482,48.5785,7.75998,En agglomération,Hors intersection,2.0,Plein jour,Normale,4,Bidirectionnelle,0.0,Pente,2.0,0.0,180.0,Mouillée,0.0,Sur chaussée,Blessé léger,Masculin,19.0,Domicile - travail,1,4,0.0,2.0,1.0,2.0,201500032279A01,10,2,1.0,Cohérente,Non cohérentes
1499,201500032285,2015-06-19,2015,juin,vendredi,14:10,67,67482,48.58831,7.7559,En agglomération,Hors intersection,3.0,Plein jour,Normale,4,Bidirectionnelle,4.0,Plat,1.0,20.0,120.0,Normale,0.0,Sur chaussée,Blessé léger,Féminin,38.0,Promenade - loisirs,3,9,0.0,2.0,7.0,19.0,201500032285B01,7,1,1.0,Cohérente,Non cohérentes
1500,201500032287,2015-06-19,2015,juin,vendredi,21:00,67,67482,48.58703,7.76019,En agglomération,Hors intersection,3.0,Plein jour,Normale,4,Bidirectionnelle,4.0,Plat,1.0,0.0,130.0,Normale,0.0,Sur chaussée,Blessé hospitalisé,Féminin,49.0,Autre,3,2,0.0,2.0,1.0,19.0,201500032287B01,7,1,1.0,Cohérente,Non cohérentes
1501,201500032292,2015-06-25,2015,juin,jeudi,18:50,67,67482,48.59215,7.71861,En agglomération,Hors intersection,3.0,Plein jour,Normale,4,Bidirectionnelle,3.0,Plat,1.0,0.0,97.0,Normale,0.0,Aucun,Blessé léger,Masculin,16.0,Promenade - loisirs,2,2,0.0,2.0,8.0,19.0,201500032292A01,7,1,1.0,Cohérente,Non cohérentes
1502,201500032295,2015-06-28,2015,juin,dimanche,18:05,67,67482,48.5926,7.71134,En agglomération,Intersection en T,3.0,Plein jour,Normale,4,Bidirectionnelle,2.0,Plat,1.0,0.0,60.0,Normale,0.0,Sur chaussée,Blessé hospitalisé,Masculin,59.0,Promenade - loisirs,3,9,0.0,2.0,7.0,19.0,201500032295B01,7,1,1.0,Cohérente,Non cohérentes
1503,201500032297,2015-06-29,2015,juin,lundi,19:23,67,67482,48.57577,7.75292,En agglomération,Hors intersection,6.0,Plein jour,Normale,4,Bidirectionnelle,2.0,Plat,1.0,50.0,0.0,Normale,0.0,Sur trottoir,Indemne,Féminin,17.0,Non renseigné,1,9,0.0,1.0,1.0,1.0,201500032297A01,,,,Cohérente,Non cohérentes
1504,201500032300,2015-07-01,2015,juillet,mercredi,15:10,67,67482,48.57756,7.753,En agglomération,Intersection en X,3.0,Plein jour,Normale,4,Bidirectionnelle,3.0,Plat,1.0,0.0,90.0,Normale,0.0,Sur chaussée,Blessé léger,Masculin,31.0,Promenade - loisirs,2,2,0.0,2.0,7.0,0.0,201500032300B01,7,1,1.0,Cohérente,Non cohérentes
1505,201500032301,2015-07-01,2015,juillet,mercredi,16:25,67,67482,48.59367,7.75805,En agglomération,Intersection en T,3.0,Plein jour,Normale,4,Bidirectionnelle,2.0,Plat,1.0,0.0,140.0,Normale,0.0,Sur chaussée,Blessé léger,Féminin,15.0,Promenade - loisirs,3,9,0.0,2.0,7.0,1.0,201500032301B01,7,9,1.0,Cohérente,Non cohérentes
1506,201500032304,2015-07-03,2015,juillet,vendredi,23:45,67,67482,48.5794,7.75083,En agglomération,Intersection en X,3.0,Nuit avec éclairage public allumé,Normale,4,A sens unique,1.0,Plat,1.0,0.0,57.0,Normale,2.0,Sur chaussée,Blessé léger,Masculin,53.0,Promenade - loisirs,1,2,0.0,2.0,1.0,19.0,201500032304B01,30,1,1.0,Cohérente,Non cohérentes
1507,201500032306,2015-07-06,2015,juillet,lundi,72:3,67,67482,48.57463,7.7498,En agglomération,Intersection en X,3.0,Plein jour,Normale,4,Bidirectionnelle,5.0,Plat,1.0,0.0,120.0,Normale,0.0,Sur chaussée,Blessé léger,Féminin,45.0,Domicile - travail,1,2,0.0,2.0,1.0,0.0,201500032306B01,10,16,1.0,Non cohérente,Non cohérentes
1508,201500032308,2015-07-06,2015,juillet,lundi,17:15,67,67482,48.54858,7.74094,En agglomération,Hors intersection,3.0,Plein jour,Normale,4,A chaussées séparées,5.0,Plat,1.0,70.0,105.0,Normale,0.0,Sur chaussée,Blessé léger,Féminin,45.0,Promenade - loisirs,2,9,0.0,2.0,1.0,1.0,201500032308B01,3,16,1.0,Cohérente,Non cohérentes
1509,201500032321,2015-07-17,2015,juillet,vendredi,20:50,67,67482,48.60085,7.71583,En agglomération,Intersection en T,3.0,Plein jour,Normale,4,Bidirectionnelle,2.0,Plat,1.0,0.0,40.0,Normale,0.0,Sur chaussée,Blessé léger,Masculin,17.0,Non renseigné,3,4,0.0,2.0,1.0,1.0,201500032321A01,7,16,1.0,Cohérente,Non cohérentes
1510,201500032323,2015-07-20,2015,juillet,lundi,20:02,67,67482,48.58801,7.7588,En agglomération,Hors intersection,3.0,Plein jour,Normale,4,A sens unique,1.0,Plat,1.0,0.0,40.0,Normale,0.0,Sur chaussée,Blessé léger,Masculin,11.0,Promenade - loisirs,2,2,0.0,2.0,1.0,1.0,201500032323A01,7,1,1.0,Cohérente,Non cohérentes
1511,201500032325,2015-07-25,2015,juillet,samedi,10:44,67,67482,48.5794,7.73287,En agglomération,Intersection en T,3.0,Plein jour,Normale,4,A sens unique,1.0,Plat,1.0,0.0,30.0,Normale,0.0,Sur chaussée,Blessé léger,Masculin,41.0,Domicile - travail,3,9,0.0,2.0,1.0,0.0,201500032325B01,7,16,1.0,Cohérente,Non cohérentes
1512,201500032327,2015-07-28,2015,juillet,mardi,15:15,67,67482,48.5696,7.78092,En agglomération,Hors intersection,3.0,Plein jour,Normale,4,Bidirectionnelle,3.0,Plat,1.0,0.0,150.0,Normale,0.0,Sur chaussée,Blessé léger,Féminin,65.0,Promenade - loisirs,2,9,0.0,2.0,1.0,19.0,201500032327B01,7,0,1.0,Cohérente,Non cohérentes
1513,201500032330,2015-08-01,2015,août,samedi,17:50,67,67482,48.57908,7.73489,En agglomération,Intersection en X,3.0,Plein jour,Normale,4,A sens unique,2.0,Plat,1.0,0.0,50.0,Non renseigné,0.0,Aucun,Blessé hospitalisé,Féminin,21.0,Promenade - loisirs,3,9,0.0,2.0,1.0,19.0,201500032330A01,40,1,1.0,Cohérente,Non cohérentes
1514,201500032337,2015-08-18,2015,août,mardi,90:0,67,67482,0.0,0.0,En agglomération,Hors intersection,3.0,Plein jour,Normale,4,A chaussées séparées,5.0,Plat,1.0,85.0,140.0,Normale,0.0,Sur piste cyclable,Tué,Féminin,25.0,Domicile - travail,1,4,0.0,2.0,8.0,1.0,201500032337B01,13,1,1.0,Non cohérente,Non cohérentes
1515,201500032340,2015-08-25,2015,août,mardi,13:35,67,67482,48.57477,7.73657,En agglomération,Hors intersection,1.0,Plein jour,Normale,4,Bidirectionnelle,4.0,Plat,1.0,0.0,80.0,Normale,2.0,Sur piste cyclable,Blessé léger,Masculin,29.0,Non renseigné,1,2,0.0,2.0,1.0,1.0,201500032340A01,1,1,1.0,Cohérente,Non cohérentes
1516,201500032340,2015-08-25,2015,août,mardi,13:35,67,67482,48.57477,7.73657,En agglomération,Hors intersection,1.0,Plein jour,Normale,4,Bidirectionnelle,4.0,Plat,1.0,0.0,80.0,Normale,2.0,Sur piste cyclable,Blessé léger,Masculin,22.0,Promenade - loisirs,1,4,0.0,2.0,1.0,1.0,201500032340B01,1,1,1.0,Cohérente,Non cohérentes
1517,201500032341,2015-08-25,2015,août,mardi,20:35,67,67482,0.0,0.0,En agglomération,Hors intersection,3.0,Crépuscule ou aube,Normale,4,Bidirectionnelle,2.0,Plat,1.0,0.0,50.0,Normale,0.0,Sur chaussée,Blessé léger,Masculin,74.0,Non renseigné,3,2,0.0,2.0,1.0,19.0,201500032341A01,40,1,1.0,Cohérente,Non cohérentes
1518,201500032342,2015-08-27,2015,août,jeudi,55:5,67,67482,48.5665,7.72785,En agglomération,Intersection en X,3.0,Nuit avec éclairage public allumé,Normale,4,Bidirectionnelle,2.0,Plat,1.0,0.0,80.0,Normale,0.0,Aucun,Blessé léger,Féminin,46.0,Domicile - travail,1,4,0.0,2.0,1.0,16.0,201500032342A01,7,1,1.0,Non cohérente,Non cohérentes
1519,201500032367,2015-09-15,2015,septembre,mardi,15:40,67,67482,48.59189,7.76216,En agglomération,Hors intersection,3.0,Plein jour,Pluie légère,4,Bidirectionnelle,2.0,Non renseigné,-1.0,0.0,100.0,Non renseigné,0.0,Aucun,Blessé hospitalisé,Féminin,25.0,Domicile - travail,2,9,0.0,2.0,3.0,19.0,201500032367A01,7,1,1.0,Cohérente,Non cohérentes
1520,201500032370,2015-09-17,2015,septembre,jeudi,18:30,67,67482,48.57925,7.73338,En agglomération,Intersection en X,3.0,Crépuscule ou aube,Normale,4,Non renseigné,4.0,Plat,-1.0,0.0,62.0,Normale,0.0,Sur piste cyclable,Blessé léger,Féminin,25.0,Promenade - loisirs,2,9,0.0,2.0,1.0,1.0,201500032370B01,7,16,1.0,Cohérente,Non cohérentes
1521,201500032375,2015-09-19,2015,septembre,samedi,20:25,67,67482,48.59204,7.73335,En agglomération,Intersection en X,3.0,Nuit avec éclairage public allumé,Normale,4,A chaussées séparées,2.0,Plat,1.0,0.0,60.0,Normale,0.0,Sur piste cyclable,Blessé léger,Masculin,30.0,Promenade - loisirs,3,9,0.0,2.0,1.0,1.0,201500032375A01,7,1,1.0,Cohérente,Non cohérentes
1522,201500032379,2015-09-21,2015,septembre,lundi,16:05,67,67482,48.58122,7.77015,En agglomération,Intersection en X,6.0,Plein jour,Normale,4,Bidirectionnelle,4.0,Plat,1.0,0.0,60.0,Normale,0.0,Sur chaussée,Blessé léger,Féminin,22.0,Non renseigné,1,4,0.0,2.0,1.0,1.0,201500032379A01,30,0,1.0,Cohérente,Non cohérentes
1523,201500032393,2015-10-02,2015,octobre,vendredi,81:5,67,67482,48.5823,7.75727,En agglomération,Intersection en T,3.0,Plein jour,Normale,4,Non renseigné,2.0,Non renseigné,-1.0,0.0,0.0,Non renseigné,0.0,Sur chaussée,Blessé léger,Masculin,36.0,Non renseigné,1,2,0.0,2.0,1.0,16.0,201500032393B01,7,0,1.0,Non cohérente,Non cohérentes
1524,201500032399,2015-10-07,2015,octobre,mercredi,17:15,67,67482,48.59078,7.71593,Hors agglomération,Intersection en X,1.0,Plein jour,Normale,4,Bidirectionnelle,2.0,Plat,1.0,0.0,60.0,Normale,0.0,Sur chaussée,Blessé léger,Masculin,72.0,Non renseigné,3,9,0.0,2.0,6.0,19.0,201500032399B01,7,16,1.0,Cohérente,Non cohérentes
1525,201500032400,2015-10-08,2015,octobre,jeudi,64:0,67,67482,48.58953,7.74089,En agglomération,Intersection à plus de 4 branches,1.0,Nuit avec éclairage public allumé,Normale,4,A chaussées séparées,6.0,Plat,1.0,0.0,180.0,Normale,0.0,Sur chaussée,Blessé léger,Masculin,18.0,Domicile - travail,3,2,0.0,2.0,1.0,13.0,201500032400A01,7,1,1.0,Non cohérente,Non cohérentes
1526,201500032401,2015-10-08,2015,octobre,jeudi,17:00,67,67482,48.59538,7.7279,En agglomération,Intersection en T,3.0,Plein jour,Normale,4,A sens unique,1.0,Plat,1.0,0.0,0.0,Non renseigné,0.0,Sur piste cyclable,Indemne,Masculin,46.0,Domicile - travail,3,9,0.0,2.0,1.0,1.0,201500032401B01,1,1,1.0,Cohérente,Non cohérentes
1527,201500032401,2015-10-08,2015,octobre,jeudi,17:00,67,67482,48.59538,7.7279,En agglomération,Intersection en T,3.0,Plein jour,Normale,4,A sens unique,1.0,Plat,1.0,0.0,0.0,Non renseigné,0.0,Sur piste cyclable,Blessé hospitalisé,Féminin,52.0,Domicile - travail,2,9,0.0,2.0,1.0,1.0,201500032401A01,1,1,1.0,Cohérente,Non cohérentes
1528,201500032408,2015-10-24,2015,octobre,samedi,23:25,67,67482,48.58652,7.76222,En agglomération,Hors intersection,3.0,Nuit avec éclairage public allumé,Normale,4,Bidirectionnelle,6.0,Plat,1.0,0.0,194.0,Normale,0.0,Sur chaussée,Blessé léger,Féminin,21.0,Promenade - loisirs,2,4,0.0,2.0,1.0,19.0,201500032408A01,7,1,1.0,Cohérente,Non cohérentes
1529,201500032417,2015-11-07,2015,novembre,samedi,11:15,67,67482,48.58307,7.77223,En agglomération,Intersection en X,2.0,Plein jour,Normale,2,Bidirectionnelle,3.0,Plat,1.0,0.0,156.0,Normale,0.0,Sur chaussée,Blessé léger,Féminin,53.0,Autre,2,9,0.0,2.0,4.0,2.0,201500032417B01,7,2,1.0,Cohérente,Non cohérentes
1530,201500032418,2015-11-09,2015,novembre,lundi,74:5,67,67482,48.5855,7.76006,En agglomération,Hors intersection,5.0,Plein jour,Normale,4,Bidirectionnelle,2.0,Plat,-1.0,0.0,115.0,Normale,0.0,Sur chaussée,Blessé léger,Masculin,17.0,Non renseigné,1,4,0.0,2.0,1.0,16.0,201500032418A01,7,16,1.0,Non cohérente,Non cohérentes
1531,201500032419,2015-11-10,2015,novembre,mardi,84:0,67,67482,48.58222,7.74143,En agglomération,Hors intersection,1.0,Plein jour,Normale,4,A sens unique,1.0,Plat,1.0,0.0,85.0,Normale,6.0,Sur chaussée,Blessé léger,Masculin,30.0,Non renseigné,3,9,0.0,2.0,2.0,1.0,201500032419B01,1,21,1.0,Non cohérente,Non cohérentes
1532,201500032419,2015-11-10,2015,novembre,mardi,84:0,67,67482,48.58222,7.74143,En agglomération,Hors intersection,1.0,Plein jour,Normale,4,A sens unique,1.0,Plat,1.0,0.0,85.0,Normale,6.0,Sur chaussée,Indemne,Masculin,20.0,Promenade - loisirs,3,9,1.0,2.0,8.0,21.0,201500032419A01,1,1,1.0,Non cohérente,Non cohérentes
1533,201500032420,2015-11-10,2015,novembre,mardi,17:00,67,67482,48.59574,7.7866,En agglomération,Intersection en X,3.0,Crépuscule ou aube,Normale,4,Bidirectionnelle,2.0,Plat,1.0,0.0,50.0,Normale,0.0,Sur chaussée,Blessé léger,Féminin,42.0,Domicile - travail,2,9,0.0,2.0,1.0,1.0,201500032420B01,7,16,1.0,Cohérente,Non cohérentes
1534,201500032429,2015-11-24,2015,novembre,mardi,17:30,67,67482,48.54589,7.75822,En agglomération,Intersection en X,3.0,Nuit avec éclairage public allumé,Normale,4,Bidirectionnelle,3.0,Plat,1.0,0.0,100.0,Normale,0.0,Sur chaussée,Blessé léger,Masculin,20.0,Promenade - loisirs,1,4,0.0,2.0,1.0,1.0,201500032429B01,7,15,1.0,Cohérente,Non cohérentes
1535,201500032434,2015-12-01,2015,décembre,mardi,90:0,67,67482,48.57848,7.78283,En agglomération,Hors intersection,3.0,Plein jour,Normale,4,Bidirectionnelle,4.0,Plat,1.0,0.0,124.0,Mouillée,0.0,Sur chaussée,Blessé léger,Féminin,61.0,Non renseigné,1,2,0.0,2.0,1.0,1.0,201500032434B01,7,1,1.0,Non cohérente,Non cohérentes
1536,201500032438,2015-12-03,2015,décembre,jeudi,73:0,67,67482,48.57344,7.79835,En agglomération,Hors intersection,1.0,Crépuscule ou aube,Normale,4,A chaussées séparées,4.0,Plat,1.0,24.0,140.0,Normale,0.0,Sur piste cyclable,Blessé léger,Féminin,64.0,Domicile - travail,3,4,0.0,2.0,1.0,13.0,201500032438A01,1,1,1.0,Non cohérente,Non cohérentes
1537,201500032438,2015-12-03,2015,décembre,jeudi,73:0,67,67482,48.57344,7.79835,En agglomération,Hors intersection,1.0,Crépuscule ou aube,Normale,4,A chaussées séparées,4.0,Plat,1.0,24.0,140.0,Normale,0.0,Sur piste cyclable,Blessé léger,Masculin,56.0,Domicile - travail,3,4,0.0,2.0,1.0,1.0,201500032438B01,1,13,1.0,Non cohérente,Non cohérentes
1538,201500032451,2015-12-19,2015,décembre,samedi,14:15,67,67482,48.54585,7.75803,En agglomération,Hors intersection,3.0,Plein jour,Normale,4,Bidirectionnelle,3.0,Plat,1.0,0.0,98.0,Normale,0.0,Sur chaussée,Blessé léger,Féminin,47.0,Domicile - travail,1,9,0.0,2.0,4.0,19.0,201500032451B01,10,16,1.0,Cohérente,Non cohérentes
1539,201500033160,2015-05-17,2015,mai,dimanche,95:0,74,74010,0.0,0.0,En agglomération,Giratoire,3.0,Plein jour,Normale,3,A sens unique,2.0,Plat,-1.0,0.0,56.0,Normale,5.0,Sur chaussée,Blessé hospitalisé,Masculin,28.0,Promenade - loisirs,3,2,0.0,2.0,2.0,1.0,201500033160B01,7,1,1.0,Non cohérente,Non cohérentes
1540,201500033171,2015-10-26,2015,octobre,lundi,74:5,74,74010,0.0,0.0,En agglomération,Giratoire,3.0,Crépuscule ou aube,Normale,4,Avec voies d'affectation variable,2.0,Plat,2.0,0.0,0.0,Normale,5.0,Sur chaussée,Blessé hospitalisé,Masculin,47.0,Utilisation professionnelle,2,2,0.0,2.0,1.0,1.0,201500033171B01,7,1,1.0,Non cohérente,Non cohérentes
1541,201500033172,2015-11-10,2015,novembre,mardi,11:40,74,74010,45.90784,6.1363,En agglomération,Giratoire,3.0,Plein jour,Normale,4,Bidirectionnelle,2.0,Plat,2.0,0.0,0.0,Normale,5.0,Sur chaussée,Blessé hospitalisé,Masculin,50.0,Courses - achats,1,2,0.0,0.0,0.0,0.0,201500033172B01,7,1,1.0,Cohérente,Non cohérentes
1542,201500033173,2015-11-12,2015,novembre,jeudi,13:29,74,74010,0.0,0.0,En agglomération,Hors intersection,3.0,Plein jour,Normale,3,Bidirectionnelle,2.0,Plat,1.0,0.0,104.0,Normale,0.0,Sur piste cyclable,Blessé hospitalisé,Masculin,60.0,Promenade - loisirs,1,2,0.0,2.0,1.0,1.0,201500033173B01,7,15,1.0,Cohérente,Non cohérentes
1543,201500033177,2015-11-09,2015,novembre,lundi,19:00,74,74010,45.9058,6.12692,En agglomération,Hors intersection,6.0,Nuit avec éclairage public allumé,Normale,4,A chaussées séparées,2.0,Plat,1.0,0.0,0.0,Normale,0.0,Sur chaussée,Blessé hospitalisé,Masculin,40.0,Promenade - loisirs,2,9,0.0,2.0,8.0,2.0,201500033177A01,99,0,1.0,Cohérente,Non cohérentes
1544,201600026130,2016-03-08,2016,mars,mardi,14:38,38,38185,45.1868,5.7362,En agglomération,Hors intersection,3.0,Plein jour,Pluie légère,3,A chaussées séparées,0.0,Plat,1.0,0.0,0.0,Non renseigné,4.0,Sur chaussée,Blessé hospitalisé,Féminin,67.0,Non renseigné,2,9,8.0,4.0,1.0,16.0,201600026130A01,40,1,1.0,Cohérente,Cohérentes
1545,201600026140,2016-03-25,2016,mars,vendredi,22:5,38,38185,45.17631,5.72355,En agglomération,Hors intersection,6.0,Nuit avec éclairage public allumé,Normale,3,A sens unique,2.0,Plat,1.0,0.0,0.0,Normale,0.0,Sur chaussée,Blessé hospitalisé,Féminin,20.0,Promenade - loisirs,2,9,0.0,0.0,0.0,0.0,201600026140B01,7,0,1.0,Cohérente,Cohérentes
1546,201600026151,2016-05-10,2016,mai,mardi,85:0,38,38185,45.1893,5.72103,En agglomération,Intersection en T,3.0,Plein jour,Normale,4,Bidirectionnelle,2.0,Plat,1.0,0.0,0.0,Mouillée,0.0,Sur chaussée,Blessé léger,Masculin,28.0,Non renseigné,2,2,0.0,2.0,1.0,1.0,201600026151B01,7,9,1.0,Non cohérente,Cohérentes
1547,201600026157,2016-05-25,2016,mai,mercredi,54:5,38,38185,45.18188,5.71674,En agglomération,Intersection en T,3.0,Crépuscule ou aube,Normale,3,A sens unique,1.0,Plat,1.0,0.0,0.0,Normale,0.0,Sur chaussée,Blessé léger,Masculin,45.0,Domicile - travail,3,9,0.0,2.0,1.0,1.0,201600026157A01,7,9,1.0,Non cohérente,Cohérentes
1548,201600026172,2016-07-05,2016,juillet,mardi,75:0,38,38185,0.0,0.0,En agglomération,Autre intersection,6.0,Plein jour,Normale,4,A sens unique,2.0,Plat,1.0,0.0,0.0,Normale,5.0,Sur chaussée,Blessé hospitalisé,Masculin,24.0,Domicile - travail,2,9,0.0,2.0,1.0,1.0,201600026172B01,14,16,1.0,Non cohérente,Non cohérentes
1549,201600026179,2016-07-10,2016,juillet,dimanche,75:0,38,38185,45.18856,5.71121,En agglomération,Intersection en X,6.0,Plein jour,Normale,4,A sens unique,,,,,,Normale,,,Blessé léger,Féminin,73.0,Non renseigné,3,2,0.0,0.0,0.0,0.0,201600026179B01,7,1,1.0,Non cohérente,Cohérentes
1550,201600026193,2016-09-08,2016,septembre,jeudi,18:20,38,38185,45.18651,5.73511,En agglomération,Intersection en X,6.0,Plein jour,Normale,3,A chaussées séparées,2.0,Plat,1.0,23.0,94.0,Normale,0.0,Sur chaussée,Blessé léger,Masculin,30.0,Non renseigné,1,2,0.0,2.0,7.0,3.0,201600026193A01,7,2,1.0,Cohérente,Cohérentes
1551,201600026196,2016-09-15,2016,septembre,jeudi,95:5,38,38185,0.0,0.0,En agglomération,Intersection en X,3.0,Plein jour,Normale,4,Bidirectionnelle,2.0,Plat,1.0,0.0,89.0,Normale,0.0,Sur chaussée,Blessé léger,Masculin,61.0,Non renseigné,2,2,0.0,0.0,0.0,0.0,201600026196B01,7,2,1.0,Non cohérente,Non cohérentes
1552,201600026201,2016-09-30,2016,septembre,vendredi,75:0,38,38185,45.1859,5.71502,En agglomération,Intersection en T,6.0,Plein jour,Normale,4,Bidirectionnelle,2.0,Plat,1.0,0.0,0.0,Normale,0.0,Sur chaussée,Blessé léger,Masculin,26.0,Domicile - travail,3,2,0.0,2.0,0.0,1.0,201600026201B01,7,15,1.0,Non cohérente,Cohérentes
1553,201600026216,2016-11-04,2016,novembre,vendredi,18:45,38,38185,45.1894,5.73057,En agglomération,Intersection en T,6.0,Nuit avec éclairage public allumé,Normale,4,A sens unique,1.0,Plat,1.0,0.0,53.0,Normale,0.0,Sur chaussée,Blessé hospitalisé,Masculin,39.0,Non renseigné,3,2,0.0,0.0,0.0,0.0,201600026216B01,7,15,1.0,Cohérente,Cohérentes
1554,201600026219,2016-11-16,2016,novembre,mercredi,14:40,38,38185,45.17056,5.72762,En agglomération,Intersection en X,6.0,Plein jour,Normale,3,Bidirectionnelle,2.0,Plat,1.0,0.0,0.0,Normale,0.0,Sur chaussée,Blessé hospitalisé,Féminin,40.0,Domicile - travail,1,2,0.0,0.0,0.0,0.0,201600026219B01,7,16,1.0,Cohérente,Cohérentes
1555,201600026221,2016-11-21,2016,novembre,lundi,16:45,38,38185,45.18588,5.71656,En agglomération,Intersection en X,6.0,Plein jour,Autre,3,Bidirectionnelle,2.0,Plat,1.0,0.0,0.0,Non renseigné,0.0,Sur chaussée,Blessé léger,Masculin,24.0,Non renseigné,2,9,0.0,2.0,1.0,5.0,201600026221B01,7,13,1.0,Cohérente,Cohérentes
1556,201600026225,2016-12-01,2016,décembre,jeudi,74:0,38,38185,45.17052,5.72754,En agglomération,Intersection en X,3.0,Plein jour,Normale,3,Bidirectionnelle,3.0,Non renseigné,-1.0,0.0,0.0,Non renseigné,0.0,Sur chaussée,Blessé léger,Masculin,23.0,Non renseigné,2,4,0.0,2.0,1.0,0.0,201600026225A01,30,0,1.0,Non cohérente,Cohérentes
1557,201600026233,2016-12-20,2016,décembre,mardi,91:0,38,38185,45.18789,5.72231,En agglomération,Hors intersection,2.0,Plein jour,Normale,3,Bidirectionnelle,2.0,Plat,1.0,0.0,0.0,Normale,0.0,Sur chaussée,Blessé léger,Masculin,22.0,Non renseigné,2,2,0.0,2.0,1.0,2.0,201600026233A01,7,2,1.0,Non cohérente,Cohérentes
1558,201600032300,2016-01-02,2016,janvier,samedi,11:15,67,67482,48.5779,7.70399,En agglomération,Intersection en T,6.0,Plein jour,Pluie légère,4,Bidirectionnelle,2.0,Plat,1.0,0.0,80.0,Mouillée,0.0,Sur chaussée,Tué,Féminin,83.0,Non renseigné,3,9,0.0,2.0,0.0,1.0,201600032300A01,7,0,1.0,Cohérente,Non cohérentes
1559,201600032322,2016-01-22,2016,janvier,vendredi,23:00,67,67482,0.0,0.0,En agglomération,Hors intersection,1.0,Nuit avec éclairage public allumé,Normale,4,Bidirectionnelle,2.0,Plat,1.0,0.0,100.0,Normale,0.0,Sur piste cyclable,Blessé léger,Masculin,27.0,Promenade - loisirs,2,2,0.0,2.0,1.0,13.0,201600032322A01,1,1,1.0,Cohérente,Non cohérentes
1560,201600032332,2016-02-03,2016,février,mercredi,82:0,67,67482,48.58999,7.76835,En agglomération,Hors intersection,6.0,Plein jour,Normale,4,Non renseigné,2.0,Plat,1.0,0.0,85.0,Normale,0.0,Aucun,Indemne,Féminin,22.0,Domicile - école,3,9,0.0,1.0,1.0,1.0,201600032332A01,,,,Non cohérente,Non cohérentes
1561,201600032344,2016-02-10,2016,février,mercredi,13:55,67,67482,48.58235,7.7572,En agglomération,Intersection en Y,3.0,Plein jour,Normale,4,Bidirectionnelle,2.0,Plat,1.0,0.0,236.0,Normale,0.0,Sur chaussée,Blessé léger,Féminin,19.0,Promenade - loisirs,3,9,0.0,2.0,1.0,19.0,201600032344B01,7,1,1.0,Cohérente,Non cohérentes
1562,201600032347,2016-02-12,2016,février,vendredi,53:1,67,67482,48.58587,7.77566,En agglomération,Hors intersection,6.0,Nuit avec éclairage public allumé,Normale,4,A chaussées séparées,0.0,Plat,1.0,78.0,120.0,Normale,0.0,Sur chaussée,Tué,Masculin,22.0,Non renseigné,1,2,1.0,0.0,0.0,0.0,201600032347A01,,,,Non cohérente,Non cohérentes
1563,201600032348,2016-02-12,2016,février,vendredi,64:5,67,67482,48.58454,7.71463,En agglomération,Hors intersection,1.0,Nuit avec éclairage public allumé,Normale,4,A chaussées séparées,2.0,Plat,1.0,0.0,90.0,Mouillée,0.0,Sur piste cyclable,Blessé léger,Masculin,51.0,Non renseigné,1,4,0.0,2.0,1.0,1.0,201600032348A01,1,1,1.0,Non cohérente,Non cohérentes
1564,201600032348,2016-02-12,2016,février,vendredi,64:5,67,67482,48.58454,7.71463,En agglomération,Hors intersection,1.0,Nuit avec éclairage public allumé,Normale,4,A chaussées séparées,2.0,Plat,1.0,0.0,90.0,Mouillée,0.0,Sur piste cyclable,Blessé léger,Masculin,30.0,Non renseigné,2,9,0.0,2.0,1.0,1.0,201600032348B01,1,1,1.0,Non cohérente,Non cohérentes
1565,201600032349,2016-02-12,2016,février,vendredi,18:05,67,67482,48.5752,7.75369,En agglomération,Hors intersection,3.0,Nuit avec éclairage public allumé,Pluie légère,4,Bidirectionnelle,4.0,Plat,1.0,0.0,150.0,Normale,0.0,Sur chaussée,Blessé léger,Masculin,24.0,Domicile - travail,3,9,0.0,2.0,1.0,19.0,201600032349A01,7,1,1.0,Cohérente,Non cohérentes
1566,201600032350,2016-02-13,2016,février,samedi,64:0,67,67482,48.5753,7.75464,En agglomération,Intersection en X,3.0,Nuit avec éclairage public allumé,Normale,4,Avec voies d'affectation variable,5.0,Plat,1.0,0.0,0.0,Mouillée,0.0,Aucun,Blessé léger,Masculin,21.0,Promenade - loisirs,3,9,0.0,2.0,1.0,1.0,201600032350A01,7,1,1.0,Non cohérente,Non cohérentes
1567,201600032352,2016-02-17,2016,février,mercredi,71:5,67,67482,48.58057,7.72766,En agglomération,Intersection en T,3.0,Plein jour,Normale,4,Bidirectionnelle,2.0,Plat,1.0,0.0,59.0,Normale,0.0,Sur chaussée,Blessé léger,Masculin,55.0,Promenade - loisirs,1,4,0.0,2.0,1.0,1.0,201600032352B01,7,16,1.0,Non cohérente,Non cohérentes
1568,201600032355,2016-02-22,2016,février,lundi,16:15,67,67482,48.60413,7.71252,En agglomération,Intersection en T,3.0,Plein jour,Normale,4,Bidirectionnelle,2.0,Plat,1.0,0.0,80.0,Non renseigné,0.0,Aucun,Blessé léger,Féminin,22.0,Domicile - travail,1,9,0.0,2.0,0.0,15.0,201600032355B01,7,1,1.0,Cohérente,Non cohérentes
1569,201600032357,2016-02-23,2016,février,mardi,13:20,67,67482,48.582,7.75426,En agglomération,Intersection en X,3.0,Plein jour,Pluie légère,4,A sens unique,1.0,Plat,1.0,0.0,35.0,Mouillée,0.0,Sur chaussée,Blessé léger,Féminin,21.0,Promenade - loisirs,1,2,0.0,2.0,6.0,1.0,201600032357B01,7,1,1.0,Cohérente,Non cohérentes
1570,201600032358,2016-02-24,2016,février,mercredi,10:20,67,67482,48.54907,7.74987,En agglomération,Hors intersection,2.0,Plein jour,Normale,4,Bidirectionnelle,2.0,Plat,1.0,41.0,0.0,Normale,0.0,Sur chaussée,Blessé léger,Masculin,45.0,Domicile - travail,1,4,0.0,2.0,4.0,15.0,201600032358B01,32,1,1.0,Cohérente,Non cohérentes
1571,201600032361,2016-02-27,2016,février,samedi,71:5,67,67482,48.56231,7.74581,En agglomération,Intersection en T,3.0,Crépuscule ou aube,Normale,4,Bidirectionnelle,2.0,Plat,1.0,0.0,80.0,Normale,0.0,Sur chaussée,Blessé hospitalisé,Masculin,50.0,Domicile - travail,3,9,0.0,2.0,1.0,1.0,201600032361B01,10,15,1.0,Non cohérente,Non cohérentes
1572,201600032365,2016-03-03,2016,mars,jeudi,16:35,67,67482,48.57416,7.77125,En agglomération,Hors intersection,3.0,Plein jour,Normale,4,Bidirectionnelle,3.0,Plat,-1.0,0.0,80.0,Mouillée,0.0,Sur chaussée,Blessé léger,Féminin,20.0,Non renseigné,3,2,0.0,2.0,1.0,19.0,201600032365B01,7,1,1.0,Cohérente,Non cohérentes
1573,201600032378,2016-03-11,2016,mars,vendredi,17:35,67,67482,48.589,7.74218,En agglomération,Hors intersection,3.0,Plein jour,Normale,4,A sens unique,4.0,Plat,1.0,50.0,71.0,Non renseigné,0.0,Sur chaussée,Blessé léger,Masculin,22.0,Non renseigné,3,2,0.0,2.0,8.0,1.0,201600032378B01,7,1,1.0,Cohérente,Non cohérentes
1574,201600032385,2016-03-16,2016,mars,mercredi,17:06,67,67482,48.56834,7.75742,En agglomération,Hors intersection,6.0,Plein jour,Normale,4,Bidirectionnelle,2.0,Plat,1.0,0.0,70.0,Normale,0.0,Sur piste cyclable,Indemne,Masculin,20.0,Domicile - travail,3,9,0.0,1.0,1.0,1.0,201600032385A01,,,,Cohérente,Non cohérentes
1575,201600032393,2016-03-29,2016,mars,mardi,14:00,67,67482,48.58102,7.69713,En agglomération,Hors intersection,3.0,Plein jour,Normale,4,Bidirectionnelle,1.0,Plat,1.0,0.0,99.0,Normale,0.0,Sur chaussée,Blessé léger,Masculin,63.0,Promenade - loisirs,2,9,1.0,0.0,1.0,1.0,201600032393B01,10,22,1.0,Cohérente,Non cohérentes
1576,201600032396,2016-03-30,2016,mars,mercredi,82:5,67,67482,48.60102,7.7148,En agglomération,Intersection en X,3.0,Plein jour,Pluie légère,4,Bidirectionnelle,2.0,Plat,1.0,0.0,96.0,Mouillée,0.0,Sur chaussée,Blessé léger,Masculin,34.0,Domicile - travail,1,2,0.0,2.0,1.0,0.0,201600032396B01,7,15,1.0,Non cohérente,Non cohérentes
1577,201600032399,2016-03-31,2016,mars,jeudi,70:0,67,67482,0.0,0.0,En agglomération,Hors intersection,2.0,Plein jour,Temps couvert,4,A chaussées séparées,6.0,Plat,1.0,40.0,138.0,Normale,0.0,Sur chaussée,Blessé léger,Masculin,47.0,Domicile - travail,1,4,0.0,2.0,1.0,1.0,201600032399B01,7,16,1.0,Non cohérente,Non cohérentes
1578,201600032410,2016-04-09,2016,avril,samedi,19:20,67,67482,48.5712,8.5712,En agglomération,Hors intersection,1.0,Plein jour,Normale,4,A chaussées séparées,3.0,Plat,1.0,0.0,69.0,Normale,0.0,Sur piste cyclable,Blessé léger,Masculin,53.0,Promenade - loisirs,3,9,0.0,2.0,1.0,1.0,201600032410A01,1,1,1.0,Cohérente,Non cohérentes
1579,201600032416,2016-04-13,2016,avril,mercredi,20:00,67,67482,48.54617,7.75129,En agglomération,Hors intersection,3.0,Plein jour,Normale,4,Bidirectionnelle,2.0,Plat,-1.0,0.0,50.0,Normale,0.0,Sur chaussée,Blessé léger,Masculin,51.0,Non renseigné,1,4,0.0,2.0,1.0,1.0,201600032416A01,7,1,1.0,Cohérente,Non cohérentes
1580,201600032427,2016-04-21,2016,avril,jeudi,17:00,67,67482,48.57772,7.75107,En agglomération,Hors intersection,3.0,Plein jour,Normale,4,Bidirectionnelle,2.0,Plat,1.0,0.0,75.0,Normale,0.0,Sur chaussée,Blessé léger,Féminin,32.0,Non renseigné,3,4,0.0,2.0,1.0,1.0,201600032427A01,7,22,1.0,Cohérente,Non cohérentes
1581,201600032430,2016-04-22,2016,avril,vendredi,17:20,67,67482,48.5672,7.76254,En agglomération,Intersection en T,3.0,Plein jour,Normale,4,Bidirectionnelle,2.0,Plat,1.0,0.0,70.0,Normale,0.0,Aucun,Blessé hospitalisé,Masculin,13.0,Promenade - loisirs,3,9,0.0,2.0,1.0,15.0,201600032430B01,7,1,1.0,Cohérente,Non cohérentes
1582,201600032431,2016-04-23,2016,avril,samedi,23:20,67,67482,0.0,0.0,En agglomération,Hors intersection,1.0,Nuit sans éclairage public,Normale,4,Bidirectionnelle,2.0,Plat,1.0,0.0,90.0,Normale,0.0,Sur piste cyclable,Blessé léger,Féminin,26.0,Promenade - loisirs,2,9,0.0,2.0,1.0,1.0,201600032431B01,1,1,1.0,Cohérente,Non cohérentes
1583,201600032431,2016-04-23,2016,avril,samedi,23:20,67,67482,0.0,0.0,En agglomération,Hors intersection,1.0,Nuit sans éclairage public,Normale,4,Bidirectionnelle,2.0,Plat,1.0,0.0,90.0,Normale,0.0,Sur piste cyclable,Blessé léger,Masculin,32.0,Promenade - loisirs,3,9,0.0,2.0,1.0,1.0,201600032431A01,1,1,1.0,Cohérente,Non cohérentes
1584,201600032433,2016-04-24,2016,avril,dimanche,13:15,67,67482,0.0,0.0,En agglomération,Hors intersection,3.0,Plein jour,Normale,4,Bidirectionnelle,2.0,Plat,1.0,0.0,73.0,Normale,0.0,Sur chaussée,Blessé hospitalisé,Féminin,49.0,Autre,1,9,0.0,2.0,8.0,1.0,201600032433B01,7,1,1.0,Cohérente,Non cohérentes
1585,201600032434,2016-04-24,2016,avril,dimanche,20:25,67,67482,48.57152,7.77038,Hors agglomération,Hors intersection,3.0,Plein jour,Normale,4,A chaussées séparées,5.0,Plat,-1.0,128.0,155.0,Normale,0.0,Sur chaussée,Blessé léger,Féminin,23.0,Non renseigné,1,4,0.0,2.0,1.0,19.0,201600032434B01,7,15,1.0,Cohérente,Non cohérentes
1586,201600032441,2016-05-03,2016,mai,mardi,83:0,67,67482,48.59371,7.75817,Hors agglomération,Intersection en X,1.0,Plein jour,Normale,4,A sens unique,1.0,Plat,1.0,0.0,35.0,Non renseigné,0.0,Sur chaussée,Blessé léger,Masculin,36.0,Domicile - travail,1,4,0.0,2.0,1.0,19.0,201600032441A01,7,16,1.0,Non cohérente,Non cohérentes
1587,201600032442,2016-05-04,2016,mai,mercredi,17:31,67,67482,48.5868,7.73914,En agglomération,Hors intersection,1.0,Plein jour,Normale,4,Bidirectionnelle,2.0,Plat,1.0,0.0,85.0,Normale,0.0,Sur chaussée,Blessé léger,Féminin,28.0,Non renseigné,1,4,0.0,2.0,1.0,1.0,201600032442A01,1,19,1.0,Cohérente,Non cohérentes
1588,201600032442,2016-05-04,2016,mai,mercredi,17:31,67,67482,48.5868,7.73914,En agglomération,Hors intersection,1.0,Plein jour,Normale,4,Bidirectionnelle,2.0,Plat,1.0,0.0,85.0,Normale,0.0,Sur chaussée,Indemne,Féminin,31.0,Non renseigné,1,4,0.0,2.0,8.0,19.0,201600032442B01,1,1,1.0,Cohérente,Non cohérentes
1589,201600032443,2016-05-06,2016,mai,vendredi,17:00,67,67482,48.58752,7.71777,En agglomération,Intersection en T,3.0,Plein jour,Normale,4,Bidirectionnelle,2.0,Plat,1.0,0.0,90.0,Normale,0.0,Aucun,Blessé léger,Masculin,37.0,Promenade - loisirs,3,9,0.0,2.0,8.0,1.0,201600032443A01,7,15,1.0,Cohérente,Non cohérentes
1590,201600032448,2016-05-11,2016,mai,mercredi,14:35,67,67482,48.58706,7.76658,En agglomération,Hors intersection,6.0,Plein jour,Normale,4,A chaussées séparées,4.0,Plat,1.0,20.0,120.0,Normale,0.0,Sur chaussée,Blessé léger,Masculin,21.0,Domicile - travail,1,2,0.0,1.0,1.0,1.0,201600032448A01,,,,Cohérente,Non cohérentes
1591,201600032454,2016-05-16,2016,mai,lundi,18:00,67,67482,48.6007,7.70946,En agglomération,Hors intersection,6.0,Plein jour,Pluie légère,4,Bidirectionnelle,2.0,Plat,1.0,0.0,60.0,Mouillée,0.0,Sur chaussée,Blessé hospitalisé,Masculin,58.0,Autre,3,4,0.0,1.0,0.0,0.0,201600032454A01,,,,Cohérente,Non cohérentes
1592,201600032455,2016-05-16,2016,mai,lundi,17:01,67,67482,48.57768,7.70391,En agglomération,Intersection en X,3.0,Plein jour,Normale,4,Bidirectionnelle,2.0,Plat,1.0,0.0,122.0,Mouillée,0.0,Sur chaussée,Blessé léger,Féminin,26.0,Promenade - loisirs,3,9,0.0,2.0,8.0,1.0,201600032455B01,7,1,1.0,Cohérente,Non cohérentes
1593,201600032458,2016-05-19,2016,mai,jeudi,10:10,67,67482,48.58072,7.74935,En agglomération,Intersection en T,3.0,Plein jour,Normale,4,Non renseigné,1.0,Plat,1.0,0.0,50.0,Normale,6.0,Sur chaussée,Blessé léger,Masculin,35.0,Promenade - loisirs,3,9,0.0,2.0,2.0,1.0,201600032458B01,1,1,1.0,Cohérente,Non cohérentes
1594,201600032458,2016-05-19,2016,mai,jeudi,10:10,67,67482,48.58072,7.74935,En agglomération,Intersection en T,3.0,Plein jour,Normale,4,Non renseigné,1.0,Plat,1.0,0.0,50.0,Normale,6.0,Sur chaussée,Indemne,Masculin,37.0,Promenade - loisirs,3,9,0.0,2.0,1.0,1.0,201600032458A01,1,1,1.0,Cohérente,Non cohérentes
1595,201600032461,2016-05-21,2016,mai,samedi,13:24,67,67482,48.57045,7.77574,En agglomération,Intersection en X,3.0,Plein jour,Normale,4,A chaussées séparées,3.0,Plat,1.0,0.0,86.0,Normale,0.0,Sur chaussée,Blessé léger,Masculin,32.0,Promenade - loisirs,2,9,0.0,2.0,1.0,1.0,201600032461B01,7,16,1.0,Cohérente,Non cohérentes
1596,201600032463,2016-05-23,2016,mai,lundi,10:50,67,67482,0.0,0.0,En agglomération,Intersection en X,1.0,Plein jour,Pluie forte,4,Bidirectionnelle,2.0,Plat,1.0,0.0,90.0,Mouillée,0.0,Sur chaussée,Blessé hospitalisé,Masculin,46.0,Domicile - travail,3,9,0.0,2.0,1.0,1.0,201600032463B01,10,15,1.0,Cohérente,Non cohérentes
1597,201600032465,2016-05-24,2016,mai,mardi,12:10,67,67482,48.5846,7.75144,En agglomération,Intersection en X,6.0,Plein jour,Normale,4,Bidirectionnelle,2.0,Plat,1.0,0.0,50.0,Normale,0.0,Sur chaussée,Blessé léger,Masculin,44.0,Autre,1,4,0.0,2.0,0.0,1.0,201600032465A01,1,1,1.0,Cohérente,Non cohérentes
1598,201600032465,2016-05-24,2016,mai,mardi,12:10,67,67482,48.5846,7.75144,En agglomération,Intersection en X,6.0,Plein jour,Normale,4,Bidirectionnelle,2.0,Plat,1.0,0.0,50.0,Normale,0.0,Sur chaussée,Indemne,Masculin,43.0,Non renseigné,1,4,0.0,2.0,1.0,1.0,201600032465B01,1,1,1.0,Cohérente,Non cohérentes
1599,201600032468,2016-05-25,2016,mai,mercredi,12:15,67,67482,48.59931,7.72456,En agglomération,Hors intersection,3.0,Plein jour,Normale,4,Non renseigné,4.0,Plat,1.0,32.0,37.0,Normale,0.0,Sur chaussée,Blessé léger,Masculin,19.0,Promenade - loisirs,3,9,0.0,2.0,7.0,19.0,201600032468B01,7,1,1.0,Cohérente,Non cohérentes
1600,201600032483,2016-06-03,2016,juin,vendredi,22:25,67,67482,48.57325,7.7555,En agglomération,Intersection en T,3.0,Nuit avec éclairage public allumé,Pluie légère,4,Bidirectionnelle,4.0,Plat,1.0,0.0,81.0,Mouillée,0.0,Sur chaussée,Blessé léger,Féminin,23.0,Domicile - travail,2,9,0.0,2.0,7.0,1.0,201600032483B01,7,16,1.0,Cohérente,Non cohérentes
1601,201600032486,2016-06-07,2016,juin,mardi,70:5,67,67482,48.57549,7.79074,En agglomération,Intersection en X,3.0,Plein jour,Normale,4,Bidirectionnelle,4.0,Plat,3.0,0.0,130.0,Normale,0.0,Sur chaussée,Blessé léger,Féminin,55.0,Domicile - travail,2,9,0.0,2.0,5.0,15.0,201600032486B01,7,16,1.0,Non cohérente,Non cohérentes
1602,201600032489,2016-06-08,2016,juin,mercredi,19:35,67,67482,48.57474,7.75619,En agglomération,Hors intersection,6.0,Plein jour,Normale,4,Non renseigné,1.0,Plat,1.0,0.0,0.0,Normale,0.0,Sur piste cyclable,Indemne,Féminin,39.0,Promenade - loisirs,3,9,0.0,1.0,1.0,1.0,201600032489A01,,,,Cohérente,Non cohérentes
1603,201600032490,2016-06-10,2016,juin,vendredi,13:40,67,67482,48.58518,7.75094,En agglomération,Hors intersection,3.0,Plein jour,Normale,4,A sens unique,1.0,Plat,1.0,0.0,35.0,Normale,0.0,Sur chaussée,Blessé léger,Féminin,24.0,Promenade - loisirs,2,9,0.0,2.0,1.0,19.0,201600032490A01,7,1,1.0,Cohérente,Non cohérentes
1604,201600032493,2016-06-10,2016,juin,vendredi,19:30,67,67482,48.59185,7.75308,En agglomération,Intersection en X,3.0,Plein jour,Normale,4,Bidirectionnelle,2.0,Plat,1.0,0.0,50.0,Normale,0.0,Sur chaussée,Blessé léger,Féminin,27.0,Promenade - loisirs,3,9,0.0,2.0,1.0,1.0,201600032493A01,7,1,1.0,Cohérente,Non cohérentes
1605,201600032494,2016-06-11,2016,juin,samedi,14:10,67,67482,48.57126,7.77216,En agglomération,Intersection en T,3.0,Plein jour,Normale,4,Bidirectionnelle,2.0,Sommet de côte,1.0,0.0,55.0,Normale,0.0,Sur chaussée,Blessé léger,Masculin,51.0,Promenade - loisirs,3,9,0.0,2.0,1.0,1.0,201600032494A01,7,1,1.0,Cohérente,Non cohérentes
1606,201600032496,2016-06-15,2016,juin,mercredi,12:10,67,67482,48.56128,7.7517,En agglomération,Hors intersection,3.0,Plein jour,Pluie légère,4,Bidirectionnelle,2.0,Plat,1.0,0.0,94.0,Normale,0.0,Sur chaussée,Blessé léger,Féminin,33.0,Autre,2,9,0.0,2.0,7.0,1.0,201600032496B01,7,1,1.0,Cohérente,Non cohérentes
1607,201600032505,2016-06-20,2016,juin,lundi,16:35,67,67482,48.58749,7.70019,En agglomération,Intersection en T,3.0,Plein jour,Normale,4,Bidirectionnelle,2.0,Plat,1.0,0.0,63.0,Normale,0.0,Sur chaussée,Blessé léger,Féminin,20.0,Non renseigné,3,2,0.0,2.0,8.0,1.0,201600032505B01,7,1,1.0,Cohérente,Non cohérentes
1608,201600032520,2016-07-01,2016,juillet,vendredi,20:55,67,67482,48.56806,7.75753,En agglomération,Intersection en T,3.0,Plein jour,Normale,4,Bidirectionnelle,2.0,Plat,1.0,0.0,66.0,Normale,0.0,Sur chaussée,Blessé léger,Féminin,27.0,Non renseigné,3,4,0.0,2.0,7.0,0.0,201600032520B01,7,16,1.0,Cohérente,Non cohérentes
1609,201600032525,2016-07-07,2016,juillet,jeudi,16:20,67,67482,48.57758,7.75304,En agglomération,Intersection en X,3.0,Plein jour,Normale,4,Bidirectionnelle,2.0,Plat,3.0,0.0,76.0,Normale,0.0,Sur chaussée,Blessé léger,Masculin,20.0,Promenade - loisirs,3,9,0.0,2.0,1.0,1.0,201600032525B01,30,1,1.0,Cohérente,Non cohérentes
1610,201600032533,2016-07-19,2016,juillet,mardi,14:05,67,67482,48.56315,7.76224,En agglomération,Hors intersection,3.0,Plein jour,Normale,4,Bidirectionnelle,2.0,Plat,1.0,0.0,120.0,Normale,0.0,Sur chaussée,Blessé léger,Masculin,23.0,Promenade - loisirs,3,9,0.0,2.0,8.0,1.0,201600032533B01,7,14,1.0,Cohérente,Non cohérentes
1611,201600032536,2016-07-20,2016,juillet,mercredi,84:0,67,67482,48.58278,7.76345,En agglomération,Intersection en T,3.0,Plein jour,Normale,4,Bidirectionnelle,3.0,Plat,1.0,0.0,100.0,Normale,0.0,Sur chaussée,Blessé léger,Féminin,24.0,Domicile - travail,2,9,0.0,2.0,8.0,19.0,201600032536A01,10,16,1.0,Non cohérente,Non cohérentes
1612,201600032545,2016-07-31,2016,juillet,dimanche,16:10,67,67482,48.58685,7.73846,En agglomération,Hors intersection,6.0,Plein jour,Normale,4,A chaussées séparées,2.0,Plat,1.0,40.0,80.0,Mouillée,0.0,Sur piste cyclable,Blessé léger,Masculin,31.0,Promenade - loisirs,3,9,0.0,2.0,7.0,1.0,201600032545B01,7,24,1.0,Cohérente,Non cohérentes
1613,201600032550,2016-08-04,2016,août,jeudi,18:50,67,67482,48.59252,7.73282,Hors agglomération,Hors intersection,3.0,Plein jour,Pluie légère,4,Bidirectionnelle,2.0,Plat,1.0,10.0,90.0,Mouillée,0.0,Sur chaussée,Blessé léger,Masculin,46.0,Non renseigné,1,4,0.0,2.0,8.0,19.0,201600032550A01,7,1,1.0,Cohérente,Non cohérentes
1614,201600032552,2016-08-06,2016,août,samedi,11:40,67,67482,48.56554,7.76817,En agglomération,Intersection en T,3.0,Plein jour,Normale,4,Bidirectionnelle,2.0,Plat,1.0,0.0,40.0,Normale,0.0,Aucun,Blessé léger,Masculin,54.0,Non renseigné,1,4,0.0,2.0,1.0,1.0,201600032552B01,7,15,1.0,Cohérente,Non cohérentes
1615,201600032557,2016-08-13,2016,août,samedi,13:,67,67482,48.56352,7.70416,En agglomération,Hors intersection,3.0,Nuit avec éclairage public allumé,Normale,4,Bidirectionnelle,2.0,Plat,1.0,0.0,0.0,Normale,0.0,Aucun,Blessé léger,Masculin,24.0,Promenade - loisirs,1,4,0.0,2.0,5.0,1.0,201600032557A01,7,14,1.0,Non cohérente,Non cohérentes
1616,201600032558,2016-08-13,2016,août,samedi,18:55,67,67482,48.56305,7.75804,En agglomération,Intersection en T,3.0,Plein jour,Normale,4,Bidirectionnelle,2.0,Plat,1.0,0.0,55.0,Normale,0.0,Sur chaussée,Blessé léger,Masculin,66.0,Promenade - loisirs,2,9,0.0,2.0,1.0,1.0,201600032558B01,7,15,1.0,Cohérente,Non cohérentes
1617,201600032561,2016-08-17,2016,août,mercredi,10:10,67,67482,48.59899,7.79096,En agglomération,Intersection en X,3.0,Plein jour,Normale,4,Bidirectionnelle,2.0,Plat,1.0,0.0,80.0,Normale,0.0,Sur piste cyclable,Indemne,Masculin,21.0,Utilisation professionnelle,3,4,0.0,2.0,1.0,1.0,201600032561A01,1,1,1.0,Cohérente,Non cohérentes
1618,201600032561,2016-08-17,2016,août,mercredi,10:10,67,67482,48.59899,7.79096,En agglomération,Intersection en X,3.0,Plein jour,Normale,4,Bidirectionnelle,2.0,Plat,1.0,0.0,80.0,Normale,0.0,Sur piste cyclable,Blessé léger,Féminin,83.0,Non renseigné,3,4,0.0,2.0,1.0,1.0,201600032561B01,1,1,1.0,Cohérente,Non cohérentes
1619,201600032564,2016-08-19,2016,août,vendredi,15:15,67,67482,0.0,0.0,En agglomération,Hors intersection,3.0,Plein jour,Normale,4,Bidirectionnelle,2.0,Plat,1.0,0.0,0.0,Normale,0.0,Sur piste cyclable,Blessé léger,Masculin,28.0,Non renseigné,1,4,0.0,2.0,7.0,18.0,201600032564A01,1,1,1.0,Cohérente,Non cohérentes
1620,201600032564,2016-08-19,2016,août,vendredi,15:15,67,67482,0.0,0.0,En agglomération,Hors intersection,3.0,Plein jour,Normale,4,Bidirectionnelle,2.0,Plat,1.0,0.0,0.0,Normale,0.0,Sur piste cyclable,Blessé léger,Féminin,59.0,Non renseigné,1,2,0.0,2.0,6.0,1.0,201600032564B01,1,18,1.0,Cohérente,Non cohérentes
1621,201600032567,2016-08-25,2016,août,jeudi,14:30,67,67482,48.57037,7.73797,En agglomération,Hors intersection,3.0,Plein jour,Normale,4,Bidirectionnelle,2.0,Plat,1.0,0.0,80.0,Normale,0.0,Sur chaussée,Blessé léger,Masculin,12.0,Non renseigné,1,4,0.0,2.0,1.0,1.0,201600032567A01,7,1,1.0,Cohérente,Non cohérentes
1622,201600032568,2016-08-25,2016,août,jeudi,17:00,67,67482,48.58411,7.7588,En agglomération,Hors intersection,3.0,Plein jour,Normale,4,Bidirectionnelle,3.0,Plat,1.0,0.0,82.0,Normale,0.0,Sur chaussée,Blessé léger,Masculin,29.0,Non renseigné,2,4,0.0,2.0,1.0,19.0,201600032568B01,7,15,1.0,Cohérente,Non cohérentes
1623,201600032569,2016-08-25,2016,août,jeudi,17:05,67,67482,48.59224,7.76998,En agglomération,Hors intersection,3.0,Plein jour,Normale,4,Bidirectionnelle,2.0,Plat,1.0,0.0,81.0,Normale,0.0,Sur chaussée,Blessé léger,Féminin,48.0,Non renseigné,3,4,0.0,2.0,1.0,1.0,201600032569B01,7,0,1.0,Cohérente,Non cohérentes
1624,201600032572,2016-08-26,2016,août,vendredi,16:30,67,67482,48.56397,7.75435,En agglomération,Intersection en X,3.0,Plein jour,Normale,4,A sens unique,1.0,Plat,1.0,0.0,40.0,Normale,0.0,Sur chaussée,Blessé léger,Féminin,24.0,Promenade - loisirs,3,9,0.0,2.0,8.0,1.0,201600032572B01,7,15,1.0,Cohérente,Non cohérentes
1625,201600032579,2016-08-30,2016,août,mardi,16:40,67,67482,0.0,0.0,En agglomération,Hors intersection,3.0,Plein jour,Normale,4,Bidirectionnelle,0.0,Plat,1.0,0.0,50.0,Normale,0.0,Sur chaussée,Blessé léger,Masculin,13.0,Promenade - loisirs,3,9,0.0,2.0,8.0,19.0,201600032579B01,7,0,1.0,Cohérente,Non cohérentes
1626,201600032582,2016-09-01,2016,septembre,jeudi,15:30,67,67482,48.56562,7.73491,En agglomération,Hors intersection,1.0,Plein jour,Normale,4,Bidirectionnelle,1.0,Plat,1.0,0.0,0.0,Normale,0.0,Sur piste cyclable,Blessé léger,Masculin,24.0,Autre,3,2,0.0,2.0,1.0,1.0,201600032582B01,1,11,1.0,Cohérente,Non cohérentes
1627,201600032582,2016-09-01,2016,septembre,jeudi,15:30,67,67482,48.56562,7.73491,En agglomération,Hors intersection,1.0,Plein jour,Normale,4,Bidirectionnelle,1.0,Plat,1.0,0.0,0.0,Normale,0.0,Sur piste cyclable,Indemne,Féminin,24.0,Non renseigné,3,2,0.0,2.0,1.0,11.0,201600032582A01,1,1,1.0,Cohérente,Non cohérentes
1628,201600032590,2016-09-05,2016,septembre,lundi,16:30,67,67482,48.56301,7.6983,Hors agglomération,Hors intersection,3.0,Plein jour,Normale,4,Bidirectionnelle,2.0,Plat,3.0,30.0,70.0,Normale,0.0,Sur trottoir,Blessé léger,Masculin,5.0,Non renseigné,1,4,0.0,2.0,0.0,0.0,201600032590A01,2,0,1.0,Cohérente,Non cohérentes
1629,201600032593,2016-09-08,2016,septembre,jeudi,16:35,67,67482,48.57819,7.70642,En agglomération,Intersection en T,3.0,Plein jour,Normale,4,Bidirectionnelle,3.0,Plat,1.0,0.0,116.0,Normale,0.0,Sur chaussée,Blessé léger,Masculin,31.0,Domicile - travail,3,4,0.0,2.0,8.0,1.0,201600032593B01,7,15,1.0,Cohérente,Non cohérentes
1630,201600032596,2016-09-09,2016,septembre,vendredi,19:05,67,67482,48.56785,7.7576,En agglomération,Hors intersection,2.0,Plein jour,Normale,4,Bidirectionnelle,2.0,Plat,1.0,0.0,60.0,Normale,0.0,Sur piste cyclable,Indemne,Masculin,38.0,Promenade - loisirs,1,4,0.0,2.0,4.0,1.0,201600032596A01,1,1,1.0,Cohérente,Non cohérentes
1631,201600032596,2016-09-09,2016,septembre,vendredi,19:05,67,67482,48.56785,7.7576,En agglomération,Hors intersection,2.0,Plein jour,Normale,4,Bidirectionnelle,2.0,Plat,1.0,0.0,60.0,Normale,0.0,Sur piste cyclable,Blessé léger,Masculin,2.0,Non renseigné,1,4,0.0,2.0,4.0,1.0,201600032596A01,1,1,1.0,Cohérente,Non cohérentes
1632,201600032599,2016-09-12,2016,septembre,lundi,84:5,67,67482,48.59096,7.74624,En agglomération,Intersection en X,3.0,Plein jour,Normale,4,Bidirectionnelle,6.0,Plat,1.0,100.0,240.0,Normale,0.0,Sur chaussée,Blessé léger,Masculin,55.0,Non renseigné,1,4,0.0,2.0,1.0,1.0,201600032599A01,7,1,1.0,Non cohérente,Non cohérentes
1633,201600032602,2016-09-12,2016,septembre,lundi,15:24,67,67482,48.58815,7.75881,En agglomération,Intersection en T,3.0,Plein jour,Normale,4,Bidirectionnelle,2.0,Plat,1.0,0.0,90.0,Normale,0.0,Aucun,Indemne,Masculin,50.0,Promenade - loisirs,3,9,0.0,2.0,8.0,19.0,201600032602A01,1,19,1.0,Cohérente,Non cohérentes
1634,201600032602,2016-09-12,2016,septembre,lundi,15:24,67,67482,48.58815,7.75881,En agglomération,Intersection en T,3.0,Plein jour,Normale,4,Bidirectionnelle,2.0,Plat,1.0,0.0,90.0,Normale,0.0,Aucun,Blessé léger,Féminin,75.0,Promenade - loisirs,3,9,0.0,2.0,1.0,19.0,201600032602B01,1,19,1.0,Cohérente,Non cohérentes
1635,201600032608,2016-09-14,2016,septembre,mercredi,75:0,67,67482,48.56763,7.76328,En agglomération,Hors intersection,6.0,Plein jour,Normale,4,Non renseigné,2.0,Plat,1.0,0.0,60.0,Normale,0.0,Aucun,Blessé léger,Féminin,14.0,Non renseigné,3,2,0.0,0.0,0.0,0.0,201600032608B01,10,1,1.0,Non cohérente,Non cohérentes
1636,201600032609,2016-09-15,2016,septembre,jeudi,13:00,67,67482,48.58153,7.74849,En agglomération,Hors intersection,6.0,Plein jour,Normale,4,A sens unique,1.0,Plat,1.0,0.0,35.0,Normale,0.0,Sur chaussée,Blessé léger,Féminin,37.0,Non renseigné,3,4,0.0,1.0,1.0,1.0,201600032609A01,,,,Cohérente,Non cohérentes
1637,201600032610,2016-09-17,2016,septembre,samedi,51:7,67,67482,48.57172,7.77026,En agglomération,Intersection en X,3.0,Nuit avec éclairage public allumé,Normale,4,A chaussées séparées,5.0,Plat,1.0,128.0,157.0,Normale,0.0,Aucun,Tué,Masculin,45.0,Non renseigné,1,2,0.0,2.0,8.0,19.0,201600032610B01,7,1,1.0,Non cohérente,Non cohérentes
1638,201600032612,2016-09-19,2016,septembre,lundi,16:45,67,67482,0.0,0.0,En agglomération,Hors intersection,3.0,Plein jour,Normale,4,A chaussées séparées,4.0,Plat,1.0,0.0,130.0,Normale,0.0,Sur chaussée,Blessé léger,Féminin,39.0,Non renseigné,3,4,0.0,2.0,1.0,19.0,201600032612B01,7,1,1.0,Cohérente,Non cohérentes
1639,201600032613,2016-09-20,2016,septembre,mardi,72:0,67,67482,48.57213,7.76723,En agglomération,Intersection en T,3.0,Plein jour,Normale,4,Bidirectionnelle,2.0,Plat,-1.0,0.0,71.0,Normale,0.0,Sur chaussée,Blessé léger,Féminin,43.0,Domicile - travail,3,4,0.0,2.0,1.0,19.0,201600032613B01,10,1,1.0,Non cohérente,Non cohérentes
1640,201600032614,2016-09-20,2016,septembre,mardi,73:0,67,67482,48.57153,7.77015,En agglomération,Intersection en X,3.0,Crépuscule ou aube,Normale,4,Bidirectionnelle,3.0,Plat,1.0,0.0,90.0,Normale,0.0,Sur chaussée,Blessé léger,Masculin,20.0,Domicile - école,3,9,0.0,2.0,7.0,19.0,201600032614B01,7,1,1.0,Non cohérente,Non cohérentes
1641,201600032624,2016-09-28,2016,septembre,mercredi,74:5,67,67482,48.57716,7.75837,En agglomération,Hors intersection,2.0,Plein jour,Normale,4,Bidirectionnelle,2.0,Plat,1.0,0.0,85.0,Normale,0.0,Sur chaussée,Blessé léger,Féminin,56.0,Non renseigné,3,9,0.0,2.0,1.0,1.0,201600032624A01,7,1,1.0,Non cohérente,Non cohérentes
1642,201600032628,2016-09-29,2016,septembre,jeudi,83:0,67,67482,48.57423,7.77119,En agglomération,Intersection en X,3.0,Plein jour,Normale,4,Bidirectionnelle,4.0,Plat,1.0,0.0,111.0,Normale,0.0,Sur chaussée,Blessé léger,Féminin,32.0,Promenade - loisirs,3,9,0.0,2.0,1.0,19.0,201600032628A01,7,1,1.0,Non cohérente,Non cohérentes
1643,201600032637,2016-10-03,2016,octobre,lundi,16:20,67,67482,48.57876,7.71101,En agglomération,Hors intersection,3.0,Plein jour,Normale,4,Bidirectionnelle,2.0,Plat,1.0,0.0,60.0,Normale,0.0,Sur chaussée,Blessé léger,Masculin,23.0,Non renseigné,1,4,0.0,2.0,1.0,1.0,201600032637B01,7,0,1.0,Cohérente,Non cohérentes
1644,201600032638,2016-10-03,2016,octobre,lundi,21:10,67,67482,48.5822,7.74162,En agglomération,Hors intersection,6.0,Nuit avec éclairage public allumé,Normale,4,A sens unique,1.0,Plat,1.0,0.0,85.0,Normale,0.0,Sur chaussée,Indemne,Masculin,25.0,Non renseigné,1,2,0.0,1.0,7.0,1.0,201600032638A01,,,,Cohérente,Non cohérentes
1645,201600032648,2016-10-10,2016,octobre,lundi,75:5,67,67482,48.58782,7.75353,En agglomération,Hors intersection,6.0,Plein jour,Normale,4,Non renseigné,1.0,Plat,1.0,0.0,27.0,Normale,0.0,Aucun,Blessé léger,Masculin,12.0,Non renseigné,3,8,0.0,1.0,1.0,0.0,201600032648Z01,,,,Non cohérente,Non cohérentes
1646,201600032654,2016-10-12,2016,octobre,mercredi,13:35,67,67482,48.59062,7.7004,En agglomération,Hors intersection,6.0,Plein jour,Normale,4,A chaussées séparées,4.0,Plat,1.0,50.0,100.0,Normale,0.0,Sur trottoir,Blessé léger,Masculin,52.0,Non renseigné,3,4,0.0,2.0,1.0,1.0,201600032654B01,7,22,1.0,Cohérente,Non cohérentes
1647,201600032658,2016-10-14,2016,octobre,vendredi,16:55,67,67482,48.54978,7.73418,En agglomération,Hors intersection,3.0,Plein jour,Normale,4,Bidirectionnelle,2.0,Plat,1.0,0.0,80.0,Normale,0.0,Sur chaussée,Blessé léger,Masculin,39.0,Non renseigné,1,4,1.0,0.0,1.0,1.0,201600032658A01,7,24,1.0,Cohérente,Non cohérentes
1648,201600032661,2016-10-15,2016,octobre,samedi,12:30,67,67482,48.57714,7.76889,En agglomération,Hors intersection,3.0,Plein jour,Normale,4,A sens unique,1.0,Plat,1.0,0.0,50.0,Normale,0.0,Aucun,Blessé léger,Féminin,28.0,Autre,3,9,0.0,2.0,8.0,19.0,201600032661B01,7,16,1.0,Cohérente,Non cohérentes
1649,201600032663,2016-10-17,2016,octobre,lundi,10:40,67,67482,48.59027,7.75468,En agglomération,Intersection en X,3.0,Plein jour,Normale,4,Bidirectionnelle,2.0,Plat,1.0,0.0,80.0,Normale,0.0,Sur chaussée,Blessé léger,Masculin,21.0,Domicile - travail,2,9,0.0,2.0,1.0,1.0,201600032663B01,7,1,1.0,Cohérente,Non cohérentes
1650,201600032665,2016-10-21,2016,octobre,vendredi,12:25,67,67482,48.57907,7.7349,En agglomération,Intersection en T,3.0,Plein jour,Normale,4,A sens unique,1.0,Plat,1.0,0.0,0.0,Normale,0.0,Aucun,Blessé léger,Masculin,49.0,Domicile - travail,3,4,0.0,4.0,1.0,1.0,201600032665B01,40,1,1.0,Cohérente,Non cohérentes
1651,201600032667,2016-10-23,2016,octobre,dimanche,20:35,67,67482,48.56134,7.75153,En agglomération,Intersection en X,3.0,Nuit avec éclairage public allumé,Normale,4,A chaussées séparées,2.0,Plat,1.0,0.0,80.0,Mouillée,0.0,Sur chaussée,Blessé léger,Masculin,21.0,Promenade - loisirs,3,9,0.0,2.0,8.0,1.0,201600032667B01,7,16,1.0,Cohérente,Non cohérentes
1652,201600032671,2016-10-28,2016,octobre,vendredi,19:59,67,67482,48.58745,7.73866,En agglomération,Intersection en X,3.0,Plein jour,Normale,4,Bidirectionnelle,3.0,Plat,1.0,0.0,80.0,Normale,0.0,Sur piste cyclable,Blessé léger,Féminin,23.0,Non renseigné,2,4,0.0,2.0,1.0,1.0,201600032671B01,7,15,1.0,Cohérente,Non cohérentes
1653,201600032675,2016-10-31,2016,octobre,lundi,14:57,67,67482,48.57216,7.7142,En agglomération,Intersection en X,3.0,Plein jour,Normale,4,Bidirectionnelle,2.0,Plat,-1.0,0.0,0.0,Normale,0.0,Aucun,Blessé hospitalisé,Féminin,25.0,Non renseigné,1,4,0.0,2.0,1.0,1.0,201600032675A01,10,16,1.0,Cohérente,Non cohérentes
1654,201600032677,2016-11-02,2016,novembre,mercredi,10:40,67,67482,48.54883,7.7415,En agglomération,Intersection en X,3.0,Plein jour,Normale,4,Bidirectionnelle,5.0,Plat,1.0,0.0,75.0,Normale,0.0,Sur chaussée,Blessé léger,Féminin,77.0,Non renseigné,1,4,0.0,2.0,1.0,1.0,201600032677B01,14,16,1.0,Cohérente,Non cohérentes
1655,201600032678,2016-11-03,2016,novembre,jeudi,19:30,67,67482,48.5605,7.75097,En agglomération,Intersection en T,3.0,Nuit avec éclairage public allumé,Normale,4,A chaussées séparées,3.0,Plat,1.0,0.0,60.0,Normale,0.0,Sur chaussée,Blessé léger,Féminin,25.0,Autre,3,9,0.0,2.0,1.0,1.0,201600032678B01,7,16,1.0,Cohérente,Non cohérentes
1656,201600032682,2016-11-08,2016,novembre,mardi,17:30,67,67482,48.59683,7.74142,En agglomération,Hors intersection,3.0,Nuit avec éclairage public allumé,Temps couvert,4,A chaussées séparées,2.0,Plat,3.0,32.0,35.0,Mouillée,0.0,Sur chaussée,Blessé léger,Féminin,24.0,Promenade - loisirs,2,2,0.0,2.0,8.0,19.0,201600032682B01,7,1,1.0,Cohérente,Non cohérentes
1657,201600032683,2016-11-09,2016,novembre,mercredi,19:05,67,67482,48.57113,7.77346,En agglomération,Hors intersection,3.0,Nuit avec éclairage public allumé,Pluie légère,4,A chaussées séparées,4.0,Plat,1.0,0.0,140.0,Mouillée,0.0,Sur chaussée,Blessé hospitalisé,Masculin,22.0,Promenade - loisirs,3,9,0.0,2.0,7.0,19.0,201600032683B01,7,1,1.0,Cohérente,Non cohérentes
1658,201600032686,2016-11-13,2016,novembre,dimanche,12:30,67,67482,48.59676,7.74255,En agglomération,Hors intersection,3.0,Plein jour,Normale,4,A sens unique,2.0,Plat,1.0,0.0,100.0,Normale,0.0,Sur chaussée,Blessé léger,Masculin,15.0,Promenade - loisirs,3,9,0.0,2.0,7.0,19.0,201600032686A01,7,1,1.0,Cohérente,Non cohérentes
1659,201600032689,2016-11-16,2016,novembre,mercredi,91:0,67,67482,48.58193,7.76305,En agglomération,Hors intersection,3.0,Plein jour,Normale,4,Non renseigné,0.0,Plat,1.0,0.0,120.0,Mouillée,0.0,Sur chaussée,Blessé léger,Masculin,22.0,Non renseigné,1,9,0.0,2.0,1.0,1.0,201600032689B01,7,1,1.0,Non cohérente,Non cohérentes
1660,201600032690,2016-11-16,2016,novembre,mercredi,12:00,67,67482,48.58464,7.76869,En agglomération,Intersection en X,3.0,Plein jour,Pluie légère,4,A sens unique,1.0,Plat,1.0,0.0,60.0,Mouillée,0.0,Sur chaussée,Blessé léger,Masculin,24.0,Domicile - école,3,9,0.0,2.0,1.0,19.0,201600032690A01,7,1,1.0,Cohérente,Non cohérentes
1661,201600032692,2016-11-17,2016,novembre,jeudi,13:20,67,67482,48.5696,7.75109,En agglomération,Hors intersection,3.0,Plein jour,Normale,4,Bidirectionnelle,3.0,Plat,1.0,0.0,142.0,Mouillée,0.0,Sur trottoir,Blessé léger,Masculin,7.0,Non renseigné,1,9,0.0,2.0,1.0,1.0,201600032692A01,1,0,1.0,Cohérente,Non cohérentes
1662,201600032692,2016-11-17,2016,novembre,jeudi,13:20,67,67482,48.5696,7.75109,En agglomération,Hors intersection,3.0,Plein jour,Normale,4,Bidirectionnelle,3.0,Plat,1.0,0.0,142.0,Mouillée,0.0,Sur trottoir,Indemne,Féminin,17.0,Non renseigné,1,9,0.0,0.0,0.0,0.0,201600032692B01,1,1,1.0,Cohérente,Non cohérentes
1663,201600032693,2016-11-17,2016,novembre,jeudi,17:30,67,67482,48.58002,7.75029,En agglomération,Hors intersection,6.0,Nuit avec éclairage public allumé,Normale,4,Non renseigné,1.0,Plat,1.0,0.0,37.0,Normale,0.0,Sur trottoir,Indemne,Masculin,40.0,Non renseigné,1,9,0.0,1.0,1.0,14.0,201600032693A01,,,,Cohérente,Non cohérentes
1664,201600032722,2016-12-06,2016,décembre,mardi,90:0,67,67482,48.58953,7.75159,En agglomération,Intersection à plus de 4 branches,3.0,Plein jour,Normale,4,Bidirectionnelle,3.0,Plat,1.0,0.0,120.0,Normale,0.0,Sur chaussée,Blessé hospitalisé,Féminin,38.0,Domicile - travail,1,4,0.0,2.0,8.0,1.0,201600032722B01,7,16,1.0,Non cohérente,Non cohérentes
1665,201600032724,2016-12-07,2016,décembre,mercredi,85:5,67,67482,48.57462,7.74981,En agglomération,Intersection en X,3.0,Plein jour,Normale,4,Bidirectionnelle,5.0,Plat,1.0,0.0,0.0,Normale,0.0,Sur chaussée,Blessé léger,Masculin,20.0,Domicile - école,3,9,0.0,2.0,7.0,0.0,201600032724B01,7,16,1.0,Non cohérente,Non cohérentes
1666,201600032731,2016-12-12,2016,décembre,lundi,18:25,67,67482,48.57532,7.7575,En agglomération,Hors intersection,1.0,Nuit avec éclairage public allumé,Normale,4,Bidirectionnelle,5.0,Plat,1.0,0.0,150.0,Normale,0.0,Aucun,Blessé léger,Féminin,21.0,Promenade - loisirs,3,9,0.0,2.0,4.0,19.0,201600032731A01,7,15,1.0,Cohérente,Non cohérentes
1667,201600032733,2016-12-13,2016,décembre,mardi,75:0,67,67482,48.57739,7.72803,En agglomération,Hors intersection,1.0,Plein jour,Normale,4,Bidirectionnelle,2.0,Plat,1.0,0.0,30.0,Normale,0.0,Sur chaussée,Blessé léger,Masculin,53.0,Non renseigné,1,4,0.0,2.0,1.0,1.0,201600032733B01,7,20,1.0,Non cohérente,Non cohérentes
1668,201600033459,2016-09-12,2016,septembre,lundi,16:45,74,74010,45.90255,6.12177,En agglomération,Hors intersection,6.0,Plein jour,Normale,4,A chaussées séparées,2.0,Pente,1.0,0.0,59.0,Normale,0.0,Sur chaussée,Blessé hospitalisé,Masculin,16.0,Non renseigné,2,2,0.0,0.0,1.0,0.0,201600033459B01,38,7,1.0,Cohérente,Non cohérentes
1669,201600033461,2016-11-10,2016,novembre,jeudi,18:10,74,74010,45.90455,6.13107,En agglomération,Intersection en Y,6.0,Nuit avec éclairage public allumé,Pluie légère,4,Bidirectionnelle,2.0,Plat,1.0,0.0,64.0,Mouillée,0.0,Sur chaussée,Blessé hospitalisé,Féminin,38.0,Domicile - travail,3,9,0.0,0.0,0.0,0.0,201600033461B01,7,15,1.0,Cohérente,Non cohérentes
1670,201700027598,2017-02-18,2017,février,samedi,15:15,38,38185,45.1922,5.70746,En agglomération,Hors intersection,1.0,Plein jour,Normale,4,Bidirectionnelle,4.0,Plat,1.0,0.0,0.0,Normale,0.0,Sur chaussée,Blessé léger,Masculin,78.0,Promenade - loisirs,2,2,0.0,2.0,1.0,19.0,201700027598A01,7,1,1.0,Cohérente,Cohérentes
1671,201700027602,2017-02-23,2017,février,jeudi,19:30,38,38185,0.0,0.0,En agglomération,Hors intersection,3.0,Plein jour,Normale,3,A sens unique,3.0,Plat,-1.0,0.0,0.0,Normale,5.0,Aucun,Blessé hospitalisé,Masculin,25.0,Domicile - travail,2,2,0.0,2.0,1.0,9.0,201700027602B01,7,9,1.0,Cohérente,Non cohérentes
1672,201700027613,2017-03-16,2017,mars,jeudi,91:5,38,38185,45.16028,5.71955,En agglomération,Giratoire,3.0,Plein jour,Normale,4,A sens unique,2.0,Plat,1.0,0.0,63.0,Normale,0.0,Sur piste cyclable,Blessé léger,Masculin,21.0,Domicile - travail,1,2,0.0,2.0,2.0,1.0,201700027613A01,7,9,1.0,Non cohérente,Cohérentes
1673,201700027644,2017-06-07,2017,juin,mercredi,19:30,38,38185,45.18396,5.70866,En agglomération,Hors intersection,6.0,Plein jour,Normale,4,Bidirectionnelle,2.0,Plat,1.0,0.0,0.0,Normale,0.0,Sur chaussée,Blessé léger,Masculin,54.0,Non renseigné,3,2,0.0,2.0,4.0,2.0,201700027644B01,7,2,1.0,Cohérente,Cohérentes
1674,201700027645,2017-06-12,2017,juin,lundi,61:5,38,38185,45.17438,5.71462,Hors agglomération,Hors intersection,1.0,Plein jour,Normale,3,A sens unique,5.0,Plat,1.0,0.0,0.0,Normale,0.0,Sur chaussée,Blessé léger,Masculin,42.0,Autre,3,2,0.0,2.0,1.0,1.0,201700027645A01,37,19,1.0,Non cohérente,Cohérentes
1675,201700027675,2017-11-07,2017,novembre,mardi,11:50,38,38185,45.19021,5.72774,En agglomération,Hors intersection,6.0,Plein jour,Normale,4,Bidirectionnelle,2.0,Plat,1.0,0.0,74.0,Normale,4.0,Sur chaussée,Indemne,Masculin,20.0,Non renseigné,1,2,0.0,1.0,1.0,17.0,201700027675A01,,,,Cohérente,Cohérentes
1676,201700027683,2017-11-29,2017,novembre,mercredi,11:50,38,38185,45.18746,5.73042,En agglomération,Hors intersection,2.0,Plein jour,Pluie légère,3,A sens unique,1.0,Plat,3.0,0.0,0.0,Normale,0.0,Sur chaussée,Blessé léger,Féminin,77.0,Non renseigné,2,2,0.0,2.0,0.0,13.0,201700027683B01,7,2,1.0,Cohérente,Cohérentes
1677,201700027686,2017-11-30,2017,novembre,jeudi,19:30,38,38185,45.19057,5.71238,En agglomération,Hors intersection,6.0,Nuit avec éclairage public allumé,Normale,4,Non renseigné,1.0,Plat,1.0,0.0,0.0,Normale,0.0,Aucun,Indemne,Masculin,28.0,Domicile - travail,3,9,0.0,1.0,1.0,1.0,201700027686A01,,,,Cohérente,Cohérentes
1678,201700027686,2017-11-30,2017,novembre,jeudi,19:30,38,38185,45.19057,5.71238,En agglomération,Hors intersection,6.0,Nuit avec éclairage public allumé,Normale,4,Non renseigné,1.0,Plat,1.0,0.0,0.0,Normale,0.0,Aucun,Blessé léger,Masculin,10.0,Promenade - loisirs,3,8,0.0,1.0,1.0,1.0,201700027686A01,,,,Cohérente,Cohérentes
1679,201700033972,2017-01-02,2017,janvier,lundi,18:35,67,67482,48.57779,7.7507,En agglomération,Intersection en T,3.0,Nuit avec éclairage public allumé,Normale,4,A sens unique,1.0,Plat,1.0,0.0,88.0,Mouillée,0.0,Sur chaussée,Blessé léger,Masculin,84.0,Non renseigné,3,4,0.0,2.0,1.0,1.0,201700033972B01,7,16,1.0,Cohérente,Non cohérentes
1680,201700033981,2017-01-20,2017,janvier,vendredi,94:5,67,67482,48.58647,7.7586,En agglomération,Hors intersection,3.0,Plein jour,Normale,4,A sens unique,1.0,Plat,1.0,0.0,28.0,Normale,0.0,Sur chaussée,Blessé hospitalisé,Masculin,30.0,Domicile - travail,1,2,0.0,2.0,1.0,1.0,201700033981A01,7,1,1.0,Non cohérente,Non cohérentes
1681,201700033989,2017-01-30,2017,janvier,lundi,12:00,67,67482,48.58274,7.75102,En agglomération,Intersection en X,6.0,Plein jour,Pluie légère,4,A sens unique,1.0,Plat,1.0,0.0,55.0,Mouillée,0.0,Aucun,Blessé léger,Féminin,21.0,Non renseigné,1,4,0.0,2.0,1.0,1.0,201700033989A01,7,1,1.0,Cohérente,Non cohérentes
1682,201700033992,2017-02-04,2017,février,samedi,18:05,67,67482,48.5681,7.76834,En agglomération,Hors intersection,3.0,Nuit avec éclairage public allumé,Pluie légère,4,Non renseigné,4.0,Plat,1.0,0.0,0.0,Mouillée,0.0,Aucun,Blessé léger,Féminin,12.0,Non renseigné,1,4,0.0,2.0,3.0,0.0,201700033992B01,7,1,1.0,Cohérente,Non cohérentes
1683,201700033995,2017-02-09,2017,février,jeudi,15:55,67,67482,48.60041,7.78042,En agglomération,Hors intersection,3.0,Plein jour,Normale,4,Bidirectionnelle,2.0,Plat,1.0,0.0,30.0,Normale,0.0,Sur chaussée,Blessé léger,Féminin,21.0,Domicile - travail,2,9,0.0,2.0,8.0,1.0,201700033995A01,31,1,1.0,Cohérente,Non cohérentes
1684,201700034009,2017-03-02,2017,mars,jeudi,93:0,67,67482,48.58049,7.72763,En agglomération,Hors intersection,6.0,Plein jour,Normale,4,Bidirectionnelle,2.0,Plat,1.0,0.0,55.0,Normale,0.0,Sur chaussée,Blessé léger,Féminin,32.0,Non renseigné,1,9,0.0,2.0,1.0,16.0,201700034009A01,1,16,1.0,Non cohérente,Non cohérentes
1685,201700034009,2017-03-02,2017,mars,jeudi,93:0,67,67482,48.58049,7.72763,En agglomération,Hors intersection,6.0,Plein jour,Normale,4,Bidirectionnelle,2.0,Plat,1.0,0.0,55.0,Normale,0.0,Sur chaussée,Indemne,Masculin,46.0,Non renseigné,1,9,0.0,2.0,1.0,16.0,201700034009B01,1,16,1.0,Non cohérente,Non cohérentes
1686,201700034011,2017-03-02,2017,mars,jeudi,17:30,67,67482,48.59025,7.78209,En agglomération,Hors intersection,3.0,Plein jour,Normale,4,Bidirectionnelle,2.0,Plat,1.0,0.0,25.0,Normale,0.0,Sur chaussée,Blessé léger,Masculin,54.0,Promenade - loisirs,2,9,0.0,2.0,8.0,1.0,201700034011A01,1,1,1.0,Cohérente,Non cohérentes
1687,201700034011,2017-03-02,2017,mars,jeudi,17:30,67,67482,48.59025,7.78209,En agglomération,Hors intersection,3.0,Plein jour,Normale,4,Bidirectionnelle,2.0,Plat,1.0,0.0,25.0,Normale,0.0,Sur chaussée,Indemne,Masculin,32.0,Promenade - loisirs,3,9,0.0,2.0,1.0,1.0,201700034011B01,1,1,1.0,Cohérente,Non cohérentes
1688,201700034014,2017-03-05,2017,mars,dimanche,20:30,67,67482,48.56636,7.72068,En agglomération,Hors intersection,1.0,Nuit avec éclairage public allumé,Pluie légère,4,Bidirectionnelle,2.0,Plat,1.0,0.0,107.0,Mouillée,0.0,Sur chaussée,Blessé léger,Masculin,31.0,Promenade - loisirs,3,9,0.0,2.0,8.0,19.0,201700034014A01,7,0,1.0,Cohérente,Non cohérentes
1689,201700034016,2017-03-07,2017,mars,mardi,11:40,67,67482,48.57146,7.75068,En agglomération,Hors intersection,3.0,Plein jour,Pluie légère,4,Bidirectionnelle,3.0,Plat,1.0,0.0,120.0,Mouillée,0.0,Sur chaussée,Blessé léger,Masculin,65.0,Non renseigné,1,9,0.0,2.0,1.0,1.0,201700034016B01,7,1,1.0,Cohérente,Non cohérentes
1690,201700034024,2017-03-14,2017,mars,mardi,11:00,67,67482,48.58317,7.69769,En agglomération,Intersection en X,3.0,Plein jour,Normale,4,Bidirectionnelle,2.0,Plat,1.0,0.0,20.0,Normale,0.0,Sur chaussée,Blessé léger,Masculin,17.0,Domicile - école,1,4,0.0,2.0,1.0,1.0,201700034024B01,7,16,1.0,Cohérente,Non cohérentes
1691,201700034031,2017-03-22,2017,mars,mercredi,73:0,67,67482,48.56674,7.75832,En agglomération,Intersection en T,3.0,Plein jour,Pluie légère,4,A sens unique,1.0,Plat,1.0,0.0,44.0,Mouillée,0.0,Aucun,Blessé léger,Féminin,12.0,Domicile - école,1,2,0.0,2.0,1.0,19.0,201700034031B01,7,15,1.0,Non cohérente,Non cohérentes
1692,201700034034,2017-03-27,2017,mars,lundi,13:50,67,67482,48.58595,7.71402,En agglomération,Intersection en Y,1.0,Plein jour,Normale,4,A sens unique,1.0,Plat,1.0,0.0,75.0,Normale,0.0,Sur chaussée,Blessé léger,Masculin,46.0,Promenade - loisirs,2,9,0.0,2.0,1.0,1.0,201700034034B01,7,1,1.0,Cohérente,Non cohérentes
1693,201700034037,2017-03-28,2017,mars,mardi,11:25,67,67482,48.57723,7.73159,En agglomération,Intersection en X,3.0,Plein jour,Normale,4,A chaussées séparées,4.0,Plat,1.0,40.0,80.0,Normale,0.0,Sur chaussée,Blessé léger,Masculin,67.0,Promenade - loisirs,1,9,0.0,2.0,4.0,19.0,201700034037B01,7,1,1.0,Cohérente,Non cohérentes
1694,201700034038,2017-03-28,2017,mars,mardi,13:05,67,67482,48.57861,7.7717,En agglomération,Hors intersection,3.0,Plein jour,Normale,4,Bidirectionnelle,2.0,Plat,1.0,0.0,55.0,Normale,0.0,Sur chaussée,Blessé léger,Masculin,12.0,Domicile - école,3,9,0.0,2.0,7.0,19.0,201700034038B01,7,1,1.0,Cohérente,Non cohérentes
1695,201700034044,2017-03-31,2017,mars,vendredi,13:50,67,67482,48.58295,7.74035,En agglomération,Hors intersection,6.0,Plein jour,Normale,4,A sens unique,1.0,Plat,1.0,0.0,72.0,Normale,0.0,Sur chaussée,Blessé hospitalisé,Féminin,27.0,Promenade - loisirs,1,2,0.0,1.0,1.0,1.0,201700034044A01,,,,Cohérente,Non cohérentes
1696,201700034045,2017-03-31,2017,mars,vendredi,15:00,67,67482,48.58263,7.75203,En agglomération,Hors intersection,6.0,Plein jour,Normale,4,Bidirectionnelle,0.0,Plat,1.0,0.0,80.0,Normale,0.0,Sur chaussée,Blessé léger,Féminin,44.0,Promenade - loisirs,3,9,0.0,1.0,1.0,1.0,201700034045A01,1,1,2.0,Cohérente,Non cohérentes
1697,201700034053,2017-04-06,2017,avril,jeudi,14:00,67,67482,48.56763,7.75798,En agglomération,Hors intersection,6.0,Plein jour,Normale,4,Bidirectionnelle,2.0,Plat,1.0,0.0,64.0,Normale,0.0,Sur chaussée,Blessé léger,Féminin,59.0,Promenade - loisirs,3,9,1.0,0.0,7.0,1.0,201700034053B01,7,24,1.0,Cohérente,Non cohérentes
1698,201700034055,2017-04-07,2017,avril,vendredi,84:0,67,67482,48.59001,7.74007,En agglomération,Intersection à plus de 4 branches,3.0,Plein jour,Normale,4,A sens unique,1.0,Plat,1.0,0.0,50.0,Normale,0.0,Sur chaussée,Blessé léger,Masculin,35.0,Non renseigné,3,9,0.0,2.0,1.0,1.0,201700034055B01,7,15,1.0,Non cohérente,Non cohérentes
1699,201700034070,2017-04-21,2017,avril,vendredi,65:5,67,67482,48.56958,7.73463,En agglomération,Hors intersection,1.0,Plein jour,Normale,4,Bidirectionnelle,2.0,Plat,4.0,0.0,60.0,Normale,2.0,Sur chaussée,Indemne,Masculin,34.0,Non renseigné,1,9,0.0,2.0,1.0,1.0,201700034070A01,1,1,1.0,Non cohérente,Non cohérentes
1700,201700034070,2017-04-21,2017,avril,vendredi,65:5,67,67482,48.56958,7.73463,En agglomération,Hors intersection,1.0,Plein jour,Normale,4,Bidirectionnelle,2.0,Plat,4.0,0.0,60.0,Normale,2.0,Sur chaussée,Blessé léger,Masculin,54.0,Domicile - travail,1,2,0.0,2.0,1.0,1.0,201700034070B01,1,1,1.0,Non cohérente,Non cohérentes
1701,201700034072,2017-04-21,2017,avril,vendredi,20:00,67,67482,0.0,0.0,En agglomération,Intersection en X,1.0,Plein jour,Normale,4,Bidirectionnelle,3.0,Plat,1.0,0.0,100.0,Normale,0.0,Sur chaussée,Blessé léger,Masculin,62.0,Non renseigné,1,2,0.0,2.0,1.0,1.0,201700034072B01,10,15,1.0,Cohérente,Non cohérentes
1702,201700034086,2017-05-09,2017,mai,mardi,17:00,67,67482,48.57102,7.764,En agglomération,Intersection à plus de 4 branches,3.0,Plein jour,Normale,3,A chaussées séparées,5.0,Non renseigné,-1.0,85.0,146.0,Non renseigné,0.0,Sur chaussée,Blessé léger,Féminin,17.0,Promenade - loisirs,3,2,0.0,2.0,1.0,0.0,201700034086A01,33,1,1.0,Cohérente,Non cohérentes
1703,201700034092,2017-05-15,2017,mai,lundi,16:38,67,67482,48.59658,7.75927,En agglomération,Intersection en X,3.0,Plein jour,Normale,4,Bidirectionnelle,2.0,Plat,3.0,0.0,220.0,Normale,0.0,Aucun,Blessé hospitalisé,Féminin,16.0,Non renseigné,1,4,0.0,4.0,2.0,16.0,201700034092A01,40,1,1.0,Cohérente,Non cohérentes
1704,201700034101,2017-05-23,2017,mai,mardi,14:15,67,67482,48.5842,7.69303,En agglomération,Intersection en T,3.0,Plein jour,Normale,4,Bidirectionnelle,2.0,Plat,1.0,0.0,70.0,Normale,0.0,Aucun,Blessé léger,Masculin,14.0,Non renseigné,1,2,0.0,2.0,0.0,0.0,201700034101B01,7,0,1.0,Cohérente,Non cohérentes
1705,201700034102,2017-05-23,2017,mai,mardi,19:30,67,67482,48.57956,7.76691,En agglomération,Hors intersection,3.0,Plein jour,Normale,4,Bidirectionnelle,2.0,Plat,1.0,0.0,0.0,Normale,0.0,Aucun,Blessé léger,Masculin,21.0,Promenade - loisirs,1,2,0.0,0.0,0.0,0.0,201700034102A01,1,0,1.0,Cohérente,Non cohérentes
1706,201700034102,2017-05-23,2017,mai,mardi,19:30,67,67482,48.57956,7.76691,En agglomération,Hors intersection,3.0,Plein jour,Normale,4,Bidirectionnelle,2.0,Plat,1.0,0.0,0.0,Normale,0.0,Aucun,Blessé léger,Masculin,20.0,Promenade - loisirs,1,2,0.0,0.0,0.0,0.0,201700034102B01,1,0,1.0,Cohérente,Non cohérentes
1707,201700034105,2017-05-26,2017,mai,vendredi,13:50,67,67482,48.58183,7.7035,En agglomération,Intersection en X,3.0,Plein jour,Normale,4,Bidirectionnelle,3.0,Plat,1.0,0.0,90.0,Normale,0.0,Sur chaussée,Blessé léger,Masculin,7.0,Promenade - loisirs,2,2,0.0,2.0,7.0,1.0,201700034105B01,7,1,1.0,Cohérente,Non cohérentes
1708,201700034114,2017-05-30,2017,mai,mardi,11:35,67,67482,48.58987,7.76454,En agglomération,Hors intersection,1.0,Plein jour,Normale,4,A sens unique,1.0,Plat,1.0,0.0,50.0,Normale,0.0,Aucun,Blessé léger,Masculin,22.0,Non renseigné,1,2,0.0,2.0,1.0,0.0,201700034114A01,7,0,1.0,Cohérente,Non cohérentes
1709,201700034117,2017-06-02,2017,juin,vendredi,20:05,67,67482,48.5642,7.76903,En agglomération,Intersection en T,1.0,Plein jour,Normale,4,Bidirectionnelle,3.0,Plat,1.0,0.0,240.0,Normale,0.0,Aucun,Blessé léger,Masculin,8.0,Non renseigné,3,9,0.0,2.0,8.0,19.0,201700034117B01,30,1,1.0,Cohérente,Non cohérentes
1710,201700034122,2017-06-06,2017,juin,mardi,17:30,67,67482,48.58222,7.76728,En agglomération,Hors intersection,2.0,Plein jour,Normale,4,A sens unique,1.0,Plat,1.0,0.0,35.0,Normale,0.0,Sur chaussée,Indemne,Masculin,19.0,Promenade - loisirs,3,9,0.0,2.0,1.0,2.0,201700034122A01,7,2,1.0,Cohérente,Non cohérentes
1711,201700034127,2017-06-12,2017,juin,lundi,14:30,67,67482,48.58608,7.76289,En agglomération,Hors intersection,3.0,Plein jour,Normale,4,A chaussées séparées,4.0,Plat,1.0,52.0,92.0,Normale,0.0,Sur chaussée,Blessé léger,Féminin,26.0,Promenade - loisirs,3,9,0.0,2.0,1.0,19.0,201700034127A01,33,1,1.0,Cohérente,Non cohérentes
1712,201700034131,2017-06-15,2017,juin,jeudi,12:20,67,67482,48.58187,7.75885,En agglomération,Intersection en X,1.0,Plein jour,Normale,4,Bidirectionnelle,2.0,Plat,1.0,0.0,61.0,Normale,0.0,Sur chaussée,Blessé léger,Masculin,16.0,Non renseigné,1,2,0.0,2.0,1.0,1.0,201700034131A01,7,1,1.0,Cohérente,Non cohérentes
1713,201700034141,2017-06-24,2017,juin,samedi,23:10,67,67482,48.5603,7.78436,En agglomération,Hors intersection,6.0,Nuit avec éclairage public allumé,Normale,4,Bidirectionnelle,2.0,Plat,3.0,0.0,40.0,Normale,0.0,Sur chaussée,Blessé léger,Masculin,8.0,Promenade - loisirs,3,9,0.0,2.0,7.0,19.0,201700034141B01,7,1,1.0,Cohérente,Non cohérentes
1714,201700034144,2017-06-27,2017,juin,mardi,21:05,67,67482,48.56868,7.77721,En agglomération,Intersection en X,1.0,Crépuscule ou aube,Normale,4,A chaussées séparées,4.0,Plat,1.0,0.0,40.0,Normale,0.0,Sur chaussée,Blessé léger,Masculin,45.0,Domicile - travail,3,9,0.0,2.0,1.0,1.0,201700034144B01,1,1,1.0,Cohérente,Non cohérentes
1715,201700034144,2017-06-27,2017,juin,mardi,21:05,67,67482,48.56868,7.77721,En agglomération,Intersection en X,1.0,Crépuscule ou aube,Normale,4,A chaussées séparées,4.0,Plat,1.0,0.0,40.0,Normale,0.0,Sur chaussée,Blessé léger,Masculin,36.0,Promenade - loisirs,3,9,0.0,2.0,1.0,1.0,201700034144A01,1,1,1.0,Cohérente,Non cohérentes
1716,201700034151,2017-07-03,2017,juillet,lundi,15:50,67,67482,48.58701,7.75445,En agglomération,Hors intersection,6.0,Plein jour,Normale,4,Bidirectionnelle,2.0,Plat,1.0,0.0,50.0,Normale,0.0,Sur trottoir,Indemne,Masculin,16.0,Promenade - loisirs,2,2,0.0,1.0,1.0,1.0,201700034151A01,,,,Cohérente,Non cohérentes
1717,201700034153,2017-07-05,2017,juillet,mercredi,13:45,67,67482,48.57023,7.75087,En agglomération,Hors intersection,6.0,Plein jour,Normale,4,Bidirectionnelle,2.0,Plat,1.0,0.0,80.0,Normale,0.0,Sur chaussée,Blessé léger,Masculin,57.0,Promenade - loisirs,3,9,0.0,2.0,1.0,1.0,201700034153B01,7,20,1.0,Cohérente,Non cohérentes
1718,201700034154,2017-07-06,2017,juillet,jeudi,94:0,67,67482,48.5795,7.73091,En agglomération,Intersection en X,3.0,Plein jour,Normale,4,A sens unique,3.0,Plat,1.0,0.0,110.0,Normale,0.0,Sur chaussée,Blessé léger,Féminin,20.0,Domicile - travail,2,2,0.0,2.0,1.0,1.0,201700034154B01,14,16,1.0,Non cohérente,Non cohérentes
1719,201700034158,2017-07-08,2017,juillet,samedi,10:30,67,67482,48.58145,7.73743,En agglomération,Hors intersection,1.0,Plein jour,Normale,4,Bidirectionnelle,2.0,Plat,1.0,0.0,730.0,Normale,2.0,Sur piste cyclable,Blessé léger,Masculin,29.0,Promenade - loisirs,1,4,0.0,2.0,1.0,1.0,201700034158A01,1,1,1.0,Cohérente,Non cohérentes
1720,201700034158,2017-07-08,2017,juillet,samedi,10:30,67,67482,48.58145,7.73743,En agglomération,Hors intersection,1.0,Plein jour,Normale,4,Bidirectionnelle,2.0,Plat,1.0,0.0,730.0,Normale,2.0,Sur piste cyclable,Blessé léger,Féminin,54.0,Non renseigné,1,4,0.0,2.0,1.0,1.0,201700034158B01,1,1,1.0,Cohérente,Non cohérentes
1721,201700034159,2017-07-08,2017,juillet,samedi,13:40,67,67482,48.57238,7.76284,En agglomération,Hors intersection,3.0,Plein jour,Normale,4,Bidirectionnelle,2.0,Plat,3.0,0.0,67.0,Normale,1.0,Sur chaussée,Blessé léger,Masculin,51.0,Promenade - loisirs,1,4,0.0,2.0,1.0,19.0,201700034159A01,7,1,1.0,Cohérente,Non cohérentes
1722,201700034162,2017-07-09,2017,juillet,dimanche,19:05,67,67482,48.58438,7.6929,En agglomération,Hors intersection,3.0,Plein jour,Pluie légère,4,Bidirectionnelle,2.0,Plat,1.0,0.0,61.0,Mouillée,0.0,Sur trottoir,Blessé léger,Masculin,8.0,Promenade - loisirs,2,2,0.0,2.0,1.0,1.0,201700034162B01,7,20,1.0,Cohérente,Non cohérentes
1723,201700034166,2017-07-11,2017,juillet,mardi,19:50,67,67482,48.5481,7.74113,En agglomération,Hors intersection,3.0,Plein jour,Normale,4,A chaussées séparées,2.0,Plat,1.0,40.0,50.0,Normale,0.0,Sur chaussée,Blessé léger,Féminin,46.0,Promenade - loisirs,3,9,0.0,2.0,8.0,1.0,201700034166B01,7,1,1.0,Cohérente,Non cohérentes
1724,201700034167,2017-07-13,2017,juillet,jeudi,11:30,67,67482,48.60833,7.77917,En agglomération,Hors intersection,6.0,Plein jour,Normale,4,Bidirectionnelle,2.0,Plat,1.0,0.0,50.0,Normale,0.0,Sur chaussée,Blessé léger,Féminin,50.0,Promenade - loisirs,3,9,0.0,2.0,1.0,5.0,201700034167B01,13,20,1.0,Cohérente,Non cohérentes
1725,201700034168,2017-07-17,2017,juillet,lundi,53:,67,67482,48.57841,7.78296,En agglomération,Intersection en X,3.0,Nuit avec éclairage public allumé,Pluie légère,4,A sens unique,2.0,Pente,1.0,0.0,75.0,Mouillée,0.0,Sur chaussée,Blessé léger,Masculin,42.0,Promenade - loisirs,2,2,0.0,2.0,8.0,19.0,201700034168A01,7,1,1.0,Non cohérente,Non cohérentes
1726,201700034170,2017-07-16,2017,juillet,dimanche,19:30,67,67482,48.5753,7.75797,En agglomération,Hors intersection,6.0,Plein jour,Normale,4,Bidirectionnelle,2.0,Plat,1.0,0.0,50.0,Normale,0.0,Sur piste cyclable,Indemne,Masculin,21.0,Promenade - loisirs,3,2,0.0,1.0,1.0,1.0,201700034170A01,,,,Cohérente,Non cohérentes
1727,201700034171,2017-07-16,2017,juillet,dimanche,20:30,67,67482,48.58557,7.73605,En agglomération,Hors intersection,3.0,Plein jour,Normale,4,Bidirectionnelle,2.0,Plat,1.0,0.0,100.0,Normale,0.0,Sur chaussée,Blessé léger,Masculin,44.0,Promenade - loisirs,3,9,0.0,2.0,1.0,19.0,201700034171A01,37,1,1.0,Cohérente,Non cohérentes
1728,201700034172,2017-07-18,2017,juillet,mardi,90:0,67,67482,48.58472,7.77359,En agglomération,Hors intersection,3.0,Plein jour,Normale,4,Bidirectionnelle,2.0,Plat,1.0,0.0,135.0,Normale,0.0,Sur chaussée,Blessé léger,Féminin,21.0,Promenade - loisirs,3,9,0.0,0.0,7.0,19.0,201700034172A01,7,1,1.0,Non cohérente,Non cohérentes
1729,201700034174,2017-07-19,2017,juillet,mercredi,21:05,67,67482,48.57847,7.70846,En agglomération,Hors intersection,3.0,Crépuscule ou aube,Normale,4,Bidirectionnelle,2.0,Plat,1.0,0.0,50.0,Normale,0.0,Sur piste cyclable,Blessé hospitalisé,Féminin,35.0,Promenade - loisirs,2,9,1.0,0.0,1.0,1.0,201700034174B01,7,24,1.0,Cohérente,Non cohérentes
1730,201700034182,2017-07-27,2017,juillet,jeudi,94:5,67,67482,48.57368,7.71855,En agglomération,Intersection en X,3.0,Plein jour,Normale,4,Bidirectionnelle,2.0,Plat,1.0,0.0,40.0,Normale,0.0,Sur chaussée,Blessé hospitalisé,Masculin,28.0,Promenade - loisirs,1,2,0.0,2.0,1.0,1.0,201700034182A01,7,1,1.0,Non cohérente,Non cohérentes
1731,201700034184,2017-07-30,2017,juillet,dimanche,18:45,67,67482,48.58102,7.74909,En agglomération,Hors intersection,6.0,Plein jour,Normale,4,A sens unique,0.0,Pente,1.0,0.0,35.0,Normale,0.0,Sur chaussée,Indemne,Féminin,23.0,Promenade - loisirs,3,9,0.0,1.0,1.0,1.0,201700034184A01,,,,Cohérente,Non cohérentes
1732,201700034191,2017-08-06,2017,août,dimanche,10:53,67,67482,48.57211,7.75587,En agglomération,Hors intersection,7.0,Plein jour,Normale,4,Bidirectionnelle,3.0,Plat,1.0,0.0,120.0,Normale,1.0,Sur chaussée,Blessé hospitalisé,Masculin,76.0,Promenade - loisirs,2,9,0.0,0.0,0.0,1.0,201700034191A01,,,,Cohérente,Non cohérentes
1733,201700034195,2017-08-09,2017,août,mercredi,19:05,67,67482,48.54894,7.76897,En agglomération,Hors intersection,3.0,Plein jour,Normale,4,A chaussées séparées,2.0,Plat,1.0,40.0,60.0,Normale,0.0,Sur chaussée,Blessé léger,Masculin,35.0,Promenade - loisirs,3,9,0.0,2.0,8.0,19.0,201700034195B01,30,1,1.0,Cohérente,Non cohérentes
1734,201700034200,2017-08-13,2017,août,dimanche,18:55,67,67482,48.57877,7.74502,En agglomération,Hors intersection,3.0,Plein jour,Normale,4,Bidirectionnelle,2.0,Plat,1.0,0.0,60.0,Normale,0.0,Sur chaussée,Blessé léger,Féminin,61.0,Domicile - travail,3,9,0.0,2.0,1.0,19.0,201700034200B01,7,1,1.0,Cohérente,Non cohérentes
1735,201700034201,2017-08-14,2017,août,lundi,14:15,67,67482,48.58138,7.76896,En agglomération,Hors intersection,6.0,Plein jour,Normale,4,Bidirectionnelle,2.0,Plat,1.0,158.0,52.0,Normale,0.0,Sur piste cyclable,Indemne,Masculin,25.0,Non renseigné,1,4,0.0,1.0,1.0,1.0,201700034201A01,,,,Cohérente,Non cohérentes
1736,201700034203,2017-08-16,2017,août,mercredi,11:30,67,67482,48.59497,7.71845,En agglomération,Hors intersection,2.0,Plein jour,Normale,4,Bidirectionnelle,2.0,Plat,1.0,0.0,57.0,Normale,0.0,Sur chaussée,Blessé léger,Masculin,13.0,Non renseigné,3,2,1.0,0.0,8.0,17.0,201700034203B01,7,17,1.0,Cohérente,Non cohérentes
1737,201700034214,2017-08-29,2017,août,mardi,18:39,67,67482,48.56369,7.7681,En agglomération,Hors intersection,3.0,Plein jour,Normale,4,A chaussées séparées,3.0,Plat,1.0,90.0,90.0,Normale,4.0,Sur chaussée,Blessé léger,Féminin,49.0,Non renseigné,3,9,0.0,0.0,1.0,19.0,201700034214A01,40,1,1.0,Cohérente,Non cohérentes
1738,201700034218,2017-09-01,2017,septembre,vendredi,11:55,67,67482,48.61123,7.778,En agglomération,Hors intersection,3.0,Plein jour,Normale,4,Bidirectionnelle,0.0,Plat,1.0,0.0,70.0,Normale,0.0,Sur chaussée,Blessé léger,Féminin,38.0,Domicile - travail,3,4,0.0,2.0,1.0,1.0,201700034218B01,7,20,1.0,Cohérente,Non cohérentes
1739,201700034221,2017-09-04,2017,septembre,lundi,10:50,67,67482,48.58305,7.74804,En agglomération,Intersection en X,3.0,Plein jour,Normale,4,A sens unique,1.0,Plat,1.0,0.0,58.0,Normale,0.0,Sur chaussée,Blessé léger,Masculin,80.0,Promenade - loisirs,2,2,0.0,2.0,7.0,15.0,201700034221B01,7,16,1.0,Cohérente,Non cohérentes
1740,201700034230,2017-09-15,2017,septembre,vendredi,60:5,67,67482,48.56892,7.76513,En agglomération,Hors intersection,1.0,Nuit avec éclairage public allumé,Normale,4,A sens unique,1.0,Plat,1.0,0.0,0.0,Normale,0.0,Sur piste cyclable,Indemne,Masculin,22.0,Non renseigné,2,2,0.0,2.0,1.0,0.0,201700034230A01,1,0,1.0,Non cohérente,Non cohérentes
1741,201700034230,2017-09-15,2017,septembre,vendredi,60:5,67,67482,48.56892,7.76513,En agglomération,Hors intersection,1.0,Nuit avec éclairage public allumé,Normale,4,A sens unique,1.0,Plat,1.0,0.0,0.0,Normale,0.0,Sur piste cyclable,Blessé léger,Féminin,50.0,Non renseigné,2,2,0.0,2.0,1.0,0.0,201700034230B01,1,0,1.0,Non cohérente,Non cohérentes
1742,201700034236,2017-09-17,2017,septembre,dimanche,16:35,67,67482,48.5465,7.76819,En agglomération,Hors intersection,3.0,Plein jour,Pluie légère,4,A chaussées séparées,0.0,Plat,1.0,20.0,100.0,Mouillée,0.0,Sur chaussée,Blessé léger,Masculin,13.0,Promenade - loisirs,3,9,0.0,2.0,7.0,19.0,201700034236A01,7,1,1.0,Cohérente,Non cohérentes
1743,201700034237,2017-09-17,2017,septembre,dimanche,19:45,67,67482,48.60039,7.79131,En agglomération,Intersection en T,3.0,Nuit avec éclairage public allumé,Normale,4,Bidirectionnelle,2.0,Plat,1.0,0.0,78.0,Mouillée,0.0,Sur chaussée,Blessé hospitalisé,Masculin,40.0,Promenade - loisirs,3,9,0.0,2.0,8.0,1.0,201700034237B01,7,16,1.0,Cohérente,Non cohérentes
1744,201700034239,2017-09-19,2017,septembre,mardi,17:35,67,67482,48.58542,7.77847,En agglomération,Hors intersection,3.0,Plein jour,Normale,4,Bidirectionnelle,2.0,Plat,1.0,0.0,50.0,Mouillée,0.0,Sur chaussée,Blessé léger,Masculin,12.0,Promenade - loisirs,3,9,0.0,2.0,0.0,1.0,201700034239B01,7,1,1.0,Cohérente,Non cohérentes
1745,201700034242,2017-09-20,2017,septembre,mercredi,16:45,67,67482,48.58261,7.73312,En agglomération,Hors intersection,1.0,Plein jour,Normale,4,A sens unique,3.0,Plat,1.0,0.0,0.0,Normale,0.0,Sur chaussée,Blessé léger,Masculin,46.0,Domicile - école,2,2,0.0,2.0,1.0,19.0,201700034242B01,7,7,1.0,Cohérente,Non cohérentes
1746,201700034247,2017-09-22,2017,septembre,vendredi,12:45,67,67482,48.55502,7.7541,En agglomération,Intersection en X,3.0,Plein jour,Normale,4,Bidirectionnelle,2.0,Plat,1.0,0.0,70.0,Normale,0.0,Sur chaussée,Blessé léger,Masculin,13.0,Promenade - loisirs,1,2,0.0,2.0,7.0,19.0,201700034247B01,7,1,1.0,Cohérente,Non cohérentes
1747,201700034252,2017-09-26,2017,septembre,mardi,82:0,67,67482,48.59226,7.74393,En agglomération,Intersection en T,3.0,Plein jour,Normale,4,A sens unique,3.0,Plat,3.0,0.0,150.0,Normale,0.0,Sur chaussée,Blessé léger,Masculin,37.0,Domicile - travail,1,4,0.0,2.0,1.0,1.0,201700034252B01,7,16,1.0,Non cohérente,Non cohérentes
1748,201700034254,2017-09-26,2017,septembre,mardi,17:50,67,67482,48.5677,7.76481,En agglomération,Hors intersection,2.0,Plein jour,Normale,4,Bidirectionnelle,2.0,Plat,1.0,0.0,80.0,Normale,0.0,Sur chaussée,Blessé léger,Masculin,15.0,Promenade - loisirs,3,9,0.0,2.0,1.0,2.0,201700034254A01,7,2,1.0,Cohérente,Non cohérentes
1749,201700034267,2017-10-02,2017,octobre,lundi,18:20,67,67482,48.58674,7.76141,En agglomération,Intersection en X,3.0,Plein jour,Normale,4,Bidirectionnelle,2.0,Plat,1.0,0.0,100.0,Normale,0.0,Sur chaussée,Blessé léger,Masculin,14.0,Autre,3,2,0.0,2.0,7.0,19.0,201700034267B01,7,1,1.0,Cohérente,Non cohérentes
1750,201700034280,2017-10-11,2017,octobre,mercredi,72:5,67,67482,48.58489,7.73655,En agglomération,Intersection en T,3.0,Plein jour,Normale,4,Bidirectionnelle,2.0,Plat,1.0,0.0,550.0,Normale,0.0,Sur chaussée,Blessé léger,Féminin,52.0,Autre,3,9,0.0,2.0,8.0,19.0,201700034280B01,7,15,1.0,Non cohérente,Non cohérentes
1751,201700034283,2017-10-12,2017,octobre,jeudi,21:25,67,67482,48.60053,7.78107,En agglomération,Intersection en X,3.0,Nuit avec éclairage public allumé,Normale,4,A sens unique,2.0,Plat,1.0,0.0,70.0,Normale,0.0,Sur chaussée,Blessé léger,Masculin,22.0,Promenade - loisirs,3,2,0.0,2.0,1.0,1.0,201700034283A01,7,15,1.0,Cohérente,Non cohérentes
1752,201700034290,2017-10-19,2017,octobre,jeudi,19:10,67,67482,48.59709,7.72666,En agglomération,Hors intersection,3.0,Nuit avec éclairage public allumé,Normale,4,Bidirectionnelle,2.0,Plat,1.0,0.0,50.0,Normale,0.0,Sur chaussée,Blessé léger,Masculin,63.0,Promenade - loisirs,3,9,0.0,2.0,1.0,19.0,201700034290B01,7,1,1.0,Cohérente,Non cohérentes
1753,201700034292,2017-10-21,2017,octobre,samedi,11:15,67,67482,48.5645,7.75872,En agglomération,Intersection en X,3.0,Plein jour,Normale,4,A sens unique,1.0,Non renseigné,-1.0,0.0,55.0,Non renseigné,0.0,Sur chaussée,Blessé léger,Masculin,50.0,Promenade - loisirs,1,9,0.0,2.0,2.0,1.0,201700034292B01,7,17,1.0,Cohérente,Non cohérentes
1754,201700034298,2017-10-25,2017,octobre,mercredi,80:0,67,67482,48.58683,7.76134,En agglomération,Hors intersection,6.0,Plein jour,Normale,4,Bidirectionnelle,4.0,Plat,1.0,0.0,120.0,Normale,0.0,Sur chaussée,Blessé léger,Féminin,22.0,Promenade - loisirs,3,9,0.0,2.0,8.0,1.0,201700034298B01,7,1,1.0,Non cohérente,Non cohérentes
1755,201700034303,2017-11-05,2017,novembre,dimanche,19:00,67,67482,48.58659,7.71598,En agglomération,Hors intersection,2.0,Nuit avec éclairage public allumé,Pluie légère,4,Bidirectionnelle,2.0,Plat,1.0,0.0,61.0,Mouillée,0.0,Sur chaussée,Blessé hospitalisé,Féminin,29.0,Promenade - loisirs,3,9,0.0,2.0,1.0,2.0,201700034303B01,7,2,1.0,Cohérente,Non cohérentes
1756,201700034306,2017-11-09,2017,novembre,jeudi,14:50,67,67482,48.57988,7.71568,En agglomération,Hors intersection,3.0,Plein jour,Normale,4,Bidirectionnelle,4.0,Plat,1.0,0.0,76.0,Normale,0.0,Sur chaussée,Blessé léger,Féminin,34.0,Autre,3,9,0.0,2.0,7.0,1.0,201700034306B01,7,16,1.0,Cohérente,Non cohérentes
1757,201700034308,2017-11-14,2017,novembre,mardi,13:25,67,67482,48.54902,7.74127,En agglomération,Intersection en T,3.0,Plein jour,Normale,4,Bidirectionnelle,2.0,Plat,1.0,0.0,150.0,Normale,0.0,Sur chaussée,Indemne,Masculin,23.0,Promenade - loisirs,3,9,0.0,2.0,1.0,1.0,201700034308A01,7,1,1.0,Cohérente,Non cohérentes
1758,201700034315,2017-11-21,2017,novembre,mardi,80:5,67,67482,48.57416,7.77146,En agglomération,Hors intersection,3.0,Plein jour,Pluie légère,4,Bidirectionnelle,3.0,Plat,1.0,0.0,102.0,Mouillée,0.0,Sur chaussée,Blessé léger,Masculin,20.0,Domicile - école,2,2,0.0,2.0,1.0,19.0,201700034315A01,7,1,1.0,Non cohérente,Non cohérentes
1759,201700034316,2017-11-23,2017,novembre,jeudi,15:10,67,67482,48.57116,7.77221,En agglomération,Intersection en T,1.0,Plein jour,Normale,4,A sens unique,2.0,Plat,1.0,0.0,60.0,Normale,0.0,Sur chaussée,Blessé léger,Féminin,38.0,Promenade - loisirs,3,9,0.0,2.0,1.0,1.0,201700034316A01,1,5,1.0,Cohérente,Non cohérentes
1760,201700034322,2017-11-27,2017,novembre,lundi,18:00,67,67482,48.58099,7.77045,En agglomération,Hors intersection,3.0,Nuit avec éclairage public allumé,Normale,4,A sens unique,2.0,Plat,1.0,0.0,62.0,Normale,0.0,Sur chaussée,Blessé léger,Masculin,26.0,Domicile - travail,2,2,0.0,2.0,1.0,1.0,201700034322B01,7,9,1.0,Cohérente,Non cohérentes
1761,201700034324,2017-11-30,2017,novembre,jeudi,16:50,67,67482,48.59151,7.76412,En agglomération,Intersection en X,3.0,Crépuscule ou aube,Pluie légère,4,Bidirectionnelle,2.0,Plat,1.0,0.0,110.0,Mouillée,0.0,Sur chaussée,Blessé léger,Masculin,36.0,Autre,3,9,0.0,2.0,8.0,1.0,201700034324B01,10,16,1.0,Cohérente,Non cohérentes
1762,201700034325,2017-12-01,2017,décembre,vendredi,16:00,67,67482,48.58417,7.69295,En agglomération,Intersection en X,3.0,Plein jour,Temps couvert,4,Bidirectionnelle,2.0,Plat,1.0,0.0,75.0,Mouillée,5.0,Sur chaussée,Blessé léger,Masculin,16.0,Domicile - école,1,9,0.0,2.0,8.0,19.0,201700034325B01,7,16,1.0,Cohérente,Non cohérentes
1763,201700034330,2017-12-05,2017,décembre,mardi,18:30,67,67482,48.59283,7.70927,En agglomération,Intersection en X,3.0,Nuit avec éclairage public allumé,Normale,4,Bidirectionnelle,2.0,Plat,1.0,0.0,60.0,Normale,0.0,Sur chaussée,Blessé léger,Masculin,31.0,Promenade - loisirs,3,9,0.0,2.0,8.0,1.0,201700034330B01,7,1,1.0,Cohérente,Non cohérentes
1764,201700034331,2017-12-06,2017,décembre,mercredi,74:5,67,67482,48.57073,7.76972,En agglomération,Intersection en X,3.0,Plein jour,Normale,4,Bidirectionnelle,2.0,Plat,1.0,0.0,50.0,Mouillée,0.0,Sur chaussée,Blessé léger,Masculin,45.0,Promenade - loisirs,3,9,0.0,2.0,8.0,19.0,201700034331B01,7,15,1.0,Non cohérente,Non cohérentes
1765,201700034338,2017-12-18,2017,décembre,lundi,11:10,67,67482,48.57621,7.75418,En agglomération,Intersection en T,3.0,Plein jour,Neige - grêle,4,Bidirectionnelle,2.0,Plat,1.0,0.0,40.0,Mouillée,0.0,Sur chaussée,Blessé léger,Féminin,24.0,Domicile - travail,2,9,0.0,2.0,7.0,1.0,201700034338B01,7,1,1.0,Cohérente,Non cohérentes
1766,201700034341,2017-12-20,2017,décembre,mercredi,74:0,67,67482,48.58138,7.76275,En agglomération,Intersection en X,3.0,Nuit avec éclairage public allumé,Pluie légère,4,Bidirectionnelle,2.0,Plat,1.0,0.0,60.0,Mouillée,0.0,Sur chaussée,Blessé léger,Masculin,17.0,Non renseigné,3,9,0.0,2.0,7.0,1.0,201700034341B01,10,1,1.0,Non cohérente,Non cohérentes
1767,201700034343,2017-12-20,2017,décembre,mercredi,13:55,67,67482,48.58741,7.77022,En agglomération,Intersection en T,3.0,Plein jour,Normale,4,A chaussées séparées,2.0,Plat,1.0,12.0,110.0,Mouillée,5.0,Sur chaussée,Blessé léger,Féminin,47.0,Promenade - loisirs,2,2,0.0,2.0,3.0,5.0,201700034343A01,7,15,1.0,Cohérente,Non cohérentes
1768,201700034349,2017-12-27,2017,décembre,mercredi,19:40,67,67482,48.57866,7.72827,En agglomération,Intersection en T,3.0,Nuit avec éclairage public allumé,Pluie légère,4,Bidirectionnelle,2.0,Plat,2.0,0.0,60.0,Mouillée,5.0,Sur chaussée,Blessé léger,Masculin,33.0,Domicile - travail,2,9,0.0,2.0,7.0,1.0,201700034349B01,7,15,1.0,Cohérente,Non cohérentes
1769,201700035484,2017-01-27,2017,janvier,vendredi,11:55,74,74010,45.90718,6.132,En agglomération,Hors intersection,6.0,Plein jour,Normale,4,A sens unique,1.0,Plat,1.0,0.0,50.0,Normale,0.0,Sur chaussée,Blessé léger,Masculin,57.0,Non renseigné,1,2,0.0,0.0,0.0,0.0,201700035484B01,7,0,1.0,Cohérente,Non cohérentes
1770,201700035485,2017-01-31,2017,janvier,mardi,18:25,74,74010,45.89818,6.11641,En agglomération,Intersection en T,6.0,Nuit avec éclairage public allumé,Normale,4,Bidirectionnelle,2.0,Plat,1.0,,,Mouillée,0.0,Sur chaussée,Blessé léger,Masculin,22.0,Non renseigné,3,9,0.0,0.0,0.0,0.0,201700035485B01,7,15,1.0,Cohérente,Non cohérentes
1771,201700035491,2017-03-08,2017,mars,mercredi,11:55,74,74010,45.90545,6.13212,En agglomération,Giratoire,6.0,Plein jour,Pluie forte,4,Bidirectionnelle,0.0,Plat,1.0,0.0,0.0,Mouillée,0.0,Sur chaussée,Blessé léger,Féminin,63.0,Non renseigné,3,9,0.0,0.0,0.0,0.0,201700035491B01,7,0,1.0,Cohérente,Non cohérentes
1772,201700035492,2017-03-10,2017,mars,vendredi,18:33,74,74010,45.90368,6.12739,En agglomération,Intersection en T,6.0,Crépuscule ou aube,Normale,4,Bidirectionnelle,2.0,Plat,1.0,0.0,66.0,Normale,0.0,Sur chaussée,Blessé léger,Masculin,20.0,Promenade - loisirs,1,9,0.0,2.0,1.0,1.0,201700035492A01,7,1,1.0,Cohérente,Non cohérentes
1773,201700035495,2017-03-18,2017,mars,samedi,92:3,74,74010,45.9116,6.1228,En agglomération,Hors intersection,3.0,Plein jour,Normale,4,A sens unique,1.0,Plat,1.0,0.0,0.0,Normale,0.0,Sur trottoir,Blessé léger,Masculin,44.0,Promenade - loisirs,2,9,0.0,2.0,1.0,1.0,201700035495A01,7,1,1.0,Non cohérente,Non cohérentes
1774,201700035506,2017-02-24,2017,février,vendredi,23:30,74,74010,45.90348,6.13049,En agglomération,Intersection en X,3.0,Nuit avec éclairage public allumé,Normale,4,Bidirectionnelle,2.0,Plat,1.0,0.0,0.0,Normale,5.0,Sur piste cyclable,Blessé léger,Masculin,22.0,Promenade - loisirs,1,2,0.0,2.0,1.0,1.0,201700035506B01,7,19,1.0,Cohérente,Non cohérentes
1775,201700035507,2017-03-28,2017,mars,mardi,15:45,74,74010,45.9119,6.1313,En agglomération,Giratoire,3.0,Plein jour,Normale,4,A chaussées séparées,2.0,Plat,1.0,0.0,0.0,Normale,5.0,Sur chaussée,Tué,Masculin,84.0,Promenade - loisirs,1,2,0.0,0.0,0.0,0.0,201700035507B01,14,1,1.0,Cohérente,Non cohérentes
1776,201700035512,2017-04-17,2017,avril,lundi,18:03,74,74010,45.8902,6.1324,Hors agglomération,Hors intersection,1.0,Plein jour,Normale,3,Bidirectionnelle,0.0,Pente,-1.0,0.0,0.0,Normale,0.0,Sur chaussée,Blessé léger,Masculin,24.0,Non renseigné,1,2,0.0,2.0,2.0,5.0,201700035512A01,7,5,1.0,Cohérente,Non cohérentes
1777,201700035517,2017-04-23,2017,avril,dimanche,16:10,74,74010,45.9054,6.1441,En agglomération,Hors intersection,2.0,Plein jour,Normale,4,Bidirectionnelle,2.0,Plat,1.0,0.0,80.0,Normale,0.0,Sur chaussée,Blessé léger,Masculin,53.0,Non renseigné,1,2,0.0,0.0,0.0,0.0,201700035517B01,33,2,1.0,Cohérente,Non cohérentes
1778,201700035524,2017-04-28,2017,avril,vendredi,10:59,74,74010,45.9204,6.1236,En agglomération,Hors intersection,6.0,Plein jour,Normale,4,Bidirectionnelle,2.0,Plat,1.0,0.0,60.0,Normale,0.0,Sur chaussée,Blessé léger,Masculin,85.0,Non renseigné,1,2,1.0,0.0,1.0,1.0,201700035524B01,7,22,1.0,Cohérente,Non cohérentes
1779,201700035527,2017-03-16,2017,mars,jeudi,19:45,74,74010,45.91331,6.12491,En agglomération,Intersection en X,3.0,Nuit avec éclairage public allumé,Normale,4,Bidirectionnelle,1.0,Plat,1.0,,,Normale,0.0,Sur chaussée,Blessé léger,Masculin,37.0,Promenade - loisirs,2,4,0.0,2.0,1.0,1.0,201700035527B01,7,15,1.0,Cohérente,Non cohérentes
1780,201700035528,2017-03-30,2017,mars,jeudi,90:0,74,74010,45.91192,6.12783,En agglomération,Intersection en T,3.0,Plein jour,Normale,4,Bidirectionnelle,2.0,Plat,1.0,0.0,68.0,Normale,5.0,Sur chaussée,Blessé léger,Masculin,42.0,Promenade - loisirs,2,4,0.0,2.0,1.0,1.0,201700035528B01,7,16,1.0,Non cohérente,Non cohérentes
1781,201700035533,2017-05-27,2017,mai,samedi,12:23,74,74010,45.92133,6.13335,En agglomération,Giratoire,3.0,Plein jour,Normale,4,A sens unique,2.0,Pente,3.0,26.0,62.0,Normale,5.0,Sur chaussée,Blessé léger,Féminin,31.0,Promenade - loisirs,3,9,0.0,2.0,8.0,1.0,201700035533B01,7,16,1.0,Cohérente,Non cohérentes
1782,201700035544,2017-04-28,2017,avril,vendredi,12:00,74,74010,45.90939,6.14181,En agglomération,Intersection en T,6.0,Plein jour,Normale,4,Bidirectionnelle,2.0,Plat,1.0,0.0,50.0,Normale,0.0,Aucun,Blessé léger,Féminin,48.0,Non renseigné,3,2,0.0,2.0,2.0,19.0,201700035544B01,7,1,1.0,Cohérente,Non cohérentes
1783,201700035559,2017-05-28,2017,mai,dimanche,12:00,74,74010,45.92433,6.12667,En agglomération,Intersection en Y,6.0,Plein jour,Normale,4,Bidirectionnelle,2.0,Plat,1.0,0.0,40.0,Normale,0.0,Sur chaussée,Blessé léger,Masculin,64.0,Autre,3,2,0.0,2.0,1.0,16.0,201700035559B01,7,15,1.0,Cohérente,Non cohérentes
1784,201700035560,2017-07-07,2017,juillet,vendredi,81:5,74,74010,45.91141,6.13423,En agglomération,Hors intersection,6.0,Plein jour,Normale,4,A sens unique,2.0,Plat,1.0,13.0,74.0,Normale,0.0,Sur piste cyclable,Blessé hospitalisé,Masculin,29.0,Promenade - loisirs,1,2,1.0,0.0,1.0,21.0,201700035560A01,7,24,1.0,Non cohérente,Non cohérentes
1785,201700035571,2017-07-24,2017,juillet,lundi,91:5,74,74010,45.9104,6.1238,En agglomération,Hors intersection,3.0,Plein jour,Pluie légère,4,Non renseigné,0.0,Plat,1.0,0.0,0.0,Mouillée,0.0,Sur trottoir,Blessé hospitalisé,Féminin,49.0,Domicile - travail,3,9,0.0,2.0,1.0,1.0,201700035571A01,7,1,1.0,Non cohérente,Non cohérentes
1786,201700035575,2017-07-15,2017,juillet,samedi,15:35,74,74010,45.90134,6.1282,En agglomération,Hors intersection,6.0,Plein jour,Normale,4,Bidirectionnelle,2.0,Plat,1.0,0.0,61.0,Normale,0.0,Sur chaussée,Blessé léger,Masculin,25.0,Autre,3,9,0.0,2.0,1.0,19.0,201700035575B01,33,1,1.0,Cohérente,Non cohérentes
1787,201700035583,2017-08-23,2017,août,mercredi,17:03,74,74010,45.92317,6.12369,En agglomération,Intersection en Y,3.0,Plein jour,Normale,4,A sens unique,2.0,Plat,3.0,40.0,48.0,Normale,5.0,Sur piste cyclable,Blessé hospitalisé,Féminin,32.0,Promenade - loisirs,3,2,0.0,2.0,8.0,2.0,201700035583A01,7,16,1.0,Cohérente,Non cohérentes
1788,201700035586,2017-08-31,2017,août,jeudi,19:00,74,74010,45.90446,6.12999,En agglomération,Intersection en X,7.0,Plein jour,Pluie légère,4,Bidirectionnelle,2.0,Plat,1.0,0.0,88.0,Mouillée,0.0,Sur chaussée,Blessé hospitalisé,Masculin,71.0,Non renseigné,2,9,3.0,0.0,1.0,21.0,201700035586A01,7,15,1.0,Cohérente,Non cohérentes
1789,201700035602,2017-09-22,2017,septembre,vendredi,15:15,74,74010,45.89305,6.11753,En agglomération,Intersection en X,3.0,Plein jour,Normale,4,Bidirectionnelle,2.0,Plat,1.0,,,Normale,5.0,Sur chaussée,Blessé léger,Masculin,57.0,Promenade - loisirs,1,2,0.0,2.0,1.0,1.0,201700035602B01,7,15,1.0,Cohérente,Non cohérentes
1790,201700035606,2017-10-03,2017,octobre,mardi,92:5,74,74010,45.90481,6.12625,En agglomération,Hors intersection,6.0,Plein jour,Pluie légère,4,A sens unique,1.0,Plat,1.0,4.0,97.0,Mouillée,0.0,Sur chaussée,Blessé léger,Masculin,52.0,Non renseigné,3,9,0.0,2.0,1.0,2.0,201700035606B01,10,4,1.0,Non cohérente,Non cohérentes
1791,201700035613,2017-10-17,2017,octobre,mardi,73:5,74,74010,45.90481,6.14507,En agglomération,Intersection en T,3.0,Plein jour,Normale,4,Bidirectionnelle,3.0,Plat,1.0,,,Normale,5.0,Sur chaussée,Blessé léger,Masculin,22.0,Non renseigné,2,2,0.0,2.0,2.0,19.0,201700035613B01,7,1,1.0,Non cohérente,Non cohérentes
1792,201700035620,2017-11-02,2017,novembre,jeudi,19:00,74,74010,45.9076,6.1243,En agglomération,Intersection en Y,3.0,Nuit avec éclairage public allumé,Normale,4,A sens unique,1.0,Plat,1.0,0.0,30.0,Normale,0.0,Sur chaussée,Blessé léger,Masculin,23.0,Non renseigné,3,9,0.0,2.0,1.0,15.0,201700035620B01,7,15,1.0,Cohérente,Non cohérentes
1793,201700035621,2017-11-07,2017,novembre,mardi,13:00,74,74010,45.9207,6.1329,En agglomération,Giratoire,3.0,Plein jour,Normale,4,Bidirectionnelle,2.0,Plat,1.0,0.0,0.0,Normale,0.0,Sur chaussée,Blessé léger,Masculin,58.0,Non renseigné,3,9,0.0,2.0,0.0,19.0,201700035621B01,31,2,1.0,Cohérente,Non cohérentes
1794,201700035623,2017-11-10,2017,novembre,vendredi,18:10,74,74010,45.91606,6.12858,En agglomération,Giratoire,3.0,Nuit avec éclairage public allumé,Pluie légère,4,Bidirectionnelle,2.0,Plat,1.0,0.0,0.0,Mouillée,0.0,Aucun,Blessé léger,Féminin,63.0,Non renseigné,3,9,0.0,2.0,2.0,14.0,201700035623B01,7,9,1.0,Cohérente,Non cohérentes
1795,201700035636,2017-12-18,2017,décembre,lundi,14:30,74,74010,45.90471,6.12378,En agglomération,Hors intersection,6.0,Plein jour,Neige - grêle,4,A chaussées séparées,1.0,Plat,1.0,0.0,200.0,Enneigée,0.0,Sur chaussée,Indemne,Masculin,26.0,Non renseigné,2,2,0.0,1.0,1.0,1.0,201700035636A01,,,,Cohérente,Non cohérentes
1796,201800025689,2018-01-24,2018,janvier,mercredi,14:20,38,38185,45.18542,5.73108,En agglomération,Hors intersection,6.0,Plein jour,Normale,3,Bidirectionnelle,3.0,Plat,1.0,0.0,0.0,Normale,0.0,Sur chaussée,Blessé léger,Masculin,51.0,Domicile - travail,2,2,0.0,2.0,1.0,1.0,201800025689B01,7,16,1.0,Cohérente,Cohérentes
1797,201800031622,2018-01-01,2018,janvier,lundi,54:0,67,67482,48.55443,7.76622,En agglomération,Intersection en X,3.0,Nuit avec éclairage public allumé,Pluie légère,4,Bidirectionnelle,4.0,Plat,1.0,0.0,90.0,Mouillée,5.0,Sur chaussée,Blessé léger,Masculin,37.0,Promenade - loisirs,2,2,0.0,2.0,8.0,19.0,201800031622A01,10,15,1.0,Non cohérente,Non cohérentes
1798,201800031630,2018-01-13,2018,janvier,samedi,41:,67,67482,48.5689,7.75165,En agglomération,Intersection en X,3.0,Nuit avec éclairage public allumé,Normale,4,Bidirectionnelle,2.0,Plat,1.0,0.0,70.0,Normale,4.0,Sur chaussée,Blessé léger,Masculin,24.0,Promenade - loisirs,1,4,0.0,4.0,1.0,1.0,201800031630A01,40,1,1.0,Non cohérente,Non cohérentes
1799,201800031633,2018-01-16,2018,janvier,mardi,13:05,67,67482,48.57872,7.7454,En agglomération,Hors intersection,6.0,Plein jour,Normale,4,Bidirectionnelle,2.0,Plat,1.0,0.0,60.0,Normale,0.0,Sur chaussée,Blessé léger,Masculin,11.0,Domicile - école,3,9,0.0,2.0,1.0,19.0,201800031633B01,7,1,1.0,Cohérente,Non cohérentes
1800,201800031639,2018-01-19,2018,janvier,vendredi,18:00,67,67482,48.59376,7.77173,En agglomération,Hors intersection,1.0,Nuit avec éclairage public allumé,Pluie légère,4,A sens unique,1.0,Plat,1.0,0.0,20.0,Mouillée,0.0,Sur piste cyclable,Blessé léger,Masculin,46.0,Non renseigné,1,4,0.0,2.0,0.0,1.0,201800031639B01,1,1,1.0,Cohérente,Non cohérentes
1801,201800031639,2018-01-19,2018,janvier,vendredi,18:00,67,67482,48.59376,7.77173,En agglomération,Hors intersection,1.0,Nuit avec éclairage public allumé,Pluie légère,4,A sens unique,1.0,Plat,1.0,0.0,20.0,Mouillée,0.0,Sur piste cyclable,Blessé léger,Masculin,43.0,Domicile - travail,1,4,0.0,2.0,0.0,1.0,201800031639A01,1,1,1.0,Cohérente,Non cohérentes
1802,201800031648,2018-01-31,2018,janvier,mercredi,17:50,67,67482,48.59199,7.76947,En agglomération,Intersection en X,3.0,Nuit avec éclairage public allumé,Pluie légère,4,Bidirectionnelle,0.0,Plat,1.0,0.0,80.0,Mouillée,0.0,Sur chaussée,Blessé léger,Féminin,21.0,Autre,3,9,0.0,2.0,7.0,1.0,201800031648B01,7,19,1.0,Cohérente,Non cohérentes
1803,201800031649,2018-01-31,2018,janvier,mercredi,20:10,67,67482,48.56053,7.69319,En agglomération,Giratoire,3.0,Nuit avec éclairage public allumé,Pluie légère,4,Bidirectionnelle,2.0,Plat,3.0,0.0,80.0,Mouillée,0.0,Sur chaussée,Blessé léger,Masculin,43.0,Non renseigné,3,9,0.0,2.0,6.0,16.0,201800031649A01,7,16,1.0,Cohérente,Non cohérentes
1804,201800031658,2018-02-12,2018,février,lundi,10:5,67,67482,48.5859,7.77413,En agglomération,Intersection en X,3.0,Nuit avec éclairage public allumé,Normale,4,Bidirectionnelle,2.0,Plat,1.0,0.0,60.0,Normale,0.0,Sur piste cyclable,Blessé léger,Masculin,87.0,Domicile - travail,1,2,0.0,2.0,8.0,1.0,201800031658B01,7,16,1.0,Cohérente,Non cohérentes
1805,201800031663,2018-02-13,2018,février,mardi,16:40,67,67482,48.5893,7.74986,En agglomération,Intersection en X,3.0,Plein jour,Normale,4,A sens unique,1.0,Plat,1.0,0.0,60.0,Normale,0.0,Sur chaussée,Blessé léger,Féminin,16.0,Autre,3,9,0.0,2.0,0.0,1.0,201800031663A01,7,1,1.0,Cohérente,Non cohérentes
1806,201800031675,2018-03-08,2018,mars,jeudi,55:0,67,67482,48.57173,7.75493,En agglomération,Intersection en Y,3.0,Nuit avec éclairage public allumé,Pluie légère,4,Non renseigné,2.0,Plat,1.0,0.0,40.0,Mouillée,5.0,Sur chaussée,Blessé hospitalisé,Masculin,56.0,Non renseigné,3,9,0.0,2.0,8.0,19.0,201800031675B01,7,15,1.0,Non cohérente,Non cohérentes
1807,201800031676,2018-03-08,2018,mars,jeudi,90:0,67,67482,48.57665,7.74139,En agglomération,Hors intersection,6.0,Plein jour,Normale,4,A sens unique,1.0,Plat,1.0,0.0,30.0,Normale,0.0,Sur chaussée,Indemne,Masculin,33.0,Non renseigné,3,9,0.0,1.0,1.0,1.0,201800031676A01,,,,Non cohérente,Non cohérentes
1808,201800031677,2018-03-09,2018,mars,vendredi,10:0,67,67482,48.56165,7.6958,En agglomération,Hors intersection,1.0,Nuit avec éclairage public allumé,Normale,4,Bidirectionnelle,0.0,Plat,1.0,0.0,60.0,Normale,0.0,Sur chaussée,Blessé léger,Masculin,23.0,Promenade - loisirs,2,9,0.0,2.0,3.0,1.0,201800031677A01,7,1,1.0,Cohérente,Non cohérentes
1809,201800031680,2018-03-12,2018,mars,lundi,75:5,67,67482,48.57076,7.71009,En agglomération,Intersection en T,6.0,Plein jour,Pluie légère,4,Bidirectionnelle,2.0,Plat,1.0,15.0,60.0,Mouillée,4.0,Sur chaussée,Blessé léger,Masculin,56.0,Domicile - travail,3,9,0.0,4.0,1.0,1.0,201800031680A01,40,1,1.0,Non cohérente,Non cohérentes
1810,201800031686,2018-03-16,2018,mars,vendredi,20:05,67,67482,48.59884,7.7529,En agglomération,Hors intersection,3.0,Nuit avec éclairage public allumé,Normale,4,Bidirectionnelle,4.0,Plat,1.0,20.0,57.0,Non renseigné,0.0,Sur chaussée,Blessé léger,Féminin,21.0,Promenade - loisirs,2,2,0.0,2.0,7.0,19.0,201800031686B01,7,15,1.0,Cohérente,Non cohérentes
1811,201800031690,2018-03-26,2018,mars,lundi,19:00,67,67482,48.58074,7.72763,En agglomération,Intersection en T,3.0,Plein jour,Normale,4,A chaussées séparées,4.0,Plat,1.0,0.0,200.0,Normale,0.0,Sur chaussée,Blessé léger,Masculin,22.0,Non renseigné,3,9,0.0,2.0,8.0,19.0,201800031690A01,7,1,1.0,Cohérente,Non cohérentes
1812,201800032026,2018-11-26,2018,novembre,lundi,13:41,67,67482,48.58565,7.75549,En agglomération,Hors intersection,6.0,Plein jour,Temps couvert,4,A chaussées séparées,4.0,Plat,1.0,,,Normale,4.0,Sur chaussée,Indemne,Féminin,19.0,Domicile - travail,3,3,0.0,1.0,1.0,1.0,201800032026A01,,,,Cohérente,Non cohérentes
1813,201800033353,2018-01-14,2018,janvier,dimanche,74:5,74,74010,45.91476,6.12952,En agglomération,Giratoire,6.0,Crépuscule ou aube,Normale,4,Bidirectionnelle,0.0,Plat,2.0,0.0,55.0,Normale,0.0,Sur chaussée,Blessé hospitalisé,Féminin,49.0,Domicile - travail,2,9,0.0,9.0,2.0,1.0,201800033353B02,7,9,1.0,Non cohérente,Non cohérentes
1814,201800033381,2018-06-12,2018,juin,mardi,19:53,74,74010,45.90534,6.12393,En agglomération,Hors intersection,6.0,Plein jour,Pluie légère,4,Bidirectionnelle,2.0,Plat,1.0,,,Mouillée,0.0,Sur accotement,Indemne,Masculin,25.0,Promenade - loisirs,3,4,0.0,1.0,2.0,19.0,201800033381A01,,,,Cohérente,Non cohérentes
1815,201900004236,2019-07-05,2019,juillet,vendredi,11:50,67,67482,48.569461,7.763097,En agglomération,Intersection en T,3.0,Plein jour,Normale,4,A sens unique,2.0,Plat,1.0,,,Normale,0.0,Sur chaussée,Blessé léger,Féminin,51.0,Non renseigné,2,,0.0,2.0,7.0,1.0,201900004236B01,7,16,1.0,Cohérente,Non cohérentes
1816,201900008440,2019-04-23,2019,avril,mardi,12:30,38,38185,45.18868,5.71509,En agglomération,Hors intersection,6.0,Plein jour,Normale,4,Non renseigné,1.0,Plat,1.0,,,Normale,6.0,Sur chaussée,Indemne,Masculin,31.0,Non renseigné,2,,0.0,1.0,1.0,1.0,201900008440A01,,,,Cohérente,Cohérentes
1817,201900008771,2019-08-08,2019,août,jeudi,10:10,74,74010,45.8998,6.1216,En agglomération,Hors intersection,6.0,Plein jour,Normale,4,Bidirectionnelle,2.0,Plat,1.0,,,Normale,0.0,Sur chaussée,Indemne,Féminin,61.0,Promenade - loisirs,1,2,0.0,1.0,1.0,25.0,201900008771A01,,,,Cohérente,Non cohérentes
1818,201900016224,2019-06-28,2019,juin,vendredi,22:40,67,67482,48.58196,7.71277,En agglomération,Hors intersection,6.0,Nuit avec éclairage public allumé,Normale,4,Bidirectionnelle,2.0,Plat,1.0,,,Normale,0.0,Sur chaussée,Blessé léger,Féminin,5.0,Promenade - loisirs,2,,0.0,2.0,1.0,19.0,201900016224B01,7,16,1.0,Cohérente,Non cohérentes
1819,201900016921,2019-03-13,2019,mars,mercredi,17:45,67,67482,48.582888,7.740798,En agglomération,Hors intersection,6.0,Plein jour,Pluie légère,4,Bidirectionnelle,3.0,Plat,1.0,,,Mouillée,8.0,Sur chaussée,Blessé léger,Masculin,26.0,Promenade - loisirs,1,2,0.0,1.0,1.0,1.0,201900016921A01,,,,Cohérente,Non cohérentes
1820,201900017792,2019-07-31,2019,juillet,mercredi,18:15,67,67482,48.569572,7.713104,En agglomération,Hors intersection,6.0,Plein jour,Normale,4,Bidirectionnelle,2.0,Plat,1.0,,,Normale,2.0,Sur chaussée,Blessé hospitalisé,Masculin,49.0,Domicile - travail,2,,10.0,0.0,0.0,0.0,201900017792A01,,,,Cohérente,Non cohérentes
1821,201900023228,2019-06-24,2019,juin,lundi,13:50,67,67482,48.587786,7.764816,En agglomération,Intersection en T,5.0,Plein jour,Normale,4,A chaussées séparées,4.0,Plat,1.0,,,Normale,0.0,Sur chaussée,Tué,Masculin,61.0,Utilisation professionnelle,2,,0.0,2.0,4.0,0.0,201900023228C01,7,15/1,2.0,Cohérente,Non cohérentes
1822,201900023525,2019-05-10,2019,mai,vendredi,15:20,74,74010,45.9037,6.1245,En agglomération,Hors intersection,6.0,Plein jour,Normale,4,Bidirectionnelle,2.0,Plat,3.0,,,Normale,6.0,Sur chaussée,Indemne,Masculin,16.0,Non renseigné,2,,0.0,1.0,1.0,26.0,201900023525A01,,,,Cohérente,Non cohérentes
1823,201900026040,2019-10-07,2019,octobre,lundi,07:50,67,67482,48.59125,7.72318,En agglomération,Hors intersection,6.0,Plein jour,Temps couvert,7,A chaussées séparées,4.0,Plat,3.0,,,Normale,9.0,Sur chaussée,Indemne,Masculin,19.0,Non renseigné,2,,0.0,1.0,1.0,14.0,201900026040Z01,,,,Cohérente,Non cohérentes
1824,201900028701,2019-07-25,2019,juillet,jeudi,17:00,67,67482,48.57821,7.73306,En agglomération,Intersection en T,3.0,Plein jour,Normale,4,A sens unique,1.0,Plat,1.0,,,Normale,5.0,Sur chaussée,Indemne,Masculin,35.0,Non renseigné,2,,0.0,2.0,1.0,1.0,201900028701A01,1,19,1.0,Cohérente,Non cohérentes
1825,201900028701,2019-07-25,2019,juillet,jeudi,17:00,67,67482,48.57821,7.73306,En agglomération,Intersection en T,3.0,Plein jour,Normale,4,A sens unique,1.0,Plat,1.0,,,Normale,5.0,Sur chaussée,Blessé léger,Féminin,47.0,Non renseigné,2,,0.0,2.0,2.0,19.0,201900028701B01,1,1,1.0,Cohérente,Non cohérentes
1826,201900029141,2019-05-05,2019,mai,dimanche,17:10,38,38185,45.17332,5.7421,En agglomération,Hors intersection,3.0,Plein jour,Normale,4,Non renseigné,2.0,Plat,1.0,,,Normale,0.0,Sur chaussée,Blessé léger,Masculin,9.0,Promenade - loisirs,2,,0.0,0.0,8.0,19.0,201900029141A01,7,1,1.0,Cohérente,Cohérentes
1827,201900031419,2019-08-28,2019,août,mercredi,16:00,74,74010,45.856506,6.08908,En agglomération,Hors intersection,1.0,Plein jour,Normale,3,Bidirectionnelle,2.0,Pente,2.0,,,Normale,0.0,Sur chaussée,Blessé hospitalisé,Masculin,57.0,Promenade - loisirs,1,2,0.0,2.0,1.0,1.0,201900031419B01,7,15,1.0,Cohérente,Non cohérentes
1828,201900031539,2019-10-02,2019,octobre,mercredi,18:00,74,74010,45.946784,6.121058,En agglomération,Hors intersection,1.0,Crépuscule ou aube,Normale,3,Bidirectionnelle,2.0,Plat,2.0,,,Mouillée,0.0,Sur piste cyclable,Blessé léger,Masculin,45.0,Non renseigné,1,2,0.0,9.0,1.0,1.0,201900031539B01,1,1,1.0,Cohérente,Non cohérentes
1829,201900031539,2019-10-02,2019,octobre,mercredi,18:00,74,74010,45.946784,6.121058,En agglomération,Hors intersection,1.0,Crépuscule ou aube,Normale,3,Bidirectionnelle,2.0,Plat,2.0,,,Mouillée,0.0,Sur piste cyclable,Indemne,Masculin,18.0,Non renseigné,2,,0.0,9.0,1.0,1.0,201900031539A01,1,1,1.0,Cohérente,Non cohérentes
1830,201900035790,2019-02-25,2019,février,lundi,08:20,67,67482,48.5734,7.75211,En agglomération,Hors intersection,6.0,Plein jour,Normale,4,Bidirectionnelle,3.0,Plat,1.0,,,Normale,0.0,Sur chaussée,Indemne,Masculin,28.0,Non renseigné,2,,0.0,1.0,1.0,1.0,201900035790A01,,,,Cohérente,Non cohérentes
1831,201900046258,2019-01-07,2019,janvier,lundi,14:45,67,67482,48.5845,7.74082,En agglomération,Intersection en T,3.0,Plein jour,Temps couvert,4,A sens unique,1.0,Plat,1.0,,,Normale,2.0,Sur chaussée,Blessé hospitalisé,Masculin,20.0,Promenade - loisirs,2,,0.0,2.0,1.0,19.0,201900046258A01,7,1,1.0,Cohérente,Non cohérentes
1832,201900046988,2019-07-15,2019,juillet,lundi,10:10,67,67482,48.565,7.73862,En agglomération,Hors intersection,3.0,Plein jour,Normale,4,Bidirectionnelle,2.0,Plat,1.0,,,Normale,0.0,Sur chaussée,Blessé léger,Masculin,52.0,Domicile - travail,2,,0.0,2.0,1.0,1.0,201900046988B01,10,16,1.0,Cohérente,Non cohérentes
1833,201900048641,2019-07-12,2019,juillet,vendredi,14:15,67,67482,48.584923,7.740476,En agglomération,Hors intersection,6.0,Plein jour,Normale,4,A chaussées séparées,2.0,Plat,1.0,,,Normale,0.0,Sur chaussée,Blessé léger,Féminin,27.0,Non renseigné,2,,0.0,1.0,1.0,1.0,201900048641A01,,,,Cohérente,Non cohérentes
1834,201900057049,2019-07-09,2019,juillet,mardi,18:00,67,67482,48.57578,7.77827,En agglomération,Hors intersection,3.0,Plein jour,Normale,4,A chaussées séparées,4.0,Plat,1.0,,,Normale,0.0,Sur chaussée,Blessé hospitalisé,Masculin,19.0,Non renseigné,2,,0.0,2.0,1.0,1.0,201900057049B01,7,16,1.0,Cohérente,Non cohérentes
1835,202000007285,2020-09-02,2020,septembre,mercredi,12:20,74,74010,45.885273,6.088556,En agglomération,Intersection en T,-1.0,Plein jour,Normale,4,Non renseigné,1.0,Plat,3.0,, -1,Normale,0.0,Sur trottoir,Blessé léger,Masculin,13.0,Domicile - école,2,,0.0,2.0,1.0,25.0,202000007285B01,7,1,1.0,Cohérente,Non cohérentes
1836,202000042103,2020-06-20,2020,juin,samedi,11:40,74,74010,45.876692,6.089434,En agglomération,Hors intersection,6.0,Plein jour,Normale,4,Bidirectionnelle,2.0,Pente,3.0,, -1,Normale,0.0,Sur chaussée,Indemne,Masculin,34.0,Promenade - loisirs,1,2,0.0,1.0,8.0,1.0,202000042103A01,,,,Cohérente,Non cohérentes
1837,202000044495,2020-07-28,2020,juillet,mardi,10:55,74,74010,45.876822,6.089591,En agglomération,Intersection en X,3.0,Plein jour,Normale,4,Bidirectionnelle,2.0,Bas de côte,2.0,, -1,Normale,0.0,Sur chaussée,Blessé hospitalisé,Masculin,32.0,Autre,2,,0.0,0.0,8.0,1.0,202000044495B01,7,15,1.0,Cohérente,Non cohérentes
1838,202000044878,2020-02-04,2020,février,mardi,19:00,74,74010,45.921065,6.14522,En agglomération,Intersection en Y,3.0,Nuit avec éclairage public allumé,Pluie légère,4,Bidirectionnelle,2.0,Pente,2.0,, -1,Mouillée,0.0,Sur chaussée,Blessé léger,Masculin,28.0,Domicile - travail,1,2,0.0,2.0,1.0,1.0,202000044878B01,7,15,1.0,Cohérente,Non cohérentes
1839,202100006031,2021-11-28,2021,novembre,dimanche,00:10,74,74010,45.9065278762,6.146579951,En agglomération,Intersection en Y,3.0,Nuit sans éclairage public,Pluie légère,4,Bidirectionnelle,1.0,Plat,2.0,, -1,Mouillée,6.0,Sur chaussée,Blessé hospitalisé,Masculin,23.0,Promenade - loisirs,2,,0.0,2.0,1.0,1.0,202100006031A01,7,9,1.0,Cohérente,Non cohérentes
1840,202100022011,2021-08-28,2021,août,samedi,14:00,74,74010,45.878018,6.09355,En agglomération,Giratoire,1.0,Plein jour,Normale,4,A sens unique,2.0,Plat,1.0,,6,Normale,5.0,Sur autre voie spéciale,Blessé léger,Masculin,50.0,Promenade - loisirs,1,2,0.0,2.0,1.0,1.0,202100022011B01,7,15,1.0,Cohérente,Non cohérentes
1841,202200000001,2021-03-25,2021,mars,jeudi,,38,38185,45.180153,5.716451,En agglomération,Non renseigné,-1,Plein jour,Non renseigné,0,Non renseigné,-1,Non renseigné,-1,,,Non renseigné,-1,Non renseigné,Tué,Féminin,38,Domicile - travail,3,,-1,-1,-1,-1,,0,-1,0,Non cohérente,Cohérentes
1842,202300000001,2022-06-13,2022,juin,lundi,,38,38185,45.177253,5.718046,En agglomération,Non renseigné,-1,Plein jour,Non renseigné,0,Non renseigné,-1,Non renseigné,-1,,,Non renseigné,-1,Non renseigné,Tué,Masculin,14,Domicile - école,3,,-1,-1,-1,-1,,0,-1,0,Non cohérente,Cohérentes
