X;Y;id_local;reseau_loc;nom_loc;id_osm;num_iti;code_com_d;ame_d;regime_d;sens_d;largeur_d;local_d;statut_d;revet_d;code_com_g;ame_g;regime_g;sens_g;largeur_g;local_g;statut_g;revet_g;access_ame;date_maj;trafic_vit;lumiere;d_service;comm;source;project_c;ref_geo
5.73694226737881;45.1666781332821;;;;way/463950034;;"38185";PISTE CYCLABLE;;UNIDIRECTIONNEL;;TROTTOIR;EN SERVICE;LISSE;"38185";AUCUN;;;;;EN SERVICE;LISSE;;2020-03-09;;;;;OpenStreetMap;WGS84;
5.7372491;45.1667622004545;;;;way/463950032;;"38185";BANDE CYCLABLE;ZONE 30;UNIDIRECTIONNEL;;CHAUSSEE;EN SERVICE;LISSE;"38185";AUCUN;ZONE 30;;;;EN SERVICE;LISSE;;2019-05-11;"30";;;;OpenStreetMap;WGS84;
5.73857996479358;45.1669467173248;;;;way/53215758;;"38185";AMENAGEMENT MIXTE PIETON VELO HORS VOIE VERTE;AIRE PIETONNE;BIDIRECTIONNEL;;TROTTOIR;EN SERVICE;LISSE;"38185";AUCUN;;;;;EN SERVICE;LISSE;;2022-02-06;;false;;;OpenStreetMap;WGS84;"cadastre-dgi-fr source : Direction Générale des Impôts - Cadastre;mise à jour : 2010"
5.72549070642799;45.1668606488897;;;;way/4221480;;"38185";AUCUN;ZONE 30;;;;EN SERVICE;LISSE;"38185";DOUBLE SENS CYCLABLE BANDE;ZONE 30;UNIDIRECTIONNEL;;CHAUSSEE;EN SERVICE;LISSE;;2022-11-09;"30";true;;;OpenStreetMap;WGS84;
5.72860119816431;45.1664386938013;;;;way/493217122;;"38185";VOIE VERTE;;BIDIRECTIONNEL;;CHAUSSEE;EN SERVICE;LISSE;"38185";AUCUN;;;;;EN SERVICE;LISSE;;2022-09-12;;true;;;OpenStreetMap;WGS84;
5.72915830475333;45.1669826687061;D 269A;;;way/299529791;;"38185";BANDE CYCLABLE;EN AGGLOMERATION;UNIDIRECTIONNEL;;CHAUSSEE;EN SERVICE;LISSE;"38185";AUCUN;EN AGGLOMERATION;;;;EN SERVICE;LISSE;;2025-01-07;"50";;;;OpenStreetMap;WGS84;"cadastre-dgi-fr source : Direction Générale des Impôts - Cadastre;mise à jour : 2010"
5.72838618751168;45.1669319933253;;;;way/493217125;;"38185";PISTE CYCLABLE;;BIDIRECTIONNEL;;TROTTOIR;EN SERVICE;LISSE;"38185";AUCUN;;;;;EN SERVICE;LISSE;;2024-02-20;;;;;OpenStreetMap;WGS84;
5.7284253;45.1664354504515;;;;way/493217119;;"38185";VOIE VERTE;;BIDIRECTIONNEL;;CHAUSSEE;EN SERVICE;LISSE;"38185";AUCUN;;;;;EN SERVICE;LISSE;;2022-07-07;;true;;;OpenStreetMap;WGS84;
5.74073484965829;45.1672333016497;;;;way/199858727;;"38185";BANDE CYCLABLE;ZONE 30;UNIDIRECTIONNEL;;CHAUSSEE;EN SERVICE;LISSE;"38185";AUCUN;ZONE 30;;;;EN SERVICE;LISSE;;2017-08-27;"30";;;;OpenStreetMap;WGS84;"cadastre-dgi-fr source : Direction Générale des Impôts - Cadastre ; mise à jour : 2010"
5.74106553902249;45.1672310903456;;;;way/332004089;;"38185";BANDE CYCLABLE;ZONE 30;UNIDIRECTIONNEL;;CHAUSSEE;EN SERVICE;LISSE;"38185";AUCUN;ZONE 30;;;;EN SERVICE;LISSE;;2017-08-27;"30";;;;OpenStreetMap;WGS84;"cadastre-dgi-fr source : Direction Générale des Impôts - Cadastre ; mise à jour : 2010"
5.74154745870877;45.1704876243858;;;;way/307351821;;"38185";AMENAGEMENT MIXTE PIETON VELO HORS VOIE VERTE;AIRE PIETONNE;BIDIRECTIONNEL;;TROTTOIR;EN SERVICE;LISSE;"38185";AUCUN;;;;;EN SERVICE;LISSE;;2020-11-18;;false;;;OpenStreetMap;WGS84;
5.74476295463046;45.170732463125;;;;way/66758026;;"38185";VOIE VERTE;;UNIDIRECTIONNEL;;CHAUSSEE;EN SERVICE;LISSE;"38185";AUCUN;;;;;EN SERVICE;LISSE;;2024-07-31;;true;;;OpenStreetMap;WGS84;
5.75084449473493;45.1704357988049;;;;way/162541551;;"38185";PISTE CYCLABLE;;BIDIRECTIONNEL;;TROTTOIR;EN SERVICE;LISSE;"38185";AUCUN;;;;;EN SERVICE;LISSE;;2025-01-06;;true;;;OpenStreetMap;WGS84;
5.73468895;45.1955172004593;;;;way/1017622663;;"38185";AMENAGEMENT MIXTE PIETON VELO HORS VOIE VERTE;AIRE PIETONNE;BIDIRECTIONNEL;;TROTTOIR;EN SERVICE;LISSE;"38185";AUCUN;;;;;EN SERVICE;LISSE;;2022-01-02;;true;;;OpenStreetMap;WGS84;cadastre-dgi-fr source : Direction Générale des Impôts - Cadastre. Mise à jour : 2010
5.73461545;45.1957265004492;;;;way/1017622662;;"38185";AMENAGEMENT MIXTE PIETON VELO HORS VOIE VERTE;AIRE PIETONNE;BIDIRECTIONNEL;;TROTTOIR;EN SERVICE;LISSE;"38185";AUCUN;;;;;EN SERVICE;LISSE;;2022-01-02;;true;;;OpenStreetMap;WGS84;cadastre-dgi-fr source : Direction Générale des Impôts - Cadastre. Mise à jour : 2010
5.73492538176265;45.1958004460692;D 590;;;way/1347996951;;"38185";AUTRE;EN AGGLOMERATION;UNIDIRECTIONNEL;;CHAUSSEE;EN SERVICE;LISSE;"38185";AUTRE;EN AGGLOMERATION;UNIDIRECTIONNEL;;CHAUSSEE;EN SERVICE;LISSE;;2025-01-02;"30";true;;;OpenStreetMap;WGS84;
5.73315256479054;45.1993515526077;;;;way/275303025;;"38185";PISTE CYCLABLE;;BIDIRECTIONNEL;"2";TROTTOIR;EN SERVICE;LISSE;"38185";AUCUN;;;"2";;EN SERVICE;LISSE;;2023-02-25;;true;;;OpenStreetMap;WGS84;
5.731966;45.1968080004701;;;;way/82536451;;"38185";RAMPE;;BIDIRECTIONNEL;;TROTTOIR;EN SERVICE;LISSE;"38185";AUCUN;;;;;EN SERVICE;LISSE;;2021-08-01;;false;;;OpenStreetMap;WGS84;"cadastre-dgi-fr source : Direction Générale des Impôts - Cadastre;mise à jour : 2010"
5.73132615280393;45.1964189046228;;;;way/244071579;;"38185";PISTE CYCLABLE;;BIDIRECTIONNEL;;TROTTOIR;EN SERVICE;LISSE;"38185";AUCUN;;;;;EN SERVICE;LISSE;;2023-02-25;;true;;;OpenStreetMap;WGS84;
5.7312698;45.1962928504496;;;;way/294862625;;"38185";PISTE CYCLABLE;;BIDIRECTIONNEL;;TROTTOIR;EN SERVICE;LISSE;"38185";AUCUN;;;;;EN SERVICE;LISSE;;2019-12-13;;false;;;OpenStreetMap;WGS84;
5.73097020780475;45.1964834093378;;;;way/1131123542;;"38185";AUTRE;ZONE DE RENCONTRE;UNIDIRECTIONNEL;;CHAUSSEE;EN SERVICE;LISSE;"38185";AUCUN;ZONE DE RENCONTRE;;;CHAUSSEE;EN SERVICE;LISSE;;2023-01-12;;true;;;OpenStreetMap;WGS84;
5.73172301307608;45.1973964017368;;;;way/244275733;;"38185";AUTRE;AIRE PIETONNE;UNIDIRECTIONNEL;;CHAUSSEE;EN SERVICE;LISSE;"38185";AUCUN;;;;CHAUSSEE;EN SERVICE;LISSE;;2018-12-08;;true;;;OpenStreetMap;WGS84;
5.73379135;45.2009969504689;;;;way/490570902;;"38185";PISTE CYCLABLE;;BIDIRECTIONNEL;;TROTTOIR;EN SERVICE;LISSE;"38185";AUCUN;;;;;EN SERVICE;LISSE;;2024-03-05;;true;;;OpenStreetMap;WGS84;
5.71800475721506;45.1983868795513;D 1075;;;way/923118265;;"38185";BANDE CYCLABLE;EN AGGLOMERATION;UNIDIRECTIONNEL;;CHAUSSEE;EN SERVICE;LISSE;"38185";AUTRE;EN AGGLOMERATION;UNIDIRECTIONNEL;;CHAUSSEE;EN SERVICE;LISSE;;2023-01-23;"30";;;;OpenStreetMap;WGS84;
5.71775766137919;45.1987187274838;D 1075;;;way/8015624;;"38185";BANDE CYCLABLE;EN AGGLOMERATION;UNIDIRECTIONNEL;;CHAUSSEE;EN SERVICE;LISSE;"38185";BANDE CYCLABLE;EN AGGLOMERATION;UNIDIRECTIONNEL;;CHAUSSEE;EN SERVICE;LISSE;;2021-05-11;"30";;;;OpenStreetMap;WGS84;
5.711893;45.1908806004517;;;;way/1216182912;;"38185";AMENAGEMENT MIXTE PIETON VELO HORS VOIE VERTE;AIRE PIETONNE;BIDIRECTIONNEL;;TROTTOIR;EN SERVICE;LISSE;"38185";AUCUN;;;;;EN SERVICE;LISSE;;2023-10-17;;true;;;OpenStreetMap;WGS84;
5.71268725;45.1905074004518;;;;way/491770458;;"38185";AMENAGEMENT MIXTE PIETON VELO HORS VOIE VERTE;AIRE PIETONNE;BIDIRECTIONNEL;;TROTTOIR;EN SERVICE;LISSE;"38185";AUCUN;;;;;EN SERVICE;LISSE;ROLLER;2024-06-18;;true;;;OpenStreetMap;WGS84;cadastre-dgi-fr source : Direction Générale des Impôts - Cadastre. Mise à jour : 2014
5.71405655;45.1912304004528;;;;way/1350960824;;"38185";RAMPE;;BIDIRECTIONNEL;;TROTTOIR;EN SERVICE;LISSE;"38185";AUCUN;;;;;EN SERVICE;LISSE;;2025-01-13;;true;;;OpenStreetMap;WGS84;
5.7142234;45.1912686004533;;;;way/1350960808;;"38185";RAMPE;;BIDIRECTIONNEL;;TROTTOIR;EN SERVICE;LISSE;"38185";AUCUN;;;;;EN SERVICE;LISSE;;2025-01-13;;true;;;OpenStreetMap;WGS84;
5.71664466677745;45.1910059790012;;;;way/5173431;;"38185";AUTRE;EN AGGLOMERATION;UNIDIRECTIONNEL;;CHAUSSEE;EN SERVICE;LISSE;"38185";DOUBLE SENS CYCLABLE NON MATERIALISE;EN AGGLOMERATION;UNIDIRECTIONNEL;;CHAUSSEE;EN SERVICE;LISSE;;2024-07-31;"30";true;;;OpenStreetMap;WGS84;cadastre-dgi-fr source : Direction Générale des Impôts - Cadastre. Mise à jour : 2009
5.71566580925123;45.1907444429331;;;;way/697085654;;"38185";PISTE CYCLABLE;;BIDIRECTIONNEL;;TROTTOIR;EN SERVICE;LISSE;"38185";AUCUN;;;;;EN SERVICE;LISSE;;2024-08-08;;true;;;OpenStreetMap;WGS84;
5.71645303616025;45.1916298979935;;;;way/34077355;;"38185";AUTRE;EN AGGLOMERATION;UNIDIRECTIONNEL;;CHAUSSEE;EN SERVICE;LISSE;"38185";AUTRE;EN AGGLOMERATION;UNIDIRECTIONNEL;;CHAUSSEE;EN SERVICE;LISSE;;2024-07-31;"30";true;;;OpenStreetMap;WGS84;cadastre-dgi-fr source : Direction Générale des Impôts - Cadastre. Mise à jour : 2009
5.714684;45.191441350458;;;;way/169805914;;"38185";RAMPE;;BIDIRECTIONNEL;;TROTTOIR;EN SERVICE;LISSE;"38185";AUCUN;;;;;EN SERVICE;LISSE;;2024-10-26;;true;;;OpenStreetMap;WGS84;
5.71849900412336;45.1942677519118;;;;way/274849630;;"38185";VOIE VERTE;AIRE PIETONNE;BIDIRECTIONNEL;;TROTTOIR;EN SERVICE;LISSE;"38185";AUCUN;;;;;EN SERVICE;LISSE;;2023-10-26;;true;;;OpenStreetMap;WGS84;
5.71830257768947;45.1922569807367;;;;way/5173398;;"38185";AUTRE;ZONE 30;;;;EN SERVICE;LISSE;"38185";DOUBLE SENS CYCLABLE NON MATERIALISE;ZONE 30;UNIDIRECTIONNEL;;CHAUSSEE;EN SERVICE;LISSE;;2024-08-04;"30";true;;;OpenStreetMap;WGS84;
5.7157202;45.1882713005893;;;;way/26746600;;"38185";PISTE CYCLABLE;;BIDIRECTIONNEL;;TROTTOIR;EN SERVICE;LISSE;"38185";AUCUN;;;;;EN SERVICE;LISSE;ROLLER;2024-11-06;;true;;;OpenStreetMap;WGS84;
5.71551923303114;45.1882762462528;;;;way/488863099;;"38185";AUTRE;ZONE 30;UNIDIRECTIONNEL;;CHAUSSEE;EN SERVICE;LISSE;"38185";AUCUN;ZONE 30;;;;EN SERVICE;LISSE;;2024-07-31;"30";true;;;OpenStreetMap;WGS84;
5.71660450051839;45.1874394006199;;;;way/168119557;;"38185";AMENAGEMENT MIXTE PIETON VELO HORS VOIE VERTE;AIRE PIETONNE;BIDIRECTIONNEL;;TROTTOIR;EN SERVICE;LISSE;"38185";AUCUN;;;;;EN SERVICE;LISSE;;2024-07-07;;true;;;OpenStreetMap;WGS84;
5.71765265;45.1842102011605;D 1075;;;way/69486610;;"38185";AUTRE;ZONE 30;UNIDIRECTIONNEL;;CHAUSSEE;EN SERVICE;LISSE;"38185";AUCUN;ZONE 30;;;;EN SERVICE;LISSE;ROLLER;2024-05-09;"30";true;;;OpenStreetMap;WGS84;
5.71755468082248;45.1841750197377;;;;way/866584326;;"38185";PISTE CYCLABLE;;UNIDIRECTIONNEL;;TROTTOIR;EN SERVICE;LISSE;"38185";AUCUN;;;;;EN SERVICE;LISSE;ROLLER;2023-11-05;;true;;;OpenStreetMap;WGS84;
5.7181154;45.1859428504565;;;;way/488863107;;"38185";VOIE VERTE;;UNIDIRECTIONNEL;"1.8";CHAUSSEE;EN SERVICE;LISSE;"38185";AUCUN;;;"1.8";;EN SERVICE;LISSE;;2023-03-15;;true;;;OpenStreetMap;WGS84;cadastre-dgi-fr source : Direction Générale des Impôts - Cadastre. Mise à jour : 2010
5.71809047190079;45.1858638317783;;;;way/463337945;;"38185";VOIE VERTE;;UNIDIRECTIONNEL;"1.8";CHAUSSEE;EN SERVICE;LISSE;"38185";AUCUN;;;"1.8";;EN SERVICE;LISSE;;2023-03-15;;true;;;OpenStreetMap;WGS84;cadastre-dgi-fr source : Direction Générale des Impôts - Cadastre. Mise à jour : 2010
5.7181543;45.1858742504495;;;;way/1035105763;;"38185";AUTRE;ZONE 30;UNIDIRECTIONNEL;;CHAUSSEE;EN SERVICE;LISSE;"38185";AUTRE;ZONE 30;UNIDIRECTIONNEL;;CHAUSSEE;EN SERVICE;LISSE;ROLLER;2025-01-04;"30";true;;;OpenStreetMap;WGS84;
5.72121436620967;45.192252612611;;;;way/274849628;;"38185";VOIE VERTE;;BIDIRECTIONNEL;;CHAUSSEE;EN SERVICE;LISSE;"38185";AUCUN;;;;;EN SERVICE;LISSE;;2021-07-28;;true;;;OpenStreetMap;WGS84;
5.72014695;45.1910262004552;D 1075;;;way/463337797;;"38185";BANDE CYCLABLE;ZONE 30;UNIDIRECTIONNEL;;CHAUSSEE;EN SERVICE;LISSE;"38185";AUCUN;ZONE 30;;;;EN SERVICE;LISSE;;2024-07-31;"30";true;;;OpenStreetMap;WGS84;
5.72031237367052;45.191249512229;;;;way/290670676;;"38185";PISTE CYCLABLE;;UNIDIRECTIONNEL;;TROTTOIR;EN SERVICE;LISSE;"38185";AUCUN;;;;;EN SERVICE;LISSE;;2022-10-21;;true;;;OpenStreetMap;WGS84;cadastre-dgi-fr source : Direction Générale des Impôts - Cadastre. Mise à jour : 2014
5.72003969906508;45.1909857538876;;;;way/463337795;;"38185";AUTRE;;UNIDIRECTIONNEL;;CHAUSSEE;EN SERVICE;LISSE;"38185";AUCUN;;;;;EN SERVICE;LISSE;;2024-07-31;;true;;;OpenStreetMap;WGS84;
5.72089929852758;45.1911385485343;;;;way/463337799;;"38185";COULOIR BUS+VELO;ZONE 30;UNIDIRECTIONNEL;;CHAUSSEE;EN SERVICE;LISSE;"38185";BANDE CYCLABLE;ZONE 30;UNIDIRECTIONNEL;;CHAUSSEE;EN SERVICE;LISSE;;2024-07-31;"30";true;;;OpenStreetMap;WGS84;
5.72149461542523;45.1878645654466;;;;way/685577150;;"38185";PISTE CYCLABLE;;BIDIRECTIONNEL;;TROTTOIR;EN SERVICE;LISSE;"38185";AUCUN;;;;;EN SERVICE;LISSE;;2023-09-10;;true;;;OpenStreetMap;WGS84;
5.72197781514997;45.185146442438;;;;way/41283783;;"38185";BANDE CYCLABLE;ZONE 30;UNIDIRECTIONNEL;;CHAUSSEE;EN SERVICE;LISSE;"38185";AUCUN;ZONE 30;;;;EN SERVICE;LISSE;;2024-11-28;"30";true;;;OpenStreetMap;WGS84;"cadastre-dgi-fr source : Direction Générale des Impôts - Cadastre;mise à jour : 2008"
5.72408102243643;45.188022433656;;;;way/296946264;;"38185";AUCUN;EN AGGLOMERATION;;;;EN SERVICE;LISSE;"38185";COULOIR BUS+VELO;EN AGGLOMERATION;UNIDIRECTIONNEL;;CHAUSSEE;EN SERVICE;LISSE;;2024-08-12;"30";true;;;OpenStreetMap;WGS84;
5.72432792166997;45.19217773438;;;;way/1265875200;;"38185";PISTE CYCLABLE;;BIDIRECTIONNEL;;TROTTOIR;EN SERVICE;LISSE;"38185";AUCUN;;;;;EN SERVICE;LISSE;;2024-06-20;;true;;Piste temporaire;OpenStreetMap;WGS84;
5.72286453453056;45.1887877331681;D 523;;;way/1111597870;;"38185";AUCUN;ZONE 30;;;;EN SERVICE;LISSE;"38185";COULOIR BUS+VELO;ZONE 30;UNIDIRECTIONNEL;;CHAUSSEE;EN SERVICE;LISSE;ROLLER;2024-08-04;"30";true;;;OpenStreetMap;WGS84;cadastre-dgi-fr source : Direction Générale des Impôts - Cadastre. Mise à jour : 2009
5.7242132;45.1916454504597;;;;way/222513061;;"38185";BANDE CYCLABLE;ZONE 30;UNIDIRECTIONNEL;;CHAUSSEE;EN SERVICE;LISSE;"38185";BANDE CYCLABLE;ZONE 30;UNIDIRECTIONNEL;;CHAUSSEE;EN SERVICE;LISSE;;2024-08-12;"30";true;;;OpenStreetMap;WGS84;
5.72446055780223;45.1936496690302;;;;way/385455366;;"38185";VOIE VERTE;;BIDIRECTIONNEL;;CHAUSSEE;EN SERVICE;LISSE;"38185";AUCUN;;;;;EN SERVICE;LISSE;;2019-12-08;;true;;;OpenStreetMap;WGS84;
5.72114925;45.1973230504505;;;;way/944863661;;"38185";RAMPE;;BIDIRECTIONNEL;;TROTTOIR;EN SERVICE;MEUBLE;"38185";AUCUN;;;;;EN SERVICE;MEUBLE;;2024-11-04;;;;;OpenStreetMap;WGS84;survey
5.7103675265637;45.1962997495025;D 531;;;way/254694665;;"38185";BANDE CYCLABLE;EN AGGLOMERATION;UNIDIRECTIONNEL;;CHAUSSEE;EN SERVICE;LISSE;"38185";AUCUN;EN AGGLOMERATION;;;;EN SERVICE;LISSE;;2023-01-08;"50";true;;;OpenStreetMap;WGS84;
5.71379901126182;45.2006494144077;;;;way/10590712;;"38185";BANDE CYCLABLE;EN AGGLOMERATION;UNIDIRECTIONNEL;;CHAUSSEE;EN SERVICE;LISSE;"38185";AUCUN;EN AGGLOMERATION;;;;EN SERVICE;LISSE;;2022-11-29;"30";;;;OpenStreetMap;WGS84;
5.7103266;45.2002251504491;;;;way/489402008;;"38185";VOIE VERTE;;BIDIRECTIONNEL;;CHAUSSEE;EN SERVICE;LISSE;"38185";AUCUN;;;;;EN SERVICE;LISSE;;2024-11-26;;;;;OpenStreetMap;WGS84;
5.71137851424386;45.1990047863851;D 15;;;way/588444139;;"38185";BANDE CYCLABLE;EN AGGLOMERATION;UNIDIRECTIONNEL;;CHAUSSEE;EN SERVICE;LISSE;"38185";BANDE CYCLABLE;EN AGGLOMERATION;UNIDIRECTIONNEL;;CHAUSSEE;EN SERVICE;LISSE;;2023-03-17;"50";;;;OpenStreetMap;WGS84;
5.70648237066765;45.2013992914474;;;;way/1000549308;;"38185";AMENAGEMENT MIXTE PIETON VELO HORS VOIE VERTE;AIRE PIETONNE;BIDIRECTIONNEL;;TROTTOIR;EN SERVICE;;"38185";AUCUN;;;;;EN SERVICE;;;2022-04-20;;;;;OpenStreetMap;WGS84;
5.7107473;45.198861400496;D 15;;;way/258632277;;"38185";BANDE CYCLABLE;EN AGGLOMERATION;UNIDIRECTIONNEL;;CHAUSSEE;EN SERVICE;LISSE;"38185";BANDE CYCLABLE;EN AGGLOMERATION;UNIDIRECTIONNEL;;CHAUSSEE;EN SERVICE;LISSE;;2022-09-01;"50";;;;OpenStreetMap;WGS84;
5.71166212781142;45.1971672760648;;;;way/924370631;;"38185";PISTE CYCLABLE;;BIDIRECTIONNEL;;TROTTOIR;EN SERVICE;LISSE;"38185";AUCUN;;;;;EN SERVICE;LISSE;;2024-10-22;;;;;OpenStreetMap;WGS84;
5.7118988;45.1967219004486;;;;way/998110471;;"38185";PISTE CYCLABLE;;BIDIRECTIONNEL;;TROTTOIR;EN SERVICE;;"38185";AUCUN;;;;;EN SERVICE;;;2021-11-01;;;;;OpenStreetMap;WGS84;
5.70969812073622;45.1984902164211;D 531;;;way/319765990;;"38185";AUTRE;EN AGGLOMERATION;UNIDIRECTIONNEL;;CHAUSSEE;EN SERVICE;LISSE;"38185";AUCUN;EN AGGLOMERATION;;;;EN SERVICE;LISSE;;2024-11-13;"50";true;;;OpenStreetMap;WGS84;
5.7100425;45.1986536504523;;;;way/945717886;;"38185";PISTE CYCLABLE;;UNIDIRECTIONNEL;;TROTTOIR;EN SERVICE;LISSE;"38185";AUCUN;;;;;EN SERVICE;LISSE;;2023-01-08;;true;;;OpenStreetMap;WGS84;
5.70986640850639;45.198629181567;D 15;;;way/258632278;;"38185";BANDE CYCLABLE;EN AGGLOMERATION;UNIDIRECTIONNEL;;CHAUSSEE;EN SERVICE;LISSE;"38185";AUCUN;EN AGGLOMERATION;;;;EN SERVICE;LISSE;;2024-07-22;"50";true;;;OpenStreetMap;WGS84;
5.70903306181621;45.1986138408272;D 531;;;way/344741239;;"38185";COULOIR BUS+VELO;EN AGGLOMERATION;UNIDIRECTIONNEL;;CHAUSSEE;EN SERVICE;LISSE;"38185";AUCUN;EN AGGLOMERATION;;;;EN SERVICE;LISSE;;2022-09-01;"50";true;;;OpenStreetMap;WGS84;
5.70900604480861;45.1985849667953;D 531;;;way/344741234;;"38185";BANDE CYCLABLE;EN AGGLOMERATION;UNIDIRECTIONNEL;;CHAUSSEE;EN SERVICE;LISSE;"38185";AUCUN;EN AGGLOMERATION;;;;EN SERVICE;LISSE;;2024-11-13;"50";true;;;OpenStreetMap;WGS84;
5.70701374783585;45.2011075437293;;;;way/1034225331;;"38185";AMENAGEMENT MIXTE PIETON VELO HORS VOIE VERTE;AIRE PIETONNE;BIDIRECTIONNEL;;TROTTOIR;EN SERVICE;;"38185";AUCUN;;;;;EN SERVICE;;;2022-02-22;;;;;OpenStreetMap;WGS84;
5.705782542211;45.2017922814353;;;;way/1031984321;;"38185";AMENAGEMENT MIXTE PIETON VELO HORS VOIE VERTE;AIRE PIETONNE;BIDIRECTIONNEL;;TROTTOIR;EN SERVICE;;"38185";AUCUN;;;;;EN SERVICE;;;2022-04-02;;;;;OpenStreetMap;WGS84;
5.70511360953046;45.2015646788807;D 531;;;way/235121548;;"38185";BANDE CYCLABLE;EN AGGLOMERATION;UNIDIRECTIONNEL;;CHAUSSEE;EN SERVICE;LISSE;"38185";AUCUN;EN AGGLOMERATION;;;;EN SERVICE;LISSE;;2022-09-01;"50";;;;OpenStreetMap;WGS84;
5.70516895;45.2012253005077;;;;way/1213443566;;"38185";AMENAGEMENT MIXTE PIETON VELO HORS VOIE VERTE;;BIDIRECTIONNEL;;CHAUSSEE;EN SERVICE;LISSE;"38185";AUCUN;;;;;EN SERVICE;LISSE;;2023-10-05;;;;;OpenStreetMap;WGS84;
5.72414175983234;45.1610885265637;;;;way/292166941;;"38185";BANDE CYCLABLE;ZONE 30;UNIDIRECTIONNEL;;CHAUSSEE;EN SERVICE;LISSE;"38185";AUCUN;ZONE 30;;;;EN SERVICE;LISSE;;2024-10-27;"30";true;;;OpenStreetMap;WGS84;
5.72407385;45.1629805015455;;;;way/177391883;;"38185";BANDE CYCLABLE;ZONE 30;UNIDIRECTIONNEL;;CHAUSSEE;EN SERVICE;;"38185";AUCUN;ZONE 30;;;;EN SERVICE;;;2022-07-12;"30";true;;;OpenStreetMap;WGS84;
5.72404222736978;45.1635631650511;;;;way/86408459;;"38185";BANDE CYCLABLE;ZONE 30;UNIDIRECTIONNEL;;CHAUSSEE;EN SERVICE;LISSE;"38185";AUCUN;ZONE 30;;;;EN SERVICE;LISSE;;2022-01-16;"30";;;;OpenStreetMap;WGS84;
5.72394762464087;45.1635612303664;;;;way/4342184;;"38185";BANDE CYCLABLE;ZONE 30;UNIDIRECTIONNEL;;CHAUSSEE;EN SERVICE;LISSE;"38185";AUCUN;ZONE 30;;;;EN SERVICE;LISSE;;2020-11-03;"30";;;;OpenStreetMap;WGS84;
5.72381547492059;45.165733052765;;;;way/4221380;;"38185";BANDE CYCLABLE;ZONE 30;UNIDIRECTIONNEL;;CHAUSSEE;EN SERVICE;LISSE;"38185";BANDE CYCLABLE;ZONE 30;UNIDIRECTIONNEL;;CHAUSSEE;EN SERVICE;LISSE;;2020-11-16;"30";;;;OpenStreetMap;WGS84;
5.72496064206496;45.1645504886327;;;;way/177593628;;"38185";VOIE VERTE;AIRE PIETONNE;UNIDIRECTIONNEL;;TROTTOIR;EN SERVICE;LISSE;"38185";AUCUN;;;;;EN SERVICE;LISSE;;2024-04-16;;;;;OpenStreetMap;WGS84;cadastre-dgi-fr source : Direction Générale des Impôts - Cadastre. Mise à jour : 2012
5.7253932055041;45.1677801723385;;;;way/4221478;;"38185";AUCUN;ZONE 30;;;;EN SERVICE;LISSE;"38185";DOUBLE SENS CYCLABLE BANDE;ZONE 30;UNIDIRECTIONNEL;;CHAUSSEE;EN SERVICE;LISSE;;2022-11-09;"30";;;;OpenStreetMap;WGS84;
5.72330519950709;45.1680401405028;;;;way/237147549;;"38185";BANDE CYCLABLE;EN AGGLOMERATION;UNIDIRECTIONNEL;;CHAUSSEE;EN SERVICE;LISSE;"38185";BANDE CYCLABLE;EN AGGLOMERATION;UNIDIRECTIONNEL;;CHAUSSEE;EN SERVICE;LISSE;;2022-08-29;"30";;;;OpenStreetMap;WGS84;
5.72204647960292;45.168840458924;;;;way/1112480613;;"38185";BANDE CYCLABLE;EN AGGLOMERATION;UNIDIRECTIONNEL;;CHAUSSEE;EN SERVICE;LISSE;"38185";BANDE CYCLABLE;EN AGGLOMERATION;UNIDIRECTIONNEL;;CHAUSSEE;EN SERVICE;LISSE;;2024-03-24;"50";true;;;OpenStreetMap;WGS84;
5.72294770726462;45.169769457485;;;;way/4014306;;"38185";BANDE CYCLABLE;EN AGGLOMERATION;UNIDIRECTIONNEL;;CHAUSSEE;EN SERVICE;LISSE;"38185";AUCUN;EN AGGLOMERATION;;;;EN SERVICE;LISSE;;2022-11-12;"50";true;;;OpenStreetMap;WGS84;
5.72314718672252;45.1698467353075;;;;way/237147548;;"38185";COULOIR BUS+VELO;EN AGGLOMERATION;UNIDIRECTIONNEL;;CHAUSSEE;EN SERVICE;LISSE;"38185";AUCUN;EN AGGLOMERATION;;;;EN SERVICE;LISSE;;2022-06-08;"30";true;;;OpenStreetMap;WGS84;
5.72315660566754;45.1695788065551;;;;way/1014368309;;"38185";BANDE CYCLABLE;EN AGGLOMERATION;UNIDIRECTIONNEL;;CHAUSSEE;EN SERVICE;LISSE;"38185";COULOIR BUS+VELO;EN AGGLOMERATION;UNIDIRECTIONNEL;;CHAUSSEE;EN SERVICE;LISSE;;2024-07-31;"30";true;;;OpenStreetMap;WGS84;
5.72136151237883;45.164548387159;;;;way/385181765;;"38185";AUTRE;AIRE PIETONNE;UNIDIRECTIONNEL;"1";TROTTOIR;EN SERVICE;LISSE;"38185";AUTRE;;UNIDIRECTIONNEL;"1";CHAUSSEE;EN SERVICE;LISSE;;2025-01-13;;;;;OpenStreetMap;WGS84;
5.71880625643178;45.1652341624939;;;;way/1112480612;;"38185";BANDE CYCLABLE;EN AGGLOMERATION;UNIDIRECTIONNEL;;CHAUSSEE;EN SERVICE;LISSE;"38185";BANDE CYCLABLE;EN AGGLOMERATION;UNIDIRECTIONNEL;;CHAUSSEE;EN SERVICE;LISSE;;2024-03-24;"50";true;;;OpenStreetMap;WGS84;
5.71828217990425;45.1610173907617;D 5B;;;way/101549;;"38185";COULOIR BUS+VELO;EN AGGLOMERATION;UNIDIRECTIONNEL;;CHAUSSEE;EN SERVICE;LISSE;"38185";AUCUN;EN AGGLOMERATION;;;;EN SERVICE;LISSE;;2022-09-01;"50";true;;;OpenStreetMap;WGS84;
5.71286588899656;45.1703187247623;;;;way/463233127;;"38185";PISTE CYCLABLE;;UNIDIRECTIONNEL;;TROTTOIR;EN SERVICE;LISSE;"38185";AUCUN;;;;;EN SERVICE;LISSE;;2019-11-12;;true;;;OpenStreetMap;WGS84;
5.71293681682516;45.1702126777317;D 1075;;;way/463233124;;"38185";COULOIR BUS+VELO;EN AGGLOMERATION;UNIDIRECTIONNEL;;CHAUSSEE;EN SERVICE;LISSE;"38185";AUCUN;EN AGGLOMERATION;;;;EN SERVICE;LISSE;;2022-11-12;"50";true;;;OpenStreetMap;WGS84;
5.7392882;45.1597382507084;;;;way/86667373;;"38185";PISTE CYCLABLE;;BIDIRECTIONNEL;;TROTTOIR;EN SERVICE;LISSE;"38185";AUCUN;;;;;EN SERVICE;LISSE;;2023-03-05;;false;;;OpenStreetMap;WGS84;
5.736285512703;45.1592789941599;D 5B;;;way/5466642;;"38185";BANDE CYCLABLE;EN AGGLOMERATION;UNIDIRECTIONNEL;;CHAUSSEE;EN SERVICE;LISSE;"38185";AUCUN;EN AGGLOMERATION;;;;EN SERVICE;LISSE;;2024-10-09;"50";true;;;OpenStreetMap;WGS84;
5.73409976736655;45.1591708014781;D 5B;;;way/112155;;"38185";BANDE CYCLABLE;EN AGGLOMERATION;UNIDIRECTIONNEL;;CHAUSSEE;EN SERVICE;LISSE;"38185";AUCUN;EN AGGLOMERATION;;;;EN SERVICE;LISSE;;2024-12-08;"50";true;;;OpenStreetMap;WGS84;
5.73379819588486;45.1587463977176;D 269F;;;way/158422555;;"38185";BANDE CYCLABLE;EN AGGLOMERATION;UNIDIRECTIONNEL;;CHAUSSEE;EN SERVICE;LISSE;"38185";AUCUN;EN AGGLOMERATION;;;;EN SERVICE;LISSE;;2024-12-08;"50";true;;;OpenStreetMap;WGS84;
5.73402252962402;45.1588865262542;D 5B;;;way/1270834463;;"38185";BANDE CYCLABLE;EN AGGLOMERATION;UNIDIRECTIONNEL;;CHAUSSEE;EN SERVICE;LISSE;"38185";AUCUN;EN AGGLOMERATION;;;;EN SERVICE;LISSE;;2024-12-08;"50";true;;;OpenStreetMap;WGS84;
5.73083775508193;45.1591103095093;;;;way/292166914;;"38185";PISTE CYCLABLE;;UNIDIRECTIONNEL;;TROTTOIR;EN SERVICE;LISSE;"38185";AUCUN;;;;;EN SERVICE;LISSE;;2024-10-27;;true;;;OpenStreetMap;WGS84;
5.73106972614702;45.1592864183521;D 5B;;;way/758742714;;"38185";BANDE CYCLABLE;EN AGGLOMERATION;UNIDIRECTIONNEL;;CHAUSSEE;EN SERVICE;LISSE;"38185";DOUBLE SENS CYCLABLE NON MATERIALISE;EN AGGLOMERATION;UNIDIRECTIONNEL;;CHAUSSEE;EN SERVICE;LISSE;;2024-10-22;"50";true;;;OpenStreetMap;WGS84;
5.73141977136404;45.1593355480236;D 5B;;;way/1327198704;;"38185";BANDE CYCLABLE;EN AGGLOMERATION;UNIDIRECTIONNEL;;CHAUSSEE;EN SERVICE;LISSE;"38185";AUCUN;EN AGGLOMERATION;;;;EN SERVICE;LISSE;;2024-10-22;"50";true;;;OpenStreetMap;WGS84;
5.72866425032603;45.1608071860821;;;;way/701928335;;"38185";PISTE CYCLABLE;;BIDIRECTIONNEL;;TROTTOIR;EN SERVICE;LISSE;"38185";AUCUN;;;;;EN SERVICE;LISSE;;2025-01-07;;;;;OpenStreetMap;WGS84;
5.72884699676724;45.1612405873225;;;;way/292166938;;"38185";VOIE VERTE;;BIDIRECTIONNEL;;CHAUSSEE;EN SERVICE;LISSE;"38185";AUCUN;;;;;EN SERVICE;LISSE;;2025-01-07;;;;;OpenStreetMap;WGS84;
5.72888055;45.1615095004695;D 269A;;;way/817474565;;"38185";BANDE CYCLABLE;EN AGGLOMERATION;UNIDIRECTIONNEL;;CHAUSSEE;EN SERVICE;LISSE;"38185";AUCUN;EN AGGLOMERATION;;;;EN SERVICE;LISSE;;2022-09-01;"50";true;;;OpenStreetMap;WGS84;"cadastre-dgi-fr source : Direction Générale des Impôts - Cadastre;mise à jour : 2010"
5.72866290007938;45.1591998391773;;;;way/493461633;;"38185";AMENAGEMENT MIXTE PIETON VELO HORS VOIE VERTE;AIRE PIETONNE;BIDIRECTIONNEL;;TROTTOIR;EN SERVICE;LISSE;"38185";AUCUN;;;;;EN SERVICE;LISSE;;2024-10-27;;true;;;OpenStreetMap;WGS84;
5.72885735;45.1591139504523;D 5B;;;way/101552;;"38185";COULOIR BUS+VELO;EN AGGLOMERATION;UNIDIRECTIONNEL;;CHAUSSEE;EN SERVICE;LISSE;"38185";AUCUN;EN AGGLOMERATION;;;;EN SERVICE;LISSE;;2024-10-27;"50";true;;;OpenStreetMap;WGS84;
5.7291602;45.1593397504551;;;;way/1328602182;;"38185";PISTE CYCLABLE;;BIDIRECTIONNEL;;TROTTOIR;EN SERVICE;;"38185";AUCUN;;;;;EN SERVICE;;;2024-10-27;;;;;OpenStreetMap;WGS84;
5.72995415658966;45.1591427227709;;;;way/40115818;;"38185";COULOIR BUS+VELO;;UNIDIRECTIONNEL;;CHAUSSEE;EN SERVICE;;"38185";BANDE CYCLABLE;;UNIDIRECTIONNEL;;CHAUSSEE;EN SERVICE;;;2024-10-27;;;;Carrefour à revérifier sur le terrain;OpenStreetMap;WGS84;
5.71063946584951;45.1934668848928;;;;way/167992017;;"38185";AMENAGEMENT MIXTE PIETON VELO HORS VOIE VERTE;AIRE PIETONNE;BIDIRECTIONNEL;;TROTTOIR;EN SERVICE;RUGUEUX;"38185";AUCUN;;;;;EN SERVICE;RUGUEUX;;2023-04-14;;true;;;OpenStreetMap;WGS84;"cadastre-dgi-fr source : Direction Générale des Impôts - Cadastre ; mise à jour : 2010"
5.71066770945641;45.1944713929669;;;;way/945717866;;"38185";VOIE VERTE;;UNIDIRECTIONNEL;"1.5";CHAUSSEE;EN SERVICE;LISSE;"38185";AUCUN;;;"1.5";;EN SERVICE;LISSE;;2023-10-16;;true;;;OpenStreetMap;WGS84;
5.71077285;45.1946274004669;;;;way/945717880;;"38185";VOIE VERTE;;UNIDIRECTIONNEL;;CHAUSSEE;EN SERVICE;LISSE;"38185";AUCUN;;;;;EN SERVICE;LISSE;;2022-10-21;;true;;;OpenStreetMap;WGS84;
5.70986006904511;45.1924353518272;D 106;;;way/300123458;;"38185";BANDE CYCLABLE;EN AGGLOMERATION;UNIDIRECTIONNEL;;CHAUSSEE;EN SERVICE;LISSE;"38185";BANDE CYCLABLE;EN AGGLOMERATION;UNIDIRECTIONNEL;;CHAUSSEE;EN SERVICE;LISSE;;2024-08-04;"30";true;;;OpenStreetMap;WGS84;
5.70850802413895;45.1927660144559;;;;way/1238520238;;"38185";VOIE VERTE;;UNIDIRECTIONNEL;"1";CHAUSSEE;EN SERVICE;LISSE;"38185";AUCUN;;;"1";;EN SERVICE;LISSE;;2024-09-02;;true;;;OpenStreetMap;WGS84;
5.71428024905561;45.1988463860089;D 15;;;way/489402269;;"38185";BANDE CYCLABLE;ZONE 30;UNIDIRECTIONNEL;;CHAUSSEE;EN SERVICE;LISSE;"38185";BANDE CYCLABLE;ZONE 30;UNIDIRECTIONNEL;;CHAUSSEE;EN SERVICE;LISSE;;2023-08-06;"30";;;;OpenStreetMap;WGS84;"cadastre-dgi-fr source : Direction Générale des Impôts - Cadastre;mise à jour : 2011"
5.71271456214352;45.1993015227768;D 15;;;way/34700546;;"38185";BANDE CYCLABLE;EN AGGLOMERATION;UNIDIRECTIONNEL;;CHAUSSEE;EN SERVICE;LISSE;"38185";BANDE CYCLABLE;EN AGGLOMERATION;UNIDIRECTIONNEL;;CHAUSSEE;EN SERVICE;LISSE;;2024-11-05;"50";true;;;OpenStreetMap;WGS84;
5.7141134;45.1996170504679;D 15;;;way/4341710;;"38185";BANDE CYCLABLE;EN AGGLOMERATION;UNIDIRECTIONNEL;;CHAUSSEE;EN SERVICE;LISSE;"38185";AUTRE;EN AGGLOMERATION;UNIDIRECTIONNEL;;CHAUSSEE;EN SERVICE;LISSE;;2022-05-03;"30";true;;;OpenStreetMap;WGS84;
5.70928810333783;45.2024771757868;;;;way/485179681;;"38185";PISTE CYCLABLE;;BIDIRECTIONNEL;;TROTTOIR;EN SERVICE;LISSE;"38185";AUCUN;;;;;EN SERVICE;LISSE;;2023-06-08;;true;;;OpenStreetMap;WGS84;
5.71025002203926;45.1987271063663;D 15;;;way/319766005;;"38185";BANDE CYCLABLE;EN AGGLOMERATION;UNIDIRECTIONNEL;;CHAUSSEE;EN SERVICE;LISSE;"38185";AUCUN;EN AGGLOMERATION;;;;EN SERVICE;LISSE;;2024-11-05;"50";true;;;OpenStreetMap;WGS84;
5.71229618601934;45.1975927780154;;;;way/10590854;;"38185";AUTRE;ZONE 30;UNIDIRECTIONNEL;;CHAUSSEE;EN SERVICE;LISSE;"38185";DOUBLE SENS CYCLABLE BANDE;ZONE 30;UNIDIRECTIONNEL;;CHAUSSEE;EN SERVICE;LISSE;;2025-01-15;"30";true;;;OpenStreetMap;WGS84;
5.70968824804453;45.1986382290031;;;;way/491770598;;"38185";VOIE VERTE;;BIDIRECTIONNEL;;CHAUSSEE;EN SERVICE;LISSE;"38185";AUCUN;;;;;EN SERVICE;LISSE;;2022-10-21;;true;;;OpenStreetMap;WGS84;
5.70941725;45.1985716004548;D 531;;;way/1243353830;;"38185";BANDE CYCLABLE;EN AGGLOMERATION;UNIDIRECTIONNEL;;CHAUSSEE;EN SERVICE;LISSE;"38185";AUCUN;EN AGGLOMERATION;;;;EN SERVICE;LISSE;;2024-11-13;"50";true;;;OpenStreetMap;WGS84;
5.71153173494003;45.2033724999655;;;;way/305616003;;"38185";VOIE VERTE;;BIDIRECTIONNEL;;CHAUSSEE;EN SERVICE;LISSE;"38185";AUCUN;;;;;EN SERVICE;LISSE;;2023-10-16;;false;;;OpenStreetMap;WGS84;cadastre-dgi-fr source : Direction Générale des Impôts - Cadastre. Mise à jour : 2009
5.70825367362234;45.2048644873051;;;;way/1013564281;;"38185";PISTE CYCLABLE;;BIDIRECTIONNEL;;TROTTOIR;EN SERVICE;LISSE;"38185";AUCUN;;;;;EN SERVICE;LISSE;;2023-10-16;;false;;;OpenStreetMap;WGS84;survey
5.70780533914438;45.2050815844887;;;;way/924369471;;"38185";PISTE CYCLABLE;;BIDIRECTIONNEL;;TROTTOIR;EN SERVICE;LISSE;"38185";AUCUN;;;;;EN SERVICE;LISSE;;2023-03-25;;false;;;OpenStreetMap;WGS84;cadastre-dgi-fr source : Direction Générale des Impôts - Cadastre. Mise à jour : 2009
5.7109656;45.1644961504655;;;;way/4014362;;"38185";BANDE CYCLABLE;EN AGGLOMERATION;UNIDIRECTIONNEL;;CHAUSSEE;EN SERVICE;LISSE;"38185";AUCUN;EN AGGLOMERATION;;;;EN SERVICE;LISSE;;2022-09-01;"50";true;;;OpenStreetMap;WGS84;
5.71113385;45.1642787005826;D 1075;;;way/41783718;;"38185";COULOIR BUS+VELO;EN AGGLOMERATION;UNIDIRECTIONNEL;;CHAUSSEE;EN SERVICE;LISSE;"38185";AUCUN;EN AGGLOMERATION;;;;EN SERVICE;LISSE;;2022-09-01;"50";true;;;OpenStreetMap;WGS84;
5.7129238005242;45.1635770067619;;;;way/878181759;;"38185";PISTE CYCLABLE;;UNIDIRECTIONNEL;;TROTTOIR;EN SERVICE;;"38185";AUCUN;;;;;EN SERVICE;;;2020-11-27;;;;;OpenStreetMap;WGS84;
5.72030198027932;45.1596055603136;;;;way/5995721;;"38185";BANDE CYCLABLE;EN AGGLOMERATION;UNIDIRECTIONNEL;;CHAUSSEE;EN SERVICE;LISSE;"38185";AUCUN;EN AGGLOMERATION;;;;EN SERVICE;LISSE;;2024-04-16;"50";true;;;OpenStreetMap;WGS84;
5.725379412809;45.1833501398218;;;;way/82641332;;"38185";AMENAGEMENT MIXTE PIETON VELO HORS VOIE VERTE;AIRE PIETONNE;BIDIRECTIONNEL;;TROTTOIR;EN SERVICE;LISSE;"38185";AUCUN;;;;;EN SERVICE;LISSE;;2021-05-24;;true;;;OpenStreetMap;WGS84;cadastre-dgi-fr source : Direction Générale des Impôts - Cadastre. Mise à jour : 2010
5.7258606;45.1839106004728;;;;way/273791704;;"38185";AMENAGEMENT MIXTE PIETON VELO HORS VOIE VERTE;AIRE PIETONNE;BIDIRECTIONNEL;;TROTTOIR;EN SERVICE;LISSE;"38185";AUCUN;;;;;EN SERVICE;LISSE;;2019-11-26;;true;;;OpenStreetMap;WGS84;cadastre-dgi-fr source : Direction Générale des Impôts - Cadastre. Mise à jour : 2010
5.72634195419476;45.1842366071728;;;;way/82633046;;"38185";AMENAGEMENT MIXTE PIETON VELO HORS VOIE VERTE;AIRE PIETONNE;BIDIRECTIONNEL;;TROTTOIR;EN SERVICE;RUGUEUX;"38185";AUCUN;;;;;EN SERVICE;RUGUEUX;;2021-03-30;;true;;;OpenStreetMap;WGS84;
5.73078770225047;45.1836658840439;;;;way/487814169;;"38185";PISTE CYCLABLE;;UNIDIRECTIONNEL;;TROTTOIR;EN SERVICE;LISSE;"38185";AUCUN;;;;;EN SERVICE;LISSE;ROLLER;2023-09-19;;true;;;OpenStreetMap;WGS84;
5.73006264900083;45.184136793651;;;;way/82633060;;"38185";AMENAGEMENT MIXTE PIETON VELO HORS VOIE VERTE;AIRE PIETONNE;BIDIRECTIONNEL;;TROTTOIR;EN SERVICE;RUGUEUX;"38185";AUCUN;;;;;EN SERVICE;RUGUEUX;;2020-11-19;;true;;;OpenStreetMap;WGS84;
5.72932847016994;45.1855030607852;;;;way/487814236;;"38185";VOIE VERTE;;BIDIRECTIONNEL;;CHAUSSEE;EN SERVICE;LISSE;"38185";AUCUN;;;;;EN SERVICE;LISSE;;2022-10-23;;true;;;OpenStreetMap;WGS84;
5.72999419460885;45.1857689612455;D 5;;;way/4262524;;"38185";AUTRE;ZONE 30;UNIDIRECTIONNEL;;CHAUSSEE;EN SERVICE;LISSE;"38185";AUCUN;ZONE 30;;;;EN SERVICE;LISSE;;2025-01-10;"30";true;;;OpenStreetMap;WGS84;
5.72905936430822;45.1858191806679;;;;way/817474551;;"38185";PISTE CYCLABLE;;UNIDIRECTIONNEL;;TROTTOIR;EN SERVICE;LISSE;"38185";AUCUN;;;;;EN SERVICE;LISSE;;2024-10-07;;true;;;OpenStreetMap;WGS84;
5.7347658;45.1850905505911;;;;way/28680490;;"38185";AMENAGEMENT MIXTE PIETON VELO HORS VOIE VERTE;AIRE PIETONNE;BIDIRECTIONNEL;;TROTTOIR;EN SERVICE;RUGUEUX;"38185";AUCUN;;;;;EN SERVICE;RUGUEUX;;2023-03-02;;true;;;OpenStreetMap;WGS84;
5.73137102320271;45.1854443345133;D 5;;;way/1349928963;;"38185";AUTRE;ZONE 30;UNIDIRECTIONNEL;;CHAUSSEE;EN SERVICE;LISSE;"38185";AUCUN;ZONE 30;;;;EN SERVICE;LISSE;;2025-01-10;"30";true;;;OpenStreetMap;WGS84;
5.73192282200666;45.1853363056996;D 5;;;way/38655116;;"38185";AUTRE;ZONE 30;UNIDIRECTIONNEL;;CHAUSSEE;EN SERVICE;LISSE;"38185";AUCUN;ZONE 30;;;;EN SERVICE;LISSE;ROLLER;2024-05-24;"30";true;;;OpenStreetMap;WGS84;
5.73168180589046;45.1850816786377;;;;way/487814190;;"38185";AMENAGEMENT MIXTE PIETON VELO HORS VOIE VERTE;;BIDIRECTIONNEL;;CHAUSSEE;EN SERVICE;LISSE;"38185";AUCUN;;;;;EN SERVICE;LISSE;;2023-04-30;;true;;;OpenStreetMap;WGS84;
5.7330075;45.1850088509027;;;;way/870427284;;"38185";AMENAGEMENT MIXTE PIETON VELO HORS VOIE VERTE;AIRE PIETONNE;BIDIRECTIONNEL;;TROTTOIR;EN SERVICE;MEUBLE;"38185";AUCUN;;;;;EN SERVICE;MEUBLE;VELO DE ROUTE;2020-11-27;;true;;;OpenStreetMap;WGS84;
5.73144712173292;45.1839670814328;;;;way/487814165;;"38185";VOIE VERTE;;BIDIRECTIONNEL;;CHAUSSEE;EN SERVICE;LISSE;"38185";AUCUN;;;;;EN SERVICE;LISSE;;2022-10-23;;true;;;OpenStreetMap;WGS84;"cadastre-dgi-fr source : Direction Générale des Impôts - Cadastre ; mise à jour : 2009"
5.7310716;45.1838129504498;;;;way/293957670;;"38185";VOIE VERTE;;BIDIRECTIONNEL;;CHAUSSEE;EN SERVICE;LISSE;"38185";AUCUN;;;;;EN SERVICE;LISSE;ROLLER;2024-12-10;;true;;;OpenStreetMap;WGS84;"cadastre-dgi-fr source : Direction Générale des Impôts - Cadastre ; mise à jour : 2009"
5.73140828090314;45.1834419572259;Chronovélo 7;;;way/1327274948;;"38185";PISTE CYCLABLE;;UNIDIRECTIONNEL;;TROTTOIR;EN SERVICE;LISSE;"38185";AUCUN;;;;;EN SERVICE;LISSE;;2024-11-30;;true;;;OpenStreetMap;WGS84;
5.73204988036708;45.1838164381381;;;;way/487814194;;"38185";PISTE CYCLABLE;;UNIDIRECTIONNEL;;TROTTOIR;EN SERVICE;LISSE;"38185";AUCUN;;;;;EN SERVICE;LISSE;;2022-10-23;;true;;;OpenStreetMap;WGS84;
5.73242377618037;45.1839806007145;;;;way/292453875;;"38185";AUTRE;;UNIDIRECTIONNEL;;CHAUSSEE;EN SERVICE;LISSE;"38185";AUCUN;;;;CHAUSSEE;EN SERVICE;LISSE;ROLLER;2024-11-28;;true;;;OpenStreetMap;WGS84;cadastre-dgi-fr source : Direction Générale des Impôts - Cadastre. Mise à jour : 2009
5.73094391475702;45.1772822606536;;;;way/1136977095;;"38185";PISTE CYCLABLE;;UNIDIRECTIONNEL;;TROTTOIR;EN SERVICE;LISSE;"38185";AUCUN;;;;;EN SERVICE;LISSE;;2025-01-17;;;;;OpenStreetMap;WGS84;
5.73175672389627;45.1786198913239;;;;way/1135963267;;"38185";AUTRE;ZONE 30;UNIDIRECTIONNEL;;CHAUSSEE;EN SERVICE;LISSE;"38185";AUCUN;ZONE 30;;;;EN SERVICE;LISSE;;2024-04-16;"30";true;;;OpenStreetMap;WGS84;
5.73374605;45.1820165004502;D 523;;;way/38655223;;"38185";AUTRE;ZONE 30;UNIDIRECTIONNEL;;CHAUSSEE;EN SERVICE;LISSE;"38185";AUTRE;ZONE 30;UNIDIRECTIONNEL;;CHAUSSEE;EN SERVICE;LISSE;;2024-08-19;"30";true;;;OpenStreetMap;WGS84;
5.73394449936684;45.1827121741074;;;;way/755234051;;"38185";PISTE CYCLABLE;;BIDIRECTIONNEL;;TROTTOIR;EN SERVICE;LISSE;"38185";AUCUN;;;;;EN SERVICE;LISSE;;2024-12-17;;true;;;OpenStreetMap;WGS84;
5.73388505889489;45.1827039979974;;;;way/38655115;;"38185";AUCUN;ZONE 30;;;;EN SERVICE;LISSE;"38185";AUTRE;ZONE 30;UNIDIRECTIONNEL;;CHAUSSEE;EN SERVICE;LISSE;;2024-08-17;"30";true;;;OpenStreetMap;WGS84;
5.73272846848074;45.1819816636337;D 523;;;way/1133551925;;"38185";BANDE CYCLABLE;ZONE 30;UNIDIRECTIONNEL;;CHAUSSEE;EN SERVICE;LISSE;"38185";BANDE CYCLABLE;ZONE 30;UNIDIRECTIONNEL;;CHAUSSEE;EN SERVICE;LISSE;;2024-08-19;"30";true;;;OpenStreetMap;WGS84;
5.72945995216596;45.1827325902557;;;;way/47068901;;"38185";AUTRE;;UNIDIRECTIONNEL;;CHAUSSEE;EN SERVICE;LISSE;"38185";AUCUN;;;;CHAUSSEE;EN SERVICE;LISSE;;2023-05-27;;true;;;OpenStreetMap;WGS84;"cadastre-dgi-fr source : Direction Générale des Impôts - Cadastre ; mise à jour : 2010"
5.7285099;45.1823185504574;;;;way/1054001602;;"38185";VOIE VERTE;AIRE PIETONNE;BIDIRECTIONNEL;;TROTTOIR;EN SERVICE;LISSE;"38185";AUCUN;;;;;EN SERVICE;LISSE;;2023-07-11;;true;;;OpenStreetMap;WGS84;"cadastre-dgi-fr source : Direction Générale des Impôts - Cadastre ; mise à jour : 2009"
5.72928459826817;45.1819446434492;D 523;;;way/97081861;;"38185";BANDE CYCLABLE;ZONE 30;UNIDIRECTIONNEL;;CHAUSSEE;EN SERVICE;LISSE;"38185";DOUBLE SENS CYCLABLE NON MATERIALISE;ZONE 30;UNIDIRECTIONNEL;;CHAUSSEE;EN SERVICE;LISSE;;2024-08-12;"30";true;;;OpenStreetMap;WGS84;cadastre-dgi-fr source : Direction Générale des Impôts - Cadastre. Mise à jour : 2011
5.7299609170731;45.1820599294676;;;;way/35102354;;"38185";PISTE CYCLABLE;;BIDIRECTIONNEL;;TROTTOIR;EN SERVICE;LISSE;"38185";AUCUN;;;;;EN SERVICE;LISSE;;2024-03-25;;true;;;OpenStreetMap;WGS84;cadastre-dgi-fr source : Direction Générale des Impôts - Cadastre. Mise à jour : 2009
5.72793825;45.1814084505342;;;;way/237147544;;"38185";COULOIR BUS+VELO;EN AGGLOMERATION;UNIDIRECTIONNEL;;CHAUSSEE;EN SERVICE;LISSE;"38185";AUTRE;EN AGGLOMERATION;UNIDIRECTIONNEL;;CHAUSSEE;EN SERVICE;LISSE;;2024-08-12;"50";true;;;OpenStreetMap;WGS84;
5.7267492;45.1815580004527;;;;way/1054001613;;"38185";VOIE VERTE;AIRE PIETONNE;BIDIRECTIONNEL;"1.6";TROTTOIR;EN SERVICE;LISSE;"38185";AUCUN;;;"1.6";;EN SERVICE;LISSE;;2024-12-20;;true;;;OpenStreetMap;WGS84;"cadastre-dgi-fr source : Direction Générale des Impôts - Cadastre ; mise à jour : 2009"
5.72728798360097;45.1822360935898;;;;way/488546753;;"38185";AMENAGEMENT MIXTE PIETON VELO HORS VOIE VERTE;AIRE PIETONNE;BIDIRECTIONNEL;;TROTTOIR;EN SERVICE;LISSE;"38185";AUCUN;;;;;EN SERVICE;LISSE;ROLLER;2024-05-24;;true;;;OpenStreetMap;WGS84;"cadastre-dgi-fr source : Direction Générale des Impôts - Cadastre;mise à jour : 2009"
5.72791539399207;45.1819141999167;;;;way/488546768;;"38185";VOIE VERTE;AIRE PIETONNE;BIDIRECTIONNEL;;TROTTOIR;EN SERVICE;LISSE;"38185";AUCUN;;;;;EN SERVICE;LISSE;;2022-10-23;;true;;;OpenStreetMap;WGS84;"cadastre-dgi-fr source : Direction Générale des Impôts - Cadastre ; mise à jour : 2009"
5.72825247263838;45.1819489967919;D 523;;;way/8016240;;"38185";BANDE CYCLABLE;ZONE 30;UNIDIRECTIONNEL;;CHAUSSEE;EN SERVICE;LISSE;"38185";AUCUN;ZONE 30;;;;EN SERVICE;LISSE;;2024-08-19;"30";true;;;OpenStreetMap;WGS84;
5.7281949;45.1821490006225;;;;way/235645231;;"38185";VOIE VERTE;AIRE PIETONNE;BIDIRECTIONNEL;;TROTTOIR;EN SERVICE;LISSE;"38185";AUCUN;;;;;EN SERVICE;LISSE;;2022-10-23;;true;;;OpenStreetMap;WGS84;"cadastre-dgi-fr source : Direction Générale des Impôts - Cadastre ; mise à jour : 2009"
5.72792705;45.1824554505764;;;;way/1054001604;;"38185";VOIE VERTE;AIRE PIETONNE;BIDIRECTIONNEL;"1.4";TROTTOIR;EN SERVICE;LISSE;"38185";AUCUN;;;"1.4";;EN SERVICE;LISSE;;2024-11-19;;true;;;OpenStreetMap;WGS84;"cadastre-dgi-fr source : Direction Générale des Impôts - Cadastre ; mise à jour : 2009"
5.72775262797816;45.1821430773527;;;;way/47068902;;"38185";VOIE VERTE;AIRE PIETONNE;BIDIRECTIONNEL;;TROTTOIR;EN SERVICE;LISSE;"38185";AUCUN;;;;;EN SERVICE;LISSE;;2023-05-15;;true;;;OpenStreetMap;WGS84;"cadastre-dgi-fr source : Direction Générale des Impôts - Cadastre ; mise à jour : 2009"
5.72729626688064;45.1825378877643;;;;way/344265838;;"38185";VOIE VERTE;AIRE PIETONNE;BIDIRECTIONNEL;"1.5";TROTTOIR;EN SERVICE;LISSE;"38185";AUCUN;;;"1.5";;EN SERVICE;LISSE;;2024-11-19;;true;;;OpenStreetMap;WGS84;"cadastre-dgi-fr source : Direction Générale des Impôts - Cadastre ; mise à jour : 2009"
5.72357276288536;45.1828403833918;;;;way/258883131;;"38185";AMENAGEMENT MIXTE PIETON VELO HORS VOIE VERTE;AIRE PIETONNE;BIDIRECTIONNEL;;TROTTOIR;EN SERVICE;LISSE;"38185";AUCUN;;;;;EN SERVICE;LISSE;;2021-11-19;;true;;;OpenStreetMap;WGS84;
5.72514396442493;45.1813034539418;;;;way/235645885;;"38185";AMENAGEMENT MIXTE PIETON VELO HORS VOIE VERTE;AIRE PIETONNE;BIDIRECTIONNEL;;TROTTOIR;EN SERVICE;LISSE;"38185";AUCUN;;;;;EN SERVICE;LISSE;ROLLER;2023-09-19;;true;;;OpenStreetMap;WGS84;
5.72244804154443;45.1808853257786;D 1090;;;way/245301047;;"38185";AUTRE;EN AGGLOMERATION;UNIDIRECTIONNEL;;CHAUSSEE;EN SERVICE;LISSE;"38185";AUCUN;EN AGGLOMERATION;;;;EN SERVICE;LISSE;ROLLER;2023-09-19;"50";true;;;OpenStreetMap;WGS84;
5.72278327202942;45.180754443004;D 1090;;;way/245301062;;"38185";AUTRE;EN AGGLOMERATION;UNIDIRECTIONNEL;;CHAUSSEE;EN SERVICE;LISSE;"38185";AUCUN;EN AGGLOMERATION;;;;EN SERVICE;LISSE;ROLLER;2023-12-06;"50";true;;;OpenStreetMap;WGS84;
5.72344213749604;45.1808682983218;;;;way/1098006832;;"38185";AMENAGEMENT MIXTE PIETON VELO HORS VOIE VERTE;AIRE PIETONNE;BIDIRECTIONNEL;;TROTTOIR;EN SERVICE;LISSE;"38185";AUCUN;;;;;EN SERVICE;LISSE;;2022-09-26;;true;;;OpenStreetMap;WGS84;
5.72345955;45.1808176004555;;;;way/1098006833;;"38185";AMENAGEMENT MIXTE PIETON VELO HORS VOIE VERTE;AIRE PIETONNE;BIDIRECTIONNEL;;TROTTOIR;EN SERVICE;LISSE;"38185";AUCUN;;;;;EN SERVICE;LISSE;;2022-09-26;;true;;;OpenStreetMap;WGS84;
5.72347251716823;45.1802349738836;;;;way/1043575983;;"38185";AUCUN;EN AGGLOMERATION;;;;EN SERVICE;LISSE;"38185";COULOIR BUS+VELO;EN AGGLOMERATION;UNIDIRECTIONNEL;;CHAUSSEE;EN SERVICE;LISSE;ROLLER;2024-05-24;"30";true;;;OpenStreetMap;WGS84;
5.72422025;45.180941950531;;;;way/53088413;;"38185";AUTRE;ZONE 30;UNIDIRECTIONNEL;;CHAUSSEE;EN SERVICE;LISSE;"38185";AUCUN;ZONE 30;;;CHAUSSEE;EN SERVICE;LISSE;;2022-12-28;"30";true;;;OpenStreetMap;WGS84;"cadastre-dgi-fr source : Direction Générale des Impôts - Cadastre ; mise à jour : 2010"
5.7245324;45.1813295504867;;;;way/47889410;;"38185";AUTRE;ZONE 30;UNIDIRECTIONNEL;;CHAUSSEE;EN SERVICE;LISSE;"38185";AUCUN;ZONE 30;;;CHAUSSEE;EN SERVICE;LISSE;;2022-10-25;"30";true;;;OpenStreetMap;WGS84;"cadastre-dgi-fr source : Direction Générale des Impôts - Cadastre ; mise à jour : 2010"
5.72608424501014;45.1813720593268;;;;way/1054001616;;"38185";VOIE VERTE;AIRE PIETONNE;BIDIRECTIONNEL;;TROTTOIR;EN SERVICE;LISSE;"38185";AUCUN;;;;;EN SERVICE;LISSE;;2022-10-21;;true;;;OpenStreetMap;WGS84;"cadastre-dgi-fr source : Direction Générale des Impôts - Cadastre ; mise à jour : 2009"
5.72820961190589;45.1794108822554;;;;way/170149188;;"38185";COULOIR BUS+VELO;EN AGGLOMERATION;UNIDIRECTIONNEL;;CHAUSSEE;EN SERVICE;LISSE;"38185";BANDE CYCLABLE;EN AGGLOMERATION;UNIDIRECTIONNEL;;CHAUSSEE;EN SERVICE;LISSE;;2022-10-27;"50";true;;;OpenStreetMap;WGS84;
5.73184409441584;45.1765211129468;;;;way/492144597;;"38185";VOIE VERTE;;UNIDIRECTIONNEL;;CHAUSSEE;EN SERVICE;LISSE;"38185";AUCUN;;;;;EN SERVICE;LISSE;;2023-11-05;;true;;;OpenStreetMap;WGS84;
5.72705829609454;45.1881799946906;;;;way/37855007;;"38185";AUTRE;ZONE 30;UNIDIRECTIONNEL;;CHAUSSEE;EN SERVICE;LISSE;"38185";DOUBLE SENS CYCLABLE NON MATERIALISE;ZONE 30;UNIDIRECTIONNEL;;CHAUSSEE;EN SERVICE;LISSE;;2024-08-04;"30";true;;;OpenStreetMap;WGS84;"cadastre-dgi-fr source : Direction Générale des Impôts - Cadastre;mise à jour : 2009"
5.73005187268685;45.1880717061343;;;;way/219647185;;"38185";COULOIR BUS+VELO;ZONE 30;UNIDIRECTIONNEL;;CHAUSSEE;EN SERVICE;LISSE;"38185";BANDE CYCLABLE;ZONE 30;UNIDIRECTIONNEL;;CHAUSSEE;EN SERVICE;LISSE;;2024-08-12;"30";true;;;OpenStreetMap;WGS84;
5.72476656712599;45.1884183273849;;;;way/30613646;;"38185";AUTRE;EN AGGLOMERATION;;;;EN SERVICE;LISSE;"38185";COULOIR BUS+VELO;EN AGGLOMERATION;UNIDIRECTIONNEL;;CHAUSSEE;EN SERVICE;LISSE;;2024-08-12;"30";true;;;OpenStreetMap;WGS84;"v2;cadastre-dgi-fr source : Direction Générale des Impôts - Cadastre;mise à jour : 2009"
5.72482465;45.1878459504509;;;;way/685577148;;"38185";PISTE CYCLABLE;;BIDIRECTIONNEL;;TROTTOIR;EN SERVICE;LISSE;"38185";AUCUN;;;;;EN SERVICE;LISSE;;2021-06-11;;true;;;OpenStreetMap;WGS84;
5.72495345370059;45.1905200599317;;;;way/33100107;;"38185";AUTRE;ZONE 30;;;;EN SERVICE;LISSE;"38185";DOUBLE SENS CYCLABLE NON MATERIALISE;ZONE 30;UNIDIRECTIONNEL;;CHAUSSEE;EN SERVICE;LISSE;;2024-08-12;"30";true;;;OpenStreetMap;WGS84;"v2;cadastre-dgi-fr source : Direction Générale des Impôts - Cadastre;mise à jour : 2009"
5.7252363336487;45.1928758800786;D 15;;;way/34033202;;"38185";AUTRE;ZONE 30;UNIDIRECTIONNEL;;CHAUSSEE;EN SERVICE;LISSE;"38185";DOUBLE SENS CYCLABLE NON MATERIALISE;ZONE 30;UNIDIRECTIONNEL;;CHAUSSEE;EN SERVICE;LISSE;;2024-08-12;"30";true;;;OpenStreetMap;WGS84;
5.72444373668213;45.1927110532107;D 15;;;way/1293946306;;"38185";AUTRE;ZONE 30;UNIDIRECTIONNEL;;CHAUSSEE;EN SERVICE;LISSE;"38185";DOUBLE SENS CYCLABLE NON MATERIALISE;ZONE 30;UNIDIRECTIONNEL;;CHAUSSEE;EN SERVICE;LISSE;;2024-08-12;"30";true;;;OpenStreetMap;WGS84;
5.72390419001991;45.1935460915778;;;;way/8016204;;"38185";AUCUN;EN AGGLOMERATION;;;;EN SERVICE;LISSE;"38185";DOUBLE SENS CYCLABLE NON MATERIALISE;EN AGGLOMERATION;UNIDIRECTIONNEL;;CHAUSSEE;EN SERVICE;LISSE;;2024-08-02;"30";true;;;OpenStreetMap;WGS84;
5.7262055920691;45.1921862331864;;;;way/98720353;;"38185";AMENAGEMENT MIXTE PIETON VELO HORS VOIE VERTE;AIRE PIETONNE;BIDIRECTIONNEL;;TROTTOIR;EN SERVICE;RUGUEUX;"38185";AUCUN;;;;;EN SERVICE;RUGUEUX;;2022-03-14;;true;;;OpenStreetMap;WGS84;cadastre-dgi-fr source : Direction Générale des Impôts - Cadastre. Mise à jour : 2011
5.72729113383419;45.1904557528977;;;;way/1224047646;;"38185";AMENAGEMENT MIXTE PIETON VELO HORS VOIE VERTE;AIRE PIETONNE;BIDIRECTIONNEL;;TROTTOIR;EN SERVICE;RUGUEUX;"38185";AUCUN;;;;;EN SERVICE;RUGUEUX;ROLLER;2023-11-16;;true;;;OpenStreetMap;WGS84;
5.73334073618935;45.1947181826606;D 590;;;way/181638517;;"38185";AUTRE;ZONE 30;UNIDIRECTIONNEL;;CHAUSSEE;EN SERVICE;LISSE;"38185";AUTRE;ZONE 30;UNIDIRECTIONNEL;;CHAUSSEE;EN SERVICE;LISSE;;2024-06-17;"30";true;;;OpenStreetMap;WGS84;
5.73858695951271;45.1883272854369;;;;way/41742358;;"38185";AMENAGEMENT MIXTE PIETON VELO HORS VOIE VERTE;AIRE PIETONNE;BIDIRECTIONNEL;;TROTTOIR;EN SERVICE;LISSE;"38185";AUCUN;;;;;EN SERVICE;LISSE;;2022-01-20;;true;;;OpenStreetMap;WGS84;
5.73771505;45.1872901004515;;;;way/803425636;;"38185";AMENAGEMENT MIXTE PIETON VELO HORS VOIE VERTE;AIRE PIETONNE;BIDIRECTIONNEL;;TROTTOIR;EN SERVICE;RUGUEUX;"38185";AUCUN;;;;;EN SERVICE;RUGUEUX;ROLLER;2023-09-19;;true;;;OpenStreetMap;WGS84;
5.73656667617149;45.1888451228997;;;;way/192666978;;"38185";BANDE CYCLABLE;ZONE 30;UNIDIRECTIONNEL;;CHAUSSEE;EN SERVICE;LISSE;"38185";AUTRE;ZONE 30;UNIDIRECTIONNEL;;CHAUSSEE;EN SERVICE;LISSE;;2024-09-24;"30";true;;;OpenStreetMap;WGS84;
5.74035095;45.1884238504495;;;;way/803425642;;"38185";PISTE CYCLABLE;;BIDIRECTIONNEL;;TROTTOIR;EN SERVICE;LISSE;"38185";AUCUN;;;;;EN SERVICE;LISSE;ROLLER;2023-09-19;;true;;;OpenStreetMap;WGS84;
5.70428115;45.1675829004571;;;;way/1153307511;;"38185";VOIE VERTE;AIRE PIETONNE;BIDIRECTIONNEL;;TROTTOIR;EN SERVICE;LISSE;"38185";AUCUN;;;;;EN SERVICE;LISSE;;2023-03-10;;true;;;OpenStreetMap;WGS84;
5.70429368704768;45.1675184794472;;;;way/199255756;;"38185";VOIE VERTE;AIRE PIETONNE;BIDIRECTIONNEL;;TROTTOIR;EN SERVICE;LISSE;"38185";AUCUN;;;;;EN SERVICE;LISSE;;2023-10-09;;true;;;OpenStreetMap;WGS84;
5.70420353901516;45.1674567611883;;;;way/330138753;;"38185";VOIE VERTE;AIRE PIETONNE;BIDIRECTIONNEL;;TROTTOIR;EN SERVICE;LISSE;"38185";AUCUN;;;;;EN SERVICE;LISSE;;2023-10-09;;true;;;OpenStreetMap;WGS84;
5.70437630645381;45.1674526088977;;;;way/291434977;;"38185";VOIE VERTE;AIRE PIETONNE;BIDIRECTIONNEL;;TROTTOIR;EN SERVICE;LISSE;"38185";AUCUN;;;;;EN SERVICE;LISSE;;2023-10-09;;true;;;OpenStreetMap;WGS84;
5.70455695;45.1677100504777;;;;way/232147147;;"38185";BANDE CYCLABLE;EN AGGLOMERATION;UNIDIRECTIONNEL;;CHAUSSEE;EN SERVICE;LISSE;"38185";AUCUN;EN AGGLOMERATION;;;;EN SERVICE;LISSE;;2024-03-18;"50";true;;;OpenStreetMap;WGS84;
5.7043933;45.1677175504574;;;;way/1153307509;;"38185";VOIE VERTE;;BIDIRECTIONNEL;;CHAUSSEE;EN SERVICE;LISSE;"38185";AUCUN;;;;;EN SERVICE;LISSE;;2023-03-10;;true;;;OpenStreetMap;WGS84;
5.70591014032003;45.1664510726616;;;;way/330138761;;"38185";AMENAGEMENT MIXTE PIETON VELO HORS VOIE VERTE;AIRE PIETONNE;BIDIRECTIONNEL;;TROTTOIR;EN SERVICE;LISSE;"38185";AUCUN;;;;;EN SERVICE;LISSE;;2023-04-16;;;;;OpenStreetMap;WGS84;
5.7047538;45.1676122504676;;;;way/4014318;;"38185";BANDE CYCLABLE;EN AGGLOMERATION;UNIDIRECTIONNEL;;CHAUSSEE;EN SERVICE;LISSE;"38185";AUCUN;EN AGGLOMERATION;;;;EN SERVICE;LISSE;;2023-12-19;"50";true;;;OpenStreetMap;WGS84;
5.70644973169274;45.1642640535593;;;;way/95452474;;"38185";AMENAGEMENT MIXTE PIETON VELO HORS VOIE VERTE;AIRE PIETONNE;BIDIRECTIONNEL;;TROTTOIR;EN SERVICE;LISSE;"38185";AUCUN;;;;;EN SERVICE;LISSE;;2016-09-19;;;;;OpenStreetMap;WGS84;
5.70705408387594;45.1658912684929;;;;way/95453006;;"38185";AMENAGEMENT MIXTE PIETON VELO HORS VOIE VERTE;AIRE PIETONNE;BIDIRECTIONNEL;;TROTTOIR;EN SERVICE;RUGUEUX;"38185";AUCUN;;;;;EN SERVICE;RUGUEUX;;2023-04-16;;;;;OpenStreetMap;WGS84;
5.70651484982776;45.1655618649349;;;;way/330138750;;"38185";AMENAGEMENT MIXTE PIETON VELO HORS VOIE VERTE;AIRE PIETONNE;BIDIRECTIONNEL;;TROTTOIR;EN SERVICE;RUGUEUX;"38185";AUCUN;;;;;EN SERVICE;RUGUEUX;;2015-02-24;;;;;OpenStreetMap;WGS84;
5.70654060363191;45.1665408130755;D 5B;;;way/4014325;;"38185";BANDE CYCLABLE;EN AGGLOMERATION;UNIDIRECTIONNEL;;CHAUSSEE;EN SERVICE;LISSE;"38185";AUCUN;EN AGGLOMERATION;;;;EN SERVICE;LISSE;ROLLER;2023-12-19;"50";true;;;OpenStreetMap;WGS84;
5.70619435270931;45.1639471757581;;;;way/330138764;;"38185";AMENAGEMENT MIXTE PIETON VELO HORS VOIE VERTE;AIRE PIETONNE;BIDIRECTIONNEL;;TROTTOIR;EN SERVICE;LISSE;"38185";AUCUN;;;;;EN SERVICE;LISSE;;2023-04-16;;;;;OpenStreetMap;WGS84;
5.70582078563585;45.1649137739735;;;;way/330138755;;"38185";AMENAGEMENT MIXTE PIETON VELO HORS VOIE VERTE;AIRE PIETONNE;BIDIRECTIONNEL;;TROTTOIR;EN SERVICE;LISSE;"38185";AUCUN;;;;;EN SERVICE;LISSE;;2023-04-16;;;;;OpenStreetMap;WGS84;
5.70732117577772;45.1651508849159;;;;way/496067022;;"38185";AMENAGEMENT MIXTE PIETON VELO HORS VOIE VERTE;AIRE PIETONNE;BIDIRECTIONNEL;;TROTTOIR;EN SERVICE;LISSE;"38185";AUCUN;;;;;EN SERVICE;LISSE;;2023-04-16;;;;;OpenStreetMap;WGS84;
5.70706107538181;45.1643113510106;;;;way/682521774;;"38185";AMENAGEMENT MIXTE PIETON VELO HORS VOIE VERTE;AIRE PIETONNE;BIDIRECTIONNEL;;TROTTOIR;EN SERVICE;RUGUEUX;"38185";AUCUN;;;;;EN SERVICE;RUGUEUX;;2019-04-08;;;;;OpenStreetMap;WGS84;
5.70971630250521;45.1648567058463;;;;way/8016462;;"38185";BANDE CYCLABLE;EN AGGLOMERATION;UNIDIRECTIONNEL;;CHAUSSEE;EN SERVICE;RUGUEUX;"38185";AUCUN;EN AGGLOMERATION;;;;EN SERVICE;RUGUEUX;VELO DE ROUTE;2024-07-30;"50";true;;;OpenStreetMap;WGS84;
5.70975075621704;45.1650928113323;;;;way/292166890;;"38185";COULOIR BUS+VELO;EN AGGLOMERATION;UNIDIRECTIONNEL;;CHAUSSEE;EN SERVICE;LISSE;"38185";AUCUN;EN AGGLOMERATION;;;CHAUSSEE;EN SERVICE;LISSE;;2024-07-30;"50";true;;;OpenStreetMap;WGS84;
5.70825880261748;45.1654522033217;;;;way/1307648743;;"38185";AMENAGEMENT MIXTE PIETON VELO HORS VOIE VERTE;AIRE PIETONNE;BIDIRECTIONNEL;;TROTTOIR;EN SERVICE;RUGUEUX;"38185";AUCUN;;;;;EN SERVICE;RUGUEUX;;2024-08-14;;;;;OpenStreetMap;WGS84;
5.71042391872001;45.1625952877012;D 1075;;;way/286303065;;"38185";COULOIR BUS+VELO;EN AGGLOMERATION;UNIDIRECTIONNEL;;CHAUSSEE;EN SERVICE;LISSE;"38185";AUCUN;EN AGGLOMERATION;;;;EN SERVICE;LISSE;;2024-07-30;"50";true;;;OpenStreetMap;WGS84;
5.70711275059942;45.1636962841628;;;;way/330138756;;"38185";AMENAGEMENT MIXTE PIETON VELO HORS VOIE VERTE;AIRE PIETONNE;BIDIRECTIONNEL;;TROTTOIR;EN SERVICE;RUGUEUX;"38185";AUCUN;;;;;EN SERVICE;RUGUEUX;;2022-10-27;;;;;OpenStreetMap;WGS84;
5.70686570867866;45.1625538577844;;;;way/95451789;;"38185";AMENAGEMENT MIXTE PIETON VELO HORS VOIE VERTE;AIRE PIETONNE;BIDIRECTIONNEL;;TROTTOIR;EN SERVICE;RUGUEUX;"38185";AUCUN;;;;;EN SERVICE;RUGUEUX;;2023-04-16;;;;;OpenStreetMap;WGS84;
5.70612665100371;45.1623697765779;;;;way/95451798;;"38185";AMENAGEMENT MIXTE PIETON VELO HORS VOIE VERTE;AIRE PIETONNE;BIDIRECTIONNEL;;TROTTOIR;EN SERVICE;RUGUEUX;"38185";AUCUN;;;;;EN SERVICE;RUGUEUX;;2024-08-08;;;;;OpenStreetMap;WGS84;
5.7064659530308;45.1618536419204;;;;way/95451790;;"38185";AMENAGEMENT MIXTE PIETON VELO HORS VOIE VERTE;AIRE PIETONNE;BIDIRECTIONNEL;;TROTTOIR;EN SERVICE;MEUBLE;"38185";AUCUN;;;;;EN SERVICE;MEUBLE;;2024-08-08;;;;;OpenStreetMap;WGS84;
5.70905322132366;45.1589542433379;;;;way/329370184;;"38185";VOIE VERTE;;UNIDIRECTIONNEL;;CHAUSSEE;EN SERVICE;LISSE;"38185";AUCUN;;;;;EN SERVICE;LISSE;;2024-11-05;;;;;OpenStreetMap;WGS84;
5.70893075;45.1586069007449;;;;way/175962345;;"38185";VOIE VERTE;;UNIDIRECTIONNEL;;CHAUSSEE;EN SERVICE;LISSE;"38185";AUCUN;;;;;EN SERVICE;LISSE;;2020-12-06;;true;;;OpenStreetMap;WGS84;
5.70952133909363;45.1603140534926;;;;way/158497380;;"38185";AUTRE;;UNIDIRECTIONNEL;;CHAUSSEE;EN SERVICE;LISSE;"38185";AUTRE;;UNIDIRECTIONNEL;;CHAUSSEE;EN SERVICE;LISSE;;2021-08-05;;;;;OpenStreetMap;WGS84;
5.7096938;45.1596840007442;;;;way/329370178;;"38185";PISTE CYCLABLE;;UNIDIRECTIONNEL;;TROTTOIR;EN SERVICE;LISSE;"38185";AUCUN;;;;;EN SERVICE;LISSE;;2023-10-19;;;;;OpenStreetMap;WGS84;
5.7092614114774;45.1595269913479;;;;way/158497364;;"38185";PISTE CYCLABLE;;UNIDIRECTIONNEL;;TROTTOIR;EN SERVICE;LISSE;"38185";AUCUN;;;;;EN SERVICE;LISSE;;2022-07-08;;false;;;OpenStreetMap;WGS84;
5.7138227;45.1663705005103;;;;way/875575785;;"38185";RAMPE;;BIDIRECTIONNEL;;TROTTOIR;EN SERVICE;LISSE;"38185";AUCUN;;;;;EN SERVICE;LISSE;;2024-11-20;;true;;;OpenStreetMap;WGS84;
5.71279429836971;45.1689651007986;D 1075;;;way/254694658;;"38185";BANDE CYCLABLE;EN AGGLOMERATION;UNIDIRECTIONNEL;;CHAUSSEE;EN SERVICE;LISSE;"38185";AUCUN;EN AGGLOMERATION;;;;EN SERVICE;LISSE;;2024-12-08;"50";true;;;OpenStreetMap;WGS84;
5.71291673498511;45.1693326038311;D 1075;;;way/309992012;;"38185";BANDE CYCLABLE;EN AGGLOMERATION;UNIDIRECTIONNEL;;CHAUSSEE;EN SERVICE;LISSE;"38185";AUCUN;EN AGGLOMERATION;;;;EN SERVICE;LISSE;;2024-12-08;"50";true;;;OpenStreetMap;WGS84;
5.71260407371882;45.1694046010578;D 1075;;;way/254694659;;"38185";AUTRE;EN AGGLOMERATION;UNIDIRECTIONNEL;;CHAUSSEE;EN SERVICE;LISSE;"38185";AUCUN;EN AGGLOMERATION;;;;EN SERVICE;LISSE;;2022-11-12;"50";true;;;OpenStreetMap;WGS84;
5.71283925;45.1699219004648;D 1075;;;way/463233108;;"38185";COULOIR BUS+VELO;EN AGGLOMERATION;UNIDIRECTIONNEL;;CHAUSSEE;EN SERVICE;LISSE;"38185";AUCUN;EN AGGLOMERATION;;;CHAUSSEE;EN SERVICE;LISSE;;2022-11-12;"50";true;;;OpenStreetMap;WGS84;
5.71314352446983;45.1699187095482;;;;way/309992016;;"38185";PISTE CYCLABLE;;UNIDIRECTIONNEL;;TROTTOIR;EN SERVICE;LISSE;"38185";AUCUN;;;;;EN SERVICE;LISSE;;2024-12-08;;true;;;OpenStreetMap;WGS84;
5.71235834683788;45.1687771787088;;;;way/463973104;;"38185";PISTE CYCLABLE;;UNIDIRECTIONNEL;;TROTTOIR;EN SERVICE;LISSE;"38185";AUCUN;;;;;EN SERVICE;LISSE;;2019-11-12;;true;;;OpenStreetMap;WGS84;
5.7122252940044;45.1680613102761;D 1075;;;way/254694662;;"38185";AUTRE;EN AGGLOMERATION;UNIDIRECTIONNEL;;CHAUSSEE;EN SERVICE;LISSE;"38185";AUCUN;EN AGGLOMERATION;;;;EN SERVICE;LISSE;;2022-09-01;"50";true;;;OpenStreetMap;WGS84;
5.71223088015673;45.1671656286399;;;;way/191107390;;"38185";PISTE CYCLABLE;;UNIDIRECTIONNEL;;TROTTOIR;EN SERVICE;;"38185";AUCUN;;;;;EN SERVICE;;;2021-07-21;;true;;;OpenStreetMap;WGS84;
5.71210055;45.1668188005289;;;;way/463973109;;"38185";AUTRE;EN AGGLOMERATION;UNIDIRECTIONNEL;;CHAUSSEE;EN SERVICE;LISSE;"38185";AUCUN;EN AGGLOMERATION;;;;EN SERVICE;LISSE;;2024-08-12;"30";true;;;OpenStreetMap;WGS84;
5.7116219912735;45.1658047946668;D 1075;;;way/4014454;;"38185";COULOIR BUS+VELO;EN AGGLOMERATION;UNIDIRECTIONNEL;;CHAUSSEE;EN SERVICE;LISSE;"38185";AUCUN;EN AGGLOMERATION;;;;EN SERVICE;LISSE;;2023-12-30;"50";true;;;OpenStreetMap;WGS84;
5.71150909777382;45.1658323424463;D 1075;;;way/227683858;;"38185";COULOIR BUS+VELO;EN AGGLOMERATION;UNIDIRECTIONNEL;;CHAUSSEE;EN SERVICE;LISSE;"38185";AUCUN;EN AGGLOMERATION;;;;EN SERVICE;LISSE;;2023-12-30;"50";true;;;OpenStreetMap;WGS84;
5.71097687573583;45.1646965548617;;;;way/463973102;;"38185";VOIE VERTE;;UNIDIRECTIONNEL;;CHAUSSEE;EN SERVICE;LISSE;"38185";AUCUN;;;;;EN SERVICE;LISSE;;2023-01-30;;true;;;OpenStreetMap;WGS84;
5.7111066;45.1644286504585;;;;way/4014361;;"38185";BANDE CYCLABLE;EN AGGLOMERATION;UNIDIRECTIONNEL;;CHAUSSEE;EN SERVICE;LISSE;"38185";AUCUN;EN AGGLOMERATION;;;;EN SERVICE;LISSE;;2022-09-01;"50";true;;;OpenStreetMap;WGS84;
5.7110006;45.1643430005648;D 1075;;;way/9751754;;"38185";COULOIR BUS+VELO;EN AGGLOMERATION;UNIDIRECTIONNEL;;CHAUSSEE;EN SERVICE;LISSE;"38185";AUCUN;EN AGGLOMERATION;;;;EN SERVICE;LISSE;;2022-09-01;"50";true;;;OpenStreetMap;WGS84;
5.71114080795404;45.1639107360914;;;;way/158497377;;"38185";VOIE VERTE;;UNIDIRECTIONNEL;;CHAUSSEE;EN SERVICE;LISSE;"38185";AUCUN;;;;;EN SERVICE;LISSE;;2023-10-12;;true;;;OpenStreetMap;WGS84;
5.7116096;45.1641751506128;;;;way/292166888;;"38185";BANDE CYCLABLE;EN AGGLOMERATION;UNIDIRECTIONNEL;;CHAUSSEE;EN SERVICE;LISSE;"38185";AUCUN;EN AGGLOMERATION;;;;EN SERVICE;LISSE;;2023-01-07;"50";true;;;OpenStreetMap;WGS84;
5.7118398;45.163796950945;;;;way/129848139;;"38185";BANDE CYCLABLE;EN AGGLOMERATION;UNIDIRECTIONNEL;;CHAUSSEE;EN SERVICE;LISSE;"38185";AUCUN;EN AGGLOMERATION;;;;EN SERVICE;LISSE;;2024-08-12;"50";true;;;OpenStreetMap;WGS84;
5.71053496905921;45.1625536260044;D 1075;;;way/312962681;;"38185";COULOIR BUS+VELO;EN AGGLOMERATION;UNIDIRECTIONNEL;;CHAUSSEE;EN SERVICE;LISSE;"38185";AUCUN;EN AGGLOMERATION;;;;EN SERVICE;LISSE;;2024-07-30;"50";true;;;OpenStreetMap;WGS84;
5.71462237945102;45.1606216500955;;;;way/5995733;;"38185";COULOIR BUS+VELO;EN AGGLOMERATION;UNIDIRECTIONNEL;;CHAUSSEE;EN SERVICE;LISSE;"38185";BANDE CYCLABLE;EN AGGLOMERATION;UNIDIRECTIONNEL;;CHAUSSEE;EN SERVICE;LISSE;;2022-09-01;"50";;;;OpenStreetMap;WGS84;
5.71351185579443;45.1629265139556;;;;way/160323202;;"38185";BANDE CYCLABLE;EN AGGLOMERATION;UNIDIRECTIONNEL;;CHAUSSEE;EN SERVICE;LISSE;"38185";AUTRE;EN AGGLOMERATION;UNIDIRECTIONNEL;;CHAUSSEE;EN SERVICE;LISSE;;2023-11-28;"30";true;;;OpenStreetMap;WGS84;
5.71277804073676;45.1631554331107;;;;way/686912466;;"38185";PISTE CYCLABLE;;UNIDIRECTIONNEL;;TROTTOIR;EN SERVICE;LISSE;"38185";AUCUN;;;;;EN SERVICE;LISSE;;2023-11-28;;true;;;OpenStreetMap;WGS84;
5.71260558757976;45.1634663418473;;;;way/376549057;;"38185";BANDE CYCLABLE;EN AGGLOMERATION;UNIDIRECTIONNEL;;CHAUSSEE;EN SERVICE;LISSE;"38185";AUCUN;EN AGGLOMERATION;;;;EN SERVICE;LISSE;;2024-08-12;"50";true;;;OpenStreetMap;WGS84;
5.71469957875187;45.1623529269119;;;;way/160323192;;"38185";BANDE CYCLABLE;EN AGGLOMERATION;UNIDIRECTIONNEL;;CHAUSSEE;EN SERVICE;LISSE;"38185";AUCUN;EN AGGLOMERATION;;;;EN SERVICE;LISSE;;2023-10-09;"30";true;;;OpenStreetMap;WGS84;
5.71516656303752;45.1623617841648;;;;way/292166903;;"38185";PISTE CYCLABLE;;UNIDIRECTIONNEL;;TROTTOIR;EN SERVICE;LISSE;"38185";AUCUN;;;;;EN SERVICE;LISSE;;2022-05-12;;;;;OpenStreetMap;WGS84;
5.71265175;45.163566050731;;;;way/376549061;;"38185";BANDE CYCLABLE;EN AGGLOMERATION;UNIDIRECTIONNEL;;CHAUSSEE;EN SERVICE;LISSE;"38185";AUCUN;EN AGGLOMERATION;;;;EN SERVICE;LISSE;;2023-01-07;"50";true;;;OpenStreetMap;WGS84;
5.7132104;45.1632268506789;D 5B;;;way/442642604;;"38185";BANDE CYCLABLE;EN AGGLOMERATION;UNIDIRECTIONNEL;;CHAUSSEE;EN SERVICE;LISSE;"38185";BANDE CYCLABLE;EN AGGLOMERATION;UNIDIRECTIONNEL;;CHAUSSEE;EN SERVICE;LISSE;;2024-08-12;"50";true;;;OpenStreetMap;WGS84;
5.71416925;45.1627409013795;D 5B;;;way/4014314;;"38185";BANDE CYCLABLE;EN AGGLOMERATION;UNIDIRECTIONNEL;;CHAUSSEE;EN SERVICE;LISSE;"38185";BANDE CYCLABLE;EN AGGLOMERATION;UNIDIRECTIONNEL;;CHAUSSEE;EN SERVICE;LISSE;;2023-01-06;"50";true;;;OpenStreetMap;WGS84;
5.71397676738978;45.1629748405876;;;;way/292166926;;"38185";BANDE CYCLABLE;EN AGGLOMERATION;UNIDIRECTIONNEL;;CHAUSSEE;EN SERVICE;LISSE;"38185";AUCUN;EN AGGLOMERATION;;;;EN SERVICE;LISSE;;2022-06-16;"30";true;;;OpenStreetMap;WGS84;
5.71512446911927;45.1622976233675;D 5B;;;way/4014313;;"38185";BANDE CYCLABLE;EN AGGLOMERATION;UNIDIRECTIONNEL;;CHAUSSEE;EN SERVICE;LISSE;"38185";AUCUN;EN AGGLOMERATION;;;;EN SERVICE;LISSE;;2022-10-24;"50";true;;;OpenStreetMap;WGS84;
5.71672960920016;45.1629192505532;;;;way/1112480610;;"38185";BANDE CYCLABLE;EN AGGLOMERATION;UNIDIRECTIONNEL;;CHAUSSEE;EN SERVICE;LISSE;"38185";BANDE CYCLABLE;EN AGGLOMERATION;UNIDIRECTIONNEL;;CHAUSSEE;EN SERVICE;LISSE;;2022-11-12;"50";true;;;OpenStreetMap;WGS84;
5.71613039748467;45.1622148439912;;;;way/5995786;;"38185";BANDE CYCLABLE;EN AGGLOMERATION;UNIDIRECTIONNEL;;CHAUSSEE;EN SERVICE;LISSE;"38185";AUCUN;EN AGGLOMERATION;;;;EN SERVICE;LISSE;;2022-10-24;"50";true;;;OpenStreetMap;WGS84;
5.71595673390062;45.1621556060773;;;;way/292166874;;"38185";BANDE CYCLABLE;EN AGGLOMERATION;UNIDIRECTIONNEL;;CHAUSSEE;EN SERVICE;LISSE;"38185";AUCUN;EN AGGLOMERATION;;;;EN SERVICE;LISSE;;2022-09-01;"50";true;;;OpenStreetMap;WGS84;
5.71561423834799;45.1620996116285;D 5B;;;way/4014312;;"38185";BANDE CYCLABLE;EN AGGLOMERATION;UNIDIRECTIONNEL;;CHAUSSEE;EN SERVICE;LISSE;"38185";AUCUN;EN AGGLOMERATION;;;;EN SERVICE;LISSE;;2022-09-01;"50";true;;;OpenStreetMap;WGS84;
5.71522251396449;45.1621362363745;D 5B;;;way/5995782;;"38185";BANDE CYCLABLE;EN AGGLOMERATION;UNIDIRECTIONNEL;;CHAUSSEE;EN SERVICE;LISSE;"38185";AUCUN;EN AGGLOMERATION;;;;EN SERVICE;LISSE;;2022-09-01;"50";true;;;OpenStreetMap;WGS84;
5.71564429991869;45.1616839734471;;;;way/665971542;;"38185";COULOIR BUS+VELO;EN AGGLOMERATION;UNIDIRECTIONNEL;;CHAUSSEE;EN SERVICE;LISSE;"38185";AUCUN;EN AGGLOMERATION;;;;EN SERVICE;LISSE;;2022-11-25;"50";true;;;OpenStreetMap;WGS84;
5.70606913839469;45.1724384137026;;;;way/5990524;;"38185";BANDE CYCLABLE;EN AGGLOMERATION;UNIDIRECTIONNEL;;CHAUSSEE;EN SERVICE;LISSE;"38185";BANDE CYCLABLE;EN AGGLOMERATION;UNIDIRECTIONNEL;;CHAUSSEE;EN SERVICE;LISSE;ROLLER;2024-04-30;"30";true;;;OpenStreetMap;WGS84;
5.70740720241156;45.172370425825;;;;way/1278545870;;"38185";BANDE CYCLABLE;EN AGGLOMERATION;UNIDIRECTIONNEL;;CHAUSSEE;EN SERVICE;LISSE;"38185";BANDE CYCLABLE;EN AGGLOMERATION;UNIDIRECTIONNEL;;CHAUSSEE;EN SERVICE;LISSE;ROLLER;2024-04-30;"30";true;;;OpenStreetMap;WGS84;
5.70771292597254;45.1724319898849;;;;way/1067671700;;"38185";BANDE CYCLABLE;EN AGGLOMERATION;UNIDIRECTIONNEL;;CHAUSSEE;EN SERVICE;LISSE;"38185";BANDE CYCLABLE;EN AGGLOMERATION;UNIDIRECTIONNEL;;CHAUSSEE;EN SERVICE;LISSE;ROLLER;2024-04-30;"30";true;;;OpenStreetMap;WGS84;
5.70719409318516;45.1723739499648;;;;way/1321800913;;"38185";PISTE CYCLABLE;;BIDIRECTIONNEL;;TROTTOIR;EN SERVICE;LISSE;"38185";AUCUN;;;;;EN SERVICE;LISSE;;2024-11-10;;;;;OpenStreetMap;WGS84;
5.70805607090245;45.1737547628604;;;;way/1067671706;;"38185";BANDE CYCLABLE;EN AGGLOMERATION;UNIDIRECTIONNEL;;CHAUSSEE;EN SERVICE;LISSE;"38185";BANDE CYCLABLE;EN AGGLOMERATION;UNIDIRECTIONNEL;;CHAUSSEE;EN SERVICE;LISSE;;2022-06-07;"30";true;;;OpenStreetMap;WGS84;
5.70799291979927;45.1735925967515;;;;way/1067671705;;"38185";BANDE CYCLABLE;EN AGGLOMERATION;UNIDIRECTIONNEL;;CHAUSSEE;EN SERVICE;LISSE;"38185";BANDE CYCLABLE;EN AGGLOMERATION;UNIDIRECTIONNEL;;CHAUSSEE;EN SERVICE;LISSE;;2023-03-12;"30";true;;;OpenStreetMap;WGS84;
5.7082236;45.1741327008313;;;;way/5990522;;"38185";BANDE CYCLABLE;EN AGGLOMERATION;UNIDIRECTIONNEL;;CHAUSSEE;EN SERVICE;LISSE;"38185";BANDE CYCLABLE;EN AGGLOMERATION;UNIDIRECTIONNEL;;CHAUSSEE;EN SERVICE;LISSE;ROLLER;2022-06-30;"30";true;;;OpenStreetMap;WGS84;
5.70923493628985;45.174881598778;;;;way/357850513;;"38185";VOIE VERTE;;BIDIRECTIONNEL;;CHAUSSEE;EN SERVICE;LISSE;"38185";AUCUN;;;;;EN SERVICE;LISSE;ROLLER;2024-05-01;;true;;;OpenStreetMap;WGS84;"cadastre-dgi-fr source : Direction Générale des Impôts - Cadastre ; mise à jour : 2010"
5.70836868305125;45.174459891495;;;;way/1067671708;;"38185";BANDE CYCLABLE;EN AGGLOMERATION;UNIDIRECTIONNEL;;CHAUSSEE;EN SERVICE;LISSE;"38185";BANDE CYCLABLE;EN AGGLOMERATION;UNIDIRECTIONNEL;;CHAUSSEE;EN SERVICE;LISSE;ROLLER;2022-06-30;"30";true;;;OpenStreetMap;WGS84;
5.70851216639594;45.1747931280293;;;;way/40416170;;"38185";BANDE CYCLABLE;EN AGGLOMERATION;UNIDIRECTIONNEL;;CHAUSSEE;EN SERVICE;LISSE;"38185";BANDE CYCLABLE;EN AGGLOMERATION;UNIDIRECTIONNEL;;CHAUSSEE;EN SERVICE;LISSE;;2024-05-01;"30";true;;;OpenStreetMap;WGS84;
5.71163114850523;45.1749194446611;;;;way/466625112;;"38185";AMENAGEMENT MIXTE PIETON VELO HORS VOIE VERTE;AIRE PIETONNE;BIDIRECTIONNEL;;TROTTOIR;EN SERVICE;MEUBLE;"38185";AUCUN;;;;;EN SERVICE;MEUBLE;VELO DE ROUTE;2024-04-30;;false;;;OpenStreetMap;WGS84;
5.71033625;45.1745869504562;;;;way/1351604128;;"38185";AUCUN;EN AGGLOMERATION;;;;EN SERVICE;LISSE;"38185";BANDE CYCLABLE;EN AGGLOMERATION;UNIDIRECTIONNEL;;CHAUSSEE;EN SERVICE;LISSE;;2025-01-15;"30";;;;OpenStreetMap;WGS84;
5.71030978860947;45.1742980952276;;;;way/29369374;;"38185";AUCUN;EN AGGLOMERATION;;;;EN SERVICE;LISSE;"38185";BANDE CYCLABLE;EN AGGLOMERATION;UNIDIRECTIONNEL;;CHAUSSEE;EN SERVICE;LISSE;ROLLER;2025-01-15;"30";true;;;OpenStreetMap;WGS84;
5.71113277273605;45.1733012928491;;;;way/168250258;;"38185";BANDE CYCLABLE;EN AGGLOMERATION;UNIDIRECTIONNEL;;CHAUSSEE;EN SERVICE;LISSE;"38185";AUCUN;EN AGGLOMERATION;;;;EN SERVICE;LISSE;;2023-04-08;"30";;;;OpenStreetMap;WGS84;
5.7111046367145;45.1733344958965;;;;way/297096891;;"38185";PISTE CYCLABLE;;UNIDIRECTIONNEL;;TROTTOIR;EN SERVICE;;"38185";AUCUN;;;;;EN SERVICE;;;2014-08-10;;;;;OpenStreetMap;WGS84;
5.71017885180582;45.1732355474346;;;;way/1067671696;;"38185";AUCUN;EN AGGLOMERATION;;;;EN SERVICE;LISSE;"38185";BANDE CYCLABLE;EN AGGLOMERATION;UNIDIRECTIONNEL;;CHAUSSEE;EN SERVICE;LISSE;;2025-01-15;"30";;;;OpenStreetMap;WGS84;
5.70785514963411;45.1731559341156;;;;way/1067671703;;"38185";BANDE CYCLABLE;EN AGGLOMERATION;UNIDIRECTIONNEL;;CHAUSSEE;EN SERVICE;LISSE;"38185";BANDE CYCLABLE;EN AGGLOMERATION;UNIDIRECTIONNEL;;CHAUSSEE;EN SERVICE;LISSE;;2022-06-07;"30";true;;;OpenStreetMap;WGS84;
5.70780981523893;45.1729850072502;;;;way/1067671702;;"38185";BANDE CYCLABLE;EN AGGLOMERATION;UNIDIRECTIONNEL;;CHAUSSEE;EN SERVICE;LISSE;"38185";BANDE CYCLABLE;EN AGGLOMERATION;UNIDIRECTIONNEL;;CHAUSSEE;EN SERVICE;LISSE;;2022-06-07;"30";true;;;OpenStreetMap;WGS84;
5.70779305;45.1729078004654;;;;way/1067671701;;"38185";BANDE CYCLABLE;EN AGGLOMERATION;UNIDIRECTIONNEL;;CHAUSSEE;EN SERVICE;LISSE;"38185";BANDE CYCLABLE;EN AGGLOMERATION;UNIDIRECTIONNEL;;CHAUSSEE;EN SERVICE;LISSE;ROLLER;2022-06-30;"30";true;;;OpenStreetMap;WGS84;
5.71370625;45.17259360046;;;;way/463254711;;"38185";AUTRE;ZONE 30;UNIDIRECTIONNEL;;CHAUSSEE;EN TRAVAUX;LISSE;"38185";AUCUN;ZONE 30;;;CHAUSSEE;EN TRAVAUX;LISSE;;2025-01-11;"30";true;;;OpenStreetMap;WGS84;
5.71358341047013;45.1724324054879;;;;way/53088406;;"38185";PISTE CYCLABLE;;UNIDIRECTIONNEL;;TROTTOIR;EN SERVICE;LISSE;"38185";AUCUN;;;;;EN SERVICE;LISSE;;2019-11-12;;true;;;OpenStreetMap;WGS84;
5.71369382785864;45.1724276825341;D 1075;;;way/228160061;;"38185";AUTRE;EN AGGLOMERATION;UNIDIRECTIONNEL;;CHAUSSEE;EN SERVICE;LISSE;"38185";AUCUN;EN AGGLOMERATION;;;;EN SERVICE;LISSE;ROLLER;2024-12-30;"50";true;;;OpenStreetMap;WGS84;
5.71397888501356;45.1723783171543;;;;way/463233091;;"38185";PISTE CYCLABLE;;UNIDIRECTIONNEL;;TROTTOIR;EN SERVICE;LISSE;"38185";AUCUN;;;;;EN SERVICE;LISSE;;2019-11-12;;true;;;OpenStreetMap;WGS84;
5.71505507291138;45.1764823638051;D 1075;;;way/463254678;;"38185";AUTRE;EN AGGLOMERATION;UNIDIRECTIONNEL;;CHAUSSEE;EN SERVICE;LISSE;"38185";AUCUN;EN AGGLOMERATION;;;;EN SERVICE;LISSE;ROLLER;2024-05-09;"50";true;;;OpenStreetMap;WGS84;
5.71526830657061;45.1742256268528;D 269E;;;way/550405081;;"38185";BANDE CYCLABLE;EN AGGLOMERATION;UNIDIRECTIONNEL;;CHAUSSEE;EN SERVICE;LISSE;"38185";AUCUN;EN AGGLOMERATION;;;;EN SERVICE;LISSE;ROLLER;2024-05-09;"50";true;;;OpenStreetMap;WGS84;
5.71440905563975;45.1749769289032;;;;way/196192904;;"38185";VOIE VERTE;;BIDIRECTIONNEL;;CHAUSSEE;EN SERVICE;LISSE;"38185";AUCUN;;;;;EN SERVICE;LISSE;;2024-04-06;;true;;;OpenStreetMap;WGS84;"cadastre-dgi-fr source : Direction Générale des Impôts - Cadastre;mise à jour : 2010"
5.71408211362578;45.1746598124923;;;;way/463233063;;"38185";VOIE VERTE;;UNIDIRECTIONNEL;;CHAUSSEE;EN SERVICE;LISSE;"38185";AUCUN;;;;;EN SERVICE;LISSE;;2024-05-24;;true;;;OpenStreetMap;WGS84;
5.7145150043907;45.1746235600296;;;;way/463254685;;"38185";VOIE VERTE;;BIDIRECTIONNEL;;CHAUSSEE;EN SERVICE;LISSE;"38185";AUCUN;;;;;EN SERVICE;LISSE;;2024-05-09;;true;;;OpenStreetMap;WGS84;"cadastre-dgi-fr source : Direction Générale des Impôts - Cadastre ; mise à jour : 2010"
5.71449834812666;45.174532548572;;;;way/4014466;;"38185";AUTRE;ZONE 30;UNIDIRECTIONNEL;;CHAUSSEE;EN SERVICE;LISSE;"38185";AUCUN;ZONE 30;;;;EN SERVICE;LISSE;ROLLER;2024-06-26;"30";true;;;OpenStreetMap;WGS84;
5.71456427547207;45.1744083543326;D 1075;;;way/463254702;;"38185";AUTRE;EN AGGLOMERATION;UNIDIRECTIONNEL;;CHAUSSEE;EN SERVICE;LISSE;"38185";AUCUN;EN AGGLOMERATION;;;;EN SERVICE;LISSE;ROLLER;2024-06-26;"50";true;;;OpenStreetMap;WGS84;
5.71467139723768;45.1743778606475;;;;way/191107379;;"38185";VOIE VERTE;;UNIDIRECTIONNEL;;CHAUSSEE;EN SERVICE;LISSE;"38185";AUCUN;;;;;EN SERVICE;LISSE;;2024-05-09;;true;;;OpenStreetMap;WGS84;
5.71440280498985;45.1742528784489;;;;way/292472116;;"38185";VOIE VERTE;;BIDIRECTIONNEL;;CHAUSSEE;EN SERVICE;LISSE;"38185";AUCUN;;;;;EN SERVICE;LISSE;;2024-05-24;;true;;;OpenStreetMap;WGS84;
5.7144407465674;45.1743621954574;;;;way/4014467;;"38185";AUTRE;ZONE 30;UNIDIRECTIONNEL;;CHAUSSEE;EN SERVICE;LISSE;"38185";AUCUN;ZONE 30;;;;EN SERVICE;LISSE;ROLLER;2024-05-24;"30";true;;;OpenStreetMap;WGS84;
5.71257635439535;45.1739289122328;;;;way/297096886;;"38185";BANDE CYCLABLE;EN AGGLOMERATION;UNIDIRECTIONNEL;;CHAUSSEE;EN SERVICE;LISSE;"38185";DOUBLE SENS CYCLABLE NON MATERIALISE;EN AGGLOMERATION;UNIDIRECTIONNEL;;CHAUSSEE;EN SERVICE;LISSE;;2023-05-18;"30";;;;OpenStreetMap;WGS84;
5.71454535;45.1753210004959;;;;way/463254683;;"38185";PISTE CYCLABLE;;UNIDIRECTIONNEL;;TROTTOIR;EN SERVICE;LISSE;"38185";AUCUN;;;;;EN SERVICE;LISSE;ROLLER;2024-05-09;;true;;;OpenStreetMap;WGS84;
5.71260578063247;45.1759610004167;;;;way/52089502;;"38185";AMENAGEMENT MIXTE PIETON VELO HORS VOIE VERTE;AIRE PIETONNE;BIDIRECTIONNEL;;TROTTOIR;EN SERVICE;LISSE;"38185";AUCUN;;;;;EN SERVICE;LISSE;ROLLER;2023-09-12;;true;;;OpenStreetMap;WGS84;"cadastre-dgi-fr source : Direction Générale des Impôts - Cadastre;mise à jour : 2010"
5.71299125261582;45.1774638580153;;;;way/463007340;;"38185";VOIE VERTE;;BIDIRECTIONNEL;;CHAUSSEE;EN SERVICE;LISSE;"38185";AUCUN;;;;;EN SERVICE;LISSE;;2021-05-19;;true;;;OpenStreetMap;WGS84;
5.71327800283548;45.1775513184414;;;;way/1067959512;;"38185";AUTRE;;;;;EN SERVICE;LISSE;"38185";AUTRE;;UNIDIRECTIONNEL;;CHAUSSEE;EN SERVICE;LISSE;ROLLER;2024-05-05;;true;;;OpenStreetMap;WGS84;cadastre-dgi-fr source : Direction Générale des Impôts - Cadastre. Mise à jour : 2012
5.71273065;45.1776694004507;;;;way/1067959513;;"38185";AUTRE;;;;;EN SERVICE;LISSE;"38185";AUTRE;;UNIDIRECTIONNEL;;CHAUSSEE;EN SERVICE;LISSE;;2024-07-25;;true;;;OpenStreetMap;WGS84;cadastre-dgi-fr source : Direction Générale des Impôts - Cadastre. Mise à jour : 2012
5.71584729381861;45.1779152444215;;;;way/463254681;;"38185";PISTE CYCLABLE;;UNIDIRECTIONNEL;;TROTTOIR;EN SERVICE;LISSE;"38185";AUCUN;;;;;EN SERVICE;LISSE;ROLLER;2023-09-12;;true;;;OpenStreetMap;WGS84;
5.71578637889756;45.1776580584472;;;;way/42378138;;"38185";VOIE VERTE;;UNIDIRECTIONNEL;;CHAUSSEE;EN SERVICE;LISSE;"38185";AUCUN;;;;;EN SERVICE;LISSE;;2024-05-20;;true;;;OpenStreetMap;WGS84;
5.71559430823558;45.1774725483885;D 1075;;;way/463254690;;"38185";BANDE CYCLABLE;EN AGGLOMERATION;UNIDIRECTIONNEL;;CHAUSSEE;EN SERVICE;LISSE;"38185";AUCUN;EN AGGLOMERATION;;;;EN SERVICE;LISSE;ROLLER;2023-09-20;"50";true;;;OpenStreetMap;WGS84;
5.7153329125052;45.1776340007639;;;;way/463069226;;"38185";PISTE CYCLABLE;;UNIDIRECTIONNEL;;TROTTOIR;EN SERVICE;LISSE;"38185";AUCUN;;;;;EN SERVICE;LISSE;ROLLER;2023-09-19;;true;;;OpenStreetMap;WGS84;
5.7118736750247;45.1773663783346;;;;way/120478975;;"38185";VOIE VERTE;;BIDIRECTIONNEL;;CHAUSSEE;EN SERVICE;LISSE;"38185";AUCUN;;;;;EN SERVICE;LISSE;;2024-07-25;;true;;;OpenStreetMap;WGS84;"cadastre-dgi-fr source : Direction Générale des Impôts - Cadastre;mise à jour : 2011"
5.70963841189983;45.1769397411241;;;;way/1164465204;;"38185";BANDE CYCLABLE;EN AGGLOMERATION;UNIDIRECTIONNEL;;CHAUSSEE;EN SERVICE;LISSE;"38185";BANDE CYCLABLE;EN AGGLOMERATION;UNIDIRECTIONNEL;;CHAUSSEE;EN SERVICE;LISSE;ROLLER;2023-12-15;"30";true;;;OpenStreetMap;WGS84;
5.69487470045922;45.207698598507;;;;way/262880243;;"38185";PISTE CYCLABLE;;BIDIRECTIONNEL;;TROTTOIR;EN SERVICE;;"38185";AUCUN;;;;;EN SERVICE;;;2021-09-26;;;;;OpenStreetMap;WGS84;GPS
5.6963451;45.2033008004899;;;;way/1117459673;;"38185";AUTRE;;UNIDIRECTIONNEL;;CHAUSSEE;EN SERVICE;LISSE;"38185";AUTRE;;UNIDIRECTIONNEL;;CHAUSSEE;EN SERVICE;LISSE;;2023-11-22;;;;;OpenStreetMap;WGS84;survey
5.69683834632043;45.2037044706958;;;;way/1228654383;;"38185";PISTE CYCLABLE;;BIDIRECTIONNEL;;TROTTOIR;EN SERVICE;;"38185";AUCUN;;;;;EN SERVICE;;;2023-12-04;;;;;OpenStreetMap;WGS84;
5.69750188240434;45.2043790104824;;;;way/52045126;;"38185";BANDE CYCLABLE;;UNIDIRECTIONNEL;;CHAUSSEE;EN SERVICE;LISSE;"38185";AUCUN;;;;;EN SERVICE;LISSE;;2022-10-21;;;;;OpenStreetMap;WGS84;"cadastre-dgi-fr source : Direction Générale des Impôts - Cadastre ; mise à jour : 2010"
5.69877467464372;45.204711489478;;;;way/296319825;;"38185";VOIE VERTE;;BIDIRECTIONNEL;;CHAUSSEE;EN SERVICE;LISSE;"38185";AUCUN;;;;;EN SERVICE;LISSE;;2021-12-01;;true;;;OpenStreetMap;WGS84;
5.69939287425366;45.2058346758264;;;;way/300110307;;"38185";VOIE VERTE;;UNIDIRECTIONNEL;;CHAUSSEE;EN SERVICE;LISSE;"38185";AUCUN;;;;;EN SERVICE;LISSE;;2021-06-21;;true;;;OpenStreetMap;WGS84;
5.69991050138256;45.2050575596047;;;;way/933363640;;"38185";VOIE VERTE;;BIDIRECTIONNEL;;CHAUSSEE;EN SERVICE;LISSE;"38185";AUCUN;;;;;EN SERVICE;LISSE;;2022-10-21;;true;;;OpenStreetMap;WGS84;
5.72420701292414;45.1893246401642;;;;way/27610981;;"38185";COULOIR BUS+VELO;;UNIDIRECTIONNEL;;CHAUSSEE;EN SERVICE;;"38185";AUCUN;;;;;EN SERVICE;;;2024-07-31;;;;;OpenStreetMap;WGS84;"v2;cadastre-dgi-fr source : Direction Générale des Impôts - Cadastre;mise à jour : 2009"
5.72431665;45.1921523504488;;;;way/1293946305;;"38185";PISTE CYCLABLE;;BIDIRECTIONNEL;;TROTTOIR;EN SERVICE;LISSE;"38185";AUCUN;;;;;EN SERVICE;LISSE;;2024-11-10;;true;;;OpenStreetMap;WGS84;
5.72449826212595;45.1902738206895;;;;way/220256239;;"38185";AUTRE;ZONE 30;;;;EN SERVICE;LISSE;"38185";DOUBLE SENS CYCLABLE NON MATERIALISE;ZONE 30;UNIDIRECTIONNEL;;CHAUSSEE;EN SERVICE;LISSE;;2024-08-12;"30";true;;;OpenStreetMap;WGS84;"v2;cadastre-dgi-fr source : Direction Générale des Impôts - Cadastre;mise à jour : 2009"
5.72519096360875;45.1908627300602;;;;way/190112933;;"38185";AUTRE;ZONE 30;;;;EN SERVICE;LISSE;"38185";DOUBLE SENS CYCLABLE NON MATERIALISE;ZONE 30;UNIDIRECTIONNEL;;CHAUSSEE;EN SERVICE;LISSE;;2025-01-09;"30";true;;;OpenStreetMap;WGS84;"v2;cadastre-dgi-fr source : Direction Générale des Impôts - Cadastre;mise à jour : 2009"
5.72407248094717;45.1912575185691;;;;way/4262418;;"38185";AUTRE;ZONE 30;;;;EN SERVICE;LISSE;"38185";DOUBLE SENS CYCLABLE NON MATERIALISE;ZONE 30;UNIDIRECTIONNEL;;CHAUSSEE;EN SERVICE;LISSE;;2024-08-12;"30";true;;;OpenStreetMap;WGS84;"v2;cadastre-dgi-fr source : Direction Générale des Impôts - Cadastre;mise à jour : 2009"
5.72492610094623;45.1917427462814;;;;way/1246117186;;"38185";BANDE CYCLABLE;EN AGGLOMERATION;UNIDIRECTIONNEL;;CHAUSSEE;EN SERVICE;LISSE;"38185";BANDE CYCLABLE;EN AGGLOMERATION;UNIDIRECTIONNEL;;CHAUSSEE;EN SERVICE;LISSE;;2024-08-04;"30";true;;;OpenStreetMap;WGS84;
5.72465210075934;45.1917094700484;;;;way/4318400;;"38185";BANDE CYCLABLE;EN AGGLOMERATION;UNIDIRECTIONNEL;;CHAUSSEE;EN SERVICE;LISSE;"38185";BANDE CYCLABLE;EN AGGLOMERATION;UNIDIRECTIONNEL;;CHAUSSEE;EN SERVICE;LISSE;;2024-08-04;"30";true;;;OpenStreetMap;WGS84;
5.7241543;45.1926953504566;;;;way/85497264;;"38185";AUCUN;EN AGGLOMERATION;;;;EN SERVICE;LISSE;"38185";DOUBLE SENS CYCLABLE NON MATERIALISE;EN AGGLOMERATION;UNIDIRECTIONNEL;;CHAUSSEE;EN SERVICE;LISSE;;2024-08-12;"30";true;;;OpenStreetMap;WGS84;
5.72658464922879;45.1928582044535;;;;way/61598990;;"38185";AMENAGEMENT MIXTE PIETON VELO HORS VOIE VERTE;AIRE PIETONNE;BIDIRECTIONNEL;;TROTTOIR;EN SERVICE;RUGUEUX;"38185";AUCUN;;;;;EN SERVICE;RUGUEUX;;2022-09-11;;true;;;OpenStreetMap;WGS84;cadastre-dgi-fr source : Direction Générale des Impôts - Cadastre. Mise à jour : 2010
5.7266945;45.1914651504545;;;;way/931818951;;"38185";AMENAGEMENT MIXTE PIETON VELO HORS VOIE VERTE;AIRE PIETONNE;BIDIRECTIONNEL;;TROTTOIR;EN SERVICE;LISSE;"38185";AUCUN;;;;;EN SERVICE;LISSE;ROLLER;2024-05-09;;true;;;OpenStreetMap;WGS84;
5.72680300104427;45.1916071469345;;;;way/745959408;;"38185";AMENAGEMENT MIXTE PIETON VELO HORS VOIE VERTE;AIRE PIETONNE;BIDIRECTIONNEL;;TROTTOIR;EN SERVICE;LISSE;"38185";AUCUN;;;;;EN SERVICE;LISSE;ROLLER;2024-05-09;;true;;;OpenStreetMap;WGS84;
5.7265732;45.1907270004496;;;;way/230209067;;"38185";AUTRE;ZONE DE RENCONTRE;UNIDIRECTIONNEL;;CHAUSSEE;EN SERVICE;LISSE;"38185";AUCUN;ZONE DE RENCONTRE;;;CHAUSSEE;EN SERVICE;LISSE;;2023-03-19;"20";;;;OpenStreetMap;WGS84;cadastre-dgi-fr source : Direction Générale des Impôts - Cadastre. Mise à jour : 2013
5.72051;45.1923938004511;;;;way/260110456;;"38185";VOIE VERTE;;UNIDIRECTIONNEL;;CHAUSSEE;EN SERVICE;LISSE;"38185";AUCUN;;;;;EN SERVICE;LISSE;;2021-05-12;;true;;;OpenStreetMap;WGS84;
5.72053125;45.1922615504679;;;;way/232823972;;"38185";AUTRE;ZONE 30;UNIDIRECTIONNEL;;CHAUSSEE;EN SERVICE;LISSE;"38185";AUCUN;ZONE 30;;;;EN SERVICE;LISSE;;2024-07-31;"30";true;;;OpenStreetMap;WGS84;
5.7206309874402;45.1923165971978;;;;way/489129562;;"38185";AUTRE;ZONE 30;UNIDIRECTIONNEL;;CHAUSSEE;EN SERVICE;LISSE;"38185";AUCUN;ZONE 30;;;;EN SERVICE;LISSE;;2024-07-31;"30";true;;;OpenStreetMap;WGS84;
5.72075976975252;45.1922672153342;;;;way/812857567;;"38185";VOIE VERTE;;BIDIRECTIONNEL;;CHAUSSEE;EN SERVICE;LISSE;"38185";AUCUN;;;;;EN SERVICE;LISSE;;2022-10-21;;true;;;OpenStreetMap;WGS84;
5.72074165;45.19234990045;;;;way/835673913;;"38185";VOIE VERTE;;BIDIRECTIONNEL;;CHAUSSEE;EN SERVICE;LISSE;"38185";AUCUN;;;;;EN SERVICE;LISSE;;2022-10-21;;true;;;OpenStreetMap;WGS84;
5.72100218514864;45.1923540866748;;;;way/317965003;;"38185";BANDE CYCLABLE;ZONE 30;UNIDIRECTIONNEL;;CHAUSSEE;EN SERVICE;LISSE;"38185";AUCUN;ZONE 30;;;;EN SERVICE;LISSE;;2024-08-12;"30";true;;;OpenStreetMap;WGS84;
5.72107674625234;45.1914508434049;D 523;;;way/300840999;;"38185";BANDE CYCLABLE;EN AGGLOMERATION;UNIDIRECTIONNEL;;CHAUSSEE;EN SERVICE;LISSE;"38185";DOUBLE SENS CYCLABLE NON MATERIALISE;EN AGGLOMERATION;UNIDIRECTIONNEL;;CHAUSSEE;EN SERVICE;LISSE;;2024-08-04;"30";true;;;OpenStreetMap;WGS84;cadastre-dgi-fr source : Direction Générale des Impôts - Cadastre. Mise à jour : 2009
5.72149626170063;45.1924041484966;;;;way/38262930;;"38185";BANDE CYCLABLE;ZONE 30;UNIDIRECTIONNEL;;CHAUSSEE;EN SERVICE;LISSE;"38185";AUCUN;ZONE 30;;;;EN SERVICE;LISSE;;2024-08-12;"30";true;;;OpenStreetMap;WGS84;
5.72048559709785;45.1918133186843;;;;way/290670689;;"38185";PISTE CYCLABLE;;UNIDIRECTIONNEL;;TROTTOIR;EN SERVICE;LISSE;"38185";AUCUN;;;;;EN SERVICE;LISSE;;2021-06-04;;true;;;OpenStreetMap;WGS84;cadastre-dgi-fr source : Direction Générale des Impôts - Cadastre. Mise à jour : 2014
5.72046459883948;45.1919254975851;D 1075;;;way/232823973;;"38185";BANDE CYCLABLE;ZONE 30;UNIDIRECTIONNEL;;CHAUSSEE;EN SERVICE;LISSE;"38185";AUCUN;ZONE 30;;;;EN SERVICE;LISSE;;2024-07-31;"30";true;;;OpenStreetMap;WGS84;
5.72071019367942;45.1918702373802;;;;way/300841000;;"38185";PISTE CYCLABLE;;UNIDIRECTIONNEL;;TROTTOIR;EN SERVICE;LISSE;"38185";AUCUN;;;;;EN SERVICE;LISSE;;2022-10-21;;true;;;OpenStreetMap;WGS84;
5.72080581402481;45.1919077077324;;;;way/282084859;;"38185";PISTE CYCLABLE;;UNIDIRECTIONNEL;;TROTTOIR;EN SERVICE;LISSE;"38185";AUCUN;;;;;EN SERVICE;LISSE;;2022-10-21;;true;;;OpenStreetMap;WGS84;
5.72071974887549;45.1921488889133;;;;way/1112507837;;"38185";VOIE VERTE;;BIDIRECTIONNEL;;CHAUSSEE;EN SERVICE;LISSE;"38185";AUCUN;;;;;EN SERVICE;LISSE;;2022-11-12;;true;;;OpenStreetMap;WGS84;
5.72042943372927;45.1920756270131;;;;way/222912383;;"38185";VOIE VERTE;;BIDIRECTIONNEL;;CHAUSSEE;EN SERVICE;LISSE;"38185";AUCUN;;;;;EN SERVICE;LISSE;;2022-11-12;;true;;;OpenStreetMap;WGS84;
5.72001279201373;45.1921161406813;;;;way/1112510535;;"38185";PISTE CYCLABLE;;BIDIRECTIONNEL;;TROTTOIR;EN SERVICE;LISSE;"38185";AUCUN;;;;;EN SERVICE;LISSE;;2022-11-12;;true;;;OpenStreetMap;WGS84;
5.72027234597875;45.1919633511396;D 1075;;;way/232022969;;"38185";BANDE CYCLABLE;ZONE 30;UNIDIRECTIONNEL;;CHAUSSEE;EN SERVICE;LISSE;"38185";AUCUN;ZONE 30;;;;EN SERVICE;LISSE;;2025-01-04;"30";true;;;OpenStreetMap;WGS84;
5.72036215;45.191453700559;;;;way/463337879;;"38185";AUTRE;ZONE 30;UNIDIRECTIONNEL;;CHAUSSEE;EN SERVICE;LISSE;"38185";AUCUN;ZONE 30;;;;EN SERVICE;LISSE;;2024-08-04;"30";true;;;OpenStreetMap;WGS84;cadastre-dgi-fr source : Direction Générale des Impôts - Cadastre. Mise à jour : 2009
5.72028931797775;45.1914601687696;D 1075;;;way/232823962;;"38185";BANDE CYCLABLE;ZONE 30;UNIDIRECTIONNEL;;CHAUSSEE;EN SERVICE;LISSE;"38185";AUCUN;ZONE 30;;;;EN SERVICE;LISSE;;2025-01-04;"30";true;;;OpenStreetMap;WGS84;
5.71983392084214;45.1923081580379;;;;way/282084862;;"38185";PISTE CYCLABLE;;UNIDIRECTIONNEL;;TROTTOIR;EN SERVICE;LISSE;"38185";AUCUN;;;;;EN SERVICE;LISSE;;2023-10-26;;true;;;OpenStreetMap;WGS84;
5.72012435;45.1923894004561;;;;way/260110454;;"38185";VOIE VERTE;;BIDIRECTIONNEL;;CHAUSSEE;EN SERVICE;LISSE;"38185";AUCUN;;;;;EN SERVICE;LISSE;;2021-06-04;;true;;;OpenStreetMap;WGS84;
5.72005825534613;45.1923178571589;D 15;;;way/224500302;;"38185";BANDE CYCLABLE;ZONE 30;UNIDIRECTIONNEL;;CHAUSSEE;EN SERVICE;LISSE;"38185";AUCUN;ZONE 30;;;;EN SERVICE;LISSE;;2025-01-03;"30";true;;;OpenStreetMap;WGS84;cadastre-dgi-fr source : Direction Générale des Impôts - Cadastre. Mise à jour : 2010
5.72015603707665;45.1922498185162;;;;way/812857568;;"38185";VOIE VERTE;;BIDIRECTIONNEL;;CHAUSSEE;EN SERVICE;LISSE;"38185";AUCUN;;;;;EN SERVICE;LISSE;;2025-01-04;;true;;;OpenStreetMap;WGS84;
5.72042765;45.192303400449;;;;way/232022970;;"38185";AUTRE;ZONE 30;UNIDIRECTIONNEL;;CHAUSSEE;EN SERVICE;LISSE;"38185";AUCUN;ZONE 30;;;;EN SERVICE;LISSE;;2024-07-31;"30";true;;;OpenStreetMap;WGS84;
5.72018067966312;45.1928386872441;;;;way/236815264;;"38185";VOIE VERTE;;UNIDIRECTIONNEL;;CHAUSSEE;EN SERVICE;LISSE;"38185";AUCUN;;;;;EN SERVICE;LISSE;;2021-06-05;;false;;;OpenStreetMap;WGS84;
5.71979963979437;45.1928664964538;;;;way/260110462;;"38185";PISTE CYCLABLE;;BIDIRECTIONNEL;;TROTTOIR;EN SERVICE;LISSE;"38185";AUCUN;;;;;EN SERVICE;LISSE;;2023-09-26;;false;;;OpenStreetMap;WGS84;
5.71758916012654;45.1922369919115;;;;way/10595058;;"38185";AUTRE;EN AGGLOMERATION;UNIDIRECTIONNEL;;CHAUSSEE;EN SERVICE;LISSE;"38185";DOUBLE SENS CYCLABLE NON MATERIALISE;EN AGGLOMERATION;UNIDIRECTIONNEL;;CHAUSSEE;EN SERVICE;LISSE;;2024-08-04;"30";true;;;OpenStreetMap;WGS84;
5.7185050444631;45.191831210964;;;;way/460950373;;"38185";PISTE CYCLABLE;;BIDIRECTIONNEL;;TROTTOIR;EN SERVICE;LISSE;"38185";AUCUN;;;;;EN SERVICE;LISSE;;2023-02-26;;true;;;OpenStreetMap;WGS84;
5.7177029224694;45.1906681430691;;;;way/39513638;;"38185";BANDE CYCLABLE;EN AGGLOMERATION;UNIDIRECTIONNEL;;CHAUSSEE;EN SERVICE;LISSE;"38185";COULOIR BUS+VELO;EN AGGLOMERATION;UNIDIRECTIONNEL;;CHAUSSEE;EN SERVICE;LISSE;;2024-07-31;"30";true;;;OpenStreetMap;WGS84;
5.71969405;45.1902458016549;D 1075;;;way/463337918;;"38185";BANDE CYCLABLE;EN AGGLOMERATION;UNIDIRECTIONNEL;;CHAUSSEE;EN SERVICE;LISSE;"38185";AUCUN;EN AGGLOMERATION;;;;EN SERVICE;LISSE;ROLLER;2024-07-31;"30";true;;;OpenStreetMap;WGS84;
5.7199225814234;45.191202028673;;;;way/47088900;;"38185";PISTE CYCLABLE;;UNIDIRECTIONNEL;;TROTTOIR;EN SERVICE;LISSE;"38185";AUCUN;;;;;EN SERVICE;LISSE;;2022-10-21;;true;;;OpenStreetMap;WGS84;
5.71975669588013;45.1907121829554;;;;way/463337903;;"38185";PISTE CYCLABLE;;UNIDIRECTIONNEL;;TROTTOIR;EN SERVICE;LISSE;"38185";AUCUN;;;;;EN SERVICE;LISSE;ROLLER;2022-10-21;;true;;;OpenStreetMap;WGS84;cadastre-dgi-fr source : Direction Générale des Impôts - Cadastre. Mise à jour : 2014
5.71976971995703;45.1909947758258;;;;way/196554602;;"38185";AUTRE;;UNIDIRECTIONNEL;;CHAUSSEE;EN SERVICE;LISSE;"38185";AUCUN;;;;;EN SERVICE;LISSE;;2024-07-31;;true;;;OpenStreetMap;WGS84;
5.72005544656594;45.1910405638004;;;;way/463337792;;"38185";AUTRE;;UNIDIRECTIONNEL;;CHAUSSEE;EN SERVICE;LISSE;"38185";AUCUN;;;;;EN SERVICE;LISSE;;2024-07-31;;true;;;OpenStreetMap;WGS84;
5.72019037438182;45.1911650047076;D 1075;;;way/1348496587;;"38185";BANDE CYCLABLE;ZONE 30;UNIDIRECTIONNEL;;CHAUSSEE;EN SERVICE;LISSE;"38185";AUCUN;ZONE 30;;;;EN SERVICE;LISSE;;2025-01-04;"30";true;;;OpenStreetMap;WGS84;
5.72034428599245;45.1910338475421;;;;way/463337794;;"38185";AUTRE;;UNIDIRECTIONNEL;;CHAUSSEE;EN SERVICE;LISSE;"38185";AUCUN;;;;;EN SERVICE;LISSE;;2025-01-04;;true;;;OpenStreetMap;WGS84;
5.72034704429393;45.1910748654415;;;;way/463337793;;"38185";COULOIR BUS+VELO;;UNIDIRECTIONNEL;;CHAUSSEE;EN SERVICE;LISSE;"38185";AUCUN;;;;;EN SERVICE;LISSE;;2024-08-12;;true;;;OpenStreetMap;WGS84;
5.71987830759459;45.1907943690171;D 1075;;;way/1044486607;;"38185";BANDE CYCLABLE;EN AGGLOMERATION;UNIDIRECTIONNEL;;CHAUSSEE;EN SERVICE;LISSE;"38185";AUCUN;EN AGGLOMERATION;;;;EN SERVICE;LISSE;ROLLER;2025-01-04;"30";true;;;OpenStreetMap;WGS84;
5.71944353427273;45.1897826588132;;;;way/463337915;;"38185";PISTE CYCLABLE;;UNIDIRECTIONNEL;;TROTTOIR;EN SERVICE;LISSE;"38185";AUCUN;;;;;EN SERVICE;LISSE;;2022-10-21;;true;;;OpenStreetMap;WGS84;
5.72327531415628;45.188202436245;D 523;;;way/1111597864;;"38185";AUCUN;ZONE 30;;;;EN SERVICE;LISSE;"38185";COULOIR BUS+VELO;ZONE 30;UNIDIRECTIONNEL;;CHAUSSEE;EN SERVICE;LISSE;ROLLER;2024-08-04;"30";true;;;OpenStreetMap;WGS84;cadastre-dgi-fr source : Direction Générale des Impôts - Cadastre. Mise à jour : 2009
5.72226752835219;45.1896736743802;D 523;;;way/487446452;;"38185";AUCUN;ZONE 30;;;;EN SERVICE;LISSE;"38185";COULOIR BUS+VELO;ZONE 30;UNIDIRECTIONNEL;;CHAUSSEE;EN SERVICE;LISSE;;2024-08-04;"30";true;;;OpenStreetMap;WGS84;cadastre-dgi-fr source : Direction Générale des Impôts - Cadastre. Mise à jour : 2009
5.72265794765212;45.1890918165424;D 523;;;way/295019302;;"38185";AUCUN;ZONE 30;;;;EN SERVICE;LISSE;"38185";COULOIR BUS+VELO;ZONE 30;UNIDIRECTIONNEL;;CHAUSSEE;EN SERVICE;LISSE;ROLLER;2024-07-31;"30";true;;;OpenStreetMap;WGS84;cadastre-dgi-fr source : Direction Générale des Impôts - Cadastre. Mise à jour : 2009
5.72243155317559;45.1913774944121;;;;way/38262934;;"38185";BANDE CYCLABLE;EN AGGLOMERATION;UNIDIRECTIONNEL;;CHAUSSEE;EN SERVICE;LISSE;"38185";COULOIR BUS+VELO;EN AGGLOMERATION;UNIDIRECTIONNEL;;CHAUSSEE;EN SERVICE;LISSE;;2024-08-04;"30";true;;;OpenStreetMap;WGS84;
5.72350317956171;45.1907788581855;;;;way/39513639;;"38185";BANDE CYCLABLE;ZONE 30;UNIDIRECTIONNEL;;CHAUSSEE;EN SERVICE;LISSE;"38185";BANDE CYCLABLE;ZONE 30;UNIDIRECTIONNEL;;CHAUSSEE;EN SERVICE;LISSE;;2024-11-13;"30";true;;;OpenStreetMap;WGS84;
5.7233858923863;45.191523963898;;;;way/168642612;;"38185";BANDE CYCLABLE;EN AGGLOMERATION;UNIDIRECTIONNEL;;CHAUSSEE;EN SERVICE;LISSE;"38185";BANDE CYCLABLE;EN AGGLOMERATION;UNIDIRECTIONNEL;;CHAUSSEE;EN SERVICE;LISSE;;2024-08-12;"30";true;;;OpenStreetMap;WGS84;
5.72224974251274;45.1919116861664;;;;way/38655117;;"38185";BANDE CYCLABLE;ZONE 30;UNIDIRECTIONNEL;;CHAUSSEE;EN SERVICE;LISSE;"38185";DOUBLE SENS CYCLABLE NON MATERIALISE;ZONE 30;UNIDIRECTIONNEL;;CHAUSSEE;EN SERVICE;LISSE;;2024-08-04;"30";true;;;OpenStreetMap;WGS84;"cadastre-dgi-fr source : Direction Générale des Impôts - Cadastre;mise à jour : 2009"
5.72170685;45.192354950471;;;;way/385455369;;"38185";PISTE CYCLABLE;;BIDIRECTIONNEL;;TROTTOIR;EN SERVICE;LISSE;"38185";AUCUN;;;;;EN SERVICE;LISSE;;2021-05-08;;true;;;OpenStreetMap;WGS84;
5.73200058270887;45.1680956882797;;;;way/203776224;;"38185";VOIE VERTE;;BIDIRECTIONNEL;;CHAUSSEE;EN SERVICE;LISSE;"38185";AUCUN;;;;;EN SERVICE;LISSE;;2021-08-09;;true;;;OpenStreetMap;WGS84;
5.73105002047872;45.1675654356086;;;;way/493108033;;"38185";AUTRE;EN AGGLOMERATION;UNIDIRECTIONNEL;;CHAUSSEE;EN SERVICE;LISSE;"38185";AUTRE;EN AGGLOMERATION;UNIDIRECTIONNEL;;CHAUSSEE;EN SERVICE;LISSE;;2023-11-26;"30";true;;;OpenStreetMap;WGS84;
5.7320978415669;45.1676406933995;;;;way/168276601;;"38185";PISTE CYCLABLE;;UNIDIRECTIONNEL;;TROTTOIR;EN SERVICE;;"38185";AUCUN;;;;;EN SERVICE;;;2017-05-12;;;;;OpenStreetMap;WGS84;
5.73129340522554;45.1665954145937;;;;way/79367747;;"38185";BANDE CYCLABLE;ZONE 30;UNIDIRECTIONNEL;;CHAUSSEE;EN SERVICE;LISSE;"38185";BANDE CYCLABLE;ZONE 30;UNIDIRECTIONNEL;;CHAUSSEE;EN SERVICE;LISSE;;2025-01-07;"30";true;;;OpenStreetMap;WGS84;
5.72888375913736;45.1628295128456;;;;way/817474566;;"38185";PISTE CYCLABLE;;UNIDIRECTIONNEL;;TROTTOIR;EN SERVICE;;"38185";AUCUN;;;;;EN SERVICE;;;2020-06-19;;;;;OpenStreetMap;WGS84;
5.7286104;45.1632830004548;;;;way/493217083;;"38185";BANDE CYCLABLE;;UNIDIRECTIONNEL;;CHAUSSEE;EN SERVICE;LISSE;"38185";AUTRE;;UNIDIRECTIONNEL;;CHAUSSEE;EN SERVICE;LISSE;;2022-09-12;;;;;OpenStreetMap;WGS84;
5.72863280010796;45.1645937178538;;;;way/493217107;;"38185";VOIE VERTE;;BIDIRECTIONNEL;;CHAUSSEE;EN SERVICE;LISSE;"38185";AUCUN;;;;;EN SERVICE;LISSE;;2025-01-08;;true;;;OpenStreetMap;WGS84;
5.72881085;45.1644773505695;;;;way/493217099;;"38185";VOIE VERTE;;UNIDIRECTIONNEL;;CHAUSSEE;EN SERVICE;LISSE;"38185";AUCUN;;;;;EN SERVICE;LISSE;;2022-09-12;;true;;;OpenStreetMap;WGS84;
5.72882815;45.1645937004517;;;;way/1090857341;;"38185";VOIE VERTE;;BIDIRECTIONNEL;;CHAUSSEE;EN SERVICE;LISSE;"38185";AUCUN;;;;;EN SERVICE;LISSE;;2022-09-12;;;;;OpenStreetMap;WGS84;
5.72864169931636;45.1647867669958;;;;way/299529824;;"38185";VOIE VERTE;;BIDIRECTIONNEL;;CHAUSSEE;EN SERVICE;LISSE;"38185";AUCUN;;;;;EN SERVICE;LISSE;;2022-09-12;;true;;;OpenStreetMap;WGS84;
5.72856579378131;45.165542809657;D 269A;;;way/384158637;;"38185";BANDE CYCLABLE;EN AGGLOMERATION;UNIDIRECTIONNEL;;CHAUSSEE;EN SERVICE;LISSE;"38185";AUCUN;EN AGGLOMERATION;;;;EN SERVICE;LISSE;;2025-01-07;"50";;;;OpenStreetMap;WGS84;"cadastre-dgi-fr source : Direction Générale des Impôts - Cadastre;mise à jour : 2010"
5.7285825426207;45.1666282348915;;;;way/299529830;;"38185";VOIE VERTE;;BIDIRECTIONNEL;;CHAUSSEE;EN SERVICE;LISSE;"38185";AUCUN;;;;;EN SERVICE;LISSE;;2022-09-12;;true;;;OpenStreetMap;WGS84;
5.7288239;45.1666099004577;;;;way/299529822;;"38185";VOIE VERTE;;BIDIRECTIONNEL;;CHAUSSEE;EN SERVICE;LISSE;"38185";AUCUN;;;;;EN SERVICE;LISSE;;2022-09-12;;true;;;OpenStreetMap;WGS84;
5.72882458961177;45.1665387518121;;;;way/493217116;;"38185";VOIE VERTE;;BIDIRECTIONNEL;;CHAUSSEE;EN SERVICE;LISSE;"38185";AUCUN;;;;;EN SERVICE;LISSE;;2024-02-09;;true;;;OpenStreetMap;WGS84;
5.7287860818138;45.1665469164389;;;;way/1349221262;;"38185";BANDE CYCLABLE;ZONE 30;UNIDIRECTIONNEL;;CHAUSSEE;EN SERVICE;LISSE;"38185";BANDE CYCLABLE;ZONE 30;UNIDIRECTIONNEL;;CHAUSSEE;EN SERVICE;LISSE;;2025-01-07;"30";true;;;OpenStreetMap;WGS84;
5.72880858509986;45.1664297056718;;;;way/299529826;;"38185";VOIE VERTE;;BIDIRECTIONNEL;;CHAUSSEE;EN SERVICE;LISSE;"38185";AUCUN;;;;;EN SERVICE;LISSE;;2022-09-12;;true;;;OpenStreetMap;WGS84;
5.7287704;45.1664403004515;;;;way/493217120;;"38185";VOIE VERTE;;BIDIRECTIONNEL;;CHAUSSEE;EN SERVICE;LISSE;"38185";AUCUN;;;;;EN SERVICE;LISSE;;2022-09-12;;true;;;OpenStreetMap;WGS84;
5.7284101;45.1666247504515;;;;way/493217118;;"38185";VOIE VERTE;;BIDIRECTIONNEL;;CHAUSSEE;EN SERVICE;LISSE;"38185";AUCUN;;;;;EN SERVICE;LISSE;;2022-09-12;;true;;;OpenStreetMap;WGS84;
5.72836158662906;45.1665292453669;;;;way/493217127;;"38185";VOIE VERTE;;BIDIRECTIONNEL;;CHAUSSEE;EN SERVICE;LISSE;"38185";AUCUN;;;;;EN SERVICE;LISSE;;2022-07-07;;true;;;OpenStreetMap;WGS84;
5.72844692538042;45.165611171226;;;;way/493217109;;"38185";PISTE CYCLABLE;;BIDIRECTIONNEL;;TROTTOIR;EN SERVICE;LISSE;"38185";AUCUN;;;;;EN SERVICE;LISSE;;2025-01-07;;true;;;OpenStreetMap;WGS84;
5.72833273519128;45.1673166194061;;;;way/493217126;;"38185";VOIE VERTE;;BIDIRECTIONNEL;;CHAUSSEE;EN SERVICE;LISSE;"38185";AUCUN;;;;;EN SERVICE;LISSE;;2023-07-07;;;;;OpenStreetMap;WGS84;
5.7285375370444;45.1679502442042;;;;way/822423238;;"38185";PISTE CYCLABLE;;UNIDIRECTIONNEL;;TROTTOIR;EN SERVICE;LISSE;"38185";AUCUN;;;;;EN SERVICE;LISSE;;2023-05-11;;;;;OpenStreetMap;WGS84;
5.73335785755792;45.1771336098048;;;;way/30785541;;"38185";AMENAGEMENT MIXTE PIETON VELO HORS VOIE VERTE;AIRE PIETONNE;BIDIRECTIONNEL;;TROTTOIR;EN SERVICE;LISSE;"38185";AUCUN;;;;;EN SERVICE;LISSE;;2023-07-04;;true;;;OpenStreetMap;WGS84;
5.73179782548809;45.1773222785851;;;;way/1327273901;;"38185";PISTE CYCLABLE;;UNIDIRECTIONNEL;;TROTTOIR;EN SERVICE;;"38185";AUCUN;;;;;EN SERVICE;;;2024-10-22;;;;;OpenStreetMap;WGS84;
5.73179782120736;45.1772826238971;;;;way/1327273902;;"38185";PISTE CYCLABLE;;UNIDIRECTIONNEL;;TROTTOIR;EN SERVICE;;"38185";AUCUN;;;;;EN SERVICE;;;2024-10-22;;;;;OpenStreetMap;WGS84;
5.73169416648686;45.1786308874649;Chronovélo 7;;;way/1212575667;;"38185";PISTE CYCLABLE;;BIDIRECTIONNEL;;TROTTOIR;EN SERVICE;LISSE;"38185";AUCUN;;;;;EN SERVICE;LISSE;;2024-11-30;;;;;OpenStreetMap;WGS84;
5.73175112812924;45.1747897041231;;;;way/815410667;;"38185";VOIE VERTE;;UNIDIRECTIONNEL;"2.1";CHAUSSEE;EN SERVICE;LISSE;"38185";AUCUN;;;"2.1";;EN SERVICE;LISSE;;2024-05-06;;true;;;OpenStreetMap;WGS84;
5.73173517541714;45.1764639779818;;;;way/1212575669;;"38185";BANDE CYCLABLE;ZONE 30;UNIDIRECTIONNEL;;CHAUSSEE;EN SERVICE;LISSE;"38185";AUCUN;ZONE 30;;;;EN SERVICE;LISSE;;2023-12-26;"30";true;;;OpenStreetMap;WGS84;
5.7319734616529;45.1763056916715;;;;way/492144596;;"38185";VOIE VERTE;;UNIDIRECTIONNEL;;CHAUSSEE;EN SERVICE;LISSE;"38185";AUCUN;;;;;EN SERVICE;LISSE;;2020-01-17;;true;;;OpenStreetMap;WGS84;
5.73198049337477;45.1759221527065;;;;way/492144592;;"38185";VOIE VERTE;;UNIDIRECTIONNEL;"2";CHAUSSEE;EN SERVICE;LISSE;"38185";AUCUN;;;"2";;EN SERVICE;LISSE;;2024-05-11;;true;;;OpenStreetMap;WGS84;
5.73768645;45.1753168004506;;;;way/714119788;;"38185";AMENAGEMENT MIXTE PIETON VELO HORS VOIE VERTE;AIRE PIETONNE;BIDIRECTIONNEL;;TROTTOIR;EN SERVICE;LISSE;"38185";AUCUN;;;;;EN SERVICE;LISSE;;2023-10-19;;;;;OpenStreetMap;WGS84;
5.73789050918342;45.1755280239624;;;;way/290489780;;"38185";AMENAGEMENT MIXTE PIETON VELO HORS VOIE VERTE;AIRE PIETONNE;BIDIRECTIONNEL;;TROTTOIR;EN SERVICE;RUGUEUX;"38185";AUCUN;;;;;EN SERVICE;RUGUEUX;;2019-04-02;;true;;;OpenStreetMap;WGS84;cadastre-dgi-fr source : Direction Générale des Impôts - Cadastre. Mise à jour : 2014
5.73957416369427;45.175406957607;;;;way/462395387;;"38185";AMENAGEMENT MIXTE PIETON VELO HORS VOIE VERTE;AIRE PIETONNE;BIDIRECTIONNEL;;TROTTOIR;EN SERVICE;LISSE;"38185";AUCUN;;;;;EN SERVICE;LISSE;;2021-04-11;;true;;;OpenStreetMap;WGS84;
5.7449990217027;45.174859058701;;;;way/66756531;;"38185";AUTRE;ZONE 30;UNIDIRECTIONNEL;;CHAUSSEE;EN SERVICE;LISSE;"38185";AUTRE;ZONE 30;UNIDIRECTIONNEL;;CHAUSSEE;EN SERVICE;LISSE;;2024-07-31;"30";true;;;OpenStreetMap;WGS84;
5.74365980481202;45.1762584419416;;;;way/194092537;;"38185";AUTRE;ZONE 30;UNIDIRECTIONNEL;;CHAUSSEE;EN SERVICE;LISSE;"38185";AUTRE;ZONE 30;UNIDIRECTIONNEL;;CHAUSSEE;EN SERVICE;LISSE;ROLLER;2024-07-31;"30";true;;;OpenStreetMap;WGS84;
5.7425542683736;45.1762346807597;;;;way/105905304;;"38185";AMENAGEMENT MIXTE PIETON VELO HORS VOIE VERTE;AIRE PIETONNE;BIDIRECTIONNEL;;TROTTOIR;EN SERVICE;MEUBLE;"38185";AUCUN;;;;;EN SERVICE;MEUBLE;VELO DE ROUTE;2024-01-27;;;;;OpenStreetMap;WGS84;"cadastre-dgi-fr source : Direction Générale des Impôts - Cadastre;mise à jour : 2011"
5.74331528981359;45.1743726176396;;;;way/345572611;;"38185";PISTE CYCLABLE;;BIDIRECTIONNEL;;TROTTOIR;EN SERVICE;LISSE;"38185";AUCUN;;;;;EN SERVICE;LISSE;;2023-11-18;;true;;;OpenStreetMap;WGS84;
5.74250792909436;45.1752069068496;;;;way/105900369;;"38185";AMENAGEMENT MIXTE PIETON VELO HORS VOIE VERTE;ZONE 30;BIDIRECTIONNEL;;TROTTOIR;EN SERVICE;;"38185";AUCUN;ZONE 30;;;;EN SERVICE;;;2022-01-17;"30";;;;OpenStreetMap;WGS84;"cadastre-dgi-fr source : Direction Générale des Impôts - Cadastre;mise à jour : 2011"
5.74211;45.1761527004644;;;;way/1243520604;;"38185";AMENAGEMENT MIXTE PIETON VELO HORS VOIE VERTE;AIRE PIETONNE;BIDIRECTIONNEL;;TROTTOIR;EN SERVICE;LISSE;"38185";AUCUN;;;;;EN SERVICE;LISSE;;2024-01-27;;;;;OpenStreetMap;WGS84;"cadastre-dgi-fr source : Direction Générale des Impôts - Cadastre;mise à jour : 2011"
5.74092053769742;45.1749450751109;;;;way/1243520599;;"38185";AMENAGEMENT MIXTE PIETON VELO HORS VOIE VERTE;AIRE PIETONNE;BIDIRECTIONNEL;;TROTTOIR;EN SERVICE;LISSE;"38185";AUCUN;;;;;EN SERVICE;LISSE;;2024-12-01;;;;;OpenStreetMap;WGS84;"cadastre-dgi-fr source : Direction Générale des Impôts - Cadastre;mise à jour : 2011"
5.74170915088652;45.175597991428;;;;way/1243520601;;"38185";AMENAGEMENT MIXTE PIETON VELO HORS VOIE VERTE;AIRE PIETONNE;BIDIRECTIONNEL;;TROTTOIR;EN SERVICE;RUGUEUX;"38185";AUCUN;;;;;EN SERVICE;RUGUEUX;VELO DE ROUTE;2024-01-27;;;;;OpenStreetMap;WGS84;"cadastre-dgi-fr source : Direction Générale des Impôts - Cadastre;mise à jour : 2011"
5.7428209778291;45.1771259002967;;;;way/1243520607;;"38185";AMENAGEMENT MIXTE PIETON VELO HORS VOIE VERTE;AIRE PIETONNE;BIDIRECTIONNEL;;TROTTOIR;EN SERVICE;LISSE;"38185";AUCUN;;;;;EN SERVICE;LISSE;ROLLER;2024-01-27;;;;;OpenStreetMap;WGS84;"cadastre-dgi-fr source : Direction Générale des Impôts - Cadastre;mise à jour : 2011"
5.74303478048323;45.1771560095635;;;;way/684397110;;"38185";BANDE CYCLABLE;ZONE 30;UNIDIRECTIONNEL;;CHAUSSEE;EN SERVICE;LISSE;"38185";AUCUN;ZONE 30;;;;EN SERVICE;LISSE;;2025-01-17;"30";true;;;OpenStreetMap;WGS84;
5.74254472023392;45.1785652198514;;;;way/40833706;;"38185";BANDE CYCLABLE;ZONE 30;UNIDIRECTIONNEL;;CHAUSSEE;EN SERVICE;LISSE;"38185";BANDE CYCLABLE;ZONE 30;UNIDIRECTIONNEL;;CHAUSSEE;EN SERVICE;LISSE;;2025-01-17;"30";;;;OpenStreetMap;WGS84;
5.73222779582434;45.1713789650393;;;;way/299529810;;"38185";VOIE VERTE;;UNIDIRECTIONNEL;;CHAUSSEE;EN SERVICE;LISSE;"38185";AUCUN;;;;;EN SERVICE;LISSE;;2019-12-20;;true;;;OpenStreetMap;WGS84;
5.73203962068139;45.1718367652937;;;;way/245066307;;"38185";VOIE VERTE;;BIDIRECTIONNEL;;CHAUSSEE;EN SERVICE;LISSE;"38185";AUCUN;;;;;EN SERVICE;LISSE;;2020-01-17;;true;;;OpenStreetMap;WGS84;
5.73346448963415;45.1730528392346;;;;way/50259223;;"38185";PISTE CYCLABLE;;BIDIRECTIONNEL;;TROTTOIR;EN SERVICE;LISSE;"38185";AUCUN;;;;;EN SERVICE;LISSE;;2023-03-26;;true;;;OpenStreetMap;WGS84;
5.7319414853188;45.1731991995609;;;;way/345572612;;"38185";PISTE CYCLABLE;;BIDIRECTIONNEL;;TROTTOIR;EN SERVICE;LISSE;"38185";AUTRE;;UNIDIRECTIONNEL;;CHAUSSEE;EN SERVICE;LISSE;;2023-02-15;;true;;;OpenStreetMap;WGS84;
5.7318944;45.1728699004533;;;;way/1221386715;;"38185";PISTE CYCLABLE;;UNIDIRECTIONNEL;;TROTTOIR;EN SERVICE;LISSE;"38185";AUCUN;;;;;EN SERVICE;LISSE;;2023-11-05;;;;;OpenStreetMap;WGS84;
5.73193345;45.1729530504896;;;;way/815410668;;"38185";BANDE CYCLABLE;ZONE 30;UNIDIRECTIONNEL;;CHAUSSEE;EN SERVICE;LISSE;"38185";AUTRE;ZONE 30;UNIDIRECTIONNEL;;CHAUSSEE;EN SERVICE;LISSE;;2022-08-31;"30";true;;;OpenStreetMap;WGS84;cadastre-dgi-fr source : Direction Générale des Impôts - Cadastre. Mise à jour : 2009
5.7318695229189;45.1738585261469;;;;way/1189858895;;"38185";AUTRE;ZONE 30;UNIDIRECTIONNEL;;CHAUSSEE;EN SERVICE;LISSE;"38185";AUTRE;ZONE 30;UNIDIRECTIONNEL;;CHAUSSEE;EN SERVICE;LISSE;;2024-02-17;"30";true;;;OpenStreetMap;WGS84;cadastre-dgi-fr source : Direction Générale des Impôts - Cadastre. Mise à jour : 2009
5.73343475;45.1689687504564;;;;way/493108053;;"38185";PISTE CYCLABLE;;UNIDIRECTIONNEL;;TROTTOIR;EN SERVICE;LISSE;"38185";AUCUN;;;;;EN SERVICE;LISSE;;2019-05-13;;true;;;OpenStreetMap;WGS84;
5.73195382617719;45.1689785779295;;;;way/493108071;;"38185";PISTE CYCLABLE;;UNIDIRECTIONNEL;;TROTTOIR;EN SERVICE;LISSE;"38185";AUCUN;;;;;EN SERVICE;LISSE;ROLLER;2024-06-14;;true;;;OpenStreetMap;WGS84;
5.73223423696852;45.169092411547;;;;way/204142749;;"38185";AUTRE;ZONE 30;UNIDIRECTIONNEL;;CHAUSSEE;EN SERVICE;LISSE;"38185";AUCUN;ZONE 30;;;;EN SERVICE;LISSE;ROLLER;2024-07-23;"30";true;;;OpenStreetMap;WGS84;
5.7312187454507;45.1691331864788;;;;way/488559085;;"38185";BANDE CYCLABLE;EN AGGLOMERATION;UNIDIRECTIONNEL;;CHAUSSEE;EN SERVICE;LISSE;"38185";AUCUN;EN AGGLOMERATION;;;;EN SERVICE;LISSE;ROLLER;2025-01-07;"50";true;;;OpenStreetMap;WGS84;"cadastre-dgi-fr source : Direction Générale des Impôts - Cadastre;mise à jour : 2010"
5.73173137496853;45.1689761196321;;;;way/493107498;;"38185";VOIE VERTE;;BIDIRECTIONNEL;;CHAUSSEE;EN SERVICE;LISSE;"38185";AUCUN;;;;;EN SERVICE;LISSE;;2025-01-07;;true;;;OpenStreetMap;WGS84;
5.73214840313027;45.1691324426294;;;;way/168276598;;"38185";AUTRE;EN AGGLOMERATION;UNIDIRECTIONNEL;;CHAUSSEE;EN SERVICE;LISSE;"38185";AUCUN;EN AGGLOMERATION;;;;EN SERVICE;LISSE;ROLLER;2025-01-07;"50";true;;;OpenStreetMap;WGS84;"cadastre-dgi-fr source : Direction Générale des Impôts - Cadastre;mise à jour : 2010"
5.73184555;45.1689755004622;;;;way/493108072;;"38185";AUTRE;ZONE 30;UNIDIRECTIONNEL;;CHAUSSEE;EN SERVICE;LISSE;"38185";AUCUN;ZONE 30;;;;EN SERVICE;LISSE;ROLLER;2024-06-29;"30";true;;;OpenStreetMap;WGS84;"cadastre-dgi-fr source : Direction Générale des Impôts - Cadastre ; mise à jour : 2010"
5.7318998;45.1688534004519;;;;way/204143328;;"38185";AUTRE;ZONE 30;UNIDIRECTIONNEL;;CHAUSSEE;EN SERVICE;LISSE;"38185";AUCUN;ZONE 30;;;;EN SERVICE;LISSE;ROLLER;2024-06-29;"30";true;;;OpenStreetMap;WGS84;"cadastre-dgi-fr source : Direction Générale des Impôts - Cadastre ; mise à jour : 2010"
5.7320138;45.1688296504532;;;;way/488559083;;"38185";AUTRE;ZONE 30;UNIDIRECTIONNEL;;CHAUSSEE;EN SERVICE;LISSE;"38185";AUCUN;ZONE 30;;;;EN SERVICE;LISSE;ROLLER;2024-06-29;"30";true;;;OpenStreetMap;WGS84;"cadastre-dgi-fr source : Direction Générale des Impôts - Cadastre ; mise à jour : 2010"
5.73228157251846;45.168915713727;;;;way/493107497;;"38185";PISTE CYCLABLE;;UNIDIRECTIONNEL;;TROTTOIR;EN SERVICE;LISSE;"38185";AUCUN;;;;CHAUSSEE;EN SERVICE;LISSE;;2024-07-23;;true;;;OpenStreetMap;WGS84;
5.73202796231732;45.1690788366259;;;;way/101561;;"38185";AUTRE;EN AGGLOMERATION;UNIDIRECTIONNEL;;CHAUSSEE;EN SERVICE;LISSE;"38185";AUCUN;EN AGGLOMERATION;;;;EN SERVICE;LISSE;ROLLER;2025-01-07;"50";true;;;OpenStreetMap;WGS84;"cadastre-dgi-fr source : Direction Générale des Impôts - Cadastre;mise à jour : 2010;cadastre-dgi-fr source : Direction Générale des Impôts - Cadastre. Mise à jour : 2009"
5.73232316046402;45.1694195294915;;;;way/170076696;;"38185";VOIE VERTE;;UNIDIRECTIONNEL;;CHAUSSEE;EN SERVICE;LISSE;"38185";AUCUN;;;;;EN SERVICE;LISSE;;2023-04-30;;true;;;OpenStreetMap;WGS84;
5.73253265458205;45.1689665479798;;;;way/49789280;;"38185";BANDE CYCLABLE;EN AGGLOMERATION;UNIDIRECTIONNEL;;CHAUSSEE;EN SERVICE;LISSE;"38185";AUCUN;EN AGGLOMERATION;;;;EN SERVICE;LISSE;ROLLER;2024-06-29;"30";true;;;OpenStreetMap;WGS84;
5.73263545336291;45.1689248577197;D 269A;;;way/271117150;;"38185";BANDE CYCLABLE;ZONE 30;UNIDIRECTIONNEL;;CHAUSSEE;EN SERVICE;LISSE;"38185";AUCUN;ZONE 30;;;;EN SERVICE;LISSE;ROLLER;2024-07-09;"30";true;;;OpenStreetMap;WGS84;
5.73235484271881;45.1685744940193;;;;way/493108059;;"38185";AMENAGEMENT MIXTE PIETON VELO HORS VOIE VERTE;AIRE PIETONNE;BIDIRECTIONNEL;;TROTTOIR;EN SERVICE;LISSE;"38185";AUCUN;;;;;EN SERVICE;LISSE;;2022-06-13;;true;;;OpenStreetMap;WGS84;
5.7323339934383;45.1686906661585;;;;way/203776225;;"38185";PISTE CYCLABLE;;UNIDIRECTIONNEL;;TROTTOIR;EN SERVICE;LISSE;"38185";AUTRE;;UNIDIRECTIONNEL;;CHAUSSEE;EN SERVICE;LISSE;;2022-06-13;;;;;OpenStreetMap;WGS84;
5.73180247711157;45.1686449874625;D 269A;;;way/817474563;;"38185";AUTRE;EN AGGLOMERATION;UNIDIRECTIONNEL;;CHAUSSEE;EN SERVICE;LISSE;"38185";AUCUN;EN AGGLOMERATION;;;;EN SERVICE;LISSE;;2024-06-04;"50";true;;;OpenStreetMap;WGS84;"cadastre-dgi-fr source : Direction Générale des Impôts - Cadastre;mise à jour : 2010"
5.73143285;45.1686667004598;;;;way/1243493115;;"38185";PISTE CYCLABLE;;UNIDIRECTIONNEL;;TROTTOIR;EN SERVICE;RUGUEUX;"38185";AUCUN;;;;;EN SERVICE;RUGUEUX;VELO DE ROUTE;2025-01-07;;;;;OpenStreetMap;WGS84;
5.7311843022311;45.168667282205;;;;way/493217134;;"38185";VOIE VERTE;;BIDIRECTIONNEL;;CHAUSSEE;EN SERVICE;RUGUEUX;"38185";AUCUN;;;;;EN SERVICE;RUGUEUX;VELO DE ROUTE;2025-01-07;;true;;;OpenStreetMap;WGS84;
5.7303095436871;45.168646681067;;;;way/493217132;;"38185";VOIE VERTE;;BIDIRECTIONNEL;;CHAUSSEE;EN SERVICE;RUGUEUX;"38185";AUCUN;;;;;EN SERVICE;RUGUEUX;VELO DE ROUTE;2024-01-27;;true;;;OpenStreetMap;WGS84;
5.70518358688156;45.1746649033291;;;;way/291434984;;"38185";PISTE CYCLABLE;;UNIDIRECTIONNEL;;TROTTOIR;EN SERVICE;LISSE;"38185";AUCUN;;;;;EN SERVICE;LISSE;;2022-05-17;;;;;OpenStreetMap;WGS84;
5.70512548109504;45.1746702516626;;;;way/291434963;;"38185";BANDE CYCLABLE;EN AGGLOMERATION;UNIDIRECTIONNEL;;CHAUSSEE;EN SERVICE;LISSE;"38185";BANDE CYCLABLE;EN AGGLOMERATION;UNIDIRECTIONNEL;;CHAUSSEE;EN SERVICE;LISSE;;2023-09-02;"30";true;;;OpenStreetMap;WGS84;
5.70899637183371;45.1757980591569;;;;way/34700420;;"38185";BANDE CYCLABLE;EN AGGLOMERATION;UNIDIRECTIONNEL;;CHAUSSEE;EN SERVICE;LISSE;"38185";BANDE CYCLABLE;EN AGGLOMERATION;UNIDIRECTIONNEL;;CHAUSSEE;EN SERVICE;LISSE;;2023-12-15;"30";true;;;OpenStreetMap;WGS84;
5.71025332345542;45.1739204987524;;;;way/1067667140;;"38185";AUCUN;EN AGGLOMERATION;;;;EN SERVICE;LISSE;"38185";BANDE CYCLABLE;EN AGGLOMERATION;UNIDIRECTIONNEL;;CHAUSSEE;EN SERVICE;LISSE;ROLLER;2025-01-15;"30";true;;;OpenStreetMap;WGS84;
5.7101607;45.1730390504647;;;;way/1067671698;;"38185";AUCUN;EN AGGLOMERATION;;;;EN SERVICE;LISSE;"38185";BANDE CYCLABLE;EN AGGLOMERATION;UNIDIRECTIONNEL;;CHAUSSEE;EN SERVICE;LISSE;ROLLER;2025-01-15;"30";true;;;OpenStreetMap;WGS84;
5.70837990013605;45.1802653986141;;;;way/72240260;;"38185";VOIE VERTE;AIRE PIETONNE;BIDIRECTIONNEL;;TROTTOIR;EN SERVICE;LISSE;"38185";AUCUN;;;;;EN SERVICE;LISSE;;2022-10-21;;true;;;OpenStreetMap;WGS84;"cadastre-dgi-fr source : Direction Générale des Impôts - Cadastre ; mise à jour : 2009"
5.7108315354643;45.1800497762396;D 1532;;;way/40416169;;"38185";AUTRE;EN AGGLOMERATION;UNIDIRECTIONNEL;;CHAUSSEE;EN SERVICE;LISSE;"38185";AUCUN;EN AGGLOMERATION;;;;EN SERVICE;LISSE;;2024-08-06;"50";true;;;OpenStreetMap;WGS84;
5.71121709179069;45.1790878799522;;;;way/1164465175;;"38185";BANDE CYCLABLE;EN AGGLOMERATION;UNIDIRECTIONNEL;;CHAUSSEE;EN SERVICE;LISSE;"38185";BANDE CYCLABLE;EN AGGLOMERATION;UNIDIRECTIONNEL;;CHAUSSEE;EN SERVICE;LISSE;;2023-04-21;"30";true;;;OpenStreetMap;WGS84;
5.70932479986922;45.1799655548858;;;;way/275525733;;"38185";AUTRE;ZONE 30;UNIDIRECTIONNEL;;CHAUSSEE;EN SERVICE;LISSE;"38185";AUCUN;ZONE 30;;;CHAUSSEE;EN SERVICE;LISSE;;2023-03-21;"30";true;;;OpenStreetMap;WGS84;
5.70686234958637;45.179907967375;;;;way/818377609;;"38185";VOIE VERTE;AIRE PIETONNE;BIDIRECTIONNEL;"1.5";TROTTOIR;EN SERVICE;LISSE;"38185";AUCUN;;;"1.5";;EN SERVICE;LISSE;;2023-07-16;;true;;;OpenStreetMap;WGS84;
5.70540329981125;45.1802861029665;;;;way/291434974;;"38185";VOIE VERTE;AIRE PIETONNE;BIDIRECTIONNEL;;TROTTOIR;EN SERVICE;LISSE;"38185";AUCUN;;;;;EN SERVICE;LISSE;;2022-05-14;;true;;;OpenStreetMap;WGS84;
5.6997219032669;45.2060663874293;;;;way/300110304;;"38185";VOIE VERTE;;UNIDIRECTIONNEL;;CHAUSSEE;EN SERVICE;LISSE;"38185";AUCUN;;;;;EN SERVICE;LISSE;;2022-10-04;;true;;;OpenStreetMap;WGS84;
5.69750924312118;45.2073549554197;D 531;;;way/776946982;;"38185";BANDE CYCLABLE;EN AGGLOMERATION;UNIDIRECTIONNEL;;CHAUSSEE;EN SERVICE;LISSE;"38185";AUCUN;EN AGGLOMERATION;;;;EN SERVICE;LISSE;;2022-09-01;"50";true;;;OpenStreetMap;WGS84;
5.7006639;45.2048062004502;;;;way/945717892;;"38185";VOIE VERTE;;BIDIRECTIONNEL;;CHAUSSEE;EN SERVICE;LISSE;"38185";AUCUN;;;;;EN SERVICE;LISSE;;2022-10-21;;true;;;OpenStreetMap;WGS84;
5.70140394964722;45.2047950726463;;;;way/945717896;;"38185";VOIE VERTE;;UNIDIRECTIONNEL;;CHAUSSEE;EN SERVICE;LISSE;"38185";AUCUN;;;;;EN SERVICE;LISSE;;2023-02-27;;true;;;OpenStreetMap;WGS84;
5.70128645;45.2044344504501;;;;way/945717895;;"38185";PISTE CYCLABLE;;UNIDIRECTIONNEL;;TROTTOIR;EN SERVICE;LISSE;"38185";AUCUN;;;;;EN SERVICE;LISSE;;2021-06-22;;true;;;OpenStreetMap;WGS84;
5.70104405;45.2050471004512;;;;way/945717890;;"38185";VOIE VERTE;;BIDIRECTIONNEL;;CHAUSSEE;EN SERVICE;LISSE;"38185";AUCUN;;;;;EN SERVICE;LISSE;;2021-06-22;;true;;;OpenStreetMap;WGS84;
5.70096002108144;45.2051638670931;;;;way/933363641;;"38185";VOIE VERTE;;BIDIRECTIONNEL;"2";CHAUSSEE;EN SERVICE;LISSE;"38185";AUCUN;;;"2";;EN SERVICE;LISSE;;2023-06-08;;true;;;OpenStreetMap;WGS84;
5.70125070128631;45.2053010973078;;;;way/238481519;;"38185";VOIE VERTE;;BIDIRECTIONNEL;"3";CHAUSSEE;EN SERVICE;LISSE;"38185";AUCUN;;;"3";;EN SERVICE;LISSE;;2023-06-08;;true;;;OpenStreetMap;WGS84;
5.7015522;45.2059194504501;;;;way/388852697;;"38185";AMENAGEMENT MIXTE PIETON VELO HORS VOIE VERTE;AIRE PIETONNE;BIDIRECTIONNEL;;TROTTOIR;EN SERVICE;LISSE;"38185";AUCUN;;;;;EN SERVICE;LISSE;ROLLER;2024-07-09;;true;;;OpenStreetMap;WGS84;
5.70244169810158;45.1923101775128;;;;way/1084410989;;"38185";PISTE CYCLABLE;;BIDIRECTIONNEL;;TROTTOIR;EN SERVICE;LISSE;"38185";AUCUN;;;;;EN SERVICE;LISSE;;2024-04-28;;;;;OpenStreetMap;WGS84;
5.70239435314256;45.1923964816686;D 106;;;way/491893889;;"38185";AUTRE;EN AGGLOMERATION;UNIDIRECTIONNEL;;CHAUSSEE;EN SERVICE;LISSE;"38185";AUCUN;EN AGGLOMERATION;;;CHAUSSEE;EN SERVICE;LISSE;;2024-10-22;"50";;;;OpenStreetMap;WGS84;
5.70260600039075;45.1923217976411;D 106;;;way/491893904;;"38185";AUTRE;EN AGGLOMERATION;UNIDIRECTIONNEL;;CHAUSSEE;EN SERVICE;LISSE;"38185";AUCUN;EN AGGLOMERATION;;;CHAUSSEE;EN SERVICE;LISSE;;2024-02-29;"50";;;;OpenStreetMap;WGS84;
5.70290845;45.1924091004488;D 106;;;way/186139136;;"38185";AUTRE;EN AGGLOMERATION;UNIDIRECTIONNEL;;CHAUSSEE;EN SERVICE;LISSE;"38185";AUCUN;EN AGGLOMERATION;;;CHAUSSEE;EN SERVICE;LISSE;;2024-10-22;"50";;;;OpenStreetMap;WGS84;
5.7060976;45.1914570004502;;;;way/1147359186;;"38185";PISTE CYCLABLE;;BIDIRECTIONNEL;;TROTTOIR;EN SERVICE;LISSE;"38185";AUCUN;;;;;EN SERVICE;LISSE;;2023-02-18;;;;;OpenStreetMap;WGS84;
5.70494024215532;45.1919685292572;;;;way/1096602445;;"38185";PISTE CYCLABLE;;BIDIRECTIONNEL;;TROTTOIR;EN SERVICE;LISSE;"38185";AUCUN;;;;;EN SERVICE;LISSE;;2024-10-22;;;;;OpenStreetMap;WGS84;
5.70414853275856;45.1915200973226;;;;way/1318067394;;"38185";PISTE CYCLABLE;;BIDIRECTIONNEL;;TROTTOIR;EN SERVICE;;"38185";AUCUN;;;;;EN SERVICE;;;2024-09-29;;;;;OpenStreetMap;WGS84;
5.70375276119361;45.1924190079169;;;;way/1225993489;;"38185";PISTE CYCLABLE;;BIDIRECTIONNEL;;TROTTOIR;EN SERVICE;LISSE;"38185";AUCUN;;;;;EN SERVICE;LISSE;;2024-10-22;;;;;OpenStreetMap;WGS84;
5.70350978725709;45.192365215437;D 106;;;way/1277843363;;"38185";AUTRE;ZONE 30;UNIDIRECTIONNEL;;CHAUSSEE;EN SERVICE;LISSE;"38185";AUCUN;ZONE 30;;;CHAUSSEE;EN SERVICE;LISSE;;2024-10-22;"30";;;;OpenStreetMap;WGS84;
5.70983056549471;45.1939015910084;D 531;;;way/300123457;;"38185";AUTRE;EN AGGLOMERATION;UNIDIRECTIONNEL;;CHAUSSEE;EN SERVICE;LISSE;"38185";AUTRE;EN AGGLOMERATION;UNIDIRECTIONNEL;;CHAUSSEE;EN SERVICE;LISSE;;2024-08-22;"50";true;;;OpenStreetMap;WGS84;
5.71049565;45.1946920504582;;;;way/945717879;;"38185";VOIE VERTE;;UNIDIRECTIONNEL;;CHAUSSEE;EN SERVICE;LISSE;"38185";AUCUN;;;;;EN SERVICE;LISSE;;2022-10-21;;true;;;OpenStreetMap;WGS84;
5.7111702472042;45.1908951808992;D 106;;;way/16274316;;"38185";AUTRE;EN AGGLOMERATION;;;;EN SERVICE;LISSE;"38185";DOUBLE SENS CYCLABLE NON MATERIALISE;EN AGGLOMERATION;UNIDIRECTIONNEL;;CHAUSSEE;EN SERVICE;LISSE;;2024-08-04;"30";true;;;OpenStreetMap;WGS84;
5.71196106056019;45.1912656783546;;;;way/491770492;;"38185";AMENAGEMENT MIXTE PIETON VELO HORS VOIE VERTE;AIRE PIETONNE;BIDIRECTIONNEL;;TROTTOIR;EN SERVICE;LISSE;"38185";AUCUN;;;;;EN SERVICE;LISSE;;2021-09-26;;true;;;OpenStreetMap;WGS84;cadastre-dgi-fr source : Direction Générale des Impôts - Cadastre. Mise à jour : 2014
5.71199757176138;45.1909513526964;;;;way/491770489;;"38185";AMENAGEMENT MIXTE PIETON VELO HORS VOIE VERTE;AIRE PIETONNE;BIDIRECTIONNEL;;TROTTOIR;EN SERVICE;LISSE;"38185";AUCUN;;;;;EN SERVICE;LISSE;;2023-10-17;;true;;;OpenStreetMap;WGS84;
5.7132405;45.191161600449;;;;way/1000260493;;"38185";RAMPE;;BIDIRECTIONNEL;;TROTTOIR;EN SERVICE;LISSE;"38185";AUCUN;;;;;EN SERVICE;LISSE;;2023-07-04;;true;;;OpenStreetMap;WGS84;
5.71770416733501;45.1938387105182;;;;way/282084858;;"38185";VOIE VERTE;;BIDIRECTIONNEL;;CHAUSSEE;EN SERVICE;LISSE;"38185";AUCUN;;;;;EN SERVICE;LISSE;;2023-02-26;;false;;;OpenStreetMap;WGS84;
5.71748399559754;45.1928200470369;;;;way/368007206;;"38185";AUTRE;EN AGGLOMERATION;UNIDIRECTIONNEL;;CHAUSSEE;EN SERVICE;LISSE;"38185";AUTRE;EN AGGLOMERATION;UNIDIRECTIONNEL;;CHAUSSEE;EN SERVICE;LISSE;;2024-08-04;"30";true;;;OpenStreetMap;WGS84;
5.71728502022917;45.1995483157386;;;;way/1024191615;;"38185";AUTRE;EN AGGLOMERATION;UNIDIRECTIONNEL;;CHAUSSEE;EN SERVICE;LISSE;"38185";AUCUN;EN AGGLOMERATION;;;CHAUSSEE;EN SERVICE;LISSE;;2022-01-24;"30";;;;OpenStreetMap;WGS84;
5.71748400641686;45.1992049212408;;;;way/343405651;;"38185";VOIE VERTE;;BIDIRECTIONNEL;;CHAUSSEE;EN SERVICE;LISSE;"38185";AUCUN;;;;;EN SERVICE;LISSE;;2024-05-16;;;;;OpenStreetMap;WGS84;
5.71418915;45.1992812006361;D 15;;;way/137933848;;"38185";BANDE CYCLABLE;ZONE 30;UNIDIRECTIONNEL;;CHAUSSEE;EN SERVICE;LISSE;"38185";BANDE CYCLABLE;ZONE 30;UNIDIRECTIONNEL;;CHAUSSEE;EN SERVICE;LISSE;;2022-05-03;"30";true;;;OpenStreetMap;WGS84;"cadastre-dgi-fr source : Direction Générale des Impôts - Cadastre;mise à jour : 2011"
5.71392267907675;45.1995999085193;D 15;;;way/137933850;;"38185";BANDE CYCLABLE;EN AGGLOMERATION;UNIDIRECTIONNEL;;CHAUSSEE;EN SERVICE;LISSE;"38185";AUCUN;EN AGGLOMERATION;;;;EN SERVICE;LISSE;;2024-07-22;"50";true;;;OpenStreetMap;WGS84;"cadastre-dgi-fr source : Direction Générale des Impôts - Cadastre;mise à jour : 2011"
5.7096679498548;45.2022435518097;;;;way/902084315;;"38185";VOIE VERTE;;BIDIRECTIONNEL;;CHAUSSEE;EN SERVICE;LISSE;"38185";AUCUN;;;;;EN SERVICE;LISSE;;2022-03-10;;true;;;OpenStreetMap;WGS84;
5.71077325;45.1988043504977;;;;way/489402113;;"38185";VOIE VERTE;AIRE PIETONNE;BIDIRECTIONNEL;;TROTTOIR;EN SERVICE;LISSE;"38185";AUCUN;;;;;EN SERVICE;LISSE;;2023-08-06;;true;;;OpenStreetMap;WGS84;
5.7108736343532;45.198917091846;;;;way/753358065;;"38185";PISTE CYCLABLE;;BIDIRECTIONNEL;;TROTTOIR;EN SERVICE;LISSE;"38185";AUCUN;;;;;EN SERVICE;LISSE;;2023-02-17;;;;;OpenStreetMap;WGS84;
5.71008937859152;45.1978551104507;D 531;;;way/1128238815;;"38185";AUTRE;EN AGGLOMERATION;UNIDIRECTIONNEL;;CHAUSSEE;EN SERVICE;LISSE;"38185";AUCUN;EN AGGLOMERATION;;;;EN SERVICE;LISSE;;2023-01-08;"50";true;;;OpenStreetMap;WGS84;
5.7089302;45.1985548504829;;;;way/463973067;;"38185";VOIE VERTE;AIRE PIETONNE;UNIDIRECTIONNEL;;TROTTOIR;EN SERVICE;LISSE;"38185";AUCUN;;;;;EN SERVICE;LISSE;;2024-11-05;;true;;;OpenStreetMap;WGS84;
5.7097691;45.1984408504598;;;;way/463973093;;"38185";PISTE CYCLABLE;;UNIDIRECTIONNEL;;TROTTOIR;EN SERVICE;LISSE;"38185";AUCUN;;;;;EN SERVICE;LISSE;;2023-01-08;;true;;;OpenStreetMap;WGS84;
5.70989723061114;45.1987061297471;D 15;;;way/456747063;;"38185";BANDE CYCLABLE;;UNIDIRECTIONNEL;;CHAUSSEE;EN SERVICE;LISSE;"38185";AUCUN;;;;;EN SERVICE;LISSE;;2024-07-22;;;;;OpenStreetMap;WGS84;
5.70913778058477;45.198634086295;;;;way/319766056;;"38185";VOIE VERTE;;BIDIRECTIONNEL;;CHAUSSEE;EN SERVICE;RUGUEUX;"38185";AUCUN;;;;;EN SERVICE;RUGUEUX;;2022-10-21;;true;;;OpenStreetMap;WGS84;
5.7067264489363;45.2012771037724;;;;way/1034225336;;"38185";AMENAGEMENT MIXTE PIETON VELO HORS VOIE VERTE;AIRE PIETONNE;BIDIRECTIONNEL;;TROTTOIR;EN SERVICE;;"38185";AUCUN;;;;;EN SERVICE;;;2022-12-09;;;;;OpenStreetMap;WGS84;
5.7067237;45.2009312004479;;;;way/1034225335;;"38185";AMENAGEMENT MIXTE PIETON VELO HORS VOIE VERTE;AIRE PIETONNE;BIDIRECTIONNEL;;TROTTOIR;EN SERVICE;;"38185";AUCUN;;;;;EN SERVICE;;;2022-02-22;;;;;OpenStreetMap;WGS84;
5.7068844;45.2010302504599;;;;way/1034225334;;"38185";AMENAGEMENT MIXTE PIETON VELO HORS VOIE VERTE;AIRE PIETONNE;BIDIRECTIONNEL;;TROTTOIR;EN SERVICE;;"38185";AUCUN;;;;;EN SERVICE;;;2022-02-22;;;;;OpenStreetMap;WGS84;
5.70487005;45.2030508504545;;;;way/1034225337;;"38185";BANDE CYCLABLE;;UNIDIRECTIONNEL;;CHAUSSEE;EN SERVICE;LISSE;"38185";BANDE CYCLABLE;;UNIDIRECTIONNEL;;CHAUSSEE;EN SERVICE;LISSE;;2022-10-21;;true;;;OpenStreetMap;WGS84;
5.70671641233629;45.2051770324133;;;;way/166068899;;"38185";PISTE CYCLABLE;;BIDIRECTIONNEL;;TROTTOIR;EN SERVICE;;"38185";AUCUN;;;;;EN SERVICE;;;2024-10-26;;;;;OpenStreetMap;WGS84;
5.72011271763865;45.1794795891688;;;;way/611999862;;"38185";PISTE CYCLABLE;;UNIDIRECTIONNEL;;TROTTOIR;EN SERVICE;LISSE;"38185";AUCUN;;;;;EN SERVICE;LISSE;;2025-01-12;;true;;;OpenStreetMap;WGS84;
5.72009046210621;45.1795694803742;;;;way/225094698;;"38185";AMENAGEMENT MIXTE PIETON VELO HORS VOIE VERTE;AIRE PIETONNE;BIDIRECTIONNEL;;TROTTOIR;EN SERVICE;LISSE;"38185";AUCUN;;;;;EN SERVICE;LISSE;ROLLER;2024-05-24;;true;;;OpenStreetMap;WGS84;
5.72002709934726;45.1806738063656;D 1090;;;way/245301056;;"38185";AUTRE;EN AGGLOMERATION;UNIDIRECTIONNEL;;CHAUSSEE;EN SERVICE;LISSE;"38185";AUCUN;EN AGGLOMERATION;;;;EN SERVICE;LISSE;ROLLER;2023-09-19;"50";true;;;OpenStreetMap;WGS84;
5.7200926048119;45.1807513142466;;;;way/488524632;;"38185";VOIE VERTE;AIRE PIETONNE;BIDIRECTIONNEL;"1";TROTTOIR;EN SERVICE;LISSE;"38185";AUCUN;;;"1";;EN SERVICE;LISSE;;2023-02-02;;true;;;OpenStreetMap;WGS84;"cadastre-dgi-fr source : Direction Générale des Impôts - Cadastre ; mise à jour : 2009"
5.7213205;45.1805278504507;;;;way/1054001632;;"38185";VOIE VERTE;AIRE PIETONNE;BIDIRECTIONNEL;"1.5";TROTTOIR;EN SERVICE;LISSE;"38185";AUCUN;;;"1.5";;EN SERVICE;LISSE;;2023-07-15;;true;;;OpenStreetMap;WGS84;"cadastre-dgi-fr source : Direction Générale des Impôts - Cadastre ; mise à jour : 2009"
5.72157005;45.1805484004512;;;;way/1125419580;;"38185";AUTRE;ZONE 30;UNIDIRECTIONNEL;;CHAUSSEE;EN SERVICE;LISSE;"38185";AUCUN;ZONE 30;;;CHAUSSEE;EN SERVICE;LISSE;;2022-12-28;"30";true;;;OpenStreetMap;WGS84;"cadastre-dgi-fr source : Direction Générale des Impôts - Cadastre ; mise à jour : 2010"
5.721561;45.1808525004517;;;;way/1054001631;;"38185";VOIE VERTE;AIRE PIETONNE;BIDIRECTIONNEL;"1";TROTTOIR;EN SERVICE;LISSE;"38185";AUCUN;;;"1";;EN SERVICE;LISSE;;2023-02-02;;true;;;OpenStreetMap;WGS84;"cadastre-dgi-fr source : Direction Générale des Impôts - Cadastre ; mise à jour : 2009"
5.72088696420723;45.1807421013007;;;;way/238581799;;"38185";AMENAGEMENT MIXTE PIETON VELO HORS VOIE VERTE;AIRE PIETONNE;BIDIRECTIONNEL;;TROTTOIR;EN SERVICE;LISSE;"38185";AUCUN;;;;;EN SERVICE;LISSE;ROLLER;2023-09-19;;true;;;OpenStreetMap;WGS84;
5.72090923723809;45.1805520497317;;;;way/751820885;;"38185";AMENAGEMENT MIXTE PIETON VELO HORS VOIE VERTE;AIRE PIETONNE;BIDIRECTIONNEL;;TROTTOIR;EN SERVICE;LISSE;"38185";AUCUN;;;;;EN SERVICE;LISSE;ROLLER;2023-09-19;;true;;;OpenStreetMap;WGS84;
5.7252983691593;45.183519216502;;;;way/82633057;;"38185";AMENAGEMENT MIXTE PIETON VELO HORS VOIE VERTE;AIRE PIETONNE;BIDIRECTIONNEL;;TROTTOIR;EN SERVICE;RUGUEUX;"38185";AUCUN;;;;;EN SERVICE;RUGUEUX;;2021-05-20;;false;;;OpenStreetMap;WGS84;
5.72542001837226;45.1838519011364;;;;way/82641325;;"38185";AMENAGEMENT MIXTE PIETON VELO HORS VOIE VERTE;AIRE PIETONNE;BIDIRECTIONNEL;;TROTTOIR;EN SERVICE;LISSE;"38185";AUCUN;;;;;EN SERVICE;LISSE;;2019-11-26;;true;;;OpenStreetMap;WGS84;cadastre-dgi-fr source : Direction Générale des Impôts - Cadastre. Mise à jour : 2010
5.72002460422597;45.1837439638821;;;;way/363720957;;"38185";BANDE CYCLABLE;ZONE 30;UNIDIRECTIONNEL;;CHAUSSEE;EN SERVICE;LISSE;"38185";BANDE CYCLABLE;ZONE 30;UNIDIRECTIONNEL;;CHAUSSEE;EN SERVICE;LISSE;ROLLER;2024-11-28;"30";true;;;OpenStreetMap;WGS84;"cadastre-dgi-fr source : Direction Générale des Impôts - Cadastre ; mise à jour : 2009"
5.72235513750191;45.1837798927714;;;;way/68428160;;"38185";AUTRE;ZONE 30;UNIDIRECTIONNEL;;CHAUSSEE;EN SERVICE;LISSE;"38185";AUTRE;ZONE 30;UNIDIRECTIONNEL;;CHAUSSEE;EN SERVICE;LISSE;ROLLER;2024-05-20;"30";true;;;OpenStreetMap;WGS84;
5.7248864;45.1833764504652;;;;way/921001130;;"38185";AMENAGEMENT MIXTE PIETON VELO HORS VOIE VERTE;AIRE PIETONNE;BIDIRECTIONNEL;;TROTTOIR;EN SERVICE;LISSE;"38185";AUCUN;;;;;EN SERVICE;LISSE;;2021-05-20;;false;;;OpenStreetMap;WGS84;
5.72411241319638;45.1835147328218;;;;way/873209869;;"38185";AMENAGEMENT MIXTE PIETON VELO HORS VOIE VERTE;AIRE PIETONNE;BIDIRECTIONNEL;;TROTTOIR;EN SERVICE;LISSE;"38185";AUCUN;;;;;EN SERVICE;LISSE;;2020-12-09;;true;;;OpenStreetMap;WGS84;
5.7242999;45.183470350451;;;;way/258883127;;"38185";AMENAGEMENT MIXTE PIETON VELO HORS VOIE VERTE;AIRE PIETONNE;BIDIRECTIONNEL;;TROTTOIR;EN SERVICE;LISSE;"38185";AUCUN;;;;;EN SERVICE;LISSE;;2019-11-15;;true;;;OpenStreetMap;WGS84;
5.72456335;45.1835622004507;;;;way/82536303;;"38185";AMENAGEMENT MIXTE PIETON VELO HORS VOIE VERTE;AIRE PIETONNE;BIDIRECTIONNEL;;TROTTOIR;EN SERVICE;LISSE;"38185";AUCUN;;;;;EN SERVICE;LISSE;;2019-11-26;;true;;;OpenStreetMap;WGS84;
5.72459181013807;45.1835762250261;;;;way/82641321;;"38185";AMENAGEMENT MIXTE PIETON VELO HORS VOIE VERTE;AIRE PIETONNE;BIDIRECTIONNEL;;TROTTOIR;EN SERVICE;LISSE;"38185";AUCUN;;;;;EN SERVICE;LISSE;;2021-05-24;;true;;;OpenStreetMap;WGS84;cadastre-dgi-fr source : Direction Générale des Impôts - Cadastre. Mise à jour : 2010
5.7247755;45.1835506004673;;;;way/82641324;;"38185";AMENAGEMENT MIXTE PIETON VELO HORS VOIE VERTE;AIRE PIETONNE;BIDIRECTIONNEL;;TROTTOIR;EN SERVICE;LISSE;"38185";AUCUN;;;;;EN SERVICE;LISSE;;2022-02-23;;true;;;OpenStreetMap;WGS84;cadastre-dgi-fr source : Direction Générale des Impôts - Cadastre. Mise à jour : 2010
5.72486137841671;45.183662635755;;;;way/82641338;;"38185";AMENAGEMENT MIXTE PIETON VELO HORS VOIE VERTE;AIRE PIETONNE;BIDIRECTIONNEL;;TROTTOIR;EN SERVICE;LISSE;"38185";AUCUN;;;;;EN SERVICE;LISSE;;2019-11-26;;true;;;OpenStreetMap;WGS84;cadastre-dgi-fr source : Direction Générale des Impôts - Cadastre. Mise à jour : 2010
5.72686503158679;45.1815903332977;;;;way/1054001614;;"38185";VOIE VERTE;AIRE PIETONNE;BIDIRECTIONNEL;"1.6";TROTTOIR;EN SERVICE;LISSE;"38185";AUCUN;;;"1.6";;EN SERVICE;LISSE;;2024-12-20;;true;;;OpenStreetMap;WGS84;"cadastre-dgi-fr source : Direction Générale des Impôts - Cadastre ; mise à jour : 2009"
5.72658940631585;45.1815878001158;D 1090;;;way/258467451;;"38185";AUTRE;EN AGGLOMERATION;UNIDIRECTIONNEL;;CHAUSSEE;EN SERVICE;LISSE;"38185";AUCUN;EN AGGLOMERATION;;;;EN SERVICE;LISSE;ROLLER;2023-09-19;"50";true;;;OpenStreetMap;WGS84;"cadastre-dgi-fr source : Direction Générale des Impôts - Cadastre ; mise à jour : 2010"
5.72635215;45.1814469504757;;;;way/1054001615;;"38185";VOIE VERTE;AIRE PIETONNE;BIDIRECTIONNEL;;TROTTOIR;EN SERVICE;LISSE;"38185";AUCUN;;;;;EN SERVICE;LISSE;;2022-10-21;;true;;;OpenStreetMap;WGS84;"cadastre-dgi-fr source : Direction Générale des Impôts - Cadastre ; mise à jour : 2009"
5.72695739180186;45.1823882849343;;;;way/488546776;;"38185";VOIE VERTE;AIRE PIETONNE;BIDIRECTIONNEL;;TROTTOIR;EN SERVICE;LISSE;"38185";AUCUN;;;;;EN SERVICE;LISSE;;2022-10-21;;true;;;OpenStreetMap;WGS84;"cadastre-dgi-fr source : Direction Générale des Impôts - Cadastre ; mise à jour : 2009"
5.72700843721152;45.1819699704778;D 1090;;;way/228160057;;"38185";AUTRE;EN AGGLOMERATION;UNIDIRECTIONNEL;;CHAUSSEE;EN SERVICE;LISSE;"38185";AUCUN;EN AGGLOMERATION;;;;EN SERVICE;LISSE;ROLLER;2024-12-21;"50";true;;;OpenStreetMap;WGS84;
5.72686487115909;45.1826156241243;;;;way/488546777;;"38185";VOIE VERTE;;UNIDIRECTIONNEL;;CHAUSSEE;EN SERVICE;LISSE;"38185";AUCUN;;;;;EN SERVICE;LISSE;;2022-10-21;;true;;;OpenStreetMap;WGS84;"cadastre-dgi-fr source : Direction Générale des Impôts - Cadastre ; mise à jour : 2009"
5.72601520464713;45.1816947112703;;;;way/47889416;;"38185";AUTRE;ZONE 30;UNIDIRECTIONNEL;;CHAUSSEE;EN SERVICE;LISSE;"38185";AUCUN;ZONE 30;;;CHAUSSEE;EN SERVICE;LISSE;;2024-08-12;"30";true;;;OpenStreetMap;WGS84;"cadastre-dgi-fr source : Direction Générale des Impôts - Cadastre ; mise à jour : 2010"
5.72410727727444;45.1831393064843;;;;way/273791740;;"38185";AMENAGEMENT MIXTE PIETON VELO HORS VOIE VERTE;AIRE PIETONNE;BIDIRECTIONNEL;;TROTTOIR;EN SERVICE;LISSE;"38185";AUCUN;;;;;EN SERVICE;LISSE;;2020-12-09;;false;;;OpenStreetMap;WGS84;
5.72350083476195;45.1826304961883;;;;way/301781593;;"38185";AMENAGEMENT MIXTE PIETON VELO HORS VOIE VERTE;AIRE PIETONNE;BIDIRECTIONNEL;;TROTTOIR;EN SERVICE;LISSE;"38185";AUCUN;;;;;EN SERVICE;LISSE;;2020-11-17;;true;;;OpenStreetMap;WGS84;
5.72206199037167;45.1825191018827;;;;way/363720956;;"38185";BANDE CYCLABLE;ZONE 30;UNIDIRECTIONNEL;;CHAUSSEE;EN SERVICE;LISSE;"38185";BANDE CYCLABLE;ZONE 30;UNIDIRECTIONNEL;;CHAUSSEE;EN SERVICE;LISSE;;2024-06-09;"30";true;;;OpenStreetMap;WGS84;
5.72360965633406;45.1810814963043;D 1090;;;way/245301058;;"38185";AUTRE;EN AGGLOMERATION;UNIDIRECTIONNEL;;CHAUSSEE;EN SERVICE;LISSE;"38185";AUCUN;EN AGGLOMERATION;;;;EN SERVICE;LISSE;ROLLER;2023-09-19;"50";true;;;OpenStreetMap;WGS84;
5.72341206312121;45.180955852728;;;;way/235645878;;"38185";AMENAGEMENT MIXTE PIETON VELO HORS VOIE VERTE;AIRE PIETONNE;BIDIRECTIONNEL;;TROTTOIR;EN SERVICE;LISSE;"38185";AUCUN;;;;;EN SERVICE;LISSE;;2022-09-26;;true;;;OpenStreetMap;WGS84;
5.72338196094773;45.1810433523249;;;;way/1098006831;;"38185";AMENAGEMENT MIXTE PIETON VELO HORS VOIE VERTE;AIRE PIETONNE;BIDIRECTIONNEL;;TROTTOIR;EN SERVICE;LISSE;"38185";AUCUN;;;;;EN SERVICE;LISSE;;2022-09-26;;true;;;OpenStreetMap;WGS84;
5.7233659;45.1810900004539;;;;way/1098006830;;"38185";AMENAGEMENT MIXTE PIETON VELO HORS VOIE VERTE;AIRE PIETONNE;BIDIRECTIONNEL;;TROTTOIR;EN SERVICE;LISSE;"38185";AUCUN;;;;;EN SERVICE;LISSE;;2022-09-26;;true;;;OpenStreetMap;WGS84;
5.72290881741937;45.180951703096;;;;way/1098006826;;"38185";AMENAGEMENT MIXTE PIETON VELO HORS VOIE VERTE;AIRE PIETONNE;BIDIRECTIONNEL;;TROTTOIR;EN SERVICE;LISSE;"38185";AUCUN;;;;;EN SERVICE;LISSE;;2022-09-26;;true;;;OpenStreetMap;WGS84;
5.72291315244009;45.1812801078773;;;;way/189241380;;"38185";COULOIR BUS+VELO;ZONE 30;UNIDIRECTIONNEL;;CHAUSSEE;EN SERVICE;LISSE;"38185";BANDE CYCLABLE;ZONE 30;UNIDIRECTIONNEL;;CHAUSSEE;EN SERVICE;LISSE;;2025-01-10;"30";true;;;OpenStreetMap;WGS84;
5.72211715;45.1808958504532;;;;way/752321874;;"38185";AMENAGEMENT MIXTE PIETON VELO HORS VOIE VERTE;AIRE PIETONNE;BIDIRECTIONNEL;;TROTTOIR;EN SERVICE;LISSE;"38185";AUCUN;;;;;EN SERVICE;LISSE;ROLLER;2023-09-19;;true;;;OpenStreetMap;WGS84;
5.72269916153383;45.1806570634084;;;;way/1054001628;;"38185";VOIE VERTE;AIRE PIETONNE;BIDIRECTIONNEL;;TROTTOIR;EN SERVICE;LISSE;"38185";AUCUN;;;;;EN SERVICE;LISSE;;2022-10-21;;true;;;OpenStreetMap;WGS84;"cadastre-dgi-fr source : Direction Générale des Impôts - Cadastre ; mise à jour : 2009"
5.7221884;45.180613450452;;;;way/752321877;;"38185";AMENAGEMENT MIXTE PIETON VELO HORS VOIE VERTE;AIRE PIETONNE;BIDIRECTIONNEL;;TROTTOIR;EN SERVICE;LISSE;"38185";AUCUN;;;;;EN SERVICE;LISSE;ROLLER;2023-12-06;;true;;;OpenStreetMap;WGS84;
5.72229612909984;45.1806122197114;;;;way/53088417;;"38185";VOIE VERTE;AIRE PIETONNE;BIDIRECTIONNEL;;TROTTOIR;EN SERVICE;LISSE;"38185";AUCUN;;;;;EN SERVICE;LISSE;;2022-10-21;;true;;;OpenStreetMap;WGS84;"cadastre-dgi-fr source : Direction Générale des Impôts - Cadastre ; mise à jour : 2009"
5.72220303569813;45.1806784910123;D 1090;;;way/1107317191;;"38185";AUTRE;EN AGGLOMERATION;UNIDIRECTIONNEL;;CHAUSSEE;EN SERVICE;LISSE;"38185";AUCUN;EN AGGLOMERATION;;;;EN SERVICE;LISSE;ROLLER;2023-09-19;"50";true;;;OpenStreetMap;WGS84;
5.72217189653509;45.1806789000385;;;;way/752321876;;"38185";AMENAGEMENT MIXTE PIETON VELO HORS VOIE VERTE;AIRE PIETONNE;BIDIRECTIONNEL;;TROTTOIR;EN SERVICE;LISSE;"38185";AUCUN;;;;;EN SERVICE;LISSE;ROLLER;2023-09-19;;true;;;OpenStreetMap;WGS84;
5.72213240235088;45.1808355007597;;;;way/235604534;;"38185";AMENAGEMENT MIXTE PIETON VELO HORS VOIE VERTE;AIRE PIETONNE;BIDIRECTIONNEL;;TROTTOIR;EN SERVICE;LISSE;"38185";AUCUN;;;;;EN SERVICE;LISSE;ROLLER;2023-09-19;;true;;;OpenStreetMap;WGS84;
5.72215096182536;45.1807617956584;;;;way/752321875;;"38185";AMENAGEMENT MIXTE PIETON VELO HORS VOIE VERTE;AIRE PIETONNE;BIDIRECTIONNEL;;TROTTOIR;EN SERVICE;LISSE;"38185";AUCUN;;;;;EN SERVICE;LISSE;ROLLER;2023-09-19;;true;;;OpenStreetMap;WGS84;
5.72176220184678;45.180877966184;;;;way/37810689;;"38185";VOIE VERTE;AIRE PIETONNE;BIDIRECTIONNEL;"6";TROTTOIR;EN SERVICE;LISSE;"38185";AUCUN;;;"6";;EN SERVICE;LISSE;;2023-02-02;;true;;;OpenStreetMap;WGS84;"cadastre-dgi-fr source : Direction Générale des Impôts - Cadastre ; mise à jour : 2009"
5.7234016;45.1807806504512;;;;way/1098006829;;"38185";VOIE VERTE;AIRE PIETONNE;BIDIRECTIONNEL;;TROTTOIR;EN SERVICE;LISSE;"38185";AUCUN;;;;;EN SERVICE;LISSE;;2022-10-21;;true;;;OpenStreetMap;WGS84;"cadastre-dgi-fr source : Direction Générale des Impôts - Cadastre ; mise à jour : 2009"
5.72296149678804;45.1807792999655;;;;way/1098006825;;"38185";AMENAGEMENT MIXTE PIETON VELO HORS VOIE VERTE;AIRE PIETONNE;BIDIRECTIONNEL;;TROTTOIR;EN SERVICE;LISSE;"38185";AUCUN;;;;;EN SERVICE;LISSE;;2022-09-26;;true;;;OpenStreetMap;WGS84;
5.72297645;45.1807305504554;;;;way/1098006824;;"38185";AMENAGEMENT MIXTE PIETON VELO HORS VOIE VERTE;AIRE PIETONNE;BIDIRECTIONNEL;;TROTTOIR;EN SERVICE;LISSE;"38185";AUCUN;;;;;EN SERVICE;LISSE;;2022-09-26;;true;;;OpenStreetMap;WGS84;
5.72322155;45.1807485004508;;;;way/1098006828;;"38185";VOIE VERTE;AIRE PIETONNE;BIDIRECTIONNEL;;TROTTOIR;EN SERVICE;LISSE;"38185";AUCUN;;;;;EN SERVICE;LISSE;;2022-10-21;;true;;;OpenStreetMap;WGS84;"cadastre-dgi-fr source : Direction Générale des Impôts - Cadastre ; mise à jour : 2009"
5.72480215;45.181064250456;;;;way/1054001623;;"38185";VOIE VERTE;AIRE PIETONNE;BIDIRECTIONNEL;;TROTTOIR;EN SERVICE;LISSE;"38185";AUCUN;;;;;EN SERVICE;LISSE;;2022-10-21;;true;;;OpenStreetMap;WGS84;"cadastre-dgi-fr source : Direction Générale des Impôts - Cadastre ; mise à jour : 2009"
5.72524378845708;45.1814909351214;;;;way/47889414;;"38185";VOIE VERTE;AIRE PIETONNE;BIDIRECTIONNEL;;TROTTOIR;EN SERVICE;LISSE;"38185";AUCUN;;;;;EN SERVICE;LISSE;;2022-10-21;;true;;;OpenStreetMap;WGS84;"cadastre-dgi-fr source : Direction Générale des Impôts - Cadastre ; mise à jour : 2009"
5.72544915;45.1815382504585;;;;way/1054001621;;"38185";VOIE VERTE;AIRE PIETONNE;BIDIRECTIONNEL;;TROTTOIR;EN SERVICE;LISSE;"38185";AUCUN;;;;;EN SERVICE;LISSE;;2022-10-21;;true;;;OpenStreetMap;WGS84;"cadastre-dgi-fr source : Direction Générale des Impôts - Cadastre ; mise à jour : 2009"
5.7259022;45.1813212004579;;;;way/1054001617;;"38185";VOIE VERTE;AIRE PIETONNE;BIDIRECTIONNEL;"1.5";TROTTOIR;EN SERVICE;LISSE;"38185";AUCUN;;;"1.5";;EN SERVICE;LISSE;;2024-11-19;;true;;;OpenStreetMap;WGS84;"cadastre-dgi-fr source : Direction Générale des Impôts - Cadastre ; mise à jour : 2009"
5.72574624274423;45.1812781239806;;;;way/1054001618;;"38185";VOIE VERTE;AIRE PIETONNE;BIDIRECTIONNEL;;TROTTOIR;EN SERVICE;LISSE;"38185";AUCUN;;;;;EN SERVICE;LISSE;;2022-10-21;;true;;;OpenStreetMap;WGS84;"cadastre-dgi-fr source : Direction Générale des Impôts - Cadastre ; mise à jour : 2009"
5.7235534;45.1799958005944;;;;way/1043575982;;"38185";AUCUN;EN AGGLOMERATION;;;;EN SERVICE;LISSE;"38185";COULOIR BUS+VELO;EN AGGLOMERATION;UNIDIRECTIONNEL;;CHAUSSEE;EN SERVICE;LISSE;ROLLER;2024-05-24;"30";true;;;OpenStreetMap;WGS84;
5.72364525;45.1796788007631;;;;way/245301075;;"38185";AUCUN;EN AGGLOMERATION;;;;EN SERVICE;LISSE;"38185";COULOIR BUS+VELO;EN AGGLOMERATION;UNIDIRECTIONNEL;;CHAUSSEE;EN SERVICE;LISSE;ROLLER;2024-05-24;"30";true;;;OpenStreetMap;WGS84;
5.72372405;45.1793815004638;;;;way/1067944408;;"38185";AUCUN;EN AGGLOMERATION;;;;EN SERVICE;LISSE;"38185";COULOIR BUS+VELO;EN AGGLOMERATION;UNIDIRECTIONNEL;;CHAUSSEE;EN SERVICE;LISSE;ROLLER;2024-05-24;"30";true;;;OpenStreetMap;WGS84;
5.7101456;45.1922864004546;;;;way/491770519;;"38185";AMENAGEMENT MIXTE PIETON VELO HORS VOIE VERTE;AIRE PIETONNE;BIDIRECTIONNEL;;TROTTOIR;EN SERVICE;LISSE;"38185";AUCUN;;;;;EN SERVICE;LISSE;;2021-10-22;;false;;;OpenStreetMap;WGS84;"cadastre-dgi-fr source : Direction Générale des Impôts - Cadastre ; mise à jour : 2010"
5.70872072716316;45.1932393178896;;;;way/945717871;;"38185";VOIE VERTE;;UNIDIRECTIONNEL;;CHAUSSEE;EN SERVICE;LISSE;"38185";AUCUN;;;;;EN SERVICE;LISSE;;2022-10-21;;true;;;OpenStreetMap;WGS84;
5.70895356980285;45.1930984044829;;;;way/945717874;;"38185";VOIE VERTE;;UNIDIRECTIONNEL;"1.5";CHAUSSEE;EN SERVICE;LISSE;"38185";AUCUN;;;"1.5";;EN SERVICE;LISSE;;2023-10-16;;true;;;OpenStreetMap;WGS84;
5.70983910289975;45.1937718051672;;;;way/86841462;;"38185";VOIE VERTE;;UNIDIRECTIONNEL;"1.5";CHAUSSEE;EN SERVICE;LISSE;"38185";AUCUN;;;"1.5";;EN SERVICE;LISSE;;2023-10-16;;true;;;OpenStreetMap;WGS84;
5.70931333834193;45.1936236468865;D 531;;;way/39611419;;"38185";AUTRE;EN AGGLOMERATION;UNIDIRECTIONNEL;;CHAUSSEE;EN SERVICE;LISSE;"38185";AUTRE;EN AGGLOMERATION;UNIDIRECTIONNEL;;CHAUSSEE;EN SERVICE;LISSE;;2024-07-16;"50";true;;;OpenStreetMap;WGS84;
5.7105596;45.194717800449;;;;way/244086424;;"38185";PISTE CYCLABLE;;BIDIRECTIONNEL;;TROTTOIR;EN SERVICE;LISSE;"38185";AUCUN;;;;;EN SERVICE;LISSE;;2021-06-22;;true;;;OpenStreetMap;WGS84;
5.71050994957602;45.1962413726877;D 531;;;way/254694664;;"38185";BANDE CYCLABLE;EN AGGLOMERATION;UNIDIRECTIONNEL;;CHAUSSEE;EN SERVICE;LISSE;"38185";AUCUN;EN AGGLOMERATION;;;;EN SERVICE;LISSE;;2023-01-09;"50";true;;;OpenStreetMap;WGS84;
5.7107361;45.1946351004736;;;;way/945717881;;"38185";PISTE CYCLABLE;;UNIDIRECTIONNEL;;TROTTOIR;EN SERVICE;LISSE;"38185";AUCUN;;;;;EN SERVICE;LISSE;;2022-10-21;;true;;;OpenStreetMap;WGS84;
5.71052944894205;45.1943391319858;;;;way/945717867;;"38185";VOIE VERTE;;UNIDIRECTIONNEL;;CHAUSSEE;EN SERVICE;LISSE;"38185";AUCUN;;;;;EN SERVICE;LISSE;;2022-10-21;;true;;;OpenStreetMap;WGS84;
5.7108699828302;45.1935050105075;;;;way/86841478;;"38185";AMENAGEMENT MIXTE PIETON VELO HORS VOIE VERTE;AIRE PIETONNE;BIDIRECTIONNEL;;TROTTOIR;EN SERVICE;RUGUEUX;"38185";AUCUN;;;;;EN SERVICE;RUGUEUX;;2019-12-02;;true;;;OpenStreetMap;WGS84;"cadastre-dgi-fr source : Direction Générale des Impôts - Cadastre ; mise à jour : 2010"
5.70843019308155;45.1928440037527;D 531;;;way/28584377;;"38185";AUTRE;EN AGGLOMERATION;UNIDIRECTIONNEL;;CHAUSSEE;EN SERVICE;LISSE;"38185";AUTRE;EN AGGLOMERATION;UNIDIRECTIONNEL;;CHAUSSEE;EN SERVICE;LISSE;;2024-01-10;"50";true;;;OpenStreetMap;WGS84;
5.71000653845929;45.197782546024;D 531;;;way/1128238816;;"38185";BANDE CYCLABLE;EN AGGLOMERATION;UNIDIRECTIONNEL;;CHAUSSEE;EN SERVICE;LISSE;"38185";AUCUN;EN AGGLOMERATION;;;;EN SERVICE;LISSE;;2023-01-08;"50";true;;;OpenStreetMap;WGS84;
5.7096402031365;45.1984333686093;D 531;;;way/1128238818;;"38185";BANDE CYCLABLE;EN AGGLOMERATION;UNIDIRECTIONNEL;;CHAUSSEE;EN SERVICE;LISSE;"38185";AUCUN;EN AGGLOMERATION;;;;EN SERVICE;LISSE;;2024-07-22;"50";true;;;OpenStreetMap;WGS84;
5.70979525;45.1983636504627;D 531;;;way/258632272;;"38185";BANDE CYCLABLE;EN AGGLOMERATION;UNIDIRECTIONNEL;;CHAUSSEE;EN SERVICE;LISSE;"38185";AUCUN;EN AGGLOMERATION;;;;EN SERVICE;LISSE;;2024-11-13;"50";true;;;OpenStreetMap;WGS84;
5.70046376859009;45.1977006474823;;;;way/1115267431;;"38185";VOIE VERTE;;BIDIRECTIONNEL;;CHAUSSEE;EN SERVICE;LISSE;"38185";AUCUN;;;;;EN SERVICE;LISSE;;2024-03-27;;;;;OpenStreetMap;WGS84;
5.70244140791623;45.1924415615467;D 106;;;way/1263687777;;"38185";AUTRE;EN AGGLOMERATION;UNIDIRECTIONNEL;;CHAUSSEE;EN SERVICE;LISSE;"38185";AUCUN;EN AGGLOMERATION;;;CHAUSSEE;EN SERVICE;LISSE;;2024-10-22;"50";;;;OpenStreetMap;WGS84;
5.70290125;45.1922584504488;;;;way/1277843365;;"38185";PISTE CYCLABLE;;BIDIRECTIONNEL;;TROTTOIR;EN SERVICE;LISSE;"38185";AUCUN;;;;;EN SERVICE;LISSE;;2024-04-28;;;;;OpenStreetMap;WGS84;
5.70191805;45.1924341504488;D 106;;;way/4248717;;"38185";AUTRE;EN AGGLOMERATION;UNIDIRECTIONNEL;;CHAUSSEE;EN SERVICE;LISSE;"38185";AUTRE;EN AGGLOMERATION;UNIDIRECTIONNEL;;CHAUSSEE;EN SERVICE;LISSE;;2024-02-18;"50";;;;OpenStreetMap;WGS84;
5.70179756001054;45.1890589574036;;;;way/309482995;;"38185";PISTE CYCLABLE;;UNIDIRECTIONNEL;;TROTTOIR;EN SERVICE;LISSE;"38185";AUCUN;;;;;EN SERVICE;LISSE;;2024-11-11;;true;;;OpenStreetMap;WGS84;
5.70585581268547;45.1888458149549;;;;way/404948841;;"38185";BANDE CYCLABLE;ZONE 30;UNIDIRECTIONNEL;;CHAUSSEE;EN SERVICE;LISSE;"38185";BANDE CYCLABLE;ZONE 30;UNIDIRECTIONNEL;;CHAUSSEE;EN SERVICE;LISSE;;2023-05-15;"30";false;;;OpenStreetMap;WGS84;
5.70586509342917;45.1883961540643;;;;way/586375427;;"38185";BANDE CYCLABLE;ZONE 30;UNIDIRECTIONNEL;;CHAUSSEE;EN SERVICE;LISSE;"38185";BANDE CYCLABLE;ZONE 30;UNIDIRECTIONNEL;;CHAUSSEE;EN SERVICE;LISSE;;2023-01-01;"30";true;;;OpenStreetMap;WGS84;
5.70581024733923;45.1869643199195;;;;way/1067977039;;"38185";BANDE CYCLABLE;ZONE 30;UNIDIRECTIONNEL;;CHAUSSEE;EN SERVICE;LISSE;"38185";BANDE CYCLABLE;ZONE 30;UNIDIRECTIONNEL;;CHAUSSEE;EN SERVICE;LISSE;;2024-03-15;"30";true;;;OpenStreetMap;WGS84;
5.70582035;45.1871885505776;;;;way/1126340974;;"38185";BANDE CYCLABLE;ZONE 30;UNIDIRECTIONNEL;;CHAUSSEE;EN SERVICE;LISSE;"38185";BANDE CYCLABLE;ZONE 30;UNIDIRECTIONNEL;;CHAUSSEE;EN SERVICE;LISSE;;2023-04-11;"30";true;;;OpenStreetMap;WGS84;
5.7058277;45.1873647004761;;;;way/1126340972;;"38185";BANDE CYCLABLE;ZONE 30;UNIDIRECTIONNEL;;CHAUSSEE;EN SERVICE;LISSE;"38185";BANDE CYCLABLE;ZONE 30;UNIDIRECTIONNEL;;CHAUSSEE;EN SERVICE;LISSE;;2023-04-11;"30";true;;;OpenStreetMap;WGS84;
5.70585925;45.1878496006936;;;;way/1126340973;;"38185";BANDE CYCLABLE;ZONE 30;UNIDIRECTIONNEL;;CHAUSSEE;EN SERVICE;LISSE;"38185";BANDE CYCLABLE;ZONE 30;UNIDIRECTIONNEL;;CHAUSSEE;EN SERVICE;LISSE;;2023-04-11;"30";true;;;OpenStreetMap;WGS84;
5.703737;45.1889023004497;;;;way/173079005;;"38185";VOIE VERTE;;UNIDIRECTIONNEL;"1";CHAUSSEE;EN SERVICE;LISSE;"38185";AUCUN;;;"1";;EN SERVICE;LISSE;;2022-10-23;;true;;;OpenStreetMap;WGS84;"cadastre-dgi-fr source : Direction Générale des Impôts - Cadastre ; mise à jour : 2010"
5.70533186950134;45.1897445069973;;;;way/621272312;;"38185";BANDE CYCLABLE;ZONE 30;UNIDIRECTIONNEL;;CHAUSSEE;EN SERVICE;LISSE;"38185";BANDE CYCLABLE;ZONE 30;UNIDIRECTIONNEL;;CHAUSSEE;EN SERVICE;LISSE;;2024-09-29;"30";true;;;OpenStreetMap;WGS84;
5.70481158447391;45.1907056958908;;;;way/1319189240;;"38185";PISTE CYCLABLE;;UNIDIRECTIONNEL;;TROTTOIR;EN SERVICE;;"38185";AUCUN;;;;;EN SERVICE;;;2024-09-29;;;;;OpenStreetMap;WGS84;
5.70434899686997;45.1913485677165;;;;way/1319189243;;"38185";AUTRE;ZONE 30;UNIDIRECTIONNEL;;CHAUSSEE;EN SERVICE;LISSE;"38185";AUCUN;ZONE 30;;;;EN SERVICE;LISSE;;2024-09-29;"30";;;;OpenStreetMap;WGS84;
5.70550874465245;45.1910947559181;D 531;;;way/491770548;;"38185";BANDE CYCLABLE;EN AGGLOMERATION;UNIDIRECTIONNEL;;CHAUSSEE;EN SERVICE;LISSE;"38185";BANDE CYCLABLE;EN AGGLOMERATION;UNIDIRECTIONNEL;;CHAUSSEE;EN SERVICE;LISSE;;2024-09-29;"50";true;;;OpenStreetMap;WGS84;
5.70657464191755;45.1916781910161;D 531;;;way/300123456;;"38185";BANDE CYCLABLE;EN AGGLOMERATION;UNIDIRECTIONNEL;;CHAUSSEE;EN SERVICE;LISSE;"38185";BANDE CYCLABLE;EN AGGLOMERATION;UNIDIRECTIONNEL;;CHAUSSEE;EN SERVICE;LISSE;;2022-10-20;"50";true;;;OpenStreetMap;WGS84;
5.70701585;45.1919867504971;;;;way/945717878;;"38185";PISTE CYCLABLE;;UNIDIRECTIONNEL;;TROTTOIR;EN SERVICE;LISSE;"38185";AUCUN;;;;;EN SERVICE;LISSE;;2022-10-20;;true;;;OpenStreetMap;WGS84;
5.7074960226229;45.1922237853958;D 531;;;way/300123455;;"38185";AUTRE;EN AGGLOMERATION;UNIDIRECTIONNEL;;CHAUSSEE;EN SERVICE;LISSE;"38185";BANDE CYCLABLE;EN AGGLOMERATION;UNIDIRECTIONNEL;;CHAUSSEE;EN SERVICE;LISSE;;2024-01-10;"50";true;;;OpenStreetMap;WGS84;
5.70399134966741;45.1919125526271;;;;way/1319189244;;"38185";AUTRE;ZONE 30;UNIDIRECTIONNEL;;CHAUSSEE;EN SERVICE;LISSE;"38185";AUCUN;ZONE 30;;;;EN SERVICE;LISSE;;2024-09-29;"30";;;;OpenStreetMap;WGS84;
5.70347442581698;45.1922737728831;;;;way/1277843362;;"38185";PISTE CYCLABLE;;BIDIRECTIONNEL;;TROTTOIR;EN SERVICE;LISSE;"38185";AUCUN;;;;;EN SERVICE;LISSE;;2024-04-28;;;;;OpenStreetMap;WGS84;
5.70334139518091;45.1923118358801;D 106;;;way/491893901;;"38185";AUTRE;ZONE 30;UNIDIRECTIONNEL;;CHAUSSEE;EN SERVICE;LISSE;"38185";AUCUN;ZONE 30;;;CHAUSSEE;EN SERVICE;LISSE;;2024-10-22;"30";;;;OpenStreetMap;WGS84;
5.70357370017212;45.1923186017739;D 106;;;way/1277843361;;"38185";AUTRE;ZONE 30;UNIDIRECTIONNEL;;CHAUSSEE;EN SERVICE;LISSE;"38185";AUCUN;ZONE 30;;;CHAUSSEE;EN SERVICE;LISSE;;2024-10-22;"30";;;;OpenStreetMap;WGS84;
5.70785102286655;45.1925857350843;;;;way/945717869;;"38185";VOIE VERTE;;UNIDIRECTIONNEL;;CHAUSSEE;EN SERVICE;;"38185";AUCUN;;;;;EN SERVICE;;;2022-10-20;;;;;OpenStreetMap;WGS84;
5.70806275;45.1925566504487;;;;way/491893877;;"38185";PISTE CYCLABLE;;UNIDIRECTIONNEL;;TROTTOIR;EN SERVICE;LISSE;"38185";AUCUN;;;;;EN SERVICE;LISSE;;2024-09-02;;true;;;OpenStreetMap;WGS84;
5.74129535;45.1997490004505;;;;way/181650911;;"38185";VOIE VERTE;;BIDIRECTIONNEL;;CHAUSSEE;EN SERVICE;LISSE;"38185";AUCUN;;;;;EN SERVICE;LISSE;;2022-03-24;;false;;Voie verte;OpenStreetMap;WGS84;
5.74113687794816;45.200661564852;D 590;;;way/64316821;;"38185";BANDE CYCLABLE;ZONE 30;UNIDIRECTIONNEL;;CHAUSSEE;EN SERVICE;LISSE;"38185";AUTRE;ZONE 30;UNIDIRECTIONNEL;;CHAUSSEE;EN SERVICE;LISSE;;2025-01-13;"30";true;;;OpenStreetMap;WGS84;cadastre-dgi-fr source : Direction Générale des Impôts - Cadastre. Mise à jour : 2010
5.74125346873686;45.2005231217502;D 590;;;way/64316846;;"38185";BANDE CYCLABLE;ZONE 30;UNIDIRECTIONNEL;;CHAUSSEE;EN SERVICE;LISSE;"38185";AUTRE;ZONE 30;UNIDIRECTIONNEL;;CHAUSSEE;EN SERVICE;LISSE;;2025-01-13;"30";true;;bande cyclable entre les deux voies voitures;OpenStreetMap;WGS84;cadastre-dgi-fr source : Direction Générale des Impôts - Cadastre. Mise à jour : 2010
5.74073264824043;45.2002097117576;;;;way/181650912;;"38185";VOIE VERTE;;BIDIRECTIONNEL;;CHAUSSEE;EN SERVICE;LISSE;"38185";AUCUN;;;;;EN SERVICE;LISSE;;2023-11-16;;true;;;OpenStreetMap;WGS84;
5.7405611;45.2000257505147;D 590;;;way/29056012;;"38185";BANDE CYCLABLE;ZONE 30;UNIDIRECTIONNEL;;CHAUSSEE;EN SERVICE;LISSE;"38185";AUTRE;ZONE 30;UNIDIRECTIONNEL;;CHAUSSEE;EN SERVICE;LISSE;;2025-01-13;"30";true;;;OpenStreetMap;WGS84;
5.73956965237333;45.1994676572282;D 590;;;way/64316827;;"38185";AUTRE;ZONE 30;UNIDIRECTIONNEL;;CHAUSSEE;EN SERVICE;LISSE;"38185";AUTRE;ZONE 30;UNIDIRECTIONNEL;;CHAUSSEE;EN SERVICE;LISSE;;2025-01-13;"30";true;;;OpenStreetMap;WGS84;cadastre-dgi-fr source : Direction Générale des Impôts - Cadastre. Mise à jour : 2010
5.7017942;45.1889886004577;;;;way/137382157;;"38185";PISTE CYCLABLE;;UNIDIRECTIONNEL;;TROTTOIR;EN SERVICE;LISSE;"38185";AUCUN;;;;;EN SERVICE;LISSE;;2023-02-17;;true;;;OpenStreetMap;WGS84;"cadastre-dgi-fr source : Direction Générale des Impôts - Cadastre ; mise à jour : 2010"
5.71577488173329;45.1786176022422;D 1075;;;way/309992011;;"38185";AUTRE;EN AGGLOMERATION;UNIDIRECTIONNEL;;CHAUSSEE;EN SERVICE;LISSE;"38185";AUCUN;EN AGGLOMERATION;;;;EN SERVICE;LISSE;ROLLER;2024-05-20;"50";true;;;OpenStreetMap;WGS84;
5.7190392;45.1783802004551;;;;way/668348953;;"38185";AMENAGEMENT MIXTE PIETON VELO HORS VOIE VERTE;AIRE PIETONNE;BIDIRECTIONNEL;;TROTTOIR;EN SERVICE;LISSE;"38185";AUCUN;;;;;EN SERVICE;LISSE;;2021-08-08;;false;;;OpenStreetMap;WGS84;
5.71632069035539;45.1795477534415;D 1075;;;way/1054001640;;"38185";AUTRE;EN AGGLOMERATION;UNIDIRECTIONNEL;;CHAUSSEE;EN SERVICE;LISSE;"38185";AUCUN;EN AGGLOMERATION;;;;EN SERVICE;LISSE;ROLLER;2024-05-20;"50";true;;;OpenStreetMap;WGS84;
5.71608880888507;45.1798902638588;;;;way/296084167;;"38185";PISTE CYCLABLE;;UNIDIRECTIONNEL;;TROTTOIR;EN SERVICE;LISSE;"38185";AUCUN;;;;;EN SERVICE;LISSE;ROLLER;2023-09-19;;true;;;OpenStreetMap;WGS84;cadastre-dgi-fr source : Direction Générale des Impôts - Cadastre. Mise à jour : 2014
5.71587076656143;45.1783360306469;D 1075;;;way/669536858;;"38185";AUTRE;EN AGGLOMERATION;UNIDIRECTIONNEL;;CHAUSSEE;EN SERVICE;LISSE;"38185";AUCUN;EN AGGLOMERATION;;;;EN SERVICE;LISSE;ROLLER;2024-05-20;"50";true;;;OpenStreetMap;WGS84;
5.71984385;45.1782519004599;;;;way/435927765;;"38185";AMENAGEMENT MIXTE PIETON VELO HORS VOIE VERTE;AIRE PIETONNE;BIDIRECTIONNEL;;TROTTOIR;EN SERVICE;LISSE;"38185";AUCUN;;;;;EN SERVICE;LISSE;;2020-11-23;;false;;;OpenStreetMap;WGS84;
5.71951545;45.1782958004513;;;;way/876275765;;"38185";AMENAGEMENT MIXTE PIETON VELO HORS VOIE VERTE;AIRE PIETONNE;BIDIRECTIONNEL;;TROTTOIR;EN SERVICE;LISSE;"38185";AUCUN;;;;;EN SERVICE;LISSE;;2021-08-20;;true;;;OpenStreetMap;WGS84;
5.71927680402889;45.178732954181;;;;way/1043437905;;"38185";PISTE CYCLABLE;;BIDIRECTIONNEL;;TROTTOIR;EN SERVICE;LISSE;"38185";AUCUN;;;;;EN SERVICE;LISSE;;2023-07-16;;true;;;OpenStreetMap;WGS84;
5.7197045;45.1787136504836;;;;way/668348950;;"38185";AMENAGEMENT MIXTE PIETON VELO HORS VOIE VERTE;AIRE PIETONNE;BIDIRECTIONNEL;;TROTTOIR;EN SERVICE;LISSE;"38185";AUCUN;;;;;EN SERVICE;LISSE;;2021-08-20;;true;;;OpenStreetMap;WGS84;
5.7196932080565;45.1800437205746;;;;way/611999858;;"38185";PISTE CYCLABLE;;BIDIRECTIONNEL;;TROTTOIR;EN SERVICE;LISSE;"38185";AUCUN;;;;;EN SERVICE;LISSE;ROLLER;2024-05-24;;true;;;OpenStreetMap;WGS84;
5.7177874101263;45.180446701451;;;;way/751819151;;"38185";AMENAGEMENT MIXTE PIETON VELO HORS VOIE VERTE;AIRE PIETONNE;BIDIRECTIONNEL;;TROTTOIR;EN SERVICE;LISSE;"38185";AUCUN;;;;;EN SERVICE;LISSE;ROLLER;2023-09-19;;true;;;OpenStreetMap;WGS84;
5.71780708803472;45.1803477992895;;;;way/275525738;;"38185";AMENAGEMENT MIXTE PIETON VELO HORS VOIE VERTE;AIRE PIETONNE;BIDIRECTIONNEL;;TROTTOIR;EN SERVICE;LISSE;"38185";AUCUN;;;;;EN SERVICE;LISSE;ROLLER;2023-09-19;;true;;;OpenStreetMap;WGS84;
5.71779217641245;45.1802918286835;;;;way/324871942;;"38185";VOIE VERTE;AIRE PIETONNE;BIDIRECTIONNEL;"1.5";TROTTOIR;EN SERVICE;LISSE;"38185";AUCUN;;;"1.5";;EN SERVICE;LISSE;;2023-07-15;;true;;;OpenStreetMap;WGS84;"cadastre-dgi-fr source : Direction Générale des Impôts - Cadastre ; mise à jour : 2009"
5.71761454385901;45.1805944001289;;;;way/488524631;;"38185";VOIE VERTE;AIRE PIETONNE;BIDIRECTIONNEL;"1.5";TROTTOIR;EN SERVICE;LISSE;"38185";AUCUN;;;"1.5";;EN SERVICE;LISSE;;2024-04-21;;true;;;OpenStreetMap;WGS84;"cadastre-dgi-fr source : Direction Générale des Impôts - Cadastre ; mise à jour : 2009"
5.71739225793747;45.1805133775156;D 1090;;;way/324871952;;"38185";AUTRE;EN AGGLOMERATION;UNIDIRECTIONNEL;;CHAUSSEE;EN SERVICE;LISSE;"38185";AUCUN;EN AGGLOMERATION;;;;EN SERVICE;LISSE;ROLLER;2023-09-19;"50";true;;;OpenStreetMap;WGS84;
5.7170048;45.18055375045;;;;way/292453932;;"38185";AMENAGEMENT MIXTE PIETON VELO HORS VOIE VERTE;AIRE PIETONNE;BIDIRECTIONNEL;;TROTTOIR;EN SERVICE;LISSE;"38185";AUCUN;;;;;EN SERVICE;LISSE;ROLLER;2023-09-19;;true;;;OpenStreetMap;WGS84;
5.7189732;45.1816375504499;;;;way/488524787;;"38185";PISTE CYCLABLE;;BIDIRECTIONNEL;;TROTTOIR;EN SERVICE;LISSE;"38185";AUCUN;;;;;EN SERVICE;LISSE;;2019-12-04;;true;;;OpenStreetMap;WGS84;
5.71902363730218;45.1812173725013;;;;way/1352335962;;"38185";PISTE CYCLABLE;;BIDIRECTIONNEL;;TROTTOIR;EN SERVICE;LISSE;"38185";AUCUN;;;;;EN SERVICE;LISSE;;2025-01-18;;true;;;OpenStreetMap;WGS84;
5.71914249904244;45.1806257182846;D 1090;;;way/245301048;;"38185";AUTRE;EN AGGLOMERATION;UNIDIRECTIONNEL;;CHAUSSEE;EN SERVICE;LISSE;"38185";AUCUN;EN AGGLOMERATION;;;;EN SERVICE;LISSE;ROLLER;2023-09-19;"50";true;;;OpenStreetMap;WGS84;
5.7192096644383;45.180444598256;D 1090;;;way/245301060;;"38185";AUTRE;EN AGGLOMERATION;UNIDIRECTIONNEL;;CHAUSSEE;EN SERVICE;LISSE;"38185";AUCUN;EN AGGLOMERATION;;;;EN SERVICE;LISSE;ROLLER;2023-09-19;"50";true;;;OpenStreetMap;WGS84;
5.71951972646328;45.1803844103541;;;;way/1054001635;;"38185";VOIE VERTE;AIRE PIETONNE;BIDIRECTIONNEL;;TROTTOIR;EN SERVICE;LISSE;"38185";AUCUN;;;;;EN SERVICE;LISSE;;2022-10-21;;true;;;OpenStreetMap;WGS84;"cadastre-dgi-fr source : Direction Générale des Impôts - Cadastre ; mise à jour : 2009"
5.71939975;45.1804071504538;;;;way/1156699495;;"38185";AMENAGEMENT MIXTE PIETON VELO HORS VOIE VERTE;AIRE PIETONNE;BIDIRECTIONNEL;;TROTTOIR;EN SERVICE;LISSE;"38185";AUCUN;;;;;EN SERVICE;LISSE;;2023-03-23;;true;;;OpenStreetMap;WGS84;
5.71939320543729;45.1804514508548;;;;way/1156699496;;"38185";AMENAGEMENT MIXTE PIETON VELO HORS VOIE VERTE;AIRE PIETONNE;BIDIRECTIONNEL;;TROTTOIR;EN SERVICE;LISSE;"38185";AUCUN;;;;;EN SERVICE;LISSE;;2023-03-23;;true;;;OpenStreetMap;WGS84;
5.71935388152178;45.1807201991288;;;;way/1156699498;;"38185";AMENAGEMENT MIXTE PIETON VELO HORS VOIE VERTE;AIRE PIETONNE;BIDIRECTIONNEL;;TROTTOIR;EN SERVICE;LISSE;"38185";AUCUN;;;;;EN SERVICE;LISSE;;2023-03-23;;true;;;OpenStreetMap;WGS84;
5.71952010023966;45.1807237428418;;;;way/1054001636;;"38185";VOIE VERTE;AIRE PIETONNE;BIDIRECTIONNEL;"8";TROTTOIR;EN SERVICE;LISSE;"38185";AUCUN;;;"8";;EN SERVICE;LISSE;;2023-02-02;;true;;;OpenStreetMap;WGS84;"cadastre-dgi-fr source : Direction Générale des Impôts - Cadastre ; mise à jour : 2009"
5.71981259091542;45.1805810536137;;;;way/238581797;;"38185";AMENAGEMENT MIXTE PIETON VELO HORS VOIE VERTE;AIRE PIETONNE;BIDIRECTIONNEL;;TROTTOIR;EN SERVICE;LISSE;"38185";AUCUN;;;;;EN SERVICE;LISSE;;2022-10-22;;true;;;OpenStreetMap;WGS84;
5.71934605248273;45.1810789104491;;;;way/8016230;;"38185";AUTRE;ZONE 30;;;;EN SERVICE;LISSE;"38185";AUTRE;ZONE 30;UNIDIRECTIONNEL;;CHAUSSEE;EN SERVICE;LISSE;ROLLER;2024-12-30;"30";true;;;OpenStreetMap;WGS84;
5.71818385;45.1830959504497;;;;way/1315249633;;"38185";PISTE CYCLABLE;;BIDIRECTIONNEL;;TROTTOIR;EN SERVICE;;"38185";AUCUN;;;;;EN SERVICE;;;2024-09-13;;;;;OpenStreetMap;WGS84;
5.71868207553676;45.1830134478764;;;;way/228160067;;"38185";BANDE CYCLABLE;ZONE 30;UNIDIRECTIONNEL;;CHAUSSEE;EN SERVICE;LISSE;"38185";BANDE CYCLABLE;ZONE 30;UNIDIRECTIONNEL;;CHAUSSEE;EN SERVICE;LISSE;ROLLER;2024-11-28;"30";true;;;OpenStreetMap;WGS84;"cadastre-dgi-fr source : Direction Générale des Impôts - Cadastre ; mise à jour : 2009"
5.71702704439233;45.1826205543427;;;;way/463338019;;"38185";PISTE CYCLABLE;;UNIDIRECTIONNEL;;TROTTOIR;EN SERVICE;LISSE;"38185";AUCUN;;;;;EN SERVICE;LISSE;ROLLER;2024-05-09;;true;;;OpenStreetMap;WGS84;
5.71691475016087;45.1804027583998;;;;way/463254637;;"38185";VOIE VERTE;AIRE PIETONNE;BIDIRECTIONNEL;;TROTTOIR;EN SERVICE;LISSE;"38185";AUCUN;;;;;EN SERVICE;LISSE;;2022-07-09;;true;;;OpenStreetMap;WGS84;"cadastre-dgi-fr source : Direction Générale des Impôts - Cadastre ; mise à jour : 2009"
5.71688324386553;45.1803043014392;;;;way/1077151483;;"38185";VOIE VERTE;AIRE PIETONNE;BIDIRECTIONNEL;"8";TROTTOIR;EN SERVICE;LISSE;"38185";AUCUN;;;"8";;EN SERVICE;LISSE;;2023-02-02;;true;;;OpenStreetMap;WGS84;"cadastre-dgi-fr source : Direction Générale des Impôts - Cadastre ; mise à jour : 2009"
5.71752927044531;45.1829092232659;;;;way/53088424;;"38185";VOIE VERTE;AIRE PIETONNE;UNIDIRECTIONNEL;;TROTTOIR;EN SERVICE;LISSE;"38185";AUCUN;;;;;EN SERVICE;LISSE;;2022-10-21;;true;;;OpenStreetMap;WGS84;
5.71739532895746;45.1826045124738;;;;way/463338018;;"38185";PISTE CYCLABLE;;UNIDIRECTIONNEL;;TROTTOIR;EN SERVICE;LISSE;"38185";AUCUN;;;;;EN SERVICE;LISSE;ROLLER;2023-09-12;;true;;;OpenStreetMap;WGS84;
5.71785305;45.1828881004551;;;;way/235059332;;"38185";BANDE CYCLABLE;ZONE 30;UNIDIRECTIONNEL;;CHAUSSEE;EN SERVICE;LISSE;"38185";AUTRE;ZONE 30;UNIDIRECTIONNEL;;CHAUSSEE;EN SERVICE;LISSE;ROLLER;2024-11-28;"30";true;;;OpenStreetMap;WGS84;
5.71772298519615;45.1829399045047;;;;way/41538677;;"38185";BANDE CYCLABLE;ZONE 30;UNIDIRECTIONNEL;;CHAUSSEE;EN SERVICE;LISSE;"38185";AUTRE;ZONE 30;UNIDIRECTIONNEL;;CHAUSSEE;EN SERVICE;LISSE;ROLLER;2025-01-04;"30";true;;;OpenStreetMap;WGS84;"cadastre-dgi-fr source : Direction Générale des Impôts - Cadastre;mise à jour : 2009"
5.7181042;45.1829335504535;;;;way/235059330;;"38185";BANDE CYCLABLE;ZONE 30;UNIDIRECTIONNEL;;CHAUSSEE;EN SERVICE;LISSE;"38185";AUCUN;ZONE 30;;;;EN SERVICE;LISSE;ROLLER;2025-01-04;"30";true;;;OpenStreetMap;WGS84;"cadastre-dgi-fr source : Direction Générale des Impôts - Cadastre;mise à jour : 2009"
5.71755337659241;45.1833052246754;D 1075;;;way/463337954;;"38185";AUTRE;ZONE 30;UNIDIRECTIONNEL;;CHAUSSEE;EN SERVICE;LISSE;"38185";AUCUN;ZONE 30;;;;EN SERVICE;LISSE;ROLLER;2024-05-09;"30";true;;;OpenStreetMap;WGS84;
5.71713812339233;45.1830377087453;;;;way/866619158;;"38185";VOIE VERTE;AIRE PIETONNE;UNIDIRECTIONNEL;;TROTTOIR;EN SERVICE;LISSE;"38185";AUCUN;;;;;EN SERVICE;LISSE;;2022-10-21;;true;;;OpenStreetMap;WGS84;
5.7163972;45.1826416004529;;;;way/1068231551;;"38185";AUTRE;ZONE 30;;;;EN SERVICE;LISSE;"38185";AUTRE;ZONE 30;UNIDIRECTIONNEL;;CHAUSSEE;EN SERVICE;LISSE;;2025-01-11;"30";true;;;OpenStreetMap;WGS84;
5.716753;45.1801679004842;;;;way/463254638;;"38185";AMENAGEMENT MIXTE PIETON VELO HORS VOIE VERTE;AIRE PIETONNE;BIDIRECTIONNEL;;TROTTOIR;EN SERVICE;LISSE;"38185";AUCUN;;UNIDIRECTIONNEL;;;EN SERVICE;LISSE;ROLLER;2024-05-05;;true;;;OpenStreetMap;WGS84;"cadastre-dgi-fr source : Direction Générale des Impôts - Cadastre ; mise à jour : 2009"
5.71658097394223;45.1812360964622;;;;way/324871968;;"38185";PISTE CYCLABLE;;UNIDIRECTIONNEL;;TROTTOIR;EN SERVICE;LISSE;"38185";AUCUN;;;;;EN SERVICE;LISSE;ROLLER;2023-09-30;;true;;;OpenStreetMap;WGS84;
5.7161477;45.1804949504513;;;;way/1077151471;;"38185";VOIE VERTE;AIRE PIETONNE;BIDIRECTIONNEL;;TROTTOIR;EN SERVICE;LISSE;"38185";AUCUN;;;;;EN SERVICE;LISSE;;2022-07-09;;true;;;OpenStreetMap;WGS84;"cadastre-dgi-fr source : Direction Générale des Impôts - Cadastre ; mise à jour : 2009"
5.71674404971059;45.1807027037276;;;;way/1101955225;;"38185";VOIE VERTE;AIRE PIETONNE;BIDIRECTIONNEL;;TROTTOIR;EN SERVICE;LISSE;"38185";AUCUN;;;;;EN SERVICE;LISSE;;2022-10-08;;true;;;OpenStreetMap;WGS84;"cadastre-dgi-fr source : Direction Générale des Impôts - Cadastre ; mise à jour : 2009"
5.71649727040272;45.1804922052807;;;;way/23579144;;"38185";AUTRE;EN AGGLOMERATION;UNIDIRECTIONNEL;;CHAUSSEE;EN SERVICE;LISSE;"38185";AUCUN;EN AGGLOMERATION;;;;EN SERVICE;LISSE;ROLLER;2024-05-05;"50";true;;;OpenStreetMap;WGS84;
5.71680760518437;45.1804869672418;D 1090;;;way/324871947;;"38185";AUTRE;EN AGGLOMERATION;UNIDIRECTIONNEL;;CHAUSSEE;EN SERVICE;LISSE;"38185";AUCUN;EN AGGLOMERATION;;;;EN SERVICE;LISSE;ROLLER;2024-05-05;"50";true;;;OpenStreetMap;WGS84;
5.71683451493522;45.1806030259199;;;;way/463254636;;"38185";AMENAGEMENT MIXTE PIETON VELO HORS VOIE VERTE;AIRE PIETONNE;BIDIRECTIONNEL;;TROTTOIR;EN SERVICE;LISSE;"38185";AUCUN;;UNIDIRECTIONNEL;;;EN SERVICE;LISSE;ROLLER;2023-09-19;;true;;;OpenStreetMap;WGS84;"cadastre-dgi-fr source : Direction Générale des Impôts - Cadastre ; mise à jour : 2009"
5.7169456634382;45.1804991983322;;;;way/1077151484;;"38185";VOIE VERTE;AIRE PIETONNE;BIDIRECTIONNEL;;TROTTOIR;EN SERVICE;LISSE;"38185";AUCUN;;;;;EN SERVICE;LISSE;;2022-07-09;;true;;;OpenStreetMap;WGS84;"cadastre-dgi-fr source : Direction Générale des Impôts - Cadastre ; mise à jour : 2009"
5.71623805;45.1804903004524;;;;way/275525734;;"38185";PISTE CYCLABLE;;UNIDIRECTIONNEL;;TROTTOIR;EN SERVICE;LISSE;"38185";AUCUN;;;;;EN SERVICE;LISSE;ROLLER;2024-05-09;;true;;;OpenStreetMap;WGS84;
5.7165603;45.1801665004944;D 1075;;;way/324871964;;"38185";AUTRE;EN AGGLOMERATION;UNIDIRECTIONNEL;;CHAUSSEE;EN SERVICE;LISSE;"38185";AUCUN;EN AGGLOMERATION;;;;EN SERVICE;LISSE;ROLLER;2023-09-12;"50";true;;;OpenStreetMap;WGS84;
5.71654074930876;45.1800969046731;;;;way/1076633255;;"38185";VOIE VERTE;AIRE PIETONNE;BIDIRECTIONNEL;"2";TROTTOIR;EN SERVICE;LISSE;"38185";AUCUN;;;"2";;EN SERVICE;LISSE;;2023-02-02;;true;;;OpenStreetMap;WGS84;"cadastre-dgi-fr source : Direction Générale des Impôts - Cadastre ; mise à jour : 2009"
5.71642810752256;45.1802209025754;;;;way/5990180;;"38185";AUTRE;EN AGGLOMERATION;UNIDIRECTIONNEL;;CHAUSSEE;EN SERVICE;LISSE;"38185";AUCUN;EN AGGLOMERATION;;;;EN SERVICE;LISSE;ROLLER;2024-05-05;"50";true;;;OpenStreetMap;WGS84;
5.71663843872659;45.180356344937;D 1075;;;way/228160062;;"38185";AUTRE;ZONE 30;UNIDIRECTIONNEL;;CHAUSSEE;EN SERVICE;LISSE;"38185";AUCUN;ZONE 30;;;;EN SERVICE;LISSE;ROLLER;2024-05-05;"30";true;;;OpenStreetMap;WGS84;
5.7160628;45.1801573504517;;;;way/1077151474;;"38185";VOIE VERTE;AIRE PIETONNE;BIDIRECTIONNEL;;TROTTOIR;EN SERVICE;LISSE;"38185";AUCUN;;;;;EN SERVICE;LISSE;;2022-07-09;;true;;;OpenStreetMap;WGS84;"cadastre-dgi-fr source : Direction Générale des Impôts - Cadastre ; mise à jour : 2009"
5.71613315527357;45.1804363373547;;;;way/1077151472;;"38185";VOIE VERTE;AIRE PIETONNE;BIDIRECTIONNEL;;TROTTOIR;EN SERVICE;LISSE;"38185";AUCUN;;;;;EN SERVICE;LISSE;;2022-07-09;;true;;;OpenStreetMap;WGS84;"cadastre-dgi-fr source : Direction Générale des Impôts - Cadastre ; mise à jour : 2009"
5.71627686237053;45.1803470977095;D 1075;;;way/78415106;;"38185";AUTRE;ZONE 30;UNIDIRECTIONNEL;;CHAUSSEE;EN SERVICE;LISSE;"38185";AUCUN;ZONE 30;;;;EN SERVICE;LISSE;ROLLER;2024-05-05;"30";true;;;OpenStreetMap;WGS84;
5.71636369460878;45.1800825334618;;;;way/324871971;;"38185";VOIE VERTE;AIRE PIETONNE;BIDIRECTIONNEL;;TROTTOIR;EN SERVICE;LISSE;"38185";AUCUN;;;;;EN SERVICE;LISSE;;2022-07-07;;true;;;OpenStreetMap;WGS84;"cadastre-dgi-fr source : Direction Générale des Impôts - Cadastre ; mise à jour : 2009"
5.7163564;45.18068510045;;;;way/1101955227;;"38185";VOIE VERTE;AIRE PIETONNE;BIDIRECTIONNEL;;TROTTOIR;EN SERVICE;LISSE;"38185";AUCUN;;;;;EN SERVICE;LISSE;;2022-10-08;;true;;;OpenStreetMap;WGS84;"cadastre-dgi-fr source : Direction Générale des Impôts - Cadastre ; mise à jour : 2009"
5.7162552293052;45.1805880583572;;;;way/463254634;;"38185";AMENAGEMENT MIXTE PIETON VELO HORS VOIE VERTE;AIRE PIETONNE;BIDIRECTIONNEL;;TROTTOIR;EN SERVICE;LISSE;"38185";AUCUN;;UNIDIRECTIONNEL;;;EN SERVICE;LISSE;ROLLER;2023-09-30;;true;;;OpenStreetMap;WGS84;"cadastre-dgi-fr source : Direction Générale des Impôts - Cadastre ; mise à jour : 2009"
5.7152223626488;45.180284200879;;;;way/751818717;;"38185";AMENAGEMENT MIXTE PIETON VELO HORS VOIE VERTE;AIRE PIETONNE;BIDIRECTIONNEL;;TROTTOIR;EN SERVICE;LISSE;"38185";AUCUN;;;;;EN SERVICE;LISSE;ROLLER;2023-09-19;;true;;;OpenStreetMap;WGS84;
5.71522931254005;45.1801761508883;;;;way/751818716;;"38185";AMENAGEMENT MIXTE PIETON VELO HORS VOIE VERTE;AIRE PIETONNE;BIDIRECTIONNEL;;TROTTOIR;EN SERVICE;LISSE;"38185";AUCUN;;;;;EN SERVICE;LISSE;ROLLER;2023-09-19;;true;;;OpenStreetMap;WGS84;
5.7153287;45.1801492504631;;;;way/818749886;;"38185";PISTE CYCLABLE;;UNIDIRECTIONNEL;;TROTTOIR;EN SERVICE;LISSE;"38185";AUCUN;;;;;EN SERVICE;LISSE;;2022-10-21;;true;;;OpenStreetMap;WGS84;
5.71552985286313;45.1804670284692;;;;way/818749882;;"38185";VOIE VERTE;AIRE PIETONNE;BIDIRECTIONNEL;;TROTTOIR;EN SERVICE;LISSE;"38185";AUCUN;;;;;EN SERVICE;LISSE;;2022-10-21;;true;;;OpenStreetMap;WGS84;"cadastre-dgi-fr source : Direction Générale des Impôts - Cadastre ; mise à jour : 2009"
5.7155372759957;45.180997934443;;;;way/1068227002;;"38185";AUTRE;ZONE 30;;;;EN SERVICE;LISSE;"38185";DOUBLE SENS CYCLABLE NON MATERIALISE;ZONE 30;UNIDIRECTIONNEL;;CHAUSSEE;EN SERVICE;LISSE;;2024-08-12;"30";true;;;OpenStreetMap;WGS84;cadastre-dgi-fr source : Direction Générale des Impôts - Cadastre. Mise à jour : 2012
5.71731663821872;45.1834543260848;;;;way/296084148;;"38185";PISTE CYCLABLE;;UNIDIRECTIONNEL;;TROTTOIR;EN SERVICE;LISSE;"38185";AUCUN;;;;;EN SERVICE;LISSE;ROLLER;2025-01-04;;true;;;OpenStreetMap;WGS84;
5.71747239115435;45.1836814979368;D 1075;;;way/69486608;;"38185";AUTRE;EN AGGLOMERATION;UNIDIRECTIONNEL;;CHAUSSEE;EN SERVICE;LISSE;"38185";AUCUN;EN AGGLOMERATION;;;;EN SERVICE;LISSE;ROLLER;2024-05-24;"30";true;;;OpenStreetMap;WGS84;
5.7177357435239;45.1838417109022;D 1075;;;way/300636497;;"38185";AUTRE;ZONE 30;UNIDIRECTIONNEL;;CHAUSSEE;EN SERVICE;LISSE;"38185";AUCUN;ZONE 30;;;;EN SERVICE;LISSE;ROLLER;2024-05-09;"30";true;;;OpenStreetMap;WGS84;cadastre-dgi-fr source : Direction Générale des Impôts - Cadastre. Mise à jour : 2014
5.71767540851745;45.1834338991158;;;;way/456579964;;"38185";PISTE CYCLABLE;;UNIDIRECTIONNEL;;TROTTOIR;EN SERVICE;LISSE;"38185";AUCUN;;;;;EN SERVICE;LISSE;ROLLER;2024-05-09;;true;;;OpenStreetMap;WGS84;
5.71944580613093;45.1895544921044;D 1075;;;way/275222409;;"38185";BANDE CYCLABLE;EN AGGLOMERATION;UNIDIRECTIONNEL;;CHAUSSEE;EN SERVICE;LISSE;"38185";AUCUN;EN AGGLOMERATION;;;;EN SERVICE;LISSE;ROLLER;2024-07-31;"30";true;;;OpenStreetMap;WGS84;
5.719627390469;45.1894673024825;D 1075;;;way/463337906;;"38185";BANDE CYCLABLE;EN AGGLOMERATION;UNIDIRECTIONNEL;;CHAUSSEE;EN SERVICE;LISSE;"38185";AUCUN;EN AGGLOMERATION;;;;EN SERVICE;LISSE;ROLLER;2024-07-31;"30";true;;;OpenStreetMap;WGS84;
5.71951577687252;45.188842226455;;;;way/275222410;;"38185";AMENAGEMENT MIXTE PIETON VELO HORS VOIE VERTE;AIRE PIETONNE;BIDIRECTIONNEL;;TROTTOIR;EN SERVICE;LISSE;"38185";AUCUN;;;;;EN SERVICE;LISSE;;2022-10-21;;true;;;OpenStreetMap;WGS84;
5.71938584676179;45.188713215775;D 1075;;;way/463337916;;"38185";BANDE CYCLABLE;EN AGGLOMERATION;UNIDIRECTIONNEL;;CHAUSSEE;EN SERVICE;LISSE;"38185";AUCUN;EN AGGLOMERATION;;;;EN SERVICE;LISSE;ROLLER;2025-01-04;"30";true;;;OpenStreetMap;WGS84;
5.719378;45.1880041004528;;;;way/781553942;;"38185";PISTE CYCLABLE;;UNIDIRECTIONNEL;;TROTTOIR;EN SERVICE;LISSE;"38185";AUCUN;;;;;EN SERVICE;LISSE;;2023-04-19;;true;;;OpenStreetMap;WGS84;
5.7191889139862;45.1881250982159;D 1075;;;way/1348496586;;"38185";BANDE CYCLABLE;EN AGGLOMERATION;UNIDIRECTIONNEL;;CHAUSSEE;EN SERVICE;LISSE;"38185";AUCUN;EN AGGLOMERATION;;;;EN SERVICE;LISSE;ROLLER;2025-01-04;"30";true;;;OpenStreetMap;WGS84;
5.71923525;45.1879735504529;;;;way/463337923;;"38185";VOIE VERTE;AIRE PIETONNE;BIDIRECTIONNEL;;TROTTOIR;EN SERVICE;LISSE;"38185";AUCUN;;;;;EN SERVICE;LISSE;;2025-01-08;;true;;;OpenStreetMap;WGS84;
5.71909900888508;45.1878716888279;D 1075;;;way/275222413;;"38185";BANDE CYCLABLE;EN AGGLOMERATION;UNIDIRECTIONNEL;;CHAUSSEE;EN SERVICE;LISSE;"38185";AUCUN;EN AGGLOMERATION;;;;EN SERVICE;LISSE;;2024-08-12;"30";true;;;OpenStreetMap;WGS84;
5.71890374116669;45.1879123651795;D 1075;;;way/278505248;;"38185";BANDE CYCLABLE;EN AGGLOMERATION;UNIDIRECTIONNEL;;CHAUSSEE;EN SERVICE;LISSE;"38185";AUCUN;EN AGGLOMERATION;;;;EN SERVICE;LISSE;ROLLER;2025-01-08;"30";true;;;OpenStreetMap;WGS84;
5.71878957439344;45.187834889204;;;;way/463337925;;"38185";PISTE CYCLABLE;;UNIDIRECTIONNEL;;TROTTOIR;EN SERVICE;LISSE;"38185";AUCUN;;;;;EN SERVICE;LISSE;ROLLER;2023-11-05;;true;;;OpenStreetMap;WGS84;
5.71881295748357;45.1880423810222;D 5;;;way/1068275171;;"38185";BANDE CYCLABLE;EN AGGLOMERATION;UNIDIRECTIONNEL;;CHAUSSEE;EN SERVICE;LISSE;"38185";AUTRE;EN AGGLOMERATION;UNIDIRECTIONNEL;;CHAUSSEE;EN SERVICE;LISSE;ROLLER;2025-01-04;"30";true;;;OpenStreetMap;WGS84;
5.71885705;45.1881264004531;;;;way/488863103;;"38185";VOIE VERTE;AIRE PIETONNE;BIDIRECTIONNEL;;TROTTOIR;EN SERVICE;LISSE;"38185";AUCUN;;;;;EN SERVICE;LISSE;;2025-01-08;;true;;;OpenStreetMap;WGS84;
5.71913446779852;45.1877599595882;;;;way/463337924;;"38185";PISTE CYCLABLE;;UNIDIRECTIONNEL;;TROTTOIR;EN SERVICE;LISSE;"38185";AUCUN;;;;;EN SERVICE;LISSE;;2025-01-04;;true;;;OpenStreetMap;WGS84;
5.71875974858416;45.1869055405687;D 1075;;;way/278505281;;"38185";BANDE CYCLABLE;EN AGGLOMERATION;UNIDIRECTIONNEL;;CHAUSSEE;EN SERVICE;LISSE;"38185";AUCUN;EN AGGLOMERATION;;;;EN SERVICE;LISSE;ROLLER;2025-01-04;"30";true;;;OpenStreetMap;WGS84;
5.71859377976773;45.1869631637501;D 1075;;;way/275222411;;"38185";BANDE CYCLABLE;EN AGGLOMERATION;UNIDIRECTIONNEL;;CHAUSSEE;EN SERVICE;LISSE;"38185";AUCUN;EN AGGLOMERATION;;;;EN SERVICE;LISSE;ROLLER;2024-07-31;"30";true;;;OpenStreetMap;WGS84;
5.71891727189534;45.1895704389354;;;;way/316099099;;"38185";PISTE CYCLABLE;;UNIDIRECTIONNEL;;TROTTOIR;EN SERVICE;LISSE;"38185";AUCUN;;;;;EN SERVICE;LISSE;;2019-06-06;;true;;;OpenStreetMap;WGS84;
5.7189422494457;45.1896426510125;;;;way/316099090;;"38185";PISTE CYCLABLE;;UNIDIRECTIONNEL;;TROTTOIR;EN SERVICE;LISSE;"38185";AUCUN;;;;;EN SERVICE;LISSE;;2019-06-06;;true;;;OpenStreetMap;WGS84;
5.71654325354112;45.1881880022347;D 5;;;way/621272313;;"38185";AUTRE;EN AGGLOMERATION;;;;EN SERVICE;LISSE;"38185";BANDE CYCLABLE;EN AGGLOMERATION;UNIDIRECTIONNEL;;CHAUSSEE;EN SERVICE;LISSE;ROLLER;2024-08-04;"30";true;;;OpenStreetMap;WGS84;
5.7153451934457;45.1884574242621;;;;way/26746598;;"38185";BANDE CYCLABLE;ZONE 30;UNIDIRECTIONNEL;;CHAUSSEE;EN SERVICE;LISSE;"38185";AUTRE;ZONE 30;UNIDIRECTIONNEL;;CHAUSSEE;EN SERVICE;LISSE;;2024-07-31;"30";true;;;OpenStreetMap;WGS84;
5.71494308337258;45.1883589960023;;;;way/235205782;;"38185";PISTE CYCLABLE;;UNIDIRECTIONNEL;;TROTTOIR;EN SERVICE;LISSE;"38185";AUCUN;;;;;EN SERVICE;LISSE;;2019-11-26;;true;;;OpenStreetMap;WGS84;
5.7150409;45.188615400542;;;;way/488863098;;"38185";AUTRE;ZONE 30;UNIDIRECTIONNEL;;CHAUSSEE;EN SERVICE;LISSE;"38185";AUTRE;ZONE 30;UNIDIRECTIONNEL;;CHAUSSEE;EN SERVICE;LISSE;;2024-07-31;"30";true;;;OpenStreetMap;WGS84;
5.7157996;45.1891005504492;;;;way/697085652;;"38185";PISTE CYCLABLE;;BIDIRECTIONNEL;;TROTTOIR;EN SERVICE;LISSE;"38185";AUCUN;;;;;EN SERVICE;LISSE;ROLLER;2023-11-05;;true;;;OpenStreetMap;WGS84;
5.71565319987831;45.1879830402686;;;;way/6106786;;"38185";AUTRE;ZONE 30;UNIDIRECTIONNEL;;CHAUSSEE;EN SERVICE;LISSE;"38185";AUCUN;ZONE 30;;;;EN SERVICE;LISSE;;2024-07-31;"30";true;;;OpenStreetMap;WGS84;
5.71655397357709;45.1867737239611;;;;way/733304891;;"38185";PISTE CYCLABLE;;BIDIRECTIONNEL;;TROTTOIR;EN SERVICE;LISSE;"38185";AUTRE;;UNIDIRECTIONNEL;;CHAUSSEE;EN SERVICE;LISSE;ROLLER;2024-11-06;;true;;;OpenStreetMap;WGS84;
5.71774961384564;45.1847353415339;;;;way/53088421;;"38185";PISTE CYCLABLE;;UNIDIRECTIONNEL;;TROTTOIR;EN SERVICE;LISSE;"38185";AUCUN;;;;;EN SERVICE;LISSE;ROLLER;2023-11-05;;true;;;OpenStreetMap;WGS84;
5.71768478018961;45.1845685042126;;;;way/866584325;;"38185";PISTE CYCLABLE;;UNIDIRECTIONNEL;;TROTTOIR;EN SERVICE;LISSE;"38185";AUCUN;;;;;EN SERVICE;LISSE;ROLLER;2024-05-25;;true;;;OpenStreetMap;WGS84;
5.71790198824732;45.1841460267953;;;;way/825127909;;"38185";PISTE CYCLABLE;;BIDIRECTIONNEL;;TROTTOIR;EN SERVICE;LISSE;"38185";AUCUN;;;;;EN SERVICE;LISSE;ROLLER;2025-01-04;;true;;;OpenStreetMap;WGS84;
5.7174453908784;45.1841312859284;;;;way/866675277;;"38185";AUCUN;ZONE 30;;;;EN SERVICE;LISSE;"38185";BANDE CYCLABLE;ZONE 30;UNIDIRECTIONNEL;;CHAUSSEE;EN SERVICE;LISSE;ROLLER;2024-12-08;"30";true;;;OpenStreetMap;WGS84;
5.71729605347208;45.1852205491723;;;;way/750088993;;"38185";PISTE CYCLABLE;;BIDIRECTIONNEL;;TROTTOIR;EN SERVICE;LISSE;"38185";AUCUN;;;;;EN SERVICE;LISSE;ROLLER;2024-11-06;;true;;;OpenStreetMap;WGS84;
5.71805773475498;45.185668997784;;;;way/463337944;;"38185";PISTE CYCLABLE;;UNIDIRECTIONNEL;;TROTTOIR;EN SERVICE;LISSE;"38185";AUCUN;;;;;EN SERVICE;LISSE;ROLLER;2023-11-05;;true;;;OpenStreetMap;WGS84;cadastre-dgi-fr source : Direction Générale des Impôts - Cadastre. Mise à jour : 2010
5.71855818585956;45.186051246897;;;;way/463337941;;"38185";PISTE CYCLABLE;;UNIDIRECTIONNEL;;TROTTOIR;EN SERVICE;LISSE;"38185";AUCUN;;;;;EN SERVICE;LISSE;;2022-10-21;;true;;;OpenStreetMap;WGS84;
5.71772192959878;45.1858869819037;;;;way/44055839;;"38185";BANDE CYCLABLE;ZONE 30;UNIDIRECTIONNEL;;CHAUSSEE;EN SERVICE;LISSE;"38185";AUTRE;ZONE 30;UNIDIRECTIONNEL;;CHAUSSEE;EN SERVICE;LISSE;;2024-07-28;"30";true;;;OpenStreetMap;WGS84;
5.71806565;45.1857886504548;;;;way/488863106;;"38185";VOIE VERTE;;UNIDIRECTIONNEL;;CHAUSSEE;EN SERVICE;LISSE;"38185";AUCUN;;;;;EN SERVICE;LISSE;;2022-10-21;;true;;;OpenStreetMap;WGS84;cadastre-dgi-fr source : Direction Générale des Impôts - Cadastre. Mise à jour : 2010
5.71850325;45.1857852004579;;;;way/488863105;;"38185";VOIE VERTE;;UNIDIRECTIONNEL;;CHAUSSEE;EN SERVICE;LISSE;"38185";AUCUN;;;;;EN SERVICE;LISSE;;2022-10-21;;true;;;OpenStreetMap;WGS84;
5.71852854936606;45.1858630845349;;;;way/463337942;;"38185";VOIE VERTE;;UNIDIRECTIONNEL;;CHAUSSEE;EN SERVICE;LISSE;"38185";AUCUN;;;;;EN SERVICE;LISSE;;2022-10-21;;true;;;OpenStreetMap;WGS84;
5.71847005;45.1858549004496;;;;way/1035105764;;"38185";AUTRE;ZONE 30;UNIDIRECTIONNEL;;CHAUSSEE;EN SERVICE;LISSE;"38185";AUTRE;ZONE 30;UNIDIRECTIONNEL;;CHAUSSEE;EN SERVICE;LISSE;ROLLER;2025-01-04;"30";true;;;OpenStreetMap;WGS84;cadastre-dgi-fr source : Direction Générale des Impôts - Cadastre. Mise à jour : 2009
5.7184441609796;45.1859730466587;D 1075;;;way/1348496584;;"38185";BANDE CYCLABLE;EN AGGLOMERATION;UNIDIRECTIONNEL;;CHAUSSEE;EN SERVICE;LISSE;"38185";AUCUN;EN AGGLOMERATION;;;;EN SERVICE;LISSE;ROLLER;2025-01-04;"30";true;;;OpenStreetMap;WGS84;
5.71825572923295;45.1860062117105;D 1075;;;way/278505268;;"38185";BANDE CYCLABLE;EN AGGLOMERATION;UNIDIRECTIONNEL;;CHAUSSEE;EN SERVICE;LISSE;"38185";AUCUN;EN AGGLOMERATION;;;;EN SERVICE;LISSE;ROLLER;2024-07-31;"30";true;;;OpenStreetMap;WGS84;
5.71840903578928;45.1856013435143;;;;way/53088426;;"38185";PISTE CYCLABLE;;UNIDIRECTIONNEL;;TROTTOIR;EN SERVICE;LISSE;"38185";AUCUN;;;;;EN SERVICE;LISSE;ROLLER;2024-05-09;;true;;;OpenStreetMap;WGS84;
5.73826978870524;45.186581807172;;;;way/97855877;;"38185";AMENAGEMENT MIXTE PIETON VELO HORS VOIE VERTE;AIRE PIETONNE;BIDIRECTIONNEL;;TROTTOIR;EN SERVICE;MEUBLE;"38185";AUCUN;;;;;EN SERVICE;MEUBLE;VELO DE ROUTE;2022-08-06;;true;;;OpenStreetMap;WGS84;Bing
5.73741474730622;45.1858720998247;;;;way/28680550;;"38185";AMENAGEMENT MIXTE PIETON VELO HORS VOIE VERTE;AIRE PIETONNE;BIDIRECTIONNEL;;TROTTOIR;EN SERVICE;RUGUEUX;"38185";AUCUN;;;;;EN SERVICE;RUGUEUX;;2021-07-06;;true;;;OpenStreetMap;WGS84;
5.73686322599837;45.1830587074054;;;;way/52567125;;"38185";AUTRE;;UNIDIRECTIONNEL;;CHAUSSEE;EN SERVICE;LISSE;"38185";AUCUN;;;;CHAUSSEE;EN SERVICE;LISSE;;2023-01-19;;;;;OpenStreetMap;WGS84;
5.73691944422384;45.1767127505969;D 5;;;way/196556762;;"38185";BANDE CYCLABLE;EN AGGLOMERATION;UNIDIRECTIONNEL;;CHAUSSEE;EN SERVICE;LISSE;"38185";COULOIR BUS+VELO;EN AGGLOMERATION;UNIDIRECTIONNEL;;CHAUSSEE;EN SERVICE;LISSE;;2024-08-12;"50";true;;;OpenStreetMap;WGS84;
5.73821126054874;45.1742773527038;;;;way/23977619;;"38185";VOIE VERTE;;BIDIRECTIONNEL;;CHAUSSEE;EN SERVICE;LISSE;"38185";AUCUN;;;;;EN SERVICE;LISSE;;2025-01-17;;true;;;OpenStreetMap;WGS84;
5.73920007497999;45.1720601706003;D 5;;;way/199855978;;"38185";COULOIR BUS+VELO;EN AGGLOMERATION;UNIDIRECTIONNEL;;CHAUSSEE;EN SERVICE;LISSE;"38185";COULOIR BUS+VELO;EN AGGLOMERATION;UNIDIRECTIONNEL;;CHAUSSEE;EN SERVICE;LISSE;;2023-12-13;"50";true;;;OpenStreetMap;WGS84;
5.73956157503082;45.1712562187587;D 5;;;way/195110699;;"38185";COULOIR BUS+VELO;EN AGGLOMERATION;UNIDIRECTIONNEL;;CHAUSSEE;EN SERVICE;LISSE;"38185";AUCUN;EN AGGLOMERATION;;;CHAUSSEE;EN SERVICE;LISSE;;2023-12-13;"50";true;;;OpenStreetMap;WGS84;
5.74005334570236;45.1702828696819;D 5;;;way/199858256;;"38185";BANDE CYCLABLE;EN AGGLOMERATION;UNIDIRECTIONNEL;;CHAUSSEE;EN SERVICE;LISSE;"38185";AUCUN;EN AGGLOMERATION;;;;EN SERVICE;LISSE;;2023-12-13;"50";true;;;OpenStreetMap;WGS84;
5.7442380217289;45.1703691556785;;;;way/60400481;;"38185";VOIE VERTE;;UNIDIRECTIONNEL;;CHAUSSEE;EN SERVICE;LISSE;"38185";AUCUN;;;;;EN SERVICE;LISSE;;2025-01-07;;true;;;OpenStreetMap;WGS84;
5.74720463610912;45.1789398621749;;;;way/374728157;;"38185";AUCUN;EN AGGLOMERATION;;;;EN SERVICE;LISSE;"38185";DOUBLE SENS CYCLABLE NON MATERIALISE;EN AGGLOMERATION;UNIDIRECTIONNEL;;CHAUSSEE;EN SERVICE;LISSE;;2025-01-17;"30";true;;;OpenStreetMap;WGS84;cadastre-dgi-fr source : Direction Générale des Impôts - Cadastre. Mise à jour : 2015
5.74552115;45.1781753004564;;;;way/684397143;;"38185";PISTE CYCLABLE;;UNIDIRECTIONNEL;;TROTTOIR;EN SERVICE;LISSE;"38185";AUCUN;;;;;EN SERVICE;LISSE;;2024-10-05;;;;;OpenStreetMap;WGS84;
5.74481464743051;45.1870186688502;;;;way/825126735;;"38185";VOIE VERTE;AIRE PIETONNE;UNIDIRECTIONNEL;"1.3";TROTTOIR;EN SERVICE;LISSE;"38185";AUCUN;;;"1.3";;EN SERVICE;LISSE;;2024-10-02;;true;;;OpenStreetMap;WGS84;
5.74359055;45.1865150004913;;;;way/260659006;;"38185";VOIE VERTE;;BIDIRECTIONNEL;;CHAUSSEE;EN SERVICE;LISSE;"38185";AUCUN;;;;;EN SERVICE;LISSE;;2023-04-28;;true;;;OpenStreetMap;WGS84;Bing
5.74291374442679;45.1856777890487;;;;way/1067605970;;"38185";COULOIR BUS+VELO;ZONE 30;UNIDIRECTIONNEL;;CHAUSSEE;EN SERVICE;LISSE;"38185";COULOIR BUS+VELO;ZONE 30;UNIDIRECTIONNEL;;CHAUSSEE;EN SERVICE;LISSE;;2025-01-10;"30";true;;;OpenStreetMap;WGS84;
5.74263473074791;45.1858079293002;;;;way/343750909;;"38185";VOIE VERTE;;BIDIRECTIONNEL;;CHAUSSEE;EN SERVICE;LISSE;"38185";AUCUN;;;;;EN SERVICE;LISSE;;2022-08-31;;true;;;OpenStreetMap;WGS84;
5.74143000517282;45.186218831768;;;;way/183471339;;"38185";AMENAGEMENT MIXTE PIETON VELO HORS VOIE VERTE;AIRE PIETONNE;BIDIRECTIONNEL;;TROTTOIR;EN SERVICE;MEUBLE;"38185";AUCUN;;;;;EN SERVICE;MEUBLE;VELO DE ROUTE;2019-12-13;;;;;OpenStreetMap;WGS84;
5.74018375;45.1843821504543;;;;way/720178820;;"38185";PISTE CYCLABLE;;BIDIRECTIONNEL;;TROTTOIR;EN SERVICE;LISSE;"38185";AUCUN;;;;;EN SERVICE;LISSE;;2025-01-19;;true;;;OpenStreetMap;WGS84;
5.7409609;45.1845780504825;D 523;;;way/1133551908;;"38185";BANDE CYCLABLE;EN AGGLOMERATION;UNIDIRECTIONNEL;;CHAUSSEE;EN SERVICE;LISSE;"38185";BANDE CYCLABLE;EN AGGLOMERATION;UNIDIRECTIONNEL;;CHAUSSEE;EN SERVICE;LISSE;;2023-01-19;"50";true;;;OpenStreetMap;WGS84;cadastre-dgi-fr source : Direction Générale des Impôts - Cadastre. Mise à jour : 2009
5.74384315363133;45.1866644205275;D 523;;;way/170083997;;"38185";AUTRE;EN AGGLOMERATION;UNIDIRECTIONNEL;;CHAUSSEE;EN SERVICE;LISSE;"38185";AUCUN;EN AGGLOMERATION;;;;EN SERVICE;LISSE;ROLLER;2023-09-19;"50";true;;;OpenStreetMap;WGS84;
5.74450800366931;45.1884964212721;;;;way/309987463;;"38185";VOIE VERTE;AIRE PIETONNE;BIDIRECTIONNEL;;TROTTOIR;EN SERVICE;LISSE;"38185";AUCUN;;;;;EN SERVICE;LISSE;ROLLER;2024-11-24;;true;;;OpenStreetMap;WGS84;cadastre-dgi-fr source : Direction Générale des Impôts - Cadastre. Mise à jour : 2009
5.7416096335208;45.1886741811752;;;;way/348324998;;"38185";VOIE VERTE;AIRE PIETONNE;BIDIRECTIONNEL;;TROTTOIR;EN SERVICE;LISSE;"38185";AUCUN;;;;;EN SERVICE;LISSE;;2024-09-30;;true;;;OpenStreetMap;WGS84;"cadastre-dgi-fr source : Direction Générale des Impôts - Cadastre;mise à jour : 2009"
5.71923435;45.1783316504558;;;;way/668348954;;"38185";AMENAGEMENT MIXTE PIETON VELO HORS VOIE VERTE;AIRE PIETONNE;BIDIRECTIONNEL;;TROTTOIR;EN SERVICE;LISSE;"38185";AUCUN;;;;;EN SERVICE;LISSE;;2021-08-20;;true;;;OpenStreetMap;WGS84;
5.7205107908112;45.1774311435653;;;;way/232576907;;"38185";AMENAGEMENT MIXTE PIETON VELO HORS VOIE VERTE;AIRE PIETONNE;BIDIRECTIONNEL;;TROTTOIR;EN SERVICE;MEUBLE;"38185";AUCUN;;;;;EN SERVICE;MEUBLE;VELO DE ROUTE;2023-09-20;;true;;;OpenStreetMap;WGS84;
5.72014575;45.1782032004524;;;;way/668348948;;"38185";AMENAGEMENT MIXTE PIETON VELO HORS VOIE VERTE;AIRE PIETONNE;BIDIRECTIONNEL;;TROTTOIR;EN SERVICE;LISSE;"38185";AUCUN;;;;;EN SERVICE;LISSE;;2021-06-29;;true;;;OpenStreetMap;WGS84;
5.71978339962064;45.1789422197925;;;;way/878181697;;"38185";AMENAGEMENT MIXTE PIETON VELO HORS VOIE VERTE;AIRE PIETONNE;BIDIRECTIONNEL;;TROTTOIR;EN SERVICE;LISSE;"38185";AUCUN;;;;;EN SERVICE;LISSE;;2021-06-04;;true;;;OpenStreetMap;WGS84;
5.71889400533453;45.1816311275044;;;;way/488524795;;"38185";VOIE VERTE;;BIDIRECTIONNEL;;CHAUSSEE;EN SERVICE;LISSE;"38185";AUCUN;;;;;EN SERVICE;LISSE;;2019-12-04;;true;;;OpenStreetMap;WGS84;
5.71906377828034;45.1803655457879;;;;way/1054001634;;"38185";VOIE VERTE;AIRE PIETONNE;BIDIRECTIONNEL;;TROTTOIR;EN SERVICE;LISSE;"38185";AUCUN;;;;;EN SERVICE;LISSE;;2022-10-21;;true;;;OpenStreetMap;WGS84;"cadastre-dgi-fr source : Direction Générale des Impôts - Cadastre ; mise à jour : 2009"
5.72046031562702;45.1804685681574;;;;way/1054001638;;"38185";VOIE VERTE;AIRE PIETONNE;BIDIRECTIONNEL;"1.5";TROTTOIR;EN SERVICE;LISSE;"38185";AUCUN;;;"1.5";;EN SERVICE;LISSE;;2023-07-15;;true;;;OpenStreetMap;WGS84;"cadastre-dgi-fr source : Direction Générale des Impôts - Cadastre ; mise à jour : 2009"
5.7211489342613;45.180513399637;;;;way/1054001633;;"38185";VOIE VERTE;AIRE PIETONNE;BIDIRECTIONNEL;;TROTTOIR;EN SERVICE;LISSE;"38185";AUCUN;;;;;EN SERVICE;LISSE;;2022-12-28;;true;;;OpenStreetMap;WGS84;"cadastre-dgi-fr source : Direction Générale des Impôts - Cadastre ; mise à jour : 2009"
5.72089812435368;45.1806468518801;;;;way/751820884;;"38185";AMENAGEMENT MIXTE PIETON VELO HORS VOIE VERTE;AIRE PIETONNE;BIDIRECTIONNEL;;TROTTOIR;EN SERVICE;LISSE;"38185";AUCUN;;;;;EN SERVICE;LISSE;ROLLER;2023-09-19;;true;;;OpenStreetMap;WGS84;
5.71955699888839;45.1932982010694;;;;way/385925534;;"38185";VOIE VERTE;;BIDIRECTIONNEL;;CHAUSSEE;EN SERVICE;LISSE;"38185";AUCUN;;;;;EN SERVICE;LISSE;;2021-06-05;;false;;;OpenStreetMap;WGS84;
5.71999395972564;45.1911435068709;D 1075;;;way/1044486606;;"38185";BANDE CYCLABLE;ZONE 30;UNIDIRECTIONNEL;;CHAUSSEE;EN SERVICE;LISSE;"38185";AUCUN;ZONE 30;;;;EN SERVICE;LISSE;;2024-07-31;"30";true;;;OpenStreetMap;WGS84;
5.71982237542101;45.190995864645;;;;way/290670678;;"38185";VOIE VERTE;;UNIDIRECTIONNEL;;CHAUSSEE;EN SERVICE;LISSE;"38185";AUCUN;;;;;EN SERVICE;LISSE;;2022-10-21;;true;;;OpenStreetMap;WGS84;cadastre-dgi-fr source : Direction Générale des Impôts - Cadastre. Mise à jour : 2014
5.72085029847456;45.1893491497082;;;;way/316099103;;"38185";PISTE CYCLABLE;;UNIDIRECTIONNEL;;TROTTOIR;EN SERVICE;LISSE;"38185";AUCUN;;;;;EN SERVICE;LISSE;ROLLER;2024-05-24;;true;;;OpenStreetMap;WGS84;
5.71921995;45.1879371004515;;;;way/488863101;;"38185";VOIE VERTE;AIRE PIETONNE;BIDIRECTIONNEL;;TROTTOIR;EN SERVICE;LISSE;"38185";AUCUN;;;;;EN SERVICE;LISSE;;2025-01-08;;true;;;OpenStreetMap;WGS84;
5.71899549040969;45.1882136637429;D 1075;;;way/278505254;;"38185";BANDE CYCLABLE;EN AGGLOMERATION;UNIDIRECTIONNEL;;CHAUSSEE;EN SERVICE;LISSE;"38185";AUCUN;EN AGGLOMERATION;;;;EN SERVICE;LISSE;;2025-01-08;"30";true;;;OpenStreetMap;WGS84;
5.72024473954605;45.1856453296955;;;;way/254694674;;"38185";AUTRE;ZONE 30;UNIDIRECTIONNEL;;CHAUSSEE;EN SERVICE;LISSE;"38185";AUTRE;ZONE 30;UNIDIRECTIONNEL;;CHAUSSEE;EN SERVICE;LISSE;ROLLER;2024-07-31;"30";true;;;OpenStreetMap;WGS84;cadastre-dgi-fr source : Direction Générale des Impôts - Cadastre. Mise à jour : 2009
5.72166102395465;45.191261514751;;;;way/1112118474;;"38185";AUCUN;EN AGGLOMERATION;UNIDIRECTIONNEL;;CHAUSSEE;EN SERVICE;LISSE;"38185";COULOIR BUS+VELO;EN AGGLOMERATION;UNIDIRECTIONNEL;;CHAUSSEE;EN SERVICE;LISSE;;2024-08-04;"30";true;;;OpenStreetMap;WGS84;
5.7257662;45.1988209004481;;;;way/307507896;;"38185";RAMPE;;BIDIRECTIONNEL;;TROTTOIR;EN SERVICE;RUGUEUX;"38185";AUCUN;;;;;EN SERVICE;RUGUEUX;;2024-03-16;;false;;;OpenStreetMap;WGS84;
5.70250075;45.1801572504503;;;;way/818117443;;"38185";VOIE VERTE;;BIDIRECTIONNEL;;CHAUSSEE;EN SERVICE;LISSE;"38185";AUCUN;;;;;EN SERVICE;LISSE;;2024-07-06;;true;;;OpenStreetMap;WGS84;
5.71617609767959;45.1799322691863;D 1075;;;way/324871966;;"38185";BANDE CYCLABLE;EN AGGLOMERATION;UNIDIRECTIONNEL;;CHAUSSEE;EN SERVICE;LISSE;"38185";AUCUN;EN AGGLOMERATION;;;;EN SERVICE;LISSE;ROLLER;2023-09-19;"50";true;;;OpenStreetMap;WGS84;
5.717203;45.1828870505654;D 1075;;;way/463337953;;"38185";BANDE CYCLABLE;ZONE 30;UNIDIRECTIONNEL;;CHAUSSEE;EN SERVICE;LISSE;"38185";AUCUN;ZONE 30;;;;EN SERVICE;LISSE;ROLLER;2023-09-30;"30";true;;;OpenStreetMap;WGS84;
5.71753514946562;45.1828389520061;;;;way/1040210421;;"38185";BANDE CYCLABLE;ZONE 30;UNIDIRECTIONNEL;;CHAUSSEE;EN SERVICE;LISSE;"38185";AUTRE;ZONE 30;UNIDIRECTIONNEL;;CHAUSSEE;EN SERVICE;LISSE;ROLLER;2025-01-04;"30";true;;;OpenStreetMap;WGS84;
5.71735056415429;45.1826777841196;D 1075;;;way/463337956;;"38185";BANDE CYCLABLE;ZONE 30;UNIDIRECTIONNEL;;CHAUSSEE;EN SERVICE;LISSE;"38185";AUTRE;ZONE 30;UNIDIRECTIONNEL;;CHAUSSEE;EN SERVICE;LISSE;ROLLER;2025-01-04;"30";true;;;OpenStreetMap;WGS84;
5.71672727282077;45.1802229488171;;;;way/222487965;;"38185";PISTE CYCLABLE;;UNIDIRECTIONNEL;;TROTTOIR;EN SERVICE;LISSE;"38185";AUCUN;;;;;EN SERVICE;LISSE;ROLLER;2024-12-20;;true;;;OpenStreetMap;WGS84;
5.71637705;45.1805810505512;D 1075;;;way/324871957;;"38185";AUTRE;ZONE 30;UNIDIRECTIONNEL;;CHAUSSEE;EN SERVICE;LISSE;"38185";AUCUN;ZONE 30;;;;EN SERVICE;LISSE;ROLLER;2024-05-09;"30";true;;;OpenStreetMap;WGS84;cadastre-dgi-fr source : Direction Générale des Impôts - Cadastre. Mise à jour : 2014
5.71567481431537;45.1804177311518;D 1532;;;way/451964939;;"38185";AUTRE;EN AGGLOMERATION;UNIDIRECTIONNEL;;CHAUSSEE;EN SERVICE;LISSE;"38185";AUCUN;EN AGGLOMERATION;;;;EN SERVICE;LISSE;ROLLER;2023-09-19;"50";true;;;OpenStreetMap;WGS84;
5.7153459505732;45.1801151933366;;;;way/324871936;;"38185";VOIE VERTE;AIRE PIETONNE;BIDIRECTIONNEL;;TROTTOIR;EN SERVICE;LISSE;"38185";AUCUN;;;;;EN SERVICE;LISSE;;2022-10-21;;true;;;OpenStreetMap;WGS84;
5.71451982062917;45.1800823000423;;;;way/818749927;;"38185";VOIE VERTE;AIRE PIETONNE;BIDIRECTIONNEL;;TROTTOIR;EN SERVICE;LISSE;"38185";AUCUN;;;;;EN SERVICE;LISSE;;2022-10-21;;true;;;OpenStreetMap;WGS84;"cadastre-dgi-fr source : Direction Générale des Impôts - Cadastre ; mise à jour : 2009"
5.712828;45.18035965045;;;;way/1080796276;;"38185";VOIE VERTE;AIRE PIETONNE;BIDIRECTIONNEL;;TROTTOIR;EN SERVICE;LISSE;"38185";AUCUN;;UNIDIRECTIONNEL;;;EN SERVICE;LISSE;;2022-10-21;;true;;;OpenStreetMap;WGS84;"cadastre-dgi-fr source : Direction Générale des Impôts - Cadastre;mise à jour : 2009"
5.71291890042532;45.1803620423008;;;;way/866572224;;"38185";VOIE VERTE;AIRE PIETONNE;BIDIRECTIONNEL;;TROTTOIR;EN SERVICE;LISSE;"38185";AUCUN;;UNIDIRECTIONNEL;;;EN SERVICE;LISSE;;2022-10-21;;true;;;OpenStreetMap;WGS84;"cadastre-dgi-fr source : Direction Générale des Impôts - Cadastre;mise à jour : 2009"
5.71256851193161;45.1801763427823;;;;way/751818145;;"38185";VOIE VERTE;AIRE PIETONNE;BIDIRECTIONNEL;;TROTTOIR;EN SERVICE;LISSE;"38185";AUCUN;;;;;EN SERVICE;LISSE;;2023-01-09;;true;;;OpenStreetMap;WGS84;
5.71244724782439;45.1800828518773;;;;way/297096890;;"38185";VOIE VERTE;AIRE PIETONNE;BIDIRECTIONNEL;;TROTTOIR;EN SERVICE;LISSE;"38185";AUCUN;;;;;EN SERVICE;LISSE;;2022-07-05;;true;;;OpenStreetMap;WGS84;
5.70886989318511;45.1817865666949;;;;way/1068216752;;"38185";AUTRE;EN AGGLOMERATION;UNIDIRECTIONNEL;;CHAUSSEE;EN SERVICE;LISSE;"38185";DOUBLE SENS CYCLABLE NON MATERIALISE;EN AGGLOMERATION;UNIDIRECTIONNEL;;CHAUSSEE;EN SERVICE;LISSE;;2022-10-21;"30";true;;;OpenStreetMap;WGS84;
5.7100535;45.1802862504501;;;;way/818377592;;"38185";VOIE VERTE;AIRE PIETONNE;BIDIRECTIONNEL;;TROTTOIR;EN SERVICE;LISSE;"38185";AUCUN;;;;;EN SERVICE;LISSE;;2022-10-21;;true;;;OpenStreetMap;WGS84;"cadastre-dgi-fr source : Direction Générale des Impôts - Cadastre ; mise à jour : 2009"
5.71018804927215;45.1802898141713;;;;way/818377593;;"38185";VOIE VERTE;AIRE PIETONNE;BIDIRECTIONNEL;;TROTTOIR;EN SERVICE;LISSE;"38185";AUCUN;;;;;EN SERVICE;LISSE;;2022-10-21;;true;;;OpenStreetMap;WGS84;"cadastre-dgi-fr source : Direction Générale des Impôts - Cadastre ; mise à jour : 2009"
5.71037688815112;45.1801314501585;;;;way/238579473;;"38185";AMENAGEMENT MIXTE PIETON VELO HORS VOIE VERTE;AIRE PIETONNE;BIDIRECTIONNEL;;TROTTOIR;EN SERVICE;LISSE;"38185";AUCUN;;;;;EN SERVICE;LISSE;;2022-05-14;;true;;;OpenStreetMap;WGS84;
5.71219055061477;45.1803427887744;;;;way/818749885;;"38185";VOIE VERTE;AIRE PIETONNE;BIDIRECTIONNEL;;TROTTOIR;EN SERVICE;LISSE;"38185";AUCUN;;;;;EN SERVICE;LISSE;;2022-10-21;;true;;;OpenStreetMap;WGS84;"cadastre-dgi-fr source : Direction Générale des Impôts - Cadastre ; mise à jour : 2009"
5.71160431460645;45.180043350002;;;;way/238579462;;"38185";AMENAGEMENT MIXTE PIETON VELO HORS VOIE VERTE;AIRE PIETONNE;BIDIRECTIONNEL;;TROTTOIR;EN SERVICE;LISSE;"38185";AUCUN;;;;;EN SERVICE;LISSE;;2022-04-27;;true;;;OpenStreetMap;WGS84;
5.71138399035006;45.1799989697537;;;;way/1125419836;;"38185";AUTRE;EN AGGLOMERATION;UNIDIRECTIONNEL;;CHAUSSEE;EN SERVICE;LISSE;"38185";AUTRE;EN AGGLOMERATION;UNIDIRECTIONNEL;;CHAUSSEE;EN SERVICE;LISSE;;2024-08-28;"30";true;;;OpenStreetMap;WGS84;
5.70751855;45.1799399004503;;;;way/275525735;;"38185";AUTRE;ZONE 30;UNIDIRECTIONNEL;;CHAUSSEE;EN SERVICE;LISSE;"38185";AUCUN;ZONE 30;;;CHAUSSEE;EN SERVICE;LISSE;;2023-12-19;"30";true;;;OpenStreetMap;WGS84;
5.70533913054948;45.1783010483411;;;;way/1120992851;;"38185";BANDE CYCLABLE;EN AGGLOMERATION;UNIDIRECTIONNEL;;CHAUSSEE;EN SERVICE;LISSE;"38185";BANDE CYCLABLE;EN AGGLOMERATION;UNIDIRECTIONNEL;;CHAUSSEE;EN SERVICE;LISSE;ROLLER;2024-06-21;"30";true;;;OpenStreetMap;WGS84;
5.70527782414913;45.179387889856;;;;way/291434978;;"38185";AMENAGEMENT MIXTE PIETON VELO HORS VOIE VERTE;AIRE PIETONNE;BIDIRECTIONNEL;;TROTTOIR;EN SERVICE;LISSE;"38185";AUCUN;;;;;EN SERVICE;LISSE;;2019-11-21;;true;;;OpenStreetMap;WGS84;
5.7053094207392;45.1777724582397;;;;way/291434964;;"38185";BANDE CYCLABLE;ZONE 30;UNIDIRECTIONNEL;;CHAUSSEE;EN SERVICE;LISSE;"38185";BANDE CYCLABLE;ZONE 30;UNIDIRECTIONNEL;;CHAUSSEE;EN SERVICE;LISSE;ROLLER;2024-05-07;"30";true;;;OpenStreetMap;WGS84;
5.70535998607759;45.1790121565985;;;;way/204138292;;"38185";BANDE CYCLABLE;EN AGGLOMERATION;UNIDIRECTIONNEL;;CHAUSSEE;EN SERVICE;LISSE;"38185";BANDE CYCLABLE;EN AGGLOMERATION;UNIDIRECTIONNEL;;CHAUSSEE;EN SERVICE;LISSE;;2022-12-11;"30";true;;;OpenStreetMap;WGS84;
5.70709519638999;45.1830192535918;;;;way/8016164;;"38185";AUTRE;EN AGGLOMERATION;UNIDIRECTIONNEL;;CHAUSSEE;EN SERVICE;LISSE;"38185";AUTRE;EN AGGLOMERATION;UNIDIRECTIONNEL;;CHAUSSEE;EN SERVICE;LISSE;;2022-10-21;"30";true;;;OpenStreetMap;WGS84;
5.7057098;45.1842867504501;;;;way/1067970787;;"38185";AUTRE;ZONE DE RENCONTRE;;;;EN SERVICE;LISSE;"38185";DOUBLE SENS CYCLABLE NON MATERIALISE;ZONE DE RENCONTRE;UNIDIRECTIONNEL;;CHAUSSEE;EN SERVICE;LISSE;;2023-04-27;"30";true;;;OpenStreetMap;WGS84;
5.70562306479088;45.1838088001162;;;;way/1068154463;;"38185";BANDE CYCLABLE;ZONE 30;UNIDIRECTIONNEL;;CHAUSSEE;EN SERVICE;LISSE;"38185";BANDE CYCLABLE;ZONE 30;UNIDIRECTIONNEL;;CHAUSSEE;EN SERVICE;LISSE;;2023-09-28;"30";true;;;OpenStreetMap;WGS84;
5.7095323323017;45.1838805197465;;;;way/30819965;;"38185";AMENAGEMENT MIXTE PIETON VELO HORS VOIE VERTE;AIRE PIETONNE;BIDIRECTIONNEL;;TROTTOIR;EN SERVICE;RUGUEUX;"38185";AUCUN;;;;;EN SERVICE;RUGUEUX;;2021-08-26;;true;;;OpenStreetMap;WGS84;
5.71390536614518;45.1835443432279;;;;way/168249904;;"38185";AMENAGEMENT MIXTE PIETON VELO HORS VOIE VERTE;AIRE PIETONNE;BIDIRECTIONNEL;;TROTTOIR;EN SERVICE;RUGUEUX;"38185";AUCUN;;;;;EN SERVICE;RUGUEUX;;2021-12-04;;true;;;OpenStreetMap;WGS84;
5.7173704;45.1833933004653;D 1075;;;way/866584334;;"38185";BANDE CYCLABLE;EN AGGLOMERATION;UNIDIRECTIONNEL;;CHAUSSEE;EN SERVICE;LISSE;"38185";AUCUN;EN AGGLOMERATION;;;;EN SERVICE;LISSE;ROLLER;2024-05-24;"30";true;;;OpenStreetMap;WGS84;
5.71802694667547;45.1833835200461;;;;way/459071602;;"38185";PISTE CYCLABLE;;BIDIRECTIONNEL;;TROTTOIR;EN SERVICE;LISSE;"38185";AUCUN;;;;;EN SERVICE;LISSE;ROLLER;2024-09-13;;true;;;OpenStreetMap;WGS84;
5.70144316309031;45.1674463420274;;;;way/803703578;;"38185";VOIE VERTE;;BIDIRECTIONNEL;;CHAUSSEE;EN SERVICE;LISSE;"38185";AUCUN;;;;;EN SERVICE;LISSE;ROLLER;2024-12-06;;;;section fermée pendant les travaux de la passerelle;OpenStreetMap;WGS84;
5.70312776220565;45.1677332713865;;;;way/125336033;;"38185";VOIE VERTE;;BIDIRECTIONNEL;;CHAUSSEE;EN SERVICE;LISSE;"38185";AUCUN;;;;;EN SERVICE;LISSE;;2024-12-06;;true;;;OpenStreetMap;WGS84;
5.7049457;45.1711566504682;;;;way/1120994198;;"38185";BANDE CYCLABLE;EN AGGLOMERATION;UNIDIRECTIONNEL;;CHAUSSEE;EN SERVICE;LISSE;"38185";BANDE CYCLABLE;EN AGGLOMERATION;UNIDIRECTIONNEL;;CHAUSSEE;EN SERVICE;LISSE;ROLLER;2024-04-30;"30";true;;;OpenStreetMap;WGS84;
5.70505170122311;45.1732894894747;;;;way/5990153;;"38185";BANDE CYCLABLE;EN AGGLOMERATION;UNIDIRECTIONNEL;;CHAUSSEE;EN SERVICE;LISSE;"38185";BANDE CYCLABLE;EN AGGLOMERATION;UNIDIRECTIONNEL;;CHAUSSEE;EN SERVICE;LISSE;;2022-12-11;"30";true;;;OpenStreetMap;WGS84;
5.71370454087754;45.1719150674333;D 1075;;;way/290044532;;"38185";AUTRE;EN AGGLOMERATION;UNIDIRECTIONNEL;;CHAUSSEE;EN SERVICE;LISSE;"38185";AUCUN;EN AGGLOMERATION;;;;EN SERVICE;LISSE;ROLLER;2024-05-24;"50";true;;;OpenStreetMap;WGS84;
5.71827584807162;45.1734322066556;D 269E;;;way/1296417398;;"38185";BANDE CYCLABLE;EN AGGLOMERATION;UNIDIRECTIONNEL;;CHAUSSEE;EN SERVICE;LISSE;"38185";BANDE CYCLABLE;EN AGGLOMERATION;UNIDIRECTIONNEL;;CHAUSSEE;EN SERVICE;LISSE;ROLLER;2024-08-12;"50";true;;;OpenStreetMap;WGS84;
5.71968275;45.1758310504739;;;;way/423435884;;"38185";AMENAGEMENT MIXTE PIETON VELO HORS VOIE VERTE;AIRE PIETONNE;BIDIRECTIONNEL;;TROTTOIR;EN SERVICE;LISSE;"38185";AUCUN;;;;;EN SERVICE;LISSE;;2021-04-19;;false;;;OpenStreetMap;WGS84;
5.7205963;45.1757443504519;;;;way/1013555231;;"38185";AMENAGEMENT MIXTE PIETON VELO HORS VOIE VERTE;AIRE PIETONNE;BIDIRECTIONNEL;;TROTTOIR;EN SERVICE;LISSE;"38185";AUCUN;;;;;EN SERVICE;LISSE;;2021-12-19;;true;;;OpenStreetMap;WGS84;cadastre-dgi-fr source : Direction Générale des Impôts - Cadastre. Mise à jour : 2010
5.71847297078673;45.1753693283985;;;;way/423433194;;"38185";AMENAGEMENT MIXTE PIETON VELO HORS VOIE VERTE;AIRE PIETONNE;BIDIRECTIONNEL;;TROTTOIR;EN SERVICE;LISSE;"38185";AUCUN;;;;;EN SERVICE;LISSE;;2021-04-18;;true;;;OpenStreetMap;WGS84;
5.7176434;45.1757675504544;;;;way/255456365;;"38185";AMENAGEMENT MIXTE PIETON VELO HORS VOIE VERTE;AIRE PIETONNE;BIDIRECTIONNEL;;TROTTOIR;EN SERVICE;LISSE;"38185";AUCUN;;;;;EN SERVICE;LISSE;;2021-04-24;;true;;;OpenStreetMap;WGS84;GPS
5.71723398212201;45.1756374773714;;;;way/292088394;;"38185";AMENAGEMENT MIXTE PIETON VELO HORS VOIE VERTE;AIRE PIETONNE;BIDIRECTIONNEL;;TROTTOIR;EN SERVICE;LISSE;"38185";AUCUN;;;;;EN SERVICE;LISSE;;2022-04-20;;false;;;OpenStreetMap;WGS84;Bing
5.71504252589359;45.1758748148244;D 1075;;;way/463254691;;"38185";AUTRE;EN AGGLOMERATION;UNIDIRECTIONNEL;;CHAUSSEE;EN SERVICE;LISSE;"38185";AUCUN;EN AGGLOMERATION;;;;EN SERVICE;LISSE;ROLLER;2024-05-20;"50";true;;;OpenStreetMap;WGS84;
5.71469732579556;45.1742967991099;D 269E;;;way/4014455;;"38185";BANDE CYCLABLE;EN AGGLOMERATION;UNIDIRECTIONNEL;;CHAUSSEE;EN SERVICE;LISSE;"38185";AUCUN;EN AGGLOMERATION;;;;EN SERVICE;LISSE;;2024-05-09;"50";true;;;OpenStreetMap;WGS84;
5.71406707183216;45.1744605841139;;;;way/183763570;;"38185";AUTRE;EN AGGLOMERATION;;;;EN SERVICE;LISSE;"38185";DOUBLE SENS CYCLABLE NON MATERIALISE;EN AGGLOMERATION;UNIDIRECTIONNEL;;CHAUSSEE;EN SERVICE;LISSE;ROLLER;2024-07-31;"30";true;;;OpenStreetMap;WGS84;
5.71451937913971;45.1739865958719;;;;way/463973112;;"38185";PISTE CYCLABLE;;UNIDIRECTIONNEL;;TROTTOIR;EN SERVICE;LISSE;"38185";AUCUN;;;;;EN SERVICE;LISSE;ROLLER;2024-05-24;;true;;;OpenStreetMap;WGS84;
5.72557274623149;45.1752524028023;;;;way/913458940;;"38185";BANDE CYCLABLE;EN AGGLOMERATION;UNIDIRECTIONNEL;;CHAUSSEE;EN SERVICE;LISSE;"38185";AUCUN;EN AGGLOMERATION;;;;EN SERVICE;LISSE;;2024-09-23;"50";true;;;OpenStreetMap;WGS84;
5.72556042917392;45.1747730143018;;;;way/188196813;;"38185";PISTE CYCLABLE;;UNIDIRECTIONNEL;;TROTTOIR;EN SERVICE;LISSE;"38185";AUCUN;;;;;EN SERVICE;LISSE;;2022-08-29;;true;;;OpenStreetMap;WGS84;
5.72452415837212;45.1721263579948;;;;way/188194437;;"38185";BANDE CYCLABLE;EN AGGLOMERATION;UNIDIRECTIONNEL;;CHAUSSEE;EN SERVICE;LISSE;"38185";AUCUN;EN AGGLOMERATION;;;;EN SERVICE;LISSE;ROLLER;2024-06-04;"50";true;;;OpenStreetMap;WGS84;
5.72405608576212;45.1713548693821;;;;way/4012187;;"38185";BANDE CYCLABLE;EN AGGLOMERATION;UNIDIRECTIONNEL;;CHAUSSEE;EN SERVICE;LISSE;"38185";AUCUN;EN AGGLOMERATION;;;;EN SERVICE;LISSE;;2022-11-20;"50";true;;;OpenStreetMap;WGS84;
5.72409548295319;45.1712727224887;;;;way/237147554;;"38185";COULOIR BUS+VELO;EN AGGLOMERATION;UNIDIRECTIONNEL;;CHAUSSEE;EN SERVICE;LISSE;"38185";AUCUN;EN AGGLOMERATION;;;;EN SERVICE;LISSE;;2024-08-12;"50";true;;;OpenStreetMap;WGS84;
5.73480784637389;45.1730873827313;;;;way/611999873;;"38185";AMENAGEMENT MIXTE PIETON VELO HORS VOIE VERTE;;BIDIRECTIONNEL;;CHAUSSEE;EN SERVICE;MEUBLE;"38185";AUCUN;;;;;EN SERVICE;MEUBLE;;2019-11-30;;true;;;OpenStreetMap;WGS84;
5.7346833;45.1730538504543;;;;way/582231117;;"38185";AMENAGEMENT MIXTE PIETON VELO HORS VOIE VERTE;AIRE PIETONNE;BIDIRECTIONNEL;;TROTTOIR;EN SERVICE;LISSE;"38185";AUCUN;;;;;EN SERVICE;LISSE;;2020-01-17;;true;;;OpenStreetMap;WGS84;
5.73180274918116;45.1730475972356;;;;way/1119987199;;"38185";VOIE VERTE;;BIDIRECTIONNEL;;CHAUSSEE;EN SERVICE;LISSE;"38185";AUCUN;;;;;EN SERVICE;LISSE;;2023-07-14;;true;;;OpenStreetMap;WGS84;
5.73539748470873;45.1695672157566;;;;way/493108046;;"38185";PISTE CYCLABLE;;UNIDIRECTIONNEL;;TROTTOIR;EN SERVICE;LISSE;"38185";AUCUN;;;;;EN SERVICE;LISSE;;2021-05-04;;true;;;OpenStreetMap;WGS84;
5.73159170363234;45.1687763993497;;;;way/493217135;;"38185";VOIE VERTE;;BIDIRECTIONNEL;;CHAUSSEE;EN SERVICE;RUGUEUX;"38185";AUCUN;;;;;EN SERVICE;RUGUEUX;VELO DE ROUTE;2025-01-07;;true;;;OpenStreetMap;WGS84;
5.73210405;45.1689172004514;;;;way/204143323;;"38185";AUTRE;ZONE 30;UNIDIRECTIONNEL;;CHAUSSEE;EN SERVICE;LISSE;"38185";AUCUN;ZONE 30;;;;EN SERVICE;LISSE;ROLLER;2024-06-29;"30";true;;;OpenStreetMap;WGS84;"cadastre-dgi-fr source : Direction Générale des Impôts - Cadastre ; mise à jour : 2010"
5.73273348421832;45.1688534673152;D 269A;;;way/79330147;;"38185";BANDE CYCLABLE;ZONE 30;UNIDIRECTIONNEL;;CHAUSSEE;EN SERVICE;LISSE;"38185";AUCUN;ZONE 30;;;;EN SERVICE;LISSE;ROLLER;2024-07-09;"30";true;;;OpenStreetMap;WGS84;
5.72557139038387;45.1686916393368;;;;way/101586;;"38185";BANDE CYCLABLE;ZONE 30;UNIDIRECTIONNEL;;CHAUSSEE;EN SERVICE;LISSE;"38185";BANDE CYCLABLE;ZONE 30;UNIDIRECTIONNEL;;CHAUSSEE;EN SERVICE;LISSE;ROLLER;2024-06-04;"30";true;;;OpenStreetMap;WGS84;
5.72309416114528;45.1698088360715;;;;way/188194441;;"38185";BANDE CYCLABLE;EN AGGLOMERATION;UNIDIRECTIONNEL;;CHAUSSEE;EN SERVICE;LISSE;"38185";AUCUN;EN AGGLOMERATION;;;;EN SERVICE;LISSE;;2024-11-26;"30";true;;;OpenStreetMap;WGS84;
5.72326727160578;45.1703054941797;;;;way/237147551;;"38185";BANDE CYCLABLE;EN AGGLOMERATION;UNIDIRECTIONNEL;;CHAUSSEE;EN SERVICE;LISSE;"38185";AUCUN;EN AGGLOMERATION;;;;EN SERVICE;LISSE;;2022-11-12;"50";true;;;OpenStreetMap;WGS84;
5.7155755;45.1703467004513;;;;way/686912465;;"38185";PISTE CYCLABLE;;BIDIRECTIONNEL;;TROTTOIR;EN SERVICE;LISSE;"38185";AUCUN;;;;;EN SERVICE;LISSE;;2019-11-12;;true;;;OpenStreetMap;WGS84;
5.71303324931478;45.1698541377102;D 1075;;;way/278505285;;"38185";AUTRE;EN AGGLOMERATION;UNIDIRECTIONNEL;;CHAUSSEE;EN SERVICE;LISSE;"38185";AUCUN;EN AGGLOMERATION;;;;EN SERVICE;LISSE;;2022-11-12;"50";true;;;OpenStreetMap;WGS84;
5.7047252430726;45.1687850082326;;;;way/291434973;;"38185";VOIE VERTE;;UNIDIRECTIONNEL;;CHAUSSEE;EN SERVICE;LISSE;"38185";AUCUN;;;;;EN SERVICE;LISSE;;2022-12-11;;true;;;OpenStreetMap;WGS84;
5.70495923663401;45.1690569205789;;;;way/291434971;;"38185";VOIE VERTE;;UNIDIRECTIONNEL;;CHAUSSEE;EN SERVICE;LISSE;"38185";AUCUN;;;;;EN SERVICE;LISSE;;2023-12-19;;true;;;OpenStreetMap;WGS84;
5.7043489724431;45.1676722782306;;;;way/232147150;;"38185";VOIE VERTE;;BIDIRECTIONNEL;;CHAUSSEE;EN SERVICE;LISSE;"38185";AUCUN;;;;;EN SERVICE;LISSE;;2023-03-10;;true;;;OpenStreetMap;WGS84;
5.7117912765401;45.1671013537854;;;;way/463973113;;"38185";PISTE CYCLABLE;;UNIDIRECTIONNEL;;TROTTOIR;EN SERVICE;LISSE;"38185";AUCUN;;;;;EN SERVICE;LISSE;;2019-11-12;;true;;;OpenStreetMap;WGS84;
5.72081780070104;45.1892726993508;;;;way/316099105;;"38185";PISTE CYCLABLE;;UNIDIRECTIONNEL;;TROTTOIR;EN SERVICE;LISSE;"38185";AUCUN;;;;;EN SERVICE;LISSE;ROLLER;2024-05-24;;true;;;OpenStreetMap;WGS84;
5.72681088864501;45.1869057790595;;;;way/39986637;;"38185";COULOIR BUS+VELO;EN AGGLOMERATION;UNIDIRECTIONNEL;;CHAUSSEE;EN SERVICE;LISSE;"38185";BANDE CYCLABLE;EN AGGLOMERATION;UNIDIRECTIONNEL;;CHAUSSEE;EN SERVICE;LISSE;ROLLER;2024-05-05;"30";true;;;OpenStreetMap;WGS84;
5.72703275831217;45.1875773341564;;;;way/685801972;;"38185";PISTE CYCLABLE;;BIDIRECTIONNEL;;TROTTOIR;EN SERVICE;LISSE;"38185";AUCUN;;;;;EN SERVICE;LISSE;;2023-02-16;;true;;;OpenStreetMap;WGS84;
5.728095768987;45.1873657163544;;;;way/7714053;;"38185";BANDE CYCLABLE;ZONE 30;UNIDIRECTIONNEL;;CHAUSSEE;EN SERVICE;LISSE;"38185";COULOIR BUS+VELO;ZONE 30;UNIDIRECTIONNEL;;CHAUSSEE;EN SERVICE;LISSE;;2024-08-12;"30";true;;;OpenStreetMap;WGS84;
5.72358476638099;45.1877380683078;D 523;;;way/295093282;;"38185";AUTRE;ZONE 30;;;;EN SERVICE;LISSE;"38185";AUTRE;ZONE 30;UNIDIRECTIONNEL;;CHAUSSEE;EN SERVICE;LISSE;ROLLER;2024-07-31;"30";true;;;OpenStreetMap;WGS84;cadastre-dgi-fr source : Direction Générale des Impôts - Cadastre. Mise à jour : 2009
5.7226125;45.1891073004492;;;;way/492113302;;"38185";AMENAGEMENT MIXTE PIETON VELO HORS VOIE VERTE;AIRE PIETONNE;BIDIRECTIONNEL;;TROTTOIR;EN SERVICE;LISSE;"38185";AUCUN;;;;;EN SERVICE;LISSE;ROLLER;2024-05-25;;true;;;OpenStreetMap;WGS84;
5.71404895;45.1912884504494;;;;way/1350960822;;"38185";RAMPE;;BIDIRECTIONNEL;;TROTTOIR;EN SERVICE;LISSE;"38185";AUCUN;;;;;EN SERVICE;LISSE;;2025-01-13;;true;;;OpenStreetMap;WGS84;
5.7141786;45.1913174004495;;;;way/1350960807;;"38185";RAMPE;;BIDIRECTIONNEL;;TROTTOIR;EN SERVICE;LISSE;"38185";AUCUN;;;;;EN SERVICE;LISSE;;2025-01-13;;true;;;OpenStreetMap;WGS84;
5.71568937242773;45.1900064263355;;;;way/733304886;;"38185";PISTE CYCLABLE;;BIDIRECTIONNEL;;TROTTOIR;EN SERVICE;LISSE;"38185";AUCUN;;;;;EN SERVICE;LISSE;ROLLER;2024-08-08;;true;;;OpenStreetMap;WGS84;
5.71569069699181;45.1898872404191;;;;way/34102915;;"38185";AUTRE;EN AGGLOMERATION;;;;EN SERVICE;LISSE;"38185";DOUBLE SENS CYCLABLE NON MATERIALISE;EN AGGLOMERATION;BIDIRECTIONNEL;;CHAUSSEE;EN SERVICE;LISSE;ROLLER;2024-08-08;"30";true;;;OpenStreetMap;WGS84;cadastre-dgi-fr source : Direction Générale des Impôts - Cadastre. Mise à jour : 2009
5.71619765429712;45.1920162571313;;;;way/673493584;;"38185";AUTRE;EN AGGLOMERATION;UNIDIRECTIONNEL;;CHAUSSEE;EN SERVICE;LISSE;"38185";AUTRE;EN AGGLOMERATION;UNIDIRECTIONNEL;;CHAUSSEE;EN SERVICE;LISSE;;2024-08-04;"30";true;;;OpenStreetMap;WGS84;
5.7146014;45.1916169005142;;;;way/169805915;;"38185";RAMPE;;BIDIRECTIONNEL;;TROTTOIR;EN SERVICE;LISSE;"38185";AUCUN;;;;;EN SERVICE;LISSE;;2024-10-23;;true;;"Escaliers avec rebords de marche en biais, facilitant le passages avec vélos, valises à roulettes...";OpenStreetMap;WGS84;
5.71450533795379;45.1932558403398;;;;way/10591689;;"38185";PISTE CYCLABLE;;BIDIRECTIONNEL;;TROTTOIR;EN SERVICE;LISSE;"38185";AUCUN;;;;;EN SERVICE;LISSE;;2024-07-30;;true;;;OpenStreetMap;WGS84;
5.71395221211143;45.1955226874574;;;;way/34080083;;"38185";AMENAGEMENT MIXTE PIETON VELO HORS VOIE VERTE;AIRE PIETONNE;BIDIRECTIONNEL;;TROTTOIR;EN SERVICE;LISSE;"38185";AUCUN;;;;;EN SERVICE;LISSE;;2021-11-01;;true;;;OpenStreetMap;WGS84;
5.71502933392454;45.1944182758995;D 15;;;way/332011708;;"38185";BANDE CYCLABLE;ZONE 30;UNIDIRECTIONNEL;;CHAUSSEE;EN SERVICE;LISSE;"38185";AUCUN;ZONE 30;;;;EN SERVICE;LISSE;;2024-07-22;"30";true;;;OpenStreetMap;WGS84;
5.71525175;45.194312450453;;;;way/489129558;;"38185";RAMPE;;BIDIRECTIONNEL;;TROTTOIR;EN SERVICE;LISSE;"38185";AUCUN;;;;;EN SERVICE;LISSE;;2020-12-26;;false;;;OpenStreetMap;WGS84;
5.7171193;45.1923111520811;;;;way/10595038;;"38185";AUTRE;EN AGGLOMERATION;UNIDIRECTIONNEL;;CHAUSSEE;EN SERVICE;LISSE;"38185";DOUBLE SENS CYCLABLE NON MATERIALISE;EN AGGLOMERATION;UNIDIRECTIONNEL;;CHAUSSEE;EN SERVICE;LISSE;;2024-08-04;"30";true;;;OpenStreetMap;WGS84;
5.7157431587578;45.1893814393817;;;;way/29973547;;"38185";AUTRE;EN AGGLOMERATION;UNIDIRECTIONNEL;;CHAUSSEE;EN SERVICE;LISSE;"38185";AUTRE;EN AGGLOMERATION;UNIDIRECTIONNEL;;CHAUSSEE;EN SERVICE;LISSE;ROLLER;2024-07-31;"30";true;;;OpenStreetMap;WGS84;
5.71564225;45.189665250449;;;;way/697085653;;"38185";PISTE CYCLABLE;;BIDIRECTIONNEL;;TROTTOIR;EN SERVICE;LISSE;"38185";AUCUN;;;;;EN SERVICE;LISSE;ROLLER;2023-11-05;;true;;;OpenStreetMap;WGS84;
5.71371847536897;45.189550427458;;;;way/870878138;;"38185";PISTE CYCLABLE;;UNIDIRECTIONNEL;;TROTTOIR;EN SERVICE;LISSE;"38185";AUCUN;;;;;EN SERVICE;LISSE;ROLLER;2024-06-18;;true;;;OpenStreetMap;WGS84;
5.71461785312884;45.1888506013637;;;;way/26746595;;"38185";AUTRE;ZONE 30;UNIDIRECTIONNEL;;CHAUSSEE;EN SERVICE;LISSE;"38185";AUCUN;ZONE 30;;;;EN SERVICE;LISSE;;2024-07-31;"30";true;;;OpenStreetMap;WGS84;
5.71463611475595;45.1887101819368;D 106;;;way/866567087;;"38185";AUTRE;ZONE 30;;;;EN SERVICE;LISSE;"38185";DOUBLE SENS CYCLABLE NON MATERIALISE;ZONE 30;UNIDIRECTIONNEL;;CHAUSSEE;EN SERVICE;LISSE;ROLLER;2024-07-31;"30";true;;;OpenStreetMap;WGS84;
5.72144616305508;45.184730575065;;;;way/40406767;;"38185";BANDE CYCLABLE;EN AGGLOMERATION;UNIDIRECTIONNEL;;CHAUSSEE;EN SERVICE;LISSE;"38185";BANDE CYCLABLE;EN AGGLOMERATION;UNIDIRECTIONNEL;;CHAUSSEE;EN SERVICE;LISSE;ROLLER;2024-11-28;"30";true;;;OpenStreetMap;WGS84;"cadastre-dgi-fr source : Direction Générale des Impôts - Cadastre;mise à jour : 2009"
5.72109604459497;45.1841454496706;;;;way/25197941;;"38185";BANDE CYCLABLE;ZONE 30;UNIDIRECTIONNEL;;CHAUSSEE;EN SERVICE;LISSE;"38185";BANDE CYCLABLE;ZONE 30;UNIDIRECTIONNEL;;CHAUSSEE;EN SERVICE;LISSE;ROLLER;2024-05-05;"30";true;;;OpenStreetMap;WGS84;
5.7219894;45.1851171504607;;;;way/41283776;;"38185";BANDE CYCLABLE;ZONE 30;UNIDIRECTIONNEL;;CHAUSSEE;EN SERVICE;LISSE;"38185";AUCUN;ZONE 30;;;CHAUSSEE;EN SERVICE;LISSE;;2024-11-28;"30";true;;;OpenStreetMap;WGS84;"cadastre-dgi-fr source : Direction Générale des Impôts - Cadastre;mise à jour : 2009"
5.72223646973121;45.185217641406;;;;way/28911970;;"38185";BANDE CYCLABLE;ZONE 30;UNIDIRECTIONNEL;;CHAUSSEE;EN SERVICE;LISSE;"38185";AUCUN;ZONE 30;;;CHAUSSEE;EN SERVICE;LISSE;;2024-04-02;"30";true;;;OpenStreetMap;WGS84;
5.7222064;45.1853402504675;;;;way/487442255;;"38185";AUTRE;ZONE 30;UNIDIRECTIONNEL;;CHAUSSEE;EN SERVICE;LISSE;"38185";AUTRE;ZONE 30;UNIDIRECTIONNEL;;CHAUSSEE;EN SERVICE;LISSE;;2022-10-23;"30";true;;;OpenStreetMap;WGS84;"cadastre-dgi-fr source : Direction Générale des Impôts - Cadastre;mise à jour : 2008"
5.72216157595634;45.1853020470562;;;;way/41283778;;"38185";AUTRE;ZONE 30;UNIDIRECTIONNEL;;CHAUSSEE;EN SERVICE;LISSE;"38185";AUTRE;ZONE 30;UNIDIRECTIONNEL;;CHAUSSEE;EN SERVICE;LISSE;;2024-11-02;"30";true;;;OpenStreetMap;WGS84;"cadastre-dgi-fr source : Direction Générale des Impôts - Cadastre;mise à jour : 2008"
5.72203274976378;45.1853927006536;;;;way/41283773;;"38185";AUTRE;ZONE 30;UNIDIRECTIONNEL;;CHAUSSEE;EN SERVICE;LISSE;"38185";AUTRE;ZONE 30;UNIDIRECTIONNEL;;CHAUSSEE;EN SERVICE;LISSE;;2023-12-17;"30";true;;;OpenStreetMap;WGS84;"cadastre-dgi-fr source : Direction Générale des Impôts - Cadastre;mise à jour : 2008"
5.72581795;45.183973050473;;;;way/450252898;;"38185";AMENAGEMENT MIXTE PIETON VELO HORS VOIE VERTE;AIRE PIETONNE;BIDIRECTIONNEL;;TROTTOIR;EN SERVICE;LISSE;"38185";AUCUN;;;;;EN SERVICE;LISSE;;2019-11-26;;true;;;OpenStreetMap;WGS84;
5.72295225;45.1854841004549;;;;way/37775349;;"38185";BANDE CYCLABLE;ZONE 30;UNIDIRECTIONNEL;;CHAUSSEE;EN SERVICE;LISSE;"38185";AUTRE;ZONE 30;UNIDIRECTIONNEL;;CHAUSSEE;EN SERVICE;LISSE;ROLLER;2024-05-05;"30";true;;;OpenStreetMap;WGS84;"cadastre-dgi-fr source : Direction Générale des Impôts - Cadastre ; mise à jour : 2009"
5.7233566;45.1850428504534;;;;way/1120130322;;"38185";RAMPE;;BIDIRECTIONNEL;;TROTTOIR;EN SERVICE;LISSE;"38185";AUCUN;;;;;EN SERVICE;LISSE;;2024-07-11;;true;;;OpenStreetMap;WGS84;
5.72542418515117;45.1864037423124;;;;way/487440840;;"38185";BANDE CYCLABLE;ZONE 30;UNIDIRECTIONNEL;;CHAUSSEE;EN SERVICE;LISSE;"38185";COULOIR BUS+VELO;ZONE 30;UNIDIRECTIONNEL;;CHAUSSEE;EN SERVICE;LISSE;ROLLER;2024-09-25;"30";true;;;OpenStreetMap;WGS84;
5.72573341377405;45.1843771097889;;;;way/273791698;;"38185";VOIE VERTE;;UNIDIRECTIONNEL;"1";CHAUSSEE;EN SERVICE;LISSE;"38185";AUCUN;;;"1";;EN SERVICE;LISSE;;2023-12-22;;true;;;OpenStreetMap;WGS84;"cadastre-dgi-fr source : Direction Générale des Impôts - Cadastre ; mise à jour : 2009"
5.72551225;45.1847863004782;;;;way/488524647;;"38185";PISTE CYCLABLE;;UNIDIRECTIONNEL;;TROTTOIR;EN SERVICE;LISSE;"38185";AUCUN;;;;;EN SERVICE;LISSE;;2022-10-21;;true;;;OpenStreetMap;WGS84;
5.72496131755439;45.1839850646415;;;;way/273791736;;"38185";AMENAGEMENT MIXTE PIETON VELO HORS VOIE VERTE;AIRE PIETONNE;BIDIRECTIONNEL;;TROTTOIR;EN SERVICE;RUGUEUX;"38185";AUCUN;;;;;EN SERVICE;RUGUEUX;;2019-11-26;;true;;;OpenStreetMap;WGS84;cadastre-dgi-fr source : Direction Générale des Impôts - Cadastre. Mise à jour : 2010
5.72497862199964;45.1839941327504;;;;way/82641359;;"38185";AMENAGEMENT MIXTE PIETON VELO HORS VOIE VERTE;AIRE PIETONNE;BIDIRECTIONNEL;;TROTTOIR;EN SERVICE;LISSE;"38185";AUCUN;;;;;EN SERVICE;LISSE;;2019-11-26;;true;;;OpenStreetMap;WGS84;cadastre-dgi-fr source : Direction Générale des Impôts - Cadastre. Mise à jour : 2010
5.72596825;45.183742600475;;;;way/879946311;;"38185";AMENAGEMENT MIXTE PIETON VELO HORS VOIE VERTE;AIRE PIETONNE;BIDIRECTIONNEL;;TROTTOIR;EN SERVICE;LISSE;"38185";AUCUN;;;;;EN SERVICE;LISSE;;2020-12-17;;true;;;OpenStreetMap;WGS84;
5.72641786335662;45.183355758212;;;;way/450252897;;"38185";VOIE VERTE;;UNIDIRECTIONNEL;"1.5";CHAUSSEE;EN SERVICE;LISSE;"38185";AUCUN;;;"1.5";;EN SERVICE;LISSE;;2024-11-19;;true;;;OpenStreetMap;WGS84;"cadastre-dgi-fr source : Direction Générale des Impôts - Cadastre ; mise à jour : 2009"
5.72689423759034;45.183995495796;;;;way/273791734;;"38185";AMENAGEMENT MIXTE PIETON VELO HORS VOIE VERTE;AIRE PIETONNE;BIDIRECTIONNEL;;TROTTOIR;EN SERVICE;LISSE;"38185";AUCUN;;;;;EN SERVICE;LISSE;;2021-03-25;;true;;;OpenStreetMap;WGS84;
5.72660031341197;45.1845535560413;;;;way/273791728;;"38185";AMENAGEMENT MIXTE PIETON VELO HORS VOIE VERTE;AIRE PIETONNE;BIDIRECTIONNEL;;TROTTOIR;EN SERVICE;LISSE;"38185";AUCUN;;;;;EN SERVICE;LISSE;;2023-08-20;;true;;;OpenStreetMap;WGS84;
5.7267239;45.1846324005475;;;;way/82634164;;"38185";AMENAGEMENT MIXTE PIETON VELO HORS VOIE VERTE;AIRE PIETONNE;BIDIRECTIONNEL;;TROTTOIR;EN SERVICE;RUGUEUX;"38185";AUCUN;;;;;EN SERVICE;RUGUEUX;;2021-06-18;;true;;;OpenStreetMap;WGS84;
5.72772899522501;45.1842377413059;;;;way/421633743;;"38185";AMENAGEMENT MIXTE PIETON VELO HORS VOIE VERTE;AIRE PIETONNE;BIDIRECTIONNEL;;TROTTOIR;EN SERVICE;RUGUEUX;"38185";AUCUN;;;;;EN SERVICE;RUGUEUX;;2020-12-09;;false;;;OpenStreetMap;WGS84;
5.72755246710021;45.1844735746203;;;;way/83188606;;"38185";AMENAGEMENT MIXTE PIETON VELO HORS VOIE VERTE;AIRE PIETONNE;BIDIRECTIONNEL;;TROTTOIR;EN SERVICE;LISSE;"38185";AUCUN;;;;;EN SERVICE;LISSE;;2021-03-25;;true;;;OpenStreetMap;WGS84;
5.72736591549479;45.18479234147;;;;way/970867361;;"38185";AMENAGEMENT MIXTE PIETON VELO HORS VOIE VERTE;AIRE PIETONNE;BIDIRECTIONNEL;;TROTTOIR;EN SERVICE;RUGUEUX;"38185";AUCUN;;;;;EN SERVICE;RUGUEUX;;2021-08-06;;true;;;OpenStreetMap;WGS84;
5.72822573142788;45.1847718411708;;;;way/446630160;;"38185";AMENAGEMENT MIXTE PIETON VELO HORS VOIE VERTE;AIRE PIETONNE;BIDIRECTIONNEL;;TROTTOIR;EN SERVICE;LISSE;"38185";AUCUN;;;;;EN SERVICE;LISSE;;2020-11-19;;true;;;OpenStreetMap;WGS84;"cadastre-dgi-fr source : Direction Générale des Impôts - Cadastre ; mise à jour : 2010"
5.72800010525033;45.1841905096043;;;;way/421633742;;"38185";AMENAGEMENT MIXTE PIETON VELO HORS VOIE VERTE;AIRE PIETONNE;BIDIRECTIONNEL;;TROTTOIR;EN SERVICE;RUGUEUX;"38185";AUCUN;;;;;EN SERVICE;RUGUEUX;;2020-11-19;;false;;;OpenStreetMap;WGS84;
5.7282889;45.1835404006976;;;;way/1133551936;;"38185";AMENAGEMENT MIXTE PIETON VELO HORS VOIE VERTE;AIRE PIETONNE;BIDIRECTIONNEL;;TROTTOIR;EN SERVICE;LISSE;"38185";AUCUN;;;;;EN SERVICE;LISSE;;2023-01-19;;true;;;OpenStreetMap;WGS84;
5.72764385909458;45.1852205749724;;;;way/82633082;;"38185";AMENAGEMENT MIXTE PIETON VELO HORS VOIE VERTE;AIRE PIETONNE;BIDIRECTIONNEL;;TROTTOIR;EN SERVICE;LISSE;"38185";AUCUN;;;;;EN SERVICE;LISSE;;2021-02-20;;true;;;OpenStreetMap;WGS84;
5.72697888451062;45.185326527208;;;;way/1110778243;;"38185";AUTRE;ZONE 30;;;;EN SERVICE;LISSE;"38185";BANDE CYCLABLE;ZONE 30;UNIDIRECTIONNEL;;CHAUSSEE;EN SERVICE;LISSE;;2023-12-17;"30";true;;;OpenStreetMap;WGS84;
5.72815829755355;45.1865645247404;;;;way/685801980;;"38185";PISTE CYCLABLE;;BIDIRECTIONNEL;;TROTTOIR;EN SERVICE;LISSE;"38185";AUCUN;;;;;EN SERVICE;LISSE;;2023-02-16;;true;;;OpenStreetMap;WGS84;
5.70298;45.1889502004496;;;;way/309482984;;"38185";PISTE CYCLABLE;;UNIDIRECTIONNEL;;TROTTOIR;EN SERVICE;LISSE;"38185";AUCUN;;;;;EN SERVICE;LISSE;;2022-11-19;;true;;;OpenStreetMap;WGS84;"cadastre-dgi-fr source : Direction Générale des Impôts - Cadastre ; mise à jour : 2010"
5.70399390527145;45.1859967297997;;;;way/1027379125;;"38185";AMENAGEMENT MIXTE PIETON VELO HORS VOIE VERTE;AIRE PIETONNE;BIDIRECTIONNEL;;TROTTOIR;EN SERVICE;RUGUEUX;"38185";AUCUN;;;;;EN SERVICE;RUGUEUX;;2022-02-22;;false;;;OpenStreetMap;WGS84;
5.7056939042721;45.1849637485535;;;;way/85076;;"38185";BANDE CYCLABLE;ZONE 30;UNIDIRECTIONNEL;;CHAUSSEE;EN SERVICE;LISSE;"38185";BANDE CYCLABLE;ZONE 30;UNIDIRECTIONNEL;;CHAUSSEE;EN SERVICE;LISSE;;2024-09-25;"30";true;;;OpenStreetMap;WGS84;
5.70574320346226;45.1858908115491;;;;way/1067970813;;"38185";BANDE CYCLABLE;ZONE 30;UNIDIRECTIONNEL;;CHAUSSEE;EN SERVICE;LISSE;"38185";BANDE CYCLABLE;ZONE 30;UNIDIRECTIONNEL;;CHAUSSEE;EN SERVICE;LISSE;;2023-04-11;"30";true;;;OpenStreetMap;WGS84;
5.70576495;45.1862879008096;;;;way/1126340971;;"38185";BANDE CYCLABLE;ZONE 30;UNIDIRECTIONNEL;;CHAUSSEE;EN SERVICE;LISSE;"38185";BANDE CYCLABLE;ZONE 30;UNIDIRECTIONNEL;;CHAUSSEE;EN SERVICE;LISSE;;2023-04-11;"30";true;;;OpenStreetMap;WGS84;
5.71145135802521;45.1863961763921;;;;way/382751929;;"38185";AMENAGEMENT MIXTE PIETON VELO HORS VOIE VERTE;AIRE PIETONNE;BIDIRECTIONNEL;;TROTTOIR;EN SERVICE;LISSE;"38185";AUCUN;;;;;EN SERVICE;LISSE;;2019-12-19;;true;;;OpenStreetMap;WGS84;cadastre-dgi-fr source : Direction Générale des Impôts - Cadastre. Mise à jour : 2013
5.71453565;45.1901955004558;;;;way/196677723;;"38185";RAMPE;;BIDIRECTIONNEL;;TROTTOIR;EN SERVICE;LISSE;"38185";AUCUN;;;;;EN SERVICE;LISSE;;2025-01-13;;true;;;OpenStreetMap;WGS84;
5.71581439900706;45.1882538321618;D 5;;;way/226935587;;"38185";BANDE CYCLABLE;ZONE 30;UNIDIRECTIONNEL;;CHAUSSEE;EN SERVICE;LISSE;"38185";BANDE CYCLABLE;ZONE 30;UNIDIRECTIONNEL;;CHAUSSEE;EN SERVICE;LISSE;ROLLER;2024-07-31;"30";true;;;OpenStreetMap;WGS84;
5.7150741453423;45.1882323189811;;;;way/491460698;;"38185";AUTRE;ZONE 30;UNIDIRECTIONNEL;;CHAUSSEE;EN SERVICE;LISSE;"38185";AUTRE;ZONE 30;UNIDIRECTIONNEL;;CHAUSSEE;EN SERVICE;LISSE;;2024-07-31;"30";true;;;OpenStreetMap;WGS84;
5.71703744386497;45.1849872109191;;;;way/23579142;;"38185";AUTRE;ZONE 30;;;;EN SERVICE;LISSE;"38185";DOUBLE SENS CYCLABLE NON MATERIALISE;ZONE 30;UNIDIRECTIONNEL;;CHAUSSEE;EN SERVICE;LISSE;ROLLER;2024-11-06;"30";true;;;OpenStreetMap;WGS84;
5.71818482023718;45.1857674325752;D 1075;;;way/1044486608;;"38185";AUTRE;EN AGGLOMERATION;UNIDIRECTIONNEL;;CHAUSSEE;EN SERVICE;LISSE;"38185";AUCUN;EN AGGLOMERATION;;;;EN SERVICE;LISSE;ROLLER;2024-07-31;"30";true;;;OpenStreetMap;WGS84;
5.7111546;45.1863302504614;;;;way/167997461;;"38185";AMENAGEMENT MIXTE PIETON VELO HORS VOIE VERTE;AIRE PIETONNE;BIDIRECTIONNEL;;TROTTOIR;EN SERVICE;LISSE;"38185";AUCUN;;;;;EN SERVICE;LISSE;;2019-12-13;;true;;;OpenStreetMap;WGS84;
5.71218059323602;45.190958313425;;;;way/491770498;;"38185";AMENAGEMENT MIXTE PIETON VELO HORS VOIE VERTE;AIRE PIETONNE;BIDIRECTIONNEL;;TROTTOIR;EN SERVICE;LISSE;"38185";AUCUN;;;;;EN SERVICE;LISSE;;2019-11-26;;true;;;OpenStreetMap;WGS84;
5.71230795;45.190987900452;;;;way/41055310;;"38185";AMENAGEMENT MIXTE PIETON VELO HORS VOIE VERTE;AIRE PIETONNE;BIDIRECTIONNEL;;TROTTOIR;EN SERVICE;LISSE;"38185";AUCUN;;;;;EN SERVICE;LISSE;;2019-12-21;;false;;;OpenStreetMap;WGS84;
5.71170709964963;45.1910630004618;D 106;;;way/1216182911;;"38185";BANDE CYCLABLE;ZONE 30;UNIDIRECTIONNEL;;CHAUSSEE;EN SERVICE;LISSE;"38185";BANDE CYCLABLE;ZONE 30;UNIDIRECTIONNEL;;CHAUSSEE;EN SERVICE;LISSE;;2024-08-04;"30";true;;;OpenStreetMap;WGS84;
5.71221496983269;45.1906687284377;D 106;;;way/295019352;;"38185";BANDE CYCLABLE;ZONE 30;UNIDIRECTIONNEL;;CHAUSSEE;EN SERVICE;LISSE;"38185";BANDE CYCLABLE;ZONE 30;UNIDIRECTIONNEL;;CHAUSSEE;EN SERVICE;LISSE;;2024-10-27;"30";true;;;OpenStreetMap;WGS84;
5.71236571547628;45.1907629478056;;;;way/491770457;;"38185";AMENAGEMENT MIXTE PIETON VELO HORS VOIE VERTE;AIRE PIETONNE;BIDIRECTIONNEL;;TROTTOIR;EN SERVICE;LISSE;"38185";AUCUN;;;;;EN SERVICE;LISSE;;2022-10-31;;true;;;OpenStreetMap;WGS84;cadastre-dgi-fr source : Direction Générale des Impôts - Cadastre. Mise à jour : 2014
5.71274395;45.1902657007177;D 106;;;way/169105315;;"38185";BANDE CYCLABLE;ZONE 30;UNIDIRECTIONNEL;;CHAUSSEE;EN SERVICE;LISSE;"38185";DOUBLE SENS CYCLABLE NON MATERIALISE;ZONE 30;UNIDIRECTIONNEL;;CHAUSSEE;EN SERVICE;LISSE;ROLLER;2024-10-27;"30";true;;;OpenStreetMap;WGS84;
5.71272392879049;45.1959848232048;;;;way/902084317;;"38185";PISTE CYCLABLE;;BIDIRECTIONNEL;;TROTTOIR;EN SERVICE;LISSE;"38185";AUCUN;;;;;EN SERVICE;LISSE;;2024-10-22;;;;;OpenStreetMap;WGS84;
5.71366981883271;45.1895271307701;D 106;;;way/167990974;;"38185";AUTRE;ZONE 30;UNIDIRECTIONNEL;;CHAUSSEE;EN SERVICE;LISSE;"38185";DOUBLE SENS CYCLABLE NON MATERIALISE;ZONE 30;UNIDIRECTIONNEL;;CHAUSSEE;EN SERVICE;LISSE;ROLLER;2024-08-04;"30";true;;;OpenStreetMap;WGS84;
5.71436535145128;45.1981372647457;D 15;;;way/489402270;;"38185";AUCUN;ZONE 30;;;;EN SERVICE;LISSE;"38185";BANDE CYCLABLE;ZONE 30;UNIDIRECTIONNEL;;CHAUSSEE;EN SERVICE;LISSE;;2023-08-06;"30";true;;;OpenStreetMap;WGS84;"cadastre-dgi-fr source : Direction Générale des Impôts - Cadastre;mise à jour : 2011"
5.71436865;45.1985432504496;;;;way/489402266;;"38185";PISTE CYCLABLE;;UNIDIRECTIONNEL;;TROTTOIR;EN SERVICE;LISSE;"38185";AUCUN;;;;;EN SERVICE;LISSE;;2023-10-05;;;;;OpenStreetMap;WGS84;
5.7120191288679;45.1978847690417;;;;way/1049543037;;"38185";AMENAGEMENT MIXTE PIETON VELO HORS VOIE VERTE;AIRE PIETONNE;BIDIRECTIONNEL;;TROTTOIR;EN SERVICE;;"38185";AUCUN;;;;;EN SERVICE;;;2022-04-06;;;;;OpenStreetMap;WGS84;
5.73554152661978;45.1999242320257;;;;way/1124877902;;"38185";AUCUN;EN AGGLOMERATION;;;;EN SERVICE;LISSE;"38185";DOUBLE SENS CYCLABLE NON MATERIALISE;EN AGGLOMERATION;UNIDIRECTIONNEL;;CHAUSSEE;EN SERVICE;LISSE;;2023-01-07;"30";;;;OpenStreetMap;WGS84;
5.73474122697544;45.2003084668568;;;;way/912446079;;"38185";AUTRE;EN AGGLOMERATION;UNIDIRECTIONNEL;;CHAUSSEE;EN SERVICE;LISSE;"38185";AUTRE;EN AGGLOMERATION;UNIDIRECTIONNEL;;CHAUSSEE;EN SERVICE;LISSE;ROLLER;2025-01-13;"30";true;;;OpenStreetMap;WGS84;
5.73383955;45.2009859004604;;;;way/490570900;;"38185";VOIE VERTE;;BIDIRECTIONNEL;;CHAUSSEE;EN SERVICE;LISSE;"38185";AUCUN;;;;;EN SERVICE;LISSE;;2021-04-11;;true;;;OpenStreetMap;WGS84;
5.73287760259045;45.1845653973632;;;;way/1321731073;;"38185";VOIE VERTE;;BIDIRECTIONNEL;;CHAUSSEE;EN SERVICE;RUGUEUX;"38185";AUCUN;;;;;EN SERVICE;RUGUEUX;;2024-10-07;;true;;;OpenStreetMap;WGS84;
5.73299624020656;45.1846147621908;;;;way/28680489;;"38185";VOIE VERTE;;BIDIRECTIONNEL;;CHAUSSEE;EN SERVICE;RUGUEUX;"38185";AUCUN;;;;;EN SERVICE;RUGUEUX;;2024-10-07;;true;;;OpenStreetMap;WGS84;
5.7329886;45.1843465504543;D 1090;;;way/773839634;;"38185";BANDE CYCLABLE;EN AGGLOMERATION;UNIDIRECTIONNEL;;CHAUSSEE;EN SERVICE;LISSE;"38185";AUCUN;EN AGGLOMERATION;;;;EN SERVICE;LISSE;;2022-10-23;"50";true;;;OpenStreetMap;WGS84;
5.73283915;45.1841908504666;;;;way/487814192;;"38185";VOIE VERTE;;BIDIRECTIONNEL;;CHAUSSEE;EN SERVICE;LISSE;"38185";AUCUN;;;;;EN SERVICE;LISSE;;2021-05-23;;true;;;OpenStreetMap;WGS84;
5.73269505;45.1843490004782;;;;way/487814193;;"38185";VOIE VERTE;;BIDIRECTIONNEL;;CHAUSSEE;EN SERVICE;LISSE;"38185";AUCUN;;;;;EN SERVICE;LISSE;;2021-05-23;;true;;;OpenStreetMap;WGS84;
5.73273988309701;45.1845081207833;;;;way/1321731071;;"38185";VOIE VERTE;;BIDIRECTIONNEL;;CHAUSSEE;EN SERVICE;RUGUEUX;"38185";AUCUN;;;;;EN SERVICE;RUGUEUX;;2024-10-07;;true;;;OpenStreetMap;WGS84;
5.73223080482146;45.1842324448508;;;;way/487814195;;"38185";PISTE CYCLABLE;;UNIDIRECTIONNEL;;TROTTOIR;EN SERVICE;LISSE;"38185";AUCUN;;;;;EN SERVICE;LISSE;;2022-10-23;;true;;;OpenStreetMap;WGS84;
5.7310012;45.1837830504553;;;;way/1292808601;;"38185";VOIE VERTE;;BIDIRECTIONNEL;;CHAUSSEE;EN SERVICE;LISSE;"38185";AUCUN;;;;;EN SERVICE;LISSE;ROLLER;2024-06-16;;true;;;OpenStreetMap;WGS84;"cadastre-dgi-fr source : Direction Générale des Impôts - Cadastre ; mise à jour : 2009"
5.73111225;45.1837871004578;;;;way/487814166;;"38185";VOIE VERTE;;BIDIRECTIONNEL;;CHAUSSEE;EN SERVICE;LISSE;"38185";AUCUN;;;;;EN SERVICE;LISSE;ROLLER;2025-01-03;;true;;;OpenStreetMap;WGS84;cadastre-dgi-fr source : Direction Générale des Impôts - Cadastre. Mise à jour : 2009
5.73110845;45.1838279004506;;;;way/1118406989;;"38185";VOIE VERTE;;BIDIRECTIONNEL;;CHAUSSEE;EN SERVICE;LISSE;"38185";AUCUN;;;;;EN SERVICE;LISSE;ROLLER;2024-12-10;;true;;;OpenStreetMap;WGS84;"cadastre-dgi-fr source : Direction Générale des Impôts - Cadastre ; mise à jour : 2009"
5.7312408;45.1838845004685;;;;way/1118406990;;"38185";VOIE VERTE;;BIDIRECTIONNEL;"1.5";CHAUSSEE;EN SERVICE;LISSE;"38185";AUCUN;;;"1.5";;EN SERVICE;LISSE;;2024-11-19;;true;;;OpenStreetMap;WGS84;"cadastre-dgi-fr source : Direction Générale des Impôts - Cadastre ; mise à jour : 2009"
5.7313528;45.1835139004501;;;;way/299529793;;"38185";VOIE VERTE;;BIDIRECTIONNEL;;CHAUSSEE;EN SERVICE;LISSE;"38185";AUCUN;;;;;EN SERVICE;LISSE;;2022-10-23;;true;;;OpenStreetMap;WGS84;"cadastre-dgi-fr source : Direction Générale des Impôts - Cadastre ; mise à jour : 2009"
5.7315025478094;45.1835807260997;;;;way/292453880;;"38185";PISTE CYCLABLE;;BIDIRECTIONNEL;;TROTTOIR;EN SERVICE;LISSE;"38185";AUCUN;;;;;EN SERVICE;LISSE;;2024-11-19;;true;;;OpenStreetMap;WGS84;"cadastre-dgi-fr source : Direction Générale des Impôts - Cadastre ; mise à jour : 2009"
5.73375314269817;45.184251666087;;;;way/28696555;;"38185";AMENAGEMENT MIXTE PIETON VELO HORS VOIE VERTE;AIRE PIETONNE;BIDIRECTIONNEL;;TROTTOIR;EN SERVICE;RUGUEUX;"38185";AUCUN;;;;;EN SERVICE;RUGUEUX;;2024-03-30;;true;;;OpenStreetMap;WGS84;
5.73356175;45.1835284004498;;;;way/808870925;;"38185";PISTE CYCLABLE;;BIDIRECTIONNEL;;TROTTOIR;EN SERVICE;LISSE;"38185";AUCUN;;;;;EN SERVICE;LISSE;;2021-05-26;;true;;;OpenStreetMap;WGS84;
5.73361862683914;45.1835433976188;D 5;;;way/4796858;;"38185";AUTRE;EN AGGLOMERATION;UNIDIRECTIONNEL;;CHAUSSEE;EN SERVICE;LISSE;"38185";AUCUN;EN AGGLOMERATION;;;;EN SERVICE;LISSE;;2025-01-08;"50";true;;;OpenStreetMap;WGS84;
5.73359079698703;45.1834019189608;;;;way/11369536;;"38185";COULOIR BUS+VELO;EN AGGLOMERATION;UNIDIRECTIONNEL;;CHAUSSEE;EN SERVICE;LISSE;"38185";AUCUN;EN AGGLOMERATION;;;;EN SERVICE;LISSE;;2024-11-28;"30";true;;;OpenStreetMap;WGS84;
5.73329536649823;45.1840234466919;D 5;;;way/28389371;;"38185";AUTRE;ZONE 30;UNIDIRECTIONNEL;;CHAUSSEE;EN SERVICE;LISSE;"38185";AUCUN;ZONE 30;;;;EN SERVICE;LISSE;;2024-03-28;"30";true;;;OpenStreetMap;WGS84;
5.73312533915248;45.1842301157704;;;;way/1321731069;;"38185";VOIE VERTE;;BIDIRECTIONNEL;;CHAUSSEE;EN SERVICE;LISSE;"38185";AUCUN;;;;;EN SERVICE;LISSE;;2024-10-07;;true;;;OpenStreetMap;WGS84;
5.73337565;45.1843751004735;;;;way/185378304;;"38185";AMENAGEMENT MIXTE PIETON VELO HORS VOIE VERTE;AIRE PIETONNE;BIDIRECTIONNEL;;TROTTOIR;EN SERVICE;RUGUEUX;"38185";AUCUN;;;;;EN SERVICE;RUGUEUX;;2024-10-07;;true;;;OpenStreetMap;WGS84;
5.73324033760244;45.1847260958738;;;;way/278057876;;"38185";AMENAGEMENT MIXTE PIETON VELO HORS VOIE VERTE;AIRE PIETONNE;BIDIRECTIONNEL;;TROTTOIR;EN SERVICE;RUGUEUX;"38185";AUCUN;;;;;EN SERVICE;RUGUEUX;;2020-11-27;;true;;;OpenStreetMap;WGS84;
5.7333825;45.1845489005794;;;;way/278057875;;"38185";AMENAGEMENT MIXTE PIETON VELO HORS VOIE VERTE;AIRE PIETONNE;BIDIRECTIONNEL;;TROTTOIR;EN SERVICE;LISSE;"38185";AUCUN;;;;;EN SERVICE;LISSE;;2020-11-27;;true;;;OpenStreetMap;WGS84;
5.7316868;45.1792299504501;;;;way/66748777;;"38185";PISTE CYCLABLE;;BIDIRECTIONNEL;;TROTTOIR;EN SERVICE;LISSE;"38185";AUCUN;;;;;EN SERVICE;LISSE;;2024-04-15;;true;;;OpenStreetMap;WGS84;
5.73309045;45.18061685045;;;;way/1135963303;;"38185";AUTRE;ZONE 30;;;;EN SERVICE;LISSE;"38185";DOUBLE SENS CYCLABLE NON MATERIALISE;ZONE 30;UNIDIRECTIONNEL;;CHAUSSEE;EN SERVICE;LISSE;;2024-08-12;"30";true;;;OpenStreetMap;WGS84;
5.7324038;45.18197470045;D 523;;;way/1272733615;;"38185";BANDE CYCLABLE;ZONE 30;UNIDIRECTIONNEL;;CHAUSSEE;EN SERVICE;LISSE;"38185";BANDE CYCLABLE;ZONE 30;UNIDIRECTIONNEL;;CHAUSSEE;EN SERVICE;LISSE;;2024-08-12;"30";true;;;OpenStreetMap;WGS84;
5.73188883110499;45.1819890837146;D 523;;;way/1272733617;;"38185";BANDE CYCLABLE;ZONE 30;UNIDIRECTIONNEL;;CHAUSSEE;EN SERVICE;LISSE;"38185";AUCUN;ZONE 30;;;;EN SERVICE;LISSE;;2024-08-19;"30";true;;;OpenStreetMap;WGS84;
5.73189211508048;45.1819444061709;D 523;;;way/631999916;;"38185";BANDE CYCLABLE;ZONE 30;UNIDIRECTIONNEL;;CHAUSSEE;EN SERVICE;LISSE;"38185";AUCUN;ZONE 30;;;;EN SERVICE;LISSE;;2024-08-19;"30";true;;;OpenStreetMap;WGS84;
5.73151085492032;45.1820085933241;Chronovélo 7;;;way/1221386716;;"38185";PISTE CYCLABLE;;BIDIRECTIONNEL;;TROTTOIR;EN SERVICE;LISSE;"38185";AUCUN;;;;;EN SERVICE;LISSE;;2024-11-30;;true;;;OpenStreetMap;WGS84;
5.73153626034359;45.1828286445103;;;;way/4221671;;"38185";AUTRE;ZONE 30;UNIDIRECTIONNEL;;CHAUSSEE;EN SERVICE;LISSE;"38185";AUCUN;ZONE 30;;;;EN SERVICE;LISSE;;2024-05-07;"30";true;;;OpenStreetMap;WGS84;
5.72845225117364;45.1838531279466;;;;way/82633054;;"38185";AMENAGEMENT MIXTE PIETON VELO HORS VOIE VERTE;AIRE PIETONNE;BIDIRECTIONNEL;;TROTTOIR;EN SERVICE;RUGUEUX;"38185";AUCUN;;;;;EN SERVICE;RUGUEUX;;2023-01-19;;true;;;OpenStreetMap;WGS84;
5.7289179;45.1836774504819;;;;way/874858921;;"38185";AMENAGEMENT MIXTE PIETON VELO HORS VOIE VERTE;AIRE PIETONNE;BIDIRECTIONNEL;;TROTTOIR;EN SERVICE;LISSE;"38185";AUCUN;;;;;EN SERVICE;LISSE;;2020-12-09;;true;;;OpenStreetMap;WGS84;
5.7288879508381;45.1839678997931;;;;way/68763133;;"38185";AMENAGEMENT MIXTE PIETON VELO HORS VOIE VERTE;AIRE PIETONNE;BIDIRECTIONNEL;;TROTTOIR;EN SERVICE;LISSE;"38185";AUCUN;;;;;EN SERVICE;LISSE;;2020-11-19;;true;;;OpenStreetMap;WGS84;"cadastre-dgi-fr source : Direction Générale des Impôts - Cadastre ; mise à jour : 2010"
5.72878115;45.183825850479;;;;way/296891608;;"38185";AMENAGEMENT MIXTE PIETON VELO HORS VOIE VERTE;AIRE PIETONNE;BIDIRECTIONNEL;;TROTTOIR;EN SERVICE;RUGUEUX;"38185";AUCUN;;;;;EN SERVICE;RUGUEUX;;2020-11-19;;true;;;OpenStreetMap;WGS84;
5.72910163719826;45.1834641870961;;;;way/874858922;;"38185";AMENAGEMENT MIXTE PIETON VELO HORS VOIE VERTE;AIRE PIETONNE;BIDIRECTIONNEL;;TROTTOIR;EN SERVICE;LISSE;"38185";AUCUN;;;;;EN SERVICE;LISSE;;2020-12-09;;true;;;OpenStreetMap;WGS84;
5.73011379645129;45.1843446197835;;;;way/421633740;;"38185";AMENAGEMENT MIXTE PIETON VELO HORS VOIE VERTE;AIRE PIETONNE;BIDIRECTIONNEL;;TROTTOIR;EN SERVICE;LISSE;"38185";AUCUN;;;;;EN SERVICE;LISSE;;2020-09-27;;true;;;OpenStreetMap;WGS84;"cadastre-dgi-fr source : Direction Générale des Impôts - Cadastre ; mise à jour : 2010"
5.73014135;45.1845873504522;;;;way/720178850;;"38185";AMENAGEMENT MIXTE PIETON VELO HORS VOIE VERTE;AIRE PIETONNE;BIDIRECTIONNEL;;TROTTOIR;EN SERVICE;LISSE;"38185";AUCUN;;;;;EN SERVICE;LISSE;;2019-08-30;;true;;;OpenStreetMap;WGS84;
5.73003564095995;45.1845376904212;;;;way/421633739;;"38185";AMENAGEMENT MIXTE PIETON VELO HORS VOIE VERTE;AIRE PIETONNE;BIDIRECTIONNEL;;TROTTOIR;EN SERVICE;LISSE;"38185";AUCUN;;;;;EN SERVICE;LISSE;;2019-08-30;;true;;;OpenStreetMap;WGS84;
5.72950277578794;45.184301094751;;;;way/296891605;;"38185";AMENAGEMENT MIXTE PIETON VELO HORS VOIE VERTE;AIRE PIETONNE;BIDIRECTIONNEL;;TROTTOIR;EN SERVICE;LISSE;"38185";AUCUN;;;;;EN SERVICE;LISSE;;2021-03-01;;true;;;OpenStreetMap;WGS84;"cadastre-dgi-fr source : Direction Générale des Impôts - Cadastre ; mise à jour : 2010"
5.7288237103015;45.1845587504334;;;;way/874858924;;"38185";AMENAGEMENT MIXTE PIETON VELO HORS VOIE VERTE;AIRE PIETONNE;BIDIRECTIONNEL;;TROTTOIR;EN SERVICE;LISSE;"38185";AUCUN;;;;;EN SERVICE;LISSE;;2020-12-09;;true;;;OpenStreetMap;WGS84;"cadastre-dgi-fr source : Direction Générale des Impôts - Cadastre ; mise à jour : 2010"
5.73022927803906;45.1830516592892;;;;way/47068906;;"38185";PISTE CYCLABLE;;UNIDIRECTIONNEL;;TROTTOIR;EN SERVICE;LISSE;"38185";AUCUN;;;;;EN SERVICE;LISSE;;2024-11-19;;true;;;OpenStreetMap;WGS84;"cadastre-dgi-fr source : Direction Générale des Impôts - Cadastre ; mise à jour : 2009"
5.72876423922954;45.1828128133916;;;;way/488546788;;"38185";VOIE VERTE;AIRE PIETONNE;BIDIRECTIONNEL;"1.4";TROTTOIR;EN SERVICE;LISSE;"38185";AUCUN;;;"1.4";;EN SERVICE;LISSE;;2024-11-19;;true;;;OpenStreetMap;WGS84;"cadastre-dgi-fr source : Direction Générale des Impôts - Cadastre ; mise à jour : 2009"
5.72850521926273;45.1825118843568;;;;way/235645230;;"38185";AMENAGEMENT MIXTE PIETON VELO HORS VOIE VERTE;AIRE PIETONNE;BIDIRECTIONNEL;;TROTTOIR;EN SERVICE;LISSE;"38185";AUCUN;;;;;EN SERVICE;LISSE;ROLLER;2023-09-19;;true;;;OpenStreetMap;WGS84;
5.73028175093672;45.1819314770639;D 523;;;way/1133551929;;"38185";BANDE CYCLABLE;ZONE 30;UNIDIRECTIONNEL;;CHAUSSEE;EN SERVICE;LISSE;"38185";DOUBLE SENS CYCLABLE NON MATERIALISE;ZONE 30;UNIDIRECTIONNEL;;CHAUSSEE;EN SERVICE;LISSE;;2024-08-12;"30";true;;;OpenStreetMap;WGS84;
5.73051272952409;45.1806628602467;;;;way/1043575998;;"38185";AUTRE;ZONE 30;;;;EN SERVICE;LISSE;"38185";DOUBLE SENS CYCLABLE NON MATERIALISE;ZONE 30;UNIDIRECTIONNEL;;CHAUSSEE;EN SERVICE;LISSE;;2024-08-12;"30";true;;;OpenStreetMap;WGS84;
5.72926296859525;45.1804052878161;;;;way/1240250704;;"38185";PISTE CYCLABLE;;UNIDIRECTIONNEL;;TROTTOIR;EN SERVICE;LISSE;"38185";AUCUN;;;;;EN SERVICE;LISSE;;2024-10-25;;;;;OpenStreetMap;WGS84;
5.72882105570202;45.1812997001831;;;;way/5530916;;"38185";AUTRE;ZONE 30;;;;EN SERVICE;LISSE;"38185";DOUBLE SENS CYCLABLE NON MATERIALISE;ZONE 30;UNIDIRECTIONNEL;;CHAUSSEE;EN SERVICE;LISSE;;2024-08-12;"30";true;;;OpenStreetMap;WGS84;
5.72948235689794;45.1811793638944;;;;way/1067942984;;"38185";AUTRE;ZONE 30;;;;EN SERVICE;LISSE;"38185";DOUBLE SENS CYCLABLE NON MATERIALISE;ZONE 30;UNIDIRECTIONNEL;;CHAUSSEE;EN SERVICE;LISSE;;2024-08-12;"30";true;;;OpenStreetMap;WGS84;
5.72812045247444;45.1813434464355;;;;way/1067942985;;"38185";AUTRE;ZONE 30;;;;EN SERVICE;LISSE;"38185";DOUBLE SENS CYCLABLE NON MATERIALISE;ZONE 30;UNIDIRECTIONNEL;;CHAUSSEE;EN SERVICE;LISSE;;2024-08-12;"30";true;;;OpenStreetMap;WGS84;
5.72759885366211;45.1816678042281;;;;way/488546750;;"38185";VOIE VERTE;AIRE PIETONNE;BIDIRECTIONNEL;;TROTTOIR;EN SERVICE;LISSE;"38185";AUCUN;;;;;EN SERVICE;LISSE;;2023-07-11;;true;;;OpenStreetMap;WGS84;"cadastre-dgi-fr source : Direction Générale des Impôts - Cadastre ; mise à jour : 2009"
5.72786150390872;45.1813039662943;;;;way/237147565;;"38185";VOIE VERTE;AIRE PIETONNE;BIDIRECTIONNEL;;TROTTOIR;EN SERVICE;LISSE;"38185";AUCUN;;;;;EN SERVICE;LISSE;;2023-04-10;;true;;;OpenStreetMap;WGS84;"cadastre-dgi-fr source : Direction Générale des Impôts - Cadastre ; mise à jour : 2009"
5.72815012359815;45.1811316261179;;;;way/191567852;;"38185";COULOIR BUS+VELO;EN AGGLOMERATION;UNIDIRECTIONNEL;;CHAUSSEE;EN SERVICE;LISSE;"38185";AUTRE;EN AGGLOMERATION;UNIDIRECTIONNEL;;CHAUSSEE;EN SERVICE;LISSE;;2024-08-12;"50";true;;;OpenStreetMap;WGS84;
5.72832266720231;45.1808682811138;;;;way/918249201;;"38185";COULOIR BUS+VELO;EN AGGLOMERATION;UNIDIRECTIONNEL;;CHAUSSEE;EN SERVICE;LISSE;"38185";BANDE CYCLABLE;EN AGGLOMERATION;UNIDIRECTIONNEL;;CHAUSSEE;EN SERVICE;LISSE;;2022-10-13;"50";true;;;OpenStreetMap;WGS84;
5.72842793967317;45.1804928978372;;;;way/237147560;;"38185";COULOIR BUS+VELO;EN AGGLOMERATION;UNIDIRECTIONNEL;;CHAUSSEE;EN SERVICE;LISSE;"38185";BANDE CYCLABLE;EN AGGLOMERATION;UNIDIRECTIONNEL;;CHAUSSEE;EN SERVICE;LISSE;;2022-10-27;"50";true;;;OpenStreetMap;WGS84;
5.72709860469747;45.1821761197076;;;;way/344265841;;"38185";VOIE VERTE;AIRE PIETONNE;BIDIRECTIONNEL;;TROTTOIR;EN SERVICE;LISSE;"38185";AUCUN;;;;;EN SERVICE;LISSE;ROLLER;2024-05-24;;true;;;OpenStreetMap;WGS84;"cadastre-dgi-fr source : Direction Générale des Impôts - Cadastre ; mise à jour : 2009"
5.72711991901655;45.1820178578542;;;;way/488546760;;"38185";VOIE VERTE;AIRE PIETONNE;BIDIRECTIONNEL;;TROTTOIR;EN SERVICE;LISSE;"38185";AUCUN;;;;;EN SERVICE;LISSE;;2022-10-23;;true;;;OpenStreetMap;WGS84;"cadastre-dgi-fr source : Direction Générale des Impôts - Cadastre ; mise à jour : 2009"
5.72729155243251;45.1817985514122;;;;way/235645224;;"38185";VOIE VERTE;AIRE PIETONNE;BIDIRECTIONNEL;;TROTTOIR;EN SERVICE;LISSE;"38185";AUCUN;;;;;EN SERVICE;LISSE;;2022-10-23;;true;;;OpenStreetMap;WGS84;"cadastre-dgi-fr source : Direction Générale des Impôts - Cadastre ; mise à jour : 2009"
5.727338;45.1817393504521;;;;way/488546763;;"38185";VOIE VERTE;AIRE PIETONNE;BIDIRECTIONNEL;;TROTTOIR;EN SERVICE;LISSE;"38185";AUCUN;;;;;EN SERVICE;LISSE;;2023-07-11;;true;;;OpenStreetMap;WGS84;"cadastre-dgi-fr source : Direction Générale des Impôts - Cadastre ; mise à jour : 2009"
5.72736340898418;45.1817269341445;;;;way/488546774;;"38185";VOIE VERTE;AIRE PIETONNE;BIDIRECTIONNEL;;TROTTOIR;EN SERVICE;LISSE;"38185";AUCUN;;;;;EN SERVICE;LISSE;;2022-10-23;;true;;;OpenStreetMap;WGS84;"cadastre-dgi-fr source : Direction Générale des Impôts - Cadastre ; mise à jour : 2009"
5.72745635;45.1817524004525;;;;way/1054001605;;"38185";VOIE VERTE;AIRE PIETONNE;BIDIRECTIONNEL;;TROTTOIR;EN SERVICE;LISSE;"38185";AUCUN;;;;;EN SERVICE;LISSE;;2022-10-23;;true;;;OpenStreetMap;WGS84;"cadastre-dgi-fr source : Direction Générale des Impôts - Cadastre ; mise à jour : 2009"
5.72760794299397;45.1818948938291;D 1090;;;way/237147543;;"38185";AUTRE;EN AGGLOMERATION;UNIDIRECTIONNEL;;CHAUSSEE;EN SERVICE;LISSE;"38185";AUCUN;EN AGGLOMERATION;;;;EN SERVICE;LISSE;ROLLER;2023-09-19;"50";true;;;OpenStreetMap;WGS84;"cadastre-dgi-fr source : Direction Générale des Impôts - Cadastre ; mise à jour : 2010"
5.7278825;45.18186125045;;;;way/488546771;;"38185";VOIE VERTE;AIRE PIETONNE;BIDIRECTIONNEL;"1.5";TROTTOIR;EN SERVICE;LISSE;"38185";AUCUN;;;"1.5";;EN SERVICE;LISSE;;2024-11-10;;true;;;OpenStreetMap;WGS84;"cadastre-dgi-fr source : Direction Générale des Impôts - Cadastre ; mise à jour : 2009"
5.72768028379638;45.1818136802032;;;;way/292453879;;"38185";PISTE CYCLABLE;;UNIDIRECTIONNEL;;TROTTOIR;EN SERVICE;LISSE;"38185";AUCUN;;;;CHAUSSEE;EN SERVICE;LISSE;;2022-10-23;;true;;;OpenStreetMap;WGS84;"cadastre-dgi-fr source : Direction Générale des Impôts - Cadastre ; mise à jour : 2009"
5.72768335505166;45.1817719059004;;;;way/488546755;;"38185";AMENAGEMENT MIXTE PIETON VELO HORS VOIE VERTE;AIRE PIETONNE;BIDIRECTIONNEL;;TROTTOIR;EN SERVICE;LISSE;"38185";AUCUN;;;;;EN SERVICE;LISSE;;2022-10-23;;true;;;OpenStreetMap;WGS84;"cadastre-dgi-fr source : Direction Générale des Impôts - Cadastre;mise à jour : 2009"
5.7279233;45.1818699004501;;;;way/488546758;;"38185";VOIE VERTE;;BIDIRECTIONNEL;;CHAUSSEE;EN SERVICE;LISSE;"38185";AUCUN;;;;;EN SERVICE;LISSE;;2022-10-23;;true;;;OpenStreetMap;WGS84;"cadastre-dgi-fr source : Direction Générale des Impôts - Cadastre ; mise à jour : 2009"
5.72833475;45.1818990504575;;;;way/1054001598;;"38185";VOIE VERTE;AIRE PIETONNE;BIDIRECTIONNEL;;TROTTOIR;EN SERVICE;LISSE;"38185";AUCUN;;;;;EN SERVICE;LISSE;;2024-07-08;;true;;;OpenStreetMap;WGS84;"cadastre-dgi-fr source : Direction Générale des Impôts - Cadastre ; mise à jour : 2009"
5.7279222;45.1819956504514;;;;way/488546770;;"38185";VOIE VERTE;AIRE PIETONNE;BIDIRECTIONNEL;;TROTTOIR;EN SERVICE;LISSE;"38185";AUCUN;;;;;EN SERVICE;LISSE;ROLLER;2023-12-06;;true;;;OpenStreetMap;WGS84;"cadastre-dgi-fr source : Direction Générale des Impôts - Cadastre ; mise à jour : 2009"
5.72761505;45.1823007004515;;;;way/488546764;;"38185";VOIE VERTE;AIRE PIETONNE;BIDIRECTIONNEL;;TROTTOIR;EN SERVICE;LISSE;"38185";AUCUN;;;;;EN SERVICE;LISSE;;2022-10-23;;true;;;OpenStreetMap;WGS84;"cadastre-dgi-fr source : Direction Générale des Impôts - Cadastre ; mise à jour : 2009"
5.7275458;45.1822902504532;;;;way/488546781;;"38185";VOIE VERTE;AIRE PIETONNE;BIDIRECTIONNEL;"1.5";TROTTOIR;EN SERVICE;LISSE;"38185";AUCUN;;;"1.5";;EN SERVICE;LISSE;;2024-11-19;;true;;;OpenStreetMap;WGS84;"cadastre-dgi-fr source : Direction Générale des Impôts - Cadastre ; mise à jour : 2009"
5.72741065765298;45.1821574214972;D 1090;;;way/5990179;;"38185";AUTRE;EN AGGLOMERATION;UNIDIRECTIONNEL;;CHAUSSEE;EN SERVICE;LISSE;"38185";AUCUN;EN AGGLOMERATION;;;;EN SERVICE;LISSE;ROLLER;2023-09-19;"50";true;;;OpenStreetMap;WGS84;"cadastre-dgi-fr source : Direction Générale des Impôts - Cadastre ; mise à jour : 2010"
5.72746047924832;45.1823181215676;;;;way/488546782;;"38185";VOIE VERTE;AIRE PIETONNE;BIDIRECTIONNEL;;TROTTOIR;EN SERVICE;LISSE;"38185";AUCUN;;;;;EN SERVICE;LISSE;ROLLER;2023-09-19;;true;;;OpenStreetMap;WGS84;"cadastre-dgi-fr source : Direction Générale des Impôts - Cadastre ; mise à jour : 2009"
5.72762193586283;45.1823226668866;;;;way/488546785;;"38185";VOIE VERTE;AIRE PIETONNE;BIDIRECTIONNEL;;TROTTOIR;EN SERVICE;LISSE;"38185";AUCUN;;;;;EN SERVICE;LISSE;ROLLER;2023-09-19;;true;;;OpenStreetMap;WGS84;"cadastre-dgi-fr source : Direction Générale des Impôts - Cadastre ; mise à jour : 2009"
5.72823382845085;45.1825896959951;;;;way/47067964;;"38185";VOIE VERTE;AIRE PIETONNE;BIDIRECTIONNEL;;TROTTOIR;EN SERVICE;LISSE;"38185";AUCUN;;;;;EN SERVICE;LISSE;;2022-10-23;;true;;;OpenStreetMap;WGS84;"cadastre-dgi-fr source : Direction Générale des Impôts - Cadastre ; mise à jour : 2009"
5.72834622986973;45.1825440748101;D 1090;;;way/237147537;;"38185";AUTRE;EN AGGLOMERATION;UNIDIRECTIONNEL;;CHAUSSEE;EN SERVICE;LISSE;"38185";AUCUN;EN AGGLOMERATION;;;;EN SERVICE;LISSE;ROLLER;2024-06-24;"50";true;;;OpenStreetMap;WGS84;cadastre-dgi-fr source : Direction Générale des Impôts - Cadastre. Mise à jour : 2009
5.72837077617068;45.182647528731;;;;way/488546787;;"38185";VOIE VERTE;AIRE PIETONNE;BIDIRECTIONNEL;;TROTTOIR;EN SERVICE;LISSE;"38185";AUCUN;;;;;EN SERVICE;LISSE;ROLLER;2024-05-24;;true;;;OpenStreetMap;WGS84;"cadastre-dgi-fr source : Direction Générale des Impôts - Cadastre ; mise à jour : 2009"
5.727091408308;45.182723749788;;;;way/488546778;;"38185";VOIE VERTE;;UNIDIRECTIONNEL;;CHAUSSEE;EN SERVICE;LISSE;"38185";AUCUN;;;;;EN SERVICE;LISSE;;2022-10-21;;true;;;OpenStreetMap;WGS84;"cadastre-dgi-fr source : Direction Générale des Impôts - Cadastre ; mise à jour : 2009"
5.7127241044072;45.1776149353239;;;;way/172639631;;"38185";VOIE VERTE;;BIDIRECTIONNEL;;CHAUSSEE;EN SERVICE;LISSE;"38185";AUCUN;;;;;EN SERVICE;LISSE;ROLLER;2023-12-13;;true;;;OpenStreetMap;WGS84;cadastre-dgi-fr source : Direction Générale des Impôts - Cadastre. Mise à jour : 2012
5.71437183050641;45.1802468497814;;;;way/751818601;;"38185";AMENAGEMENT MIXTE PIETON VELO HORS VOIE VERTE;AIRE PIETONNE;BIDIRECTIONNEL;;TROTTOIR;EN SERVICE;LISSE;"38185";AUCUN;;;;;EN SERVICE;LISSE;ROLLER;2023-09-12;;true;;;OpenStreetMap;WGS84;
5.7143788143506;45.1801498009912;;;;way/751818602;;"38185";AMENAGEMENT MIXTE PIETON VELO HORS VOIE VERTE;AIRE PIETONNE;BIDIRECTIONNEL;;TROTTOIR;EN SERVICE;LISSE;"38185";AUCUN;;;;;EN SERVICE;LISSE;ROLLER;2023-09-12;;true;;;OpenStreetMap;WGS84;
5.71503310536346;45.180430727268;;;;way/818749881;;"38185";VOIE VERTE;AIRE PIETONNE;BIDIRECTIONNEL;;TROTTOIR;EN SERVICE;LISSE;"38185";AUCUN;;;;;EN SERVICE;LISSE;;2022-10-21;;true;;;OpenStreetMap;WGS84;"cadastre-dgi-fr source : Direction Générale des Impôts - Cadastre ; mise à jour : 2009"
5.7127723;45.1803338504556;;;;way/751818147;;"38185";VOIE VERTE;AIRE PIETONNE;BIDIRECTIONNEL;;TROTTOIR;EN SERVICE;LISSE;"38185";AUCUN;;;;;EN SERVICE;LISSE;;2022-09-26;;true;;;OpenStreetMap;WGS84;
5.7150228792081;45.1803606667015;D 1532;;;way/1068227001;;"38185";AUTRE;EN AGGLOMERATION;UNIDIRECTIONNEL;;CHAUSSEE;EN SERVICE;LISSE;"38185";AUCUN;EN AGGLOMERATION;;;;EN SERVICE;LISSE;ROLLER;2023-09-19;"50";true;;;OpenStreetMap;WGS84;
5.71410518351709;45.1809165511717;;;;way/1068224107;;"38185";AUTRE;ZONE 30;;;;EN SERVICE;LISSE;"38185";DOUBLE SENS CYCLABLE NON MATERIALISE;ZONE 30;UNIDIRECTIONNEL;;CHAUSSEE;EN SERVICE;LISSE;;2024-08-12;"30";true;;;OpenStreetMap;WGS84;cadastre-dgi-fr source : Direction Générale des Impôts - Cadastre. Mise à jour : 2012
5.71452988176434;45.1804050112389;;;;way/818749880;;"38185";VOIE VERTE;AIRE PIETONNE;BIDIRECTIONNEL;;TROTTOIR;EN SERVICE;LISSE;"38185";AUCUN;;;;;EN SERVICE;LISSE;;2022-10-21;;true;;;OpenStreetMap;WGS84;"cadastre-dgi-fr source : Direction Générale des Impôts - Cadastre ; mise à jour : 2009"
5.70993235;45.1802812004501;;;;way/818377596;;"38185";PISTE CYCLABLE;;UNIDIRECTIONNEL;;TROTTOIR;EN SERVICE;LISSE;"38185";AUCUN;;;;;EN SERVICE;LISSE;;2022-10-21;;true;;;OpenStreetMap;WGS84;
5.71115822175913;45.1802284999337;;;;way/1077151469;;"38185";AMENAGEMENT MIXTE PIETON VELO HORS VOIE VERTE;AIRE PIETONNE;BIDIRECTIONNEL;;TROTTOIR;EN SERVICE;LISSE;"38185";AUCUN;;;;;EN SERVICE;LISSE;;2022-07-09;;true;;;OpenStreetMap;WGS84;
5.71075509878456;45.1803048232068;;;;way/818377594;;"38185";VOIE VERTE;AIRE PIETONNE;BIDIRECTIONNEL;;TROTTOIR;EN SERVICE;LISSE;"38185";AUCUN;;;;;EN SERVICE;LISSE;;2022-10-21;;true;;;OpenStreetMap;WGS84;"cadastre-dgi-fr source : Direction Générale des Impôts - Cadastre ; mise à jour : 2009"
5.71020566981151;45.1806010457057;;;;way/30819888;;"38185";AUTRE;EN AGGLOMERATION;;;;EN SERVICE;LISSE;"38185";DOUBLE SENS CYCLABLE NON MATERIALISE;EN AGGLOMERATION;UNIDIRECTIONNEL;;CHAUSSEE;EN SERVICE;LISSE;;2023-05-26;"30";true;;;OpenStreetMap;WGS84;
5.71133084884038;45.180320072091;;;;way/866572229;;"38185";VOIE VERTE;AIRE PIETONNE;BIDIRECTIONNEL;;TROTTOIR;EN SERVICE;LISSE;"38185";AUCUN;;;;;EN SERVICE;LISSE;;2022-10-21;;true;;;OpenStreetMap;WGS84;"cadastre-dgi-fr source : Direction Générale des Impôts - Cadastre ; mise à jour : 2009"
5.71160113384714;45.180155950221;;;;way/751816462;;"38185";AMENAGEMENT MIXTE PIETON VELO HORS VOIE VERTE;AIRE PIETONNE;BIDIRECTIONNEL;;TROTTOIR;EN SERVICE;LISSE;"38185";AUCUN;;;;;EN SERVICE;LISSE;;2022-06-01;;true;;;OpenStreetMap;WGS84;
5.71227335;45.180019950451;;;;way/818749929;;"38185";PISTE CYCLABLE;;UNIDIRECTIONNEL;;TROTTOIR;EN SERVICE;LISSE;"38185";AUCUN;;;;;EN SERVICE;LISSE;ROLLER;2023-12-13;;true;;;OpenStreetMap;WGS84;
5.71184785210634;45.1800002243377;;;;way/818377588;;"38185";AUTRE;;UNIDIRECTIONNEL;;CHAUSSEE;EN SERVICE;;"38185";AUCUN;;;;CHAUSSEE;EN SERVICE;;;2022-10-21;;true;;;OpenStreetMap;WGS84;
5.71141049076271;45.1798200308109;;;;way/5990164;;"38185";AUTRE;EN AGGLOMERATION;UNIDIRECTIONNEL;;CHAUSSEE;EN SERVICE;LISSE;"38185";AUTRE;EN AGGLOMERATION;UNIDIRECTIONNEL;;CHAUSSEE;EN SERVICE;LISSE;;2024-08-28;"30";true;;;OpenStreetMap;WGS84;
5.71077029919341;45.179963746854;;;;way/818377591;;"38185";VOIE VERTE;AIRE PIETONNE;BIDIRECTIONNEL;"1.5";TROTTOIR;EN SERVICE;LISSE;"38185";AUCUN;;;"1.5";;EN SERVICE;LISSE;;2023-05-24;;true;;;OpenStreetMap;WGS84;"cadastre-dgi-fr source : Direction Générale des Impôts - Cadastre ; mise à jour : 2009"
5.71038248263008;45.180024001324;;;;way/1060099083;;"38185";AMENAGEMENT MIXTE PIETON VELO HORS VOIE VERTE;AIRE PIETONNE;BIDIRECTIONNEL;;TROTTOIR;EN SERVICE;LISSE;"38185";AUCUN;;;;;EN SERVICE;LISSE;;2022-05-14;;true;;;OpenStreetMap;WGS84;
5.71019285;45.1799685004507;;;;way/818377597;;"38185";PISTE CYCLABLE;;UNIDIRECTIONNEL;;TROTTOIR;EN SERVICE;LISSE;"38185";AUCUN;;;;;EN SERVICE;LISSE;;2022-10-21;;true;;;OpenStreetMap;WGS84;
5.71075185;45.178567101079;;;;way/1164465174;;"38185";BANDE CYCLABLE;EN AGGLOMERATION;UNIDIRECTIONNEL;;CHAUSSEE;EN SERVICE;LISSE;"38185";BANDE CYCLABLE;EN AGGLOMERATION;UNIDIRECTIONNEL;;CHAUSSEE;EN SERVICE;LISSE;;2023-04-21;"30";true;;;OpenStreetMap;WGS84;
5.71019075304558;45.1778003590432;;;;way/1164465203;;"38185";BANDE CYCLABLE;EN AGGLOMERATION;UNIDIRECTIONNEL;;CHAUSSEE;EN SERVICE;LISSE;"38185";BANDE CYCLABLE;EN AGGLOMERATION;UNIDIRECTIONNEL;;CHAUSSEE;EN SERVICE;LISSE;;2024-06-21;"30";true;;;OpenStreetMap;WGS84;
5.71200739849656;45.1856616382455;;;;way/1068115564;;"38185";AUTRE;EN AGGLOMERATION;UNIDIRECTIONNEL;;CHAUSSEE;EN SERVICE;LISSE;"38185";AUTRE;EN AGGLOMERATION;UNIDIRECTIONNEL;;CHAUSSEE;EN SERVICE;LISSE;;2024-08-12;"30";true;;;OpenStreetMap;WGS84;
5.71138379146425;45.1854335333955;;;;way/40416166;;"38185";AUTRE;EN AGGLOMERATION;UNIDIRECTIONNEL;;CHAUSSEE;EN SERVICE;LISSE;"38185";AUTRE;EN AGGLOMERATION;UNIDIRECTIONNEL;;CHAUSSEE;EN SERVICE;LISSE;;2024-08-12;"30";true;;;OpenStreetMap;WGS84;
5.71415559766538;45.1833582544281;;;;way/168249902;;"38185";AMENAGEMENT MIXTE PIETON VELO HORS VOIE VERTE;AIRE PIETONNE;BIDIRECTIONNEL;;TROTTOIR;EN SERVICE;RUGUEUX;"38185";AUCUN;;;;;EN SERVICE;RUGUEUX;;2023-08-09;;true;;;OpenStreetMap;WGS84;
5.70355254907198;45.1801580653841;;;;way/818117438;;"38185";VOIE VERTE;;BIDIRECTIONNEL;;CHAUSSEE;EN SERVICE;LISSE;"38185";AUCUN;;UNIDIRECTIONNEL;;;EN SERVICE;LISSE;;2024-07-06;;true;;;OpenStreetMap;WGS84;
5.70368125;45.1801618504501;;;;way/818117439;;"38185";VOIE VERTE;;BIDIRECTIONNEL;;CHAUSSEE;EN SERVICE;LISSE;"38185";AUCUN;;;;;EN SERVICE;LISSE;;2024-07-06;;true;;;OpenStreetMap;WGS84;
5.70383458980827;45.1801756786026;;;;way/338531460;;"38185";VOIE VERTE;;BIDIRECTIONNEL;;CHAUSSEE;EN SERVICE;LISSE;"38185";AUCUN;;UNIDIRECTIONNEL;;;EN SERVICE;LISSE;;2024-07-06;;true;;;OpenStreetMap;WGS84;
5.71818915;45.1754356004714;;;;way/423667793;;"38185";AMENAGEMENT MIXTE PIETON VELO HORS VOIE VERTE;AIRE PIETONNE;BIDIRECTIONNEL;;TROTTOIR;EN SERVICE;LISSE;"38185";AUCUN;;;;;EN SERVICE;LISSE;;2021-04-25;;false;;;OpenStreetMap;WGS84;
5.72030747288603;45.1756068023711;;;;way/433078587;;"38185";AMENAGEMENT MIXTE PIETON VELO HORS VOIE VERTE;AIRE PIETONNE;BIDIRECTIONNEL;;TROTTOIR;EN SERVICE;LISSE;"38185";AUCUN;;;;;EN SERVICE;LISSE;;2021-12-19;;true;;;OpenStreetMap;WGS84;
5.7213261990634;45.1763278667045;;;;way/70845453;;"38185";AMENAGEMENT MIXTE PIETON VELO HORS VOIE VERTE;AIRE PIETONNE;BIDIRECTIONNEL;;TROTTOIR;EN SERVICE;MEUBLE;"38185";AUCUN;;;;;EN SERVICE;MEUBLE;VELO DE ROUTE;2023-09-20;;false;;;OpenStreetMap;WGS84;cadastre-dgi-fr source : Direction Générale des Impôts - Cadastre. Mise à jour : 2010
5.71973038188462;45.1767344398313;;;;way/70845452;;"38185";AMENAGEMENT MIXTE PIETON VELO HORS VOIE VERTE;AIRE PIETONNE;BIDIRECTIONNEL;;TROTTOIR;EN SERVICE;MEUBLE;"38185";AUCUN;;;;;EN SERVICE;MEUBLE;VELO DE ROUTE;2023-09-20;;true;;;OpenStreetMap;WGS84;cadastre-dgi-fr source : Direction Générale des Impôts - Cadastre. Mise à jour : 2010
5.71889845;45.1765136004591;;;;way/423668407;;"38185";AMENAGEMENT MIXTE PIETON VELO HORS VOIE VERTE;AIRE PIETONNE;BIDIRECTIONNEL;;TROTTOIR;EN SERVICE;RUGUEUX;"38185";AUCUN;;;;;EN SERVICE;RUGUEUX;;2021-12-19;;true;;;OpenStreetMap;WGS84;
5.71905115;45.1759421504815;;;;way/423435883;;"38185";AMENAGEMENT MIXTE PIETON VELO HORS VOIE VERTE;AIRE PIETONNE;BIDIRECTIONNEL;;TROTTOIR;EN SERVICE;LISSE;"38185";AUCUN;;;;;EN SERVICE;LISSE;;2021-04-19;;false;;;OpenStreetMap;WGS84;
5.71917539657938;45.1752730507091;;;;way/422852311;;"38185";AMENAGEMENT MIXTE PIETON VELO HORS VOIE VERTE;AIRE PIETONNE;BIDIRECTIONNEL;;TROTTOIR;EN SERVICE;LISSE;"38185";AUCUN;;;;;EN SERVICE;LISSE;;2021-04-18;;true;;;OpenStreetMap;WGS84;
5.7188395;45.1753276004594;;;;way/932036516;;"38185";AMENAGEMENT MIXTE PIETON VELO HORS VOIE VERTE;AIRE PIETONNE;BIDIRECTIONNEL;;TROTTOIR;EN SERVICE;LISSE;"38185";AUCUN;;;;;EN SERVICE;LISSE;;2021-04-20;;false;;;OpenStreetMap;WGS84;
5.71765460652831;45.1756411769855;;;;way/96756383;;"38185";AMENAGEMENT MIXTE PIETON VELO HORS VOIE VERTE;AIRE PIETONNE;BIDIRECTIONNEL;;TROTTOIR;EN SERVICE;LISSE;"38185";AUCUN;;;;;EN SERVICE;LISSE;;2021-04-24;;false;;;OpenStreetMap;WGS84;GPS
5.71706745;45.1756036504511;;;;way/965596684;;"38185";AMENAGEMENT MIXTE PIETON VELO HORS VOIE VERTE;AIRE PIETONNE;BIDIRECTIONNEL;;TROTTOIR;EN SERVICE;LISSE;"38185";AUCUN;;;;;EN SERVICE;LISSE;;2021-07-19;;false;;;OpenStreetMap;WGS84;Bing
5.71717578669199;45.1757631460701;;;;way/96756370;;"38185";AMENAGEMENT MIXTE PIETON VELO HORS VOIE VERTE;AIRE PIETONNE;BIDIRECTIONNEL;;TROTTOIR;EN SERVICE;LISSE;"38185";AUCUN;;;;;EN SERVICE;LISSE;ROLLER;2024-05-09;;false;;;OpenStreetMap;WGS84;Bing
5.71748225;45.1759226004508;;;;way/686912462;;"38185";PISTE CYCLABLE;;BIDIRECTIONNEL;;TROTTOIR;EN SERVICE;LISSE;"38185";AUCUN;;;;;EN SERVICE;LISSE;;2020-11-21;;true;;;OpenStreetMap;WGS84;
5.71569716276942;45.177449869817;;;;way/463254682;;"38185";PISTE CYCLABLE;;UNIDIRECTIONNEL;;TROTTOIR;EN SERVICE;LISSE;"38185";AUCUN;;;;;EN SERVICE;LISSE;ROLLER;2023-09-20;;true;;;OpenStreetMap;WGS84;
5.71798753450502;45.1769531495463;;;;way/442655079;;"38185";AMENAGEMENT MIXTE PIETON VELO HORS VOIE VERTE;AIRE PIETONNE;BIDIRECTIONNEL;;TROTTOIR;EN SERVICE;LISSE;"38185";AUCUN;;;;;EN SERVICE;LISSE;ROLLER;2023-09-20;;true;;;OpenStreetMap;WGS84;
5.7177681;45.1771805504512;;;;way/175839799;;"38185";AMENAGEMENT MIXTE PIETON VELO HORS VOIE VERTE;;BIDIRECTIONNEL;;CHAUSSEE;EN SERVICE;LISSE;"38185";AUCUN;;;;;EN SERVICE;LISSE;ROLLER;2023-09-20;;;;;OpenStreetMap;WGS84;"cadastre-dgi-fr source : Direction Générale des Impôts - Cadastre;mise à jour : 2010"
5.7176997;45.1771916004504;;;;way/965596689;;"38185";AMENAGEMENT MIXTE PIETON VELO HORS VOIE VERTE;;BIDIRECTIONNEL;;CHAUSSEE;EN SERVICE;LISSE;"38185";AUCUN;;;;;EN SERVICE;LISSE;ROLLER;2023-09-20;;;;;OpenStreetMap;WGS84;"cadastre-dgi-fr source : Direction Générale des Impôts - Cadastre;mise à jour : 2010"
5.7178805;45.1772875504532;;;;way/195301831;;"38185";AMENAGEMENT MIXTE PIETON VELO HORS VOIE VERTE;AIRE PIETONNE;BIDIRECTIONNEL;;TROTTOIR;EN SERVICE;LISSE;"38185";AUCUN;;;;;EN SERVICE;LISSE;ROLLER;2023-09-20;;true;;;OpenStreetMap;WGS84;"cadastre-dgi-fr source : Direction Générale des Impôts - Cadastre ; mise à jour : 2010"
5.71888451343329;45.1770525661934;;;;way/286823049;;"38185";AMENAGEMENT MIXTE PIETON VELO HORS VOIE VERTE;AIRE PIETONNE;BIDIRECTIONNEL;;TROTTOIR;EN SERVICE;MEUBLE;"38185";AUCUN;;;;;EN SERVICE;MEUBLE;VELO DE ROUTE;2023-09-20;;true;;;OpenStreetMap;WGS84;
5.71983072740735;45.1775113796767;;;;way/756643269;;"38185";AMENAGEMENT MIXTE PIETON VELO HORS VOIE VERTE;AIRE PIETONNE;BIDIRECTIONNEL;;TROTTOIR;EN SERVICE;MEUBLE;"38185";AUCUN;;;;;EN SERVICE;MEUBLE;VELO DE ROUTE;2023-09-20;;true;;;OpenStreetMap;WGS84;cadastre-dgi-fr source : Direction Générale des Impôts - Cadastre. Mise à jour : 2010
5.71987925;45.1771269504515;;;;way/756643268;;"38185";AMENAGEMENT MIXTE PIETON VELO HORS VOIE VERTE;AIRE PIETONNE;BIDIRECTIONNEL;;TROTTOIR;EN SERVICE;MEUBLE;"38185";AUCUN;;;;;EN SERVICE;MEUBLE;VELO DE ROUTE;2023-09-20;;true;;;OpenStreetMap;WGS84;cadastre-dgi-fr source : Direction Générale des Impôts - Cadastre. Mise à jour : 2010
5.7210611;45.1770462012672;;;;way/871643835;;"38185";AMENAGEMENT MIXTE PIETON VELO HORS VOIE VERTE;AIRE PIETONNE;BIDIRECTIONNEL;;TROTTOIR;EN SERVICE;MEUBLE;"38185";AUCUN;;;;;EN SERVICE;MEUBLE;VELO DE ROUTE;2023-09-20;;false;;;OpenStreetMap;WGS84;
5.72247006860991;45.1772645782072;;;;way/4014387;;"38185";AUTRE;EN AGGLOMERATION;UNIDIRECTIONNEL;;CHAUSSEE;EN SERVICE;LISSE;"38185";AUTRE;EN AGGLOMERATION;UNIDIRECTIONNEL;;CHAUSSEE;EN SERVICE;LISSE;;2024-08-12;"30";true;;;OpenStreetMap;WGS84;
5.72230074300082;45.1772436607255;;;;way/9511185;;"38185";PISTE CYCLABLE;;BIDIRECTIONNEL;;TROTTOIR;EN SERVICE;LISSE;"38185";AUCUN;;;;;EN SERVICE;LISSE;;2023-02-15;;true;;;OpenStreetMap;WGS84;
5.72607265;45.1759567504612;;;;way/488546745;;"38185";BANDE CYCLABLE;EN AGGLOMERATION;UNIDIRECTIONNEL;;CHAUSSEE;EN SERVICE;LISSE;"38185";AUCUN;EN AGGLOMERATION;;;;EN SERVICE;LISSE;;2022-12-02;"50";true;;;OpenStreetMap;WGS84;
5.72585795049092;45.1756996701422;;;;way/434751506;;"38185";BANDE CYCLABLE;EN AGGLOMERATION;UNIDIRECTIONNEL;;CHAUSSEE;EN SERVICE;LISSE;"38185";AUCUN;EN AGGLOMERATION;;;;EN SERVICE;LISSE;;2022-10-27;"50";true;;;OpenStreetMap;WGS84;
5.7256693;45.1753418004571;;;;way/881571866;;"38185";BANDE CYCLABLE;EN AGGLOMERATION;UNIDIRECTIONNEL;;CHAUSSEE;EN SERVICE;LISSE;"38185";AUCUN;EN AGGLOMERATION;;;;EN SERVICE;LISSE;;2024-09-23;"50";true;;;OpenStreetMap;WGS84;
5.72569615;45.1753789004514;;;;way/913458941;;"38185";BANDE CYCLABLE;EN AGGLOMERATION;UNIDIRECTIONNEL;;CHAUSSEE;EN SERVICE;LISSE;"38185";AUCUN;EN AGGLOMERATION;;;;EN SERVICE;LISSE;;2022-09-01;"50";true;;;OpenStreetMap;WGS84;
5.72528978985768;45.1752622552839;;;;way/237147562;;"38185";BANDE CYCLABLE;EN AGGLOMERATION;UNIDIRECTIONNEL;;CHAUSSEE;EN SERVICE;LISSE;"38185";AUCUN;EN AGGLOMERATION;;;;EN SERVICE;LISSE;;2024-01-21;"30";true;;;OpenStreetMap;WGS84;
5.72491009413917;45.1753762002152;;;;way/582231112;;"38185";PISTE CYCLABLE;;BIDIRECTIONNEL;;TROTTOIR;EN SERVICE;LISSE;"38185";AUCUN;;;;;EN SERVICE;LISSE;;2023-11-10;;true;;;OpenStreetMap;WGS84;
5.72520962138891;45.1744395471963;;;;way/913458947;;"38185";BANDE CYCLABLE;EN AGGLOMERATION;UNIDIRECTIONNEL;;CHAUSSEE;EN SERVICE;LISSE;"38185";DOUBLE SENS CYCLABLE NON MATERIALISE;EN AGGLOMERATION;UNIDIRECTIONNEL;;CHAUSSEE;EN SERVICE;LISSE;;2024-01-05;"50";true;;;OpenStreetMap;WGS84;
5.72528667562022;45.1749164057901;;;;way/231929157;;"38185";PISTE CYCLABLE;;UNIDIRECTIONNEL;;TROTTOIR;EN SERVICE;LISSE;"38185";AUCUN;;;;;EN SERVICE;LISSE;;2022-08-29;;true;;;OpenStreetMap;WGS84;
5.72533980318743;45.1748810428286;;;;way/101573;;"38185";BANDE CYCLABLE;EN AGGLOMERATION;UNIDIRECTIONNEL;;CHAUSSEE;EN SERVICE;LISSE;"38185";AUCUN;EN AGGLOMERATION;;;;EN SERVICE;LISSE;;2024-02-17;"50";true;;;OpenStreetMap;WGS84;
5.72550172468344;45.1748094546174;;;;way/4014403;;"38185";BANDE CYCLABLE;EN AGGLOMERATION;UNIDIRECTIONNEL;;CHAUSSEE;EN SERVICE;LISSE;"38185";AUCUN;EN AGGLOMERATION;;;;EN SERVICE;LISSE;;2022-11-20;"50";true;;;OpenStreetMap;WGS84;
5.72566632323442;45.1749955899849;;;;way/1222448729;;"38185";PISTE CYCLABLE;;BIDIRECTIONNEL;;TROTTOIR;EN SERVICE;LISSE;"38185";AUCUN;;;;;EN SERVICE;LISSE;;2023-11-10;;true;;;OpenStreetMap;WGS84;
5.7256653;45.175136550561;;;;way/237147553;;"38185";BANDE CYCLABLE;EN AGGLOMERATION;UNIDIRECTIONNEL;;CHAUSSEE;EN SERVICE;LISSE;"38185";AUCUN;EN AGGLOMERATION;;;;EN SERVICE;LISSE;;2024-02-17;"50";true;;;OpenStreetMap;WGS84;
5.72509079748383;45.174081741875;;;;way/237147547;;"38185";COULOIR BUS+VELO;EN AGGLOMERATION;UNIDIRECTIONNEL;;CHAUSSEE;EN SERVICE;LISSE;"38185";AUCUN;EN AGGLOMERATION;;;;EN SERVICE;LISSE;;2022-11-20;"50";true;;;OpenStreetMap;WGS84;
5.74398641383859;45.1777370388298;;;;way/194091764;;"38185";BANDE CYCLABLE;ZONE 30;UNIDIRECTIONNEL;;CHAUSSEE;EN SERVICE;LISSE;"38185";BANDE CYCLABLE;ZONE 30;UNIDIRECTIONNEL;;CHAUSSEE;EN SERVICE;LISSE;;2025-01-17;"30";true;;;OpenStreetMap;WGS84;
5.74443590369264;45.1792214173522;;;;way/411479223;;"38185";AMENAGEMENT MIXTE PIETON VELO HORS VOIE VERTE;AIRE PIETONNE;BIDIRECTIONNEL;;TROTTOIR;EN SERVICE;MEUBLE;"38185";AUCUN;;;;;EN SERVICE;MEUBLE;;2020-01-01;;;;;OpenStreetMap;WGS84;
5.74413342844644;45.1798211868093;;;;way/411479222;;"38185";AMENAGEMENT MIXTE PIETON VELO HORS VOIE VERTE;AIRE PIETONNE;BIDIRECTIONNEL;;TROTTOIR;EN SERVICE;MEUBLE;"38185";AUCUN;;;;;EN SERVICE;MEUBLE;;2016-12-29;;;;;OpenStreetMap;WGS84;
5.74391019511965;45.1799966265769;;;;way/411479220;;"38185";AMENAGEMENT MIXTE PIETON VELO HORS VOIE VERTE;AIRE PIETONNE;BIDIRECTIONNEL;;TROTTOIR;EN SERVICE;MEUBLE;"38185";AUCUN;;;;;EN SERVICE;MEUBLE;;2016-12-29;;;;;OpenStreetMap;WGS84;
5.7437479;45.1800378504791;;;;way/411479221;;"38185";AMENAGEMENT MIXTE PIETON VELO HORS VOIE VERTE;AIRE PIETONNE;BIDIRECTIONNEL;;TROTTOIR;EN SERVICE;MEUBLE;"38185";AUCUN;;;;;EN SERVICE;MEUBLE;;2016-12-29;;;;;OpenStreetMap;WGS84;
5.74604931265887;45.1782455412332;;;;way/194091759;;"38185";BANDE CYCLABLE;ZONE 30;UNIDIRECTIONNEL;;CHAUSSEE;EN SERVICE;LISSE;"38185";AUCUN;ZONE 30;;;;EN SERVICE;LISSE;;2024-06-14;"30";;;;OpenStreetMap;WGS84;
5.74483915578106;45.188226945887;;;;way/286867717;;"38185";VOIE VERTE;AIRE PIETONNE;BIDIRECTIONNEL;;TROTTOIR;EN SERVICE;RUGUEUX;"38185";AUCUN;;;;;EN SERVICE;RUGUEUX;VELO DE ROUTE;2024-12-12;;true;;;OpenStreetMap;WGS84;"cadastre-dgi-fr source : Direction Générale des Impôts - Cadastre;mise à jour : 2009"
5.74570043088379;45.1882114335329;D 1087;;;way/24596875;;"38185";AUTRE;EN AGGLOMERATION;UNIDIRECTIONNEL;;CHAUSSEE;EN SERVICE;LISSE;"38185";AUCUN;EN AGGLOMERATION;;;;EN SERVICE;LISSE;ROLLER;2024-07-22;"50";true;;;OpenStreetMap;WGS84;
5.74592121550916;45.188214574433;;;;way/260659008;;"38185";VOIE VERTE;AIRE PIETONNE;BIDIRECTIONNEL;;TROTTOIR;EN SERVICE;LISSE;"38185";AUCUN;;;;;EN SERVICE;LISSE;;2024-09-30;;true;;;OpenStreetMap;WGS84;
5.74593049968028;45.1879447503553;;;;way/52567133;;"38185";VOIE VERTE;AIRE PIETONNE;BIDIRECTIONNEL;"1.5";TROTTOIR;EN SERVICE;LISSE;"38185";AUCUN;;;"1.5";;EN SERVICE;LISSE;;2024-11-10;;true;;;OpenStreetMap;WGS84;
5.74579419496335;45.1881002538609;;;;way/309987460;;"38185";VOIE VERTE;;BIDIRECTIONNEL;;CHAUSSEE;EN SERVICE;LISSE;"38185";AUCUN;;;;;EN SERVICE;LISSE;;2023-04-28;;true;;;OpenStreetMap;WGS84;
5.74477246184514;45.187411645359;;;;way/85816271;;"38185";VOIE VERTE;AIRE PIETONNE;UNIDIRECTIONNEL;;TROTTOIR;EN SERVICE;LISSE;"38185";AUCUN;;;;;EN SERVICE;LISSE;;2024-09-30;;true;;;OpenStreetMap;WGS84;
5.74413443783478;45.1865515223671;;;;way/720178815;;"38185";AMENAGEMENT MIXTE PIETON VELO HORS VOIE VERTE;AIRE PIETONNE;BIDIRECTIONNEL;;TROTTOIR;EN SERVICE;LISSE;"38185";AUCUN;;;;;EN SERVICE;LISSE;ROLLER;2023-09-19;;true;;;OpenStreetMap;WGS84;
5.7435999;45.1863424504658;D 523;;;way/1118869789;;"38185";AUTRE;EN AGGLOMERATION;UNIDIRECTIONNEL;;CHAUSSEE;EN SERVICE;LISSE;"38185";AUCUN;EN AGGLOMERATION;;;;EN SERVICE;LISSE;;2023-09-19;"50";true;;;OpenStreetMap;WGS84;"cadastre-dgi-fr source : Direction Générale des Impôts - Cadastre;mise à jour : 2009"
5.74371049857349;45.1865003879333;D 523;;;way/42823717;;"38185";AUTRE;EN AGGLOMERATION;UNIDIRECTIONNEL;;CHAUSSEE;EN SERVICE;LISSE;"38185";AUCUN;EN AGGLOMERATION;;;;EN SERVICE;LISSE;;2025-01-10;"50";true;;;OpenStreetMap;WGS84;"cadastre-dgi-fr source : Direction Générale des Impôts - Cadastre;mise à jour : 2009"
5.74258520264155;45.1863302338973;;;;way/41740707;;"38185";BANDE CYCLABLE;EN AGGLOMERATION;UNIDIRECTIONNEL;;CHAUSSEE;EN SERVICE;LISSE;"38185";BANDE CYCLABLE;EN AGGLOMERATION;UNIDIRECTIONNEL;;CHAUSSEE;EN SERVICE;LISSE;;2025-01-08;"30";true;;;OpenStreetMap;WGS84;
5.74321241571959;45.1860440247306;D 523;;;way/170083998;;"38185";BANDE CYCLABLE;EN AGGLOMERATION;UNIDIRECTIONNEL;;CHAUSSEE;EN SERVICE;LISSE;"38185";BANDE CYCLABLE;EN AGGLOMERATION;UNIDIRECTIONNEL;;CHAUSSEE;EN SERVICE;LISSE;;2025-01-10;"50";true;;;OpenStreetMap;WGS84;cadastre-dgi-fr source : Direction Générale des Impôts - Cadastre. Mise à jour : 2009
5.74309013058346;45.1853478023933;;;;way/170084002;;"38185";COULOIR BUS+VELO;ZONE 30;UNIDIRECTIONNEL;;CHAUSSEE;EN SERVICE;LISSE;"38185";COULOIR BUS+VELO;ZONE 30;UNIDIRECTIONNEL;;CHAUSSEE;EN SERVICE;LISSE;;2024-04-07;"30";true;;;OpenStreetMap;WGS84;
5.74260664468719;45.1856358048528;D 523;;;way/1133551904;;"38185";BANDE CYCLABLE;EN AGGLOMERATION;UNIDIRECTIONNEL;;CHAUSSEE;EN SERVICE;LISSE;"38185";BANDE CYCLABLE;EN AGGLOMERATION;UNIDIRECTIONNEL;;CHAUSSEE;EN SERVICE;LISSE;;2025-01-10;"50";true;;;OpenStreetMap;WGS84;cadastre-dgi-fr source : Direction Générale des Impôts - Cadastre. Mise à jour : 2009
5.74265679884572;45.1856804946295;;;;way/343750903;;"38185";AMENAGEMENT MIXTE PIETON VELO HORS VOIE VERTE;AIRE PIETONNE;BIDIRECTIONNEL;;TROTTOIR;EN SERVICE;LISSE;"38185";AUCUN;;;;;EN SERVICE;LISSE;;2021-04-24;;true;;;OpenStreetMap;WGS84;
5.74304546750308;45.1869376200423;;;;way/26733970;;"38185";BANDE CYCLABLE;EN AGGLOMERATION;UNIDIRECTIONNEL;;CHAUSSEE;EN SERVICE;LISSE;"38185";AUTRE;EN AGGLOMERATION;UNIDIRECTIONNEL;;CHAUSSEE;EN SERVICE;LISSE;ROLLER;2025-01-08;"30";true;;;OpenStreetMap;WGS84;
5.74372137303669;45.1866611416089;;;;way/260659003;;"38185";VOIE VERTE;;UNIDIRECTIONNEL;;CHAUSSEE;EN SERVICE;LISSE;"38185";AUCUN;;;;;EN SERVICE;LISSE;;2022-08-31;;true;;;OpenStreetMap;WGS84;Bing
5.74406015;45.1866116504583;D 523;;;way/10711429;;"38185";AUTRE;EN AGGLOMERATION;UNIDIRECTIONNEL;;CHAUSSEE;EN SERVICE;LISSE;"38185";AUCUN;EN AGGLOMERATION;;;;EN SERVICE;LISSE;;2024-12-09;"50";true;;;OpenStreetMap;WGS84;
5.74422836556126;45.1865841618194;;;;way/28409446;;"38185";AUTRE;ZONE 30;UNIDIRECTIONNEL;;CHAUSSEE;EN SERVICE;LISSE;"38185";AUCUN;ZONE 30;;;;EN SERVICE;LISSE;ROLLER;2025-01-08;"30";true;;;OpenStreetMap;WGS84;
5.74264085185939;45.1884200213798;;;;way/244086433;;"38185";VOIE VERTE;AIRE PIETONNE;BIDIRECTIONNEL;;TROTTOIR;EN SERVICE;RUGUEUX;"38185";AUCUN;;;;;EN SERVICE;RUGUEUX;;2024-04-02;;true;;;OpenStreetMap;WGS84;"cadastre-dgi-fr source : Direction Générale des Impôts - Cadastre ; mise à jour : 2009"
5.74367460365309;45.1887195311814;;;;way/286867715;;"38185";VOIE VERTE;AIRE PIETONNE;BIDIRECTIONNEL;;TROTTOIR;EN SERVICE;RUGUEUX;"38185";AUCUN;;;;;EN SERVICE;RUGUEUX;;2021-12-27;;true;;;OpenStreetMap;WGS84;
5.7426244;45.1894065004608;;;;way/244086423;;"38185";VOIE VERTE;AIRE PIETONNE;BIDIRECTIONNEL;;TROTTOIR;EN SERVICE;MEUBLE;"38185";AUCUN;;;;;EN SERVICE;MEUBLE;VELO DE ROUTE;2024-12-10;;true;;;OpenStreetMap;WGS84;"cadastre-dgi-fr source : Direction Générale des Impôts - Cadastre ; mise à jour : 2009"
5.70890565;45.1822350518469;;;;way/383310735;;"38185";AUTRE;EN AGGLOMERATION;UNIDIRECTIONNEL;;CHAUSSEE;EN SERVICE;LISSE;"38185";DOUBLE SENS CYCLABLE NON MATERIALISE;EN AGGLOMERATION;UNIDIRECTIONNEL;;CHAUSSEE;EN SERVICE;LISSE;;2022-10-21;"30";true;;;OpenStreetMap;WGS84;
5.70809415;45.1802496004505;;;;way/818377602;;"38185";PISTE CYCLABLE;;UNIDIRECTIONNEL;;TROTTOIR;EN SERVICE;LISSE;"38185";AUCUN;;;;;EN SERVICE;LISSE;;2022-10-21;;true;;;OpenStreetMap;WGS84;
5.70827142044028;45.1801701004889;;;;way/238579436;;"38185";AMENAGEMENT MIXTE PIETON VELO HORS VOIE VERTE;AIRE PIETONNE;BIDIRECTIONNEL;;TROTTOIR;EN SERVICE;LISSE;"38185";AUCUN;;;;;EN SERVICE;LISSE;;2022-04-22;;true;;;OpenStreetMap;WGS84;
5.70827132601059;45.1800939504773;;;;way/985264633;;"38185";AMENAGEMENT MIXTE PIETON VELO HORS VOIE VERTE;AIRE PIETONNE;BIDIRECTIONNEL;;TROTTOIR;EN SERVICE;LISSE;"38185";AUCUN;;;;;EN SERVICE;LISSE;;2022-04-22;;true;;;OpenStreetMap;WGS84;
5.70813540072119;45.1799311149086;;;;way/72135659;;"38185";VOIE VERTE;AIRE PIETONNE;BIDIRECTIONNEL;;TROTTOIR;EN SERVICE;LISSE;"38185";AUCUN;;;;;EN SERVICE;LISSE;;2022-10-21;;true;;;OpenStreetMap;WGS84;"cadastre-dgi-fr source : Direction Générale des Impôts - Cadastre ; mise à jour : 2009"
5.70830405078005;45.1799327589472;;;;way/818377599;;"38185";VOIE VERTE;AIRE PIETONNE;BIDIRECTIONNEL;;TROTTOIR;EN SERVICE;LISSE;"38185";AUCUN;;;;;EN SERVICE;LISSE;;2022-10-21;;true;;;OpenStreetMap;WGS84;"cadastre-dgi-fr source : Direction Générale des Impôts - Cadastre ; mise à jour : 2009"
5.70827122327694;45.1800241504823;;;;way/985264634;;"38185";AMENAGEMENT MIXTE PIETON VELO HORS VOIE VERTE;AIRE PIETONNE;BIDIRECTIONNEL;;TROTTOIR;EN SERVICE;LISSE;"38185";AUCUN;;;;;EN SERVICE;LISSE;;2022-04-22;;true;;;OpenStreetMap;WGS84;
5.70803415;45.1799301504501;;;;way/818377600;;"38185";VOIE VERTE;AIRE PIETONNE;BIDIRECTIONNEL;;TROTTOIR;EN SERVICE;LISSE;"38185";AUCUN;;;;;EN SERVICE;LISSE;;2022-10-21;;true;;;OpenStreetMap;WGS84;"cadastre-dgi-fr source : Direction Générale des Impôts - Cadastre ; mise à jour : 2009"
5.70791572871484;45.1800177999418;D 1532;;;way/4322323;;"38185";AUTRE;EN AGGLOMERATION;UNIDIRECTIONNEL;;CHAUSSEE;EN SERVICE;LISSE;"38185";AUCUN;EN AGGLOMERATION;;;;EN SERVICE;LISSE;ROLLER;2023-12-19;"50";true;;;OpenStreetMap;WGS84;
5.7069834;45.1799094504501;;;;way/818377608;;"38185";VOIE VERTE;AIRE PIETONNE;UNIDIRECTIONNEL;;TROTTOIR;EN SERVICE;LISSE;"38185";AUCUN;;;;;EN SERVICE;LISSE;;2022-10-21;;true;;;OpenStreetMap;WGS84;
5.7066968027123;45.1800688007283;;;;way/238579481;;"38185";AMENAGEMENT MIXTE PIETON VELO HORS VOIE VERTE;AIRE PIETONNE;BIDIRECTIONNEL;;TROTTOIR;EN SERVICE;LISSE;"38185";AUCUN;;;;;EN SERVICE;LISSE;ROLLER;2023-12-19;;true;;;OpenStreetMap;WGS84;
5.70564621570041;45.1798599954638;;;;way/275525743;;"38185";AMENAGEMENT MIXTE PIETON VELO HORS VOIE VERTE;AIRE PIETONNE;BIDIRECTIONNEL;;TROTTOIR;EN SERVICE;LISSE;"38185";AUCUN;;UNIDIRECTIONNEL;;;EN SERVICE;LISSE;ROLLER;2023-12-19;;true;;;OpenStreetMap;WGS84;
5.70532955;45.1781249005413;;;;way/1120992846;;"38185";BANDE CYCLABLE;EN AGGLOMERATION;UNIDIRECTIONNEL;;CHAUSSEE;EN SERVICE;LISSE;"38185";BANDE CYCLABLE;EN AGGLOMERATION;UNIDIRECTIONNEL;;CHAUSSEE;EN SERVICE;LISSE;ROLLER;2023-12-15;"30";true;;;OpenStreetMap;WGS84;
5.70534935;45.1784856005569;;;;way/1120992847;;"38185";BANDE CYCLABLE;EN AGGLOMERATION;UNIDIRECTIONNEL;;CHAUSSEE;EN SERVICE;LISSE;"38185";BANDE CYCLABLE;EN AGGLOMERATION;UNIDIRECTIONNEL;;CHAUSSEE;EN SERVICE;LISSE;ROLLER;2024-06-21;"30";true;;;OpenStreetMap;WGS84;
5.70544268505812;45.1796046173864;;;;way/5989519;;"38185";BANDE CYCLABLE;EN AGGLOMERATION;UNIDIRECTIONNEL;;CHAUSSEE;EN SERVICE;LISSE;"38185";AUCUN;EN AGGLOMERATION;;;;EN SERVICE;LISSE;ROLLER;2023-12-19;"30";true;;;OpenStreetMap;WGS84;
5.7051580559065;45.1798712587763;;;;way/291434975;;"38185";AMENAGEMENT MIXTE PIETON VELO HORS VOIE VERTE;AIRE PIETONNE;BIDIRECTIONNEL;;TROTTOIR;EN SERVICE;LISSE;"38185";AUCUN;;UNIDIRECTIONNEL;;;EN SERVICE;LISSE;;2022-04-22;;true;;;OpenStreetMap;WGS84;
5.70503703220559;45.1800430507938;;;;way/238579448;;"38185";VOIE VERTE;AIRE PIETONNE;BIDIRECTIONNEL;;TROTTOIR;EN SERVICE;LISSE;"38185";AUCUN;;;;;EN SERVICE;LISSE;;2022-05-14;;true;;;OpenStreetMap;WGS84;
5.70548201265507;45.1805851407652;;;;way/110361294;;"38185";BANDE CYCLABLE;EN AGGLOMERATION;UNIDIRECTIONNEL;;CHAUSSEE;EN SERVICE;LISSE;"38185";AUTRE;EN AGGLOMERATION;UNIDIRECTIONNEL;;CHAUSSEE;EN SERVICE;LISSE;;2023-04-10;"30";true;;;OpenStreetMap;WGS84;
5.70540412361617;45.1805830504862;;;;way/85073;;"38185";BANDE CYCLABLE;EN AGGLOMERATION;UNIDIRECTIONNEL;;CHAUSSEE;EN SERVICE;LISSE;"38185";AUTRE;EN AGGLOMERATION;UNIDIRECTIONNEL;;CHAUSSEE;EN SERVICE;LISSE;;2023-04-10;"30";true;;;OpenStreetMap;WGS84;
5.70447260692583;45.1801965350654;;;;way/818377619;;"38185";VOIE VERTE;;BIDIRECTIONNEL;;CHAUSSEE;EN SERVICE;LISSE;"38185";AUCUN;;;;;EN SERVICE;LISSE;;2024-07-06;;true;;;OpenStreetMap;WGS84;
5.70548487306879;45.180231344399;;;;way/85074;;"38185";BANDE CYCLABLE;ZONE 30;UNIDIRECTIONNEL;;CHAUSSEE;EN SERVICE;LISSE;"38185";AUTRE;ZONE 30;UNIDIRECTIONNEL;;CHAUSSEE;EN SERVICE;LISSE;;2023-04-10;"30";true;;;OpenStreetMap;WGS84;
5.70531139481238;45.1802209855929;;;;way/110361295;;"38185";BANDE CYCLABLE;ZONE 30;UNIDIRECTIONNEL;;CHAUSSEE;EN SERVICE;LISSE;"38185";AUTRE;ZONE 30;UNIDIRECTIONNEL;;CHAUSSEE;EN SERVICE;LISSE;;2023-04-10;"30";true;;;OpenStreetMap;WGS84;
5.70567688186545;45.1802546820395;;;;way/109507337;;"38185";AMENAGEMENT MIXTE PIETON VELO HORS VOIE VERTE;AIRE PIETONNE;BIDIRECTIONNEL;;TROTTOIR;EN SERVICE;LISSE;"38185";AUCUN;;UNIDIRECTIONNEL;;;EN SERVICE;LISSE;;2022-04-22;;true;;;OpenStreetMap;WGS84;
5.7063524498008;45.1802286120701;;;;way/338531452;;"38185";VOIE VERTE;AIRE PIETONNE;BIDIRECTIONNEL;;TROTTOIR;EN SERVICE;LISSE;"38185";AUCUN;;;;;EN SERVICE;LISSE;;2022-10-21;;true;;;OpenStreetMap;WGS84;
5.70734005;45.1802355004501;;;;way/818377613;;"38185";PISTE CYCLABLE;;UNIDIRECTIONNEL;;TROTTOIR;EN SERVICE;LISSE;"38185";AUCUN;;;;;EN SERVICE;LISSE;;2022-10-21;;true;;;OpenStreetMap;WGS84;
5.70548955;45.1812010013503;;;;way/1067970782;;"38185";BANDE CYCLABLE;ZONE 30;UNIDIRECTIONNEL;;CHAUSSEE;EN SERVICE;LISSE;"38185";BANDE CYCLABLE;ZONE 30;UNIDIRECTIONNEL;;CHAUSSEE;EN SERVICE;LISSE;;2023-09-28;"30";true;;;OpenStreetMap;WGS84;
5.70551832566371;45.1816774562886;;;;way/1067970784;;"38185";BANDE CYCLABLE;ZONE 30;UNIDIRECTIONNEL;;CHAUSSEE;EN SERVICE;LISSE;"38185";BANDE CYCLABLE;ZONE 30;UNIDIRECTIONNEL;;CHAUSSEE;EN SERVICE;LISSE;;2023-04-10;"30";true;;;OpenStreetMap;WGS84;
5.70552953517692;45.181834627255;;;;way/1067970785;;"38185";BANDE CYCLABLE;ZONE 30;UNIDIRECTIONNEL;;CHAUSSEE;EN SERVICE;LISSE;"38185";BANDE CYCLABLE;ZONE 30;UNIDIRECTIONNEL;;CHAUSSEE;EN SERVICE;LISSE;;2023-04-10;"30";true;;;OpenStreetMap;WGS84;
5.70601845485063;45.1819334593612;;;;way/1068154468;;"38185";AUTRE;EN AGGLOMERATION;UNIDIRECTIONNEL;;CHAUSSEE;EN SERVICE;LISSE;"38185";AUTRE;EN AGGLOMERATION;UNIDIRECTIONNEL;;CHAUSSEE;EN SERVICE;LISSE;;2022-10-21;"30";true;;;OpenStreetMap;WGS84;
5.70570787879284;45.185260896291;;;;way/1068115552;;"38185";BANDE CYCLABLE;ZONE 30;UNIDIRECTIONNEL;;CHAUSSEE;EN SERVICE;LISSE;"38185";BANDE CYCLABLE;ZONE 30;UNIDIRECTIONNEL;;CHAUSSEE;EN SERVICE;LISSE;;2024-09-25;"30";true;;;OpenStreetMap;WGS84;
5.7057251;45.1855853507761;;;;way/1126340969;;"38185";BANDE CYCLABLE;ZONE 30;UNIDIRECTIONNEL;;CHAUSSEE;EN SERVICE;LISSE;"38185";BANDE CYCLABLE;ZONE 30;UNIDIRECTIONNEL;;CHAUSSEE;EN SERVICE;LISSE;;2023-04-11;"30";true;;;OpenStreetMap;WGS84;
5.7057529;45.1860444004642;;;;way/1126340970;;"38185";BANDE CYCLABLE;ZONE 30;UNIDIRECTIONNEL;;CHAUSSEE;EN SERVICE;LISSE;"38185";BANDE CYCLABLE;ZONE 30;UNIDIRECTIONNEL;;CHAUSSEE;EN SERVICE;LISSE;;2023-04-11;"30";true;;;OpenStreetMap;WGS84;
5.70687005;45.1841457504502;;;;way/1068111014;;"38185";AUTRE;ZONE DE RENCONTRE;;;;EN SERVICE;LISSE;"38185";DOUBLE SENS CYCLABLE NON MATERIALISE;ZONE DE RENCONTRE;UNIDIRECTIONNEL;;CHAUSSEE;EN SERVICE;LISSE;;2023-04-27;"30";true;;;OpenStreetMap;WGS84;
5.70567079564741;45.1846322489554;;;;way/1068115551;;"38185";BANDE CYCLABLE;ZONE 30;UNIDIRECTIONNEL;;CHAUSSEE;EN SERVICE;LISSE;"38185";BANDE CYCLABLE;ZONE 30;UNIDIRECTIONNEL;;CHAUSSEE;EN SERVICE;LISSE;;2024-09-25;"30";true;;;OpenStreetMap;WGS84;
5.70564983794448;45.1843424095686;;;;way/1067970788;;"38185";BANDE CYCLABLE;ZONE 30;UNIDIRECTIONNEL;;CHAUSSEE;EN SERVICE;LISSE;"38185";BANDE CYCLABLE;ZONE 30;UNIDIRECTIONNEL;;CHAUSSEE;EN SERVICE;LISSE;;2024-09-25;"30";true;;;OpenStreetMap;WGS84;
5.7062885;45.184216400484;;;;way/349603352;;"38185";AUTRE;ZONE DE RENCONTRE;;;;EN SERVICE;LISSE;"38185";DOUBLE SENS CYCLABLE NON MATERIALISE;ZONE DE RENCONTRE;UNIDIRECTIONNEL;;CHAUSSEE;EN SERVICE;LISSE;;2023-04-27;"30";true;;;OpenStreetMap;WGS84;
5.70561912362167;45.1837216999459;;;;way/1068154462;;"38185";BANDE CYCLABLE;ZONE 30;UNIDIRECTIONNEL;;CHAUSSEE;EN SERVICE;LISSE;"38185";BANDE CYCLABLE;ZONE 30;UNIDIRECTIONNEL;;CHAUSSEE;EN SERVICE;LISSE;;2023-09-28;"30";true;;;OpenStreetMap;WGS84;
5.70770828735977;45.1840462757724;;;;way/23588167;;"38185";BANDE CYCLABLE;ZONE DE RENCONTRE;UNIDIRECTIONNEL;;CHAUSSEE;EN SERVICE;LISSE;"38185";DOUBLE SENS CYCLABLE NON MATERIALISE;ZONE DE RENCONTRE;UNIDIRECTIONNEL;;CHAUSSEE;EN SERVICE;LISSE;;2023-04-27;"20";true;;;OpenStreetMap;WGS84;
5.70814659482126;45.1833529648905;;;;way/653792393;;"38185";AMENAGEMENT MIXTE PIETON VELO HORS VOIE VERTE;AIRE PIETONNE;BIDIRECTIONNEL;;TROTTOIR;EN SERVICE;RUGUEUX;"38185";AUCUN;;;;;EN SERVICE;RUGUEUX;;2022-03-12;;true;;;OpenStreetMap;WGS84;
5.70851924029668;45.183951612363;;;;way/1068270049;;"38185";AUTRE;EN AGGLOMERATION;UNIDIRECTIONNEL;;CHAUSSEE;EN SERVICE;LISSE;"38185";AUTRE;EN AGGLOMERATION;UNIDIRECTIONNEL;;CHAUSSEE;EN SERVICE;LISSE;;2023-05-26;"30";true;;;OpenStreetMap;WGS84;
5.70846099605358;45.183958539853;;;;way/1068111016;;"38185";BANDE CYCLABLE;ZONE DE RENCONTRE;UNIDIRECTIONNEL;;CHAUSSEE;EN SERVICE;LISSE;"38185";DOUBLE SENS CYCLABLE NON MATERIALISE;ZONE DE RENCONTRE;UNIDIRECTIONNEL;;CHAUSSEE;EN SERVICE;LISSE;;2023-04-27;"20";true;;;OpenStreetMap;WGS84;
5.70884695;45.1841642006057;;;;way/1068270048;;"38185";AUTRE;EN AGGLOMERATION;UNIDIRECTIONNEL;;CHAUSSEE;EN SERVICE;LISSE;"38185";AUTRE;EN AGGLOMERATION;UNIDIRECTIONNEL;;CHAUSSEE;EN SERVICE;LISSE;;2023-05-26;"30";true;;;OpenStreetMap;WGS84;
5.70930493559691;45.1844563113803;;;;way/1068115561;;"38185";AUTRE;EN AGGLOMERATION;UNIDIRECTIONNEL;;CHAUSSEE;EN SERVICE;LISSE;"38185";AUTRE;EN AGGLOMERATION;UNIDIRECTIONNEL;;CHAUSSEE;EN SERVICE;LISSE;;2023-05-26;"30";true;;;OpenStreetMap;WGS84;
5.7097099;45.1847014506723;;;;way/1068115560;;"38185";AUTRE;EN AGGLOMERATION;UNIDIRECTIONNEL;;CHAUSSEE;EN SERVICE;LISSE;"38185";AUTRE;EN AGGLOMERATION;UNIDIRECTIONNEL;;CHAUSSEE;EN SERVICE;LISSE;;2023-05-26;"30";true;;;OpenStreetMap;WGS84;
5.710038499041;45.1848945871805;;;;way/1068115559;;"38185";AUTRE;EN AGGLOMERATION;UNIDIRECTIONNEL;;CHAUSSEE;EN SERVICE;LISSE;"38185";AUTRE;EN AGGLOMERATION;UNIDIRECTIONNEL;;CHAUSSEE;EN SERVICE;LISSE;;2024-07-17;"30";true;;;OpenStreetMap;WGS84;
5.70926168937611;45.18371826146;;;;way/168121164;;"38185";AMENAGEMENT MIXTE PIETON VELO HORS VOIE VERTE;AIRE PIETONNE;BIDIRECTIONNEL;;TROTTOIR;EN SERVICE;RUGUEUX;"38185";AUCUN;;;;;EN SERVICE;RUGUEUX;;2021-08-26;;true;;;OpenStreetMap;WGS84;
5.70887451044242;45.1834017834744;;;;way/168121161;;"38185";AMENAGEMENT MIXTE PIETON VELO HORS VOIE VERTE;AIRE PIETONNE;BIDIRECTIONNEL;;TROTTOIR;EN SERVICE;LISSE;"38185";AUCUN;;;;;EN SERVICE;LISSE;;2021-05-08;;true;;;OpenStreetMap;WGS84;
5.71037225;45.1850318505487;;;;way/1068115558;;"38185";AUTRE;EN AGGLOMERATION;UNIDIRECTIONNEL;;CHAUSSEE;EN SERVICE;LISSE;"38185";AUTRE;EN AGGLOMERATION;UNIDIRECTIONNEL;;CHAUSSEE;EN SERVICE;LISSE;;2022-10-21;"30";true;;;OpenStreetMap;WGS84;
5.71070658287266;45.1851646719121;;;;way/1068115562;;"38185";AUTRE;EN AGGLOMERATION;UNIDIRECTIONNEL;;CHAUSSEE;EN SERVICE;LISSE;"38185";AUTRE;EN AGGLOMERATION;UNIDIRECTIONNEL;;CHAUSSEE;EN SERVICE;LISSE;;2024-08-12;"30";true;;;OpenStreetMap;WGS84;
5.71084315009165;45.1852192738567;;;;way/1068115563;;"38185";AUTRE;EN AGGLOMERATION;UNIDIRECTIONNEL;;CHAUSSEE;EN SERVICE;LISSE;"38185";AUTRE;EN AGGLOMERATION;UNIDIRECTIONNEL;;CHAUSSEE;EN SERVICE;LISSE;;2024-08-12;"30";true;;;OpenStreetMap;WGS84;
5.73022611765819;45.1856622588661;;;;way/685801971;;"38185";PISTE CYCLABLE;;BIDIRECTIONNEL;;TROTTOIR;EN SERVICE;LISSE;"38185";AUCUN;;;;;EN SERVICE;LISSE;;2023-08-07;;true;;;OpenStreetMap;WGS84;
5.72908761979433;45.1858930821005;;;;way/1321731102;;"38185";PISTE CYCLABLE;;UNIDIRECTIONNEL;;TROTTOIR;EN SERVICE;LISSE;"38185";AUCUN;;;;CHAUSSEE;EN SERVICE;LISSE;;2024-10-07;;true;;;OpenStreetMap;WGS84;
5.72892689385411;45.1858583265509;;;;way/1083440888;;"38185";PISTE CYCLABLE;;UNIDIRECTIONNEL;;TROTTOIR;EN SERVICE;LISSE;"38185";AUCUN;;;;;EN SERVICE;LISSE;;2024-10-07;;true;;;OpenStreetMap;WGS84;
5.73038939995231;45.1871459504394;;;;way/29034214;;"38185";AUTRE;ZONE 30;;;;EN SERVICE;LISSE;"38185";DOUBLE SENS CYCLABLE BANDE;ZONE 30;UNIDIRECTIONNEL;;CHAUSSEE;EN SERVICE;LISSE;;2025-01-16;"30";true;;;OpenStreetMap;WGS84;
5.73024483792621;45.1877415743435;;;;way/10595448;;"38185";AUCUN;ZONE 30;;;;EN SERVICE;LISSE;"38185";DOUBLE SENS CYCLABLE BANDE;ZONE 30;UNIDIRECTIONNEL;;CHAUSSEE;EN SERVICE;LISSE;;2025-01-16;"30";true;;;OpenStreetMap;WGS84;
5.72954626519074;45.1874865430919;;;;way/9503372;;"38185";AUTRE;ZONE 30;;;;EN SERVICE;LISSE;"38185";DOUBLE SENS CYCLABLE BANDE;ZONE 30;UNIDIRECTIONNEL;;CHAUSSEE;EN SERVICE;LISSE;;2025-01-16;"30";true;;;OpenStreetMap;WGS84;
5.7288208;45.1876259004819;;;;way/169977837;;"38185";BANDE CYCLABLE;ZONE 30;UNIDIRECTIONNEL;;CHAUSSEE;EN SERVICE;LISSE;"38185";BANDE CYCLABLE;ZONE 30;UNIDIRECTIONNEL;;CHAUSSEE;EN SERVICE;LISSE;;2024-08-12;"30";true;;;OpenStreetMap;WGS84;
5.73073701174596;45.1892126453492;;;;way/28323542;;"38185";AUTRE;ZONE 30;UNIDIRECTIONNEL;;CHAUSSEE;EN SERVICE;LISSE;"38185";DOUBLE SENS CYCLABLE NON MATERIALISE;ZONE 30;UNIDIRECTIONNEL;;CHAUSSEE;EN SERVICE;LISSE;;2024-08-12;"30";true;;;OpenStreetMap;WGS84;
5.73040971726808;45.1893397958288;;;;way/4262459;;"38185";AUTRE;ZONE 30;UNIDIRECTIONNEL;;CHAUSSEE;EN SERVICE;LISSE;"38185";DOUBLE SENS CYCLABLE NON MATERIALISE;ZONE 30;UNIDIRECTIONNEL;;CHAUSSEE;EN SERVICE;LISSE;;2024-08-12;"30";true;;;OpenStreetMap;WGS84;
5.73156762693832;45.1866726738882;;;;way/120720973;;"38185";AUTRE;ZONE 30;;;;EN SERVICE;LISSE;"38185";DOUBLE SENS CYCLABLE NON MATERIALISE;ZONE 30;UNIDIRECTIONNEL;;CHAUSSEE;EN SERVICE;LISSE;;2023-09-04;"30";true;;;OpenStreetMap;WGS84;
5.73191211231982;45.1853798077483;D 1090;;;way/1337657203;;"38185";AUTRE;EN AGGLOMERATION;UNIDIRECTIONNEL;;CHAUSSEE;EN SERVICE;LISSE;"38185";AUCUN;EN AGGLOMERATION;;;;EN SERVICE;LISSE;ROLLER;2024-11-25;"50";true;;;OpenStreetMap;WGS84;
5.7318461225547;45.1853119169647;;;;way/773839638;;"38185";PISTE CYCLABLE;;BIDIRECTIONNEL;;TROTTOIR;EN SERVICE;LISSE;"38185";AUCUN;;;;;EN SERVICE;LISSE;;2023-05-26;;true;;;OpenStreetMap;WGS84;
5.73235262504154;45.1852329153528;;;;way/780198308;;"38185";PISTE CYCLABLE;;BIDIRECTIONNEL;;TROTTOIR;EN SERVICE;LISSE;"38185";AUCUN;;;;;EN SERVICE;LISSE;;2025-01-06;;true;;;OpenStreetMap;WGS84;
5.73219900112686;45.1852780282489;D 5;;;way/1090836883;;"38185";AUTRE;ZONE 30;UNIDIRECTIONNEL;;CHAUSSEE;EN SERVICE;LISSE;"38185";AUCUN;ZONE 30;;;;EN SERVICE;LISSE;ROLLER;2025-01-06;"30";true;;;OpenStreetMap;WGS84;
5.7321354036509;45.1852286676084;;;;way/773839637;;"38185";PISTE CYCLABLE;;BIDIRECTIONNEL;;TROTTOIR;EN SERVICE;LISSE;"38185";AUCUN;;;;;EN SERVICE;LISSE;;2023-09-14;;true;;;OpenStreetMap;WGS84;
5.7320119;45.1852513004519;;;;way/293957673;;"38185";AUTRE;ZONE 30;UNIDIRECTIONNEL;;CHAUSSEE;EN SERVICE;LISSE;"38185";AUCUN;ZONE 30;;;;EN SERVICE;LISSE;;2024-11-25;"30";true;;;OpenStreetMap;WGS84;
5.73230966303877;45.1854083398416;;;;way/196543667;;"38185";COULOIR BUS+VELO;ZONE 30;UNIDIRECTIONNEL;;CHAUSSEE;EN SERVICE;LISSE;"38185";AUCUN;ZONE 30;;;;EN SERVICE;LISSE;;2024-07-05;"30";true;;;OpenStreetMap;WGS84;
5.73272257584197;45.184982490408;D 1090;;;way/102168022;;"38185";AUTRE;EN AGGLOMERATION;UNIDIRECTIONNEL;;CHAUSSEE;EN SERVICE;LISSE;"38185";AUCUN;EN AGGLOMERATION;;;;EN SERVICE;LISSE;ROLLER;2025-01-14;"50";true;;;OpenStreetMap;WGS84;
5.7326872687245;45.1847982179743;D 5;;;way/102168023;;"38185";AUTRE;ZONE 30;UNIDIRECTIONNEL;;CHAUSSEE;EN SERVICE;LISSE;"38185";AUCUN;ZONE 30;;;;EN SERVICE;LISSE;ROLLER;2025-01-06;"30";true;;;OpenStreetMap;WGS84;
5.7391983;45.1915242004488;;;;way/1348937540;;"38185";BANDE CYCLABLE;ZONE 30;UNIDIRECTIONNEL;;CHAUSSEE;EN SERVICE;LISSE;"38185";BANDE CYCLABLE;ZONE 30;UNIDIRECTIONNEL;;CHAUSSEE;EN SERVICE;LISSE;;2025-01-06;"30";true;;;OpenStreetMap;WGS84;
5.73904836315547;45.1915321889019;;;;way/28415347;;"38185";BANDE CYCLABLE;ZONE 30;UNIDIRECTIONNEL;;CHAUSSEE;EN SERVICE;LISSE;"38185";AUCUN;ZONE 30;;;;EN SERVICE;LISSE;;2025-01-06;"30";true;;;OpenStreetMap;WGS84;
5.73852585;45.1910669004651;;;;way/490503114;;"38185";AMENAGEMENT MIXTE PIETON VELO HORS VOIE VERTE;AIRE PIETONNE;BIDIRECTIONNEL;;TROTTOIR;EN SERVICE;LISSE;"38185";AUCUN;;;;;EN SERVICE;LISSE;;2021-06-15;;true;;;OpenStreetMap;WGS84;"cadastre-dgi-fr source : Direction Générale des Impôts - Cadastre ; mise à jour : 2010"
5.73858495;45.1911946504654;;;;way/377996290;;"38185";BANDE CYCLABLE;EN AGGLOMERATION;UNIDIRECTIONNEL;;CHAUSSEE;EN SERVICE;LISSE;"38185";AUCUN;EN AGGLOMERATION;;;;EN SERVICE;LISSE;;2022-03-18;"30";true;;;OpenStreetMap;WGS84;
5.73887585996358;45.191392976972;;;;way/8016182;;"38185";BANDE CYCLABLE;ZONE 30;UNIDIRECTIONNEL;;CHAUSSEE;EN SERVICE;LISSE;"38185";AUCUN;ZONE 30;;;;EN SERVICE;LISSE;;2022-03-18;"30";true;;;OpenStreetMap;WGS84;
5.74111751528473;45.1918777885752;;;;way/8016031;;"38185";VOIE VERTE;;BIDIRECTIONNEL;;CHAUSSEE;EN SERVICE;LISSE;"38185";AUCUN;;;;;EN SERVICE;LISSE;;2024-10-27;;true;;;OpenStreetMap;WGS84;
5.74116268893795;45.1914518587388;;;;way/27583860;;"38185";VOIE VERTE;AIRE PIETONNE;BIDIRECTIONNEL;;TROTTOIR;EN SERVICE;LISSE;"38185";AUCUN;;;;;EN SERVICE;LISSE;ROLLER;2024-09-30;;true;;Voie verte;OpenStreetMap;WGS84;
5.73778526888064;45.1981130880577;D 590;;;way/498043592;;"38185";AUTRE;ZONE 30;UNIDIRECTIONNEL;;CHAUSSEE;EN SERVICE;LISSE;"38185";AUTRE;ZONE 30;UNIDIRECTIONNEL;;CHAUSSEE;EN SERVICE;LISSE;;2024-06-17;"30";true;;;OpenStreetMap;WGS84;
5.73658074849445;45.197439196016;;;;way/318868880;;"38185";BANDE CYCLABLE;ZONE 30;UNIDIRECTIONNEL;;CHAUSSEE;EN SERVICE;LISSE;"38185";AUTRE;ZONE 30;UNIDIRECTIONNEL;;CHAUSSEE;EN SERVICE;LISSE;;2025-01-13;"30";true;;;OpenStreetMap;WGS84;
5.73694090495989;45.197097319259;;;;way/220467897;;"38185";BANDE CYCLABLE;ZONE 30;UNIDIRECTIONNEL;;CHAUSSEE;EN SERVICE;LISSE;"38185";AUTRE;ZONE 30;UNIDIRECTIONNEL;;CHAUSSEE;EN SERVICE;LISSE;;2025-01-13;"30";true;;;OpenStreetMap;WGS84;
5.7373644007046;45.1963478320528;;;;way/1163027453;;"38185";VOIE VERTE;;BIDIRECTIONNEL;;CHAUSSEE;EN SERVICE;LISSE;"38185";AUTRE;;UNIDIRECTIONNEL;;CHAUSSEE;EN SERVICE;LISSE;;2024-08-19;;true;;;OpenStreetMap;WGS84;
5.73638824059965;45.1971040378263;D 590;;;way/1293097020;;"38185";AUTRE;EN AGGLOMERATION;UNIDIRECTIONNEL;;CHAUSSEE;EN SERVICE;LISSE;"38185";AUTRE;EN AGGLOMERATION;UNIDIRECTIONNEL;;CHAUSSEE;EN SERVICE;LISSE;;2025-01-13;"30";true;;;OpenStreetMap;WGS84;
5.73529039812243;45.1971045596969;;;;way/358895852;;"38185";BANDE CYCLABLE;EN AGGLOMERATION;UNIDIRECTIONNEL;;CHAUSSEE;EN SERVICE;LISSE;"38185";BANDE CYCLABLE;EN AGGLOMERATION;UNIDIRECTIONNEL;;CHAUSSEE;EN SERVICE;LISSE;;2025-01-13;"30";true;;;OpenStreetMap;WGS84;
5.7385931;45.1888885006481;;;;way/52567132;;"38185";AMENAGEMENT MIXTE PIETON VELO HORS VOIE VERTE;AIRE PIETONNE;BIDIRECTIONNEL;;TROTTOIR;EN SERVICE;LISSE;"38185";AUCUN;;;;;EN SERVICE;LISSE;;2021-07-14;;true;;;OpenStreetMap;WGS84;
5.73863425393163;45.1886149097382;;;;way/322507335;;"38185";AMENAGEMENT MIXTE PIETON VELO HORS VOIE VERTE;AIRE PIETONNE;BIDIRECTIONNEL;;TROTTOIR;EN SERVICE;LISSE;"38185";AUCUN;;;;;EN SERVICE;LISSE;;2022-04-03;;true;;;OpenStreetMap;WGS84;
5.73864205;45.1887397504492;;;;way/52063422;;"38185";AMENAGEMENT MIXTE PIETON VELO HORS VOIE VERTE;AIRE PIETONNE;BIDIRECTIONNEL;;TROTTOIR;EN SERVICE;LISSE;"38185";AUCUN;;;;;EN SERVICE;LISSE;;2021-06-06;;true;;;OpenStreetMap;WGS84;
5.73806390726767;45.1889122753538;;;;way/714469837;;"38185";BANDE CYCLABLE;ZONE 30;UNIDIRECTIONNEL;;CHAUSSEE;EN SERVICE;LISSE;"38185";BANDE CYCLABLE;ZONE 30;UNIDIRECTIONNEL;;CHAUSSEE;EN SERVICE;LISSE;;2024-07-22;"30";true;;;OpenStreetMap;WGS84;
5.73951538185285;45.1889886111027;;;;way/223433677;;"38185";BANDE CYCLABLE;ZONE 30;UNIDIRECTIONNEL;;CHAUSSEE;EN SERVICE;LISSE;"38185";BANDE CYCLABLE;ZONE 30;UNIDIRECTIONNEL;;CHAUSSEE;EN SERVICE;LISSE;ROLLER;2024-11-02;"30";true;;;OpenStreetMap;WGS84;
5.73976102124941;45.1884709596121;D 1090;;;way/44140436;;"38185";COULOIR BUS+VELO;EN AGGLOMERATION;UNIDIRECTIONNEL;;CHAUSSEE;EN SERVICE;LISSE;"38185";AUTRE;EN AGGLOMERATION;UNIDIRECTIONNEL;;CHAUSSEE;EN SERVICE;LISSE;ROLLER;2024-08-14;"50";true;;;OpenStreetMap;WGS84;cadastre-dgi-fr source : Direction Générale des Impôts - Cadastre. Mise à jour : 2009
5.73849721483139;45.1868807510912;;;;way/183471340;;"38185";AMENAGEMENT MIXTE PIETON VELO HORS VOIE VERTE;AIRE PIETONNE;BIDIRECTIONNEL;;TROTTOIR;EN SERVICE;MEUBLE;"38185";AUCUN;;;;;EN SERVICE;MEUBLE;VELO DE ROUTE;2022-08-06;;true;;;OpenStreetMap;WGS84;
5.7382536358132;45.1869341031275;;;;way/183471314;;"38185";AMENAGEMENT MIXTE PIETON VELO HORS VOIE VERTE;AIRE PIETONNE;BIDIRECTIONNEL;;TROTTOIR;EN SERVICE;MEUBLE;"38185";AUCUN;;;;;EN SERVICE;MEUBLE;VELO DE ROUTE;2022-08-06;;true;;;OpenStreetMap;WGS84;Bing
5.73805216418206;45.1874297970403;;;;way/167451427;;"38185";AMENAGEMENT MIXTE PIETON VELO HORS VOIE VERTE;AIRE PIETONNE;BIDIRECTIONNEL;;TROTTOIR;EN SERVICE;MEUBLE;"38185";AUCUN;;;;;EN SERVICE;MEUBLE;VELO DE ROUTE;2023-09-19;;true;;;OpenStreetMap;WGS84;
5.73881035667861;45.1877990859611;;;;way/803425649;;"38185";PISTE CYCLABLE;;BIDIRECTIONNEL;;TROTTOIR;EN SERVICE;LISSE;"38185";AUCUN;;;;;EN SERVICE;LISSE;ROLLER;2023-09-19;;true;;;OpenStreetMap;WGS84;
5.73817635;45.1877865504638;;;;way/8016265;;"38185";AUTRE;EN AGGLOMERATION;UNIDIRECTIONNEL;;CHAUSSEE;EN SERVICE;LISSE;"38185";AUTRE;EN AGGLOMERATION;UNIDIRECTIONNEL;;CHAUSSEE;EN SERVICE;LISSE;;2025-01-20;"30";true;;;OpenStreetMap;WGS84;
5.73734885;45.1871890504527;;;;way/824254662;;"38185";VOIE VERTE;;BIDIRECTIONNEL;;CHAUSSEE;EN SERVICE;LISSE;"38185";AUCUN;;;;;EN SERVICE;LISSE;ROLLER;2023-12-06;;true;;;OpenStreetMap;WGS84;
5.73758206242544;45.1868203250938;;;;way/265684613;;"38185";AMENAGEMENT MIXTE PIETON VELO HORS VOIE VERTE;AIRE PIETONNE;BIDIRECTIONNEL;;TROTTOIR;EN SERVICE;MEUBLE;"38185";AUCUN;;;;;EN SERVICE;MEUBLE;VELO DE ROUTE;2022-08-06;;true;;;OpenStreetMap;WGS84;
5.73548037965302;45.1887652123222;;;;way/714469843;;"38185";AUTRE;ZONE 30;UNIDIRECTIONNEL;;CHAUSSEE;EN SERVICE;LISSE;"38185";AUTRE;ZONE 30;UNIDIRECTIONNEL;;CHAUSSEE;EN SERVICE;LISSE;;2024-08-12;"30";true;;;OpenStreetMap;WGS84;
5.73747154836207;45.1886738787771;;;;way/1317963481;;"38185";BANDE CYCLABLE;ZONE 30;UNIDIRECTIONNEL;;CHAUSSEE;EN SERVICE;LISSE;"38185";AUTRE;ZONE 30;UNIDIRECTIONNEL;;CHAUSSEE;EN SERVICE;LISSE;ROLLER;2024-09-24;"30";true;;;OpenStreetMap;WGS84;
5.73657291020317;45.1887941466083;;;;way/192666977;;"38185";BANDE CYCLABLE;ZONE 30;UNIDIRECTIONNEL;;CHAUSSEE;EN SERVICE;LISSE;"38185";AUTRE;ZONE 30;UNIDIRECTIONNEL;;CHAUSSEE;EN SERVICE;LISSE;;2024-09-24;"30";true;;;OpenStreetMap;WGS84;
5.73469274010056;45.1887559873081;;;;way/714469841;;"38185";AUTRE;EN AGGLOMERATION;UNIDIRECTIONNEL;;CHAUSSEE;EN SERVICE;LISSE;"38185";AUTRE;EN AGGLOMERATION;UNIDIRECTIONNEL;;CHAUSSEE;EN SERVICE;LISSE;;2024-06-23;"30";true;;;OpenStreetMap;WGS84;
5.7338790496944;45.1886622027494;;;;way/28699633;;"38185";AUTRE;ZONE 30;UNIDIRECTIONNEL;;CHAUSSEE;EN SERVICE;LISSE;"38185";AUTRE;ZONE 30;UNIDIRECTIONNEL;;CHAUSSEE;EN SERVICE;LISSE;;2024-07-22;"30";true;;;OpenStreetMap;WGS84;
5.7340292451733;45.1857134614614;;;;way/278057879;;"38185";AMENAGEMENT MIXTE PIETON VELO HORS VOIE VERTE;AIRE PIETONNE;BIDIRECTIONNEL;;TROTTOIR;EN SERVICE;RUGUEUX;"38185";AUCUN;;;;;EN SERVICE;RUGUEUX;ROLLER;2023-12-06;;true;;;OpenStreetMap;WGS84;
5.73339594550589;45.1851633826713;;;;way/183471321;;"38185";AMENAGEMENT MIXTE PIETON VELO HORS VOIE VERTE;AIRE PIETONNE;BIDIRECTIONNEL;;TROTTOIR;EN SERVICE;RUGUEUX;"38185";AUCUN;;;;;EN SERVICE;RUGUEUX;;2022-08-05;;true;;;OpenStreetMap;WGS84;
5.73436957511892;45.1851697555264;;;;way/487814200;;"38185";AMENAGEMENT MIXTE PIETON VELO HORS VOIE VERTE;AIRE PIETONNE;BIDIRECTIONNEL;;TROTTOIR;EN SERVICE;RUGUEUX;"38185";AUCUN;;;;;EN SERVICE;RUGUEUX;;2023-03-02;;true;;;OpenStreetMap;WGS84;
5.73441902743829;45.185267130695;;;;way/28696508;;"38185";AMENAGEMENT MIXTE PIETON VELO HORS VOIE VERTE;AIRE PIETONNE;BIDIRECTIONNEL;;TROTTOIR;EN SERVICE;MEUBLE;"38185";AUCUN;;;;;EN SERVICE;MEUBLE;VELO DE ROUTE;2022-08-05;;true;;;OpenStreetMap;WGS84;
5.73467642598471;45.1854695308965;;;;way/97855850;;"38185";AMENAGEMENT MIXTE PIETON VELO HORS VOIE VERTE;AIRE PIETONNE;BIDIRECTIONNEL;;TROTTOIR;EN SERVICE;RUGUEUX;"38185";AUCUN;;;;;EN SERVICE;RUGUEUX;;2023-09-14;;false;;;OpenStreetMap;WGS84;Bing
5.73419477812489;45.1855562129935;;;;way/183471316;;"38185";AMENAGEMENT MIXTE PIETON VELO HORS VOIE VERTE;AIRE PIETONNE;BIDIRECTIONNEL;;TROTTOIR;EN SERVICE;RUGUEUX;"38185";AUCUN;;;;;EN SERVICE;RUGUEUX;;2022-07-07;;true;;;OpenStreetMap;WGS84;
5.73347228818251;45.185861585629;;;;way/258883138;;"38185";AMENAGEMENT MIXTE PIETON VELO HORS VOIE VERTE;AIRE PIETONNE;BIDIRECTIONNEL;;TROTTOIR;EN SERVICE;LISSE;"38185";AUCUN;;;;;EN SERVICE;LISSE;ROLLER;2024-07-25;;true;;;OpenStreetMap;WGS84;
5.73377321068913;45.1857791559571;;;;way/1127810431;;"38185";PISTE CYCLABLE;;BIDIRECTIONNEL;;TROTTOIR;EN SERVICE;LISSE;"38185";AUCUN;;;;;EN SERVICE;LISSE;;2024-07-25;;true;;;OpenStreetMap;WGS84;
5.73412432407048;45.1862296316879;D 1090;;;way/4814141;;"38185";COULOIR BUS+VELO;EN AGGLOMERATION;UNIDIRECTIONNEL;;CHAUSSEE;EN SERVICE;LISSE;"38185";AUCUN;EN AGGLOMERATION;;;CHAUSSEE;EN SERVICE;LISSE;ROLLER;2023-09-19;"50";true;;;OpenStreetMap;WGS84;
5.73290719230103;45.1861333672587;;;;way/295149616;;"38185";AUTRE;ZONE 30;;;;EN SERVICE;LISSE;"38185";DOUBLE SENS CYCLABLE NON MATERIALISE;ZONE 30;UNIDIRECTIONNEL;;CHAUSSEE;EN SERVICE;LISSE;;2024-06-11;"30";true;;;OpenStreetMap;WGS84;
5.73707060843466;45.1848856485847;;;;way/183471333;;"38185";AMENAGEMENT MIXTE PIETON VELO HORS VOIE VERTE;AIRE PIETONNE;BIDIRECTIONNEL;;TROTTOIR;EN SERVICE;MEUBLE;"38185";AUCUN;;;;;EN SERVICE;MEUBLE;VELO DE ROUTE;2024-11-04;;true;;;OpenStreetMap;WGS84;
5.73595524460956;45.1849851329369;;;;way/28680495;;"38185";AMENAGEMENT MIXTE PIETON VELO HORS VOIE VERTE;AIRE PIETONNE;BIDIRECTIONNEL;;TROTTOIR;EN SERVICE;MEUBLE;"38185";AUCUN;;;;;EN SERVICE;MEUBLE;VELO DE ROUTE;2022-08-05;;true;;;OpenStreetMap;WGS84;
5.73544215;45.1853546507056;;;;way/28680497;;"38185";AMENAGEMENT MIXTE PIETON VELO HORS VOIE VERTE;AIRE PIETONNE;BIDIRECTIONNEL;;TROTTOIR;EN SERVICE;RUGUEUX;"38185";AUCUN;;;;;EN SERVICE;RUGUEUX;;2023-09-14;;false;;;OpenStreetMap;WGS84;
5.73547648588319;45.1855365788892;;;;way/28418424;;"38185";AMENAGEMENT MIXTE PIETON VELO HORS VOIE VERTE;AIRE PIETONNE;BIDIRECTIONNEL;;TROTTOIR;EN SERVICE;MEUBLE;"38185";AUCUN;;;;;EN SERVICE;MEUBLE;VELO DE ROUTE;2022-09-28;;true;;;OpenStreetMap;WGS84;
5.73545196710683;45.1863483944622;;;;way/322509038;;"38185";AUTRE;;UNIDIRECTIONNEL;;CHAUSSEE;EN SERVICE;LISSE;"38185";AUCUN;;;;CHAUSSEE;EN SERVICE;LISSE;ROLLER;2023-09-19;;true;;;OpenStreetMap;WGS84;cadastre-dgi-fr source : Direction Générale des Impôts - Cadastre. Mise à jour : 2009
5.73668335695186;45.1854091029983;;;;way/28418376;;"38185";AMENAGEMENT MIXTE PIETON VELO HORS VOIE VERTE;AIRE PIETONNE;BIDIRECTIONNEL;;TROTTOIR;EN SERVICE;MEUBLE;"38185";AUCUN;;;;;EN SERVICE;MEUBLE;VELO DE ROUTE;2022-08-06;;true;;;OpenStreetMap;WGS84;
5.73687137782299;45.1851443107639;;;;way/183471319;;"38185";AMENAGEMENT MIXTE PIETON VELO HORS VOIE VERTE;AIRE PIETONNE;BIDIRECTIONNEL;;TROTTOIR;EN SERVICE;MEUBLE;"38185";AUCUN;;;;;EN SERVICE;MEUBLE;VELO DE ROUTE;2021-05-22;;true;;;OpenStreetMap;WGS84;
5.73861028698106;45.1856863359659;;;;way/97855859;;"38185";AMENAGEMENT MIXTE PIETON VELO HORS VOIE VERTE;AIRE PIETONNE;BIDIRECTIONNEL;;TROTTOIR;EN SERVICE;MEUBLE;"38185";AUCUN;;;;;EN SERVICE;MEUBLE;VELO DE ROUTE;2021-07-06;;true;;;OpenStreetMap;WGS84;Bing
5.73794362393474;45.1860374776646;;;;way/28418389;;"38185";AMENAGEMENT MIXTE PIETON VELO HORS VOIE VERTE;AIRE PIETONNE;BIDIRECTIONNEL;;TROTTOIR;EN SERVICE;MEUBLE;"38185";AUCUN;;;;;EN SERVICE;MEUBLE;VELO DE ROUTE;2021-05-06;;true;;;OpenStreetMap;WGS84;
5.73842075125626;45.1859517984073;;;;way/97855862;;"38185";AMENAGEMENT MIXTE PIETON VELO HORS VOIE VERTE;AIRE PIETONNE;BIDIRECTIONNEL;;TROTTOIR;EN SERVICE;LISSE;"38185";AUCUN;;;;;EN SERVICE;LISSE;ROLLER;2021-05-06;;false;;;OpenStreetMap;WGS84;Bing
5.73887682993775;45.1858023899042;;;;way/410094302;;"38185";AMENAGEMENT MIXTE PIETON VELO HORS VOIE VERTE;AIRE PIETONNE;BIDIRECTIONNEL;;TROTTOIR;EN SERVICE;MEUBLE;"38185";AUCUN;;;;;EN SERVICE;MEUBLE;VELO DE ROUTE;2021-05-06;;false;;;OpenStreetMap;WGS84;Bing
5.73917275;45.1860521004557;;;;way/183471326;;"38185";AMENAGEMENT MIXTE PIETON VELO HORS VOIE VERTE;AIRE PIETONNE;BIDIRECTIONNEL;;TROTTOIR;EN SERVICE;MEUBLE;"38185";AUCUN;;;;;EN SERVICE;MEUBLE;VELO DE ROUTE;2021-04-01;;true;;;OpenStreetMap;WGS84;
5.73928355;45.18595745049;;;;way/183471305;;"38185";AMENAGEMENT MIXTE PIETON VELO HORS VOIE VERTE;AIRE PIETONNE;BIDIRECTIONNEL;;TROTTOIR;EN SERVICE;MEUBLE;"38185";AUCUN;;;;;EN SERVICE;MEUBLE;VELO DE ROUTE;2021-04-01;;true;;;OpenStreetMap;WGS84;
5.73898086423429;45.1861800226343;;;;way/97855874;;"38185";AMENAGEMENT MIXTE PIETON VELO HORS VOIE VERTE;AIRE PIETONNE;BIDIRECTIONNEL;;TROTTOIR;EN SERVICE;LISSE;"38185";AUCUN;;;;;EN SERVICE;LISSE;ROLLER;2021-04-01;;false;;;OpenStreetMap;WGS84;Bing
5.7390539;45.1861963004745;;;;way/282104822;;"38185";AMENAGEMENT MIXTE PIETON VELO HORS VOIE VERTE;AIRE PIETONNE;BIDIRECTIONNEL;;TROTTOIR;EN SERVICE;LISSE;"38185";AUCUN;;;;;EN SERVICE;LISSE;ROLLER;2021-02-24;;true;;;OpenStreetMap;WGS84;
5.7389781;45.1862744004547;;;;way/282104823;;"38185";AMENAGEMENT MIXTE PIETON VELO HORS VOIE VERTE;AIRE PIETONNE;BIDIRECTIONNEL;;TROTTOIR;EN SERVICE;LISSE;"38185";AUCUN;;;;;EN SERVICE;LISSE;ROLLER;2023-10-28;;false;;;OpenStreetMap;WGS84;
5.7389214;45.186332150459;;;;way/282104824;;"38185";AMENAGEMENT MIXTE PIETON VELO HORS VOIE VERTE;AIRE PIETONNE;BIDIRECTIONNEL;;TROTTOIR;EN SERVICE;LISSE;"38185";AUCUN;;;;;EN SERVICE;LISSE;ROLLER;2021-02-24;;true;;;OpenStreetMap;WGS84;
5.73956396462462;45.1864130359429;;;;way/183471329;;"38185";AMENAGEMENT MIXTE PIETON VELO HORS VOIE VERTE;AIRE PIETONNE;BIDIRECTIONNEL;;TROTTOIR;EN SERVICE;MEUBLE;"38185";AUCUN;;;;;EN SERVICE;MEUBLE;VELO DE ROUTE;2021-04-01;;false;;;OpenStreetMap;WGS84;
5.73977555;45.1862245004872;;;;way/183471309;;"38185";AMENAGEMENT MIXTE PIETON VELO HORS VOIE VERTE;AIRE PIETONNE;BIDIRECTIONNEL;;TROTTOIR;EN SERVICE;MEUBLE;"38185";AUCUN;;;;;EN SERVICE;MEUBLE;VELO DE ROUTE;2021-04-01;;false;;;OpenStreetMap;WGS84;
5.73914500309706;45.1856150263875;;;;way/720178822;;"38185";AMENAGEMENT MIXTE PIETON VELO HORS VOIE VERTE;AIRE PIETONNE;BIDIRECTIONNEL;;TROTTOIR;EN SERVICE;MEUBLE;"38185";AUCUN;;;;;EN SERVICE;MEUBLE;VELO DE ROUTE;2020-11-27;;true;;;OpenStreetMap;WGS84;
5.73972917072103;45.1853299426434;;;;way/28418415;;"38185";AMENAGEMENT MIXTE PIETON VELO HORS VOIE VERTE;AIRE PIETONNE;BIDIRECTIONNEL;;TROTTOIR;EN SERVICE;RUGUEUX;"38185";AUCUN;;;;;EN SERVICE;RUGUEUX;;2025-01-10;;true;;;OpenStreetMap;WGS84;
5.74024705;45.1864214504801;;;;way/183471307;;"38185";AMENAGEMENT MIXTE PIETON VELO HORS VOIE VERTE;AIRE PIETONNE;BIDIRECTIONNEL;;TROTTOIR;EN SERVICE;MEUBLE;"38185";AUCUN;;;;;EN SERVICE;MEUBLE;VELO DE ROUTE;2021-03-01;;true;;;OpenStreetMap;WGS84;
5.74099397339153;45.186539702169;;;;way/28680537;;"38185";AMENAGEMENT MIXTE PIETON VELO HORS VOIE VERTE;AIRE PIETONNE;BIDIRECTIONNEL;;TROTTOIR;EN SERVICE;MEUBLE;"38185";AUCUN;;;;;EN SERVICE;MEUBLE;VELO DE ROUTE;2024-04-07;;true;;;OpenStreetMap;WGS84;
5.74167315768345;45.1879902865853;;;;way/1115686867;;"38185";BANDE CYCLABLE;ZONE 30;UNIDIRECTIONNEL;;CHAUSSEE;EN SERVICE;LISSE;"38185";BANDE CYCLABLE;ZONE 30;UNIDIRECTIONNEL;;CHAUSSEE;EN SERVICE;LISSE;ROLLER;2023-09-19;"30";true;;;OpenStreetMap;WGS84;
5.74204207721464;45.18745755835;;;;way/170083999;;"38185";BANDE CYCLABLE;ZONE 30;UNIDIRECTIONNEL;;CHAUSSEE;EN SERVICE;LISSE;"38185";BANDE CYCLABLE;ZONE 30;UNIDIRECTIONNEL;;CHAUSSEE;EN SERVICE;LISSE;ROLLER;2023-09-19;"30";true;;;OpenStreetMap;WGS84;
5.7418633043043;45.1866303367598;;;;way/260659013;;"38185";AMENAGEMENT MIXTE PIETON VELO HORS VOIE VERTE;AIRE PIETONNE;BIDIRECTIONNEL;;TROTTOIR;EN SERVICE;MEUBLE;"38185";AUCUN;;;;;EN SERVICE;MEUBLE;VELO DE ROUTE;2021-10-26;;;;;OpenStreetMap;WGS84;
5.74167709074514;45.1869194408783;;;;way/183471313;;"38185";AMENAGEMENT MIXTE PIETON VELO HORS VOIE VERTE;AIRE PIETONNE;BIDIRECTIONNEL;;TROTTOIR;EN SERVICE;MEUBLE;"38185";AUCUN;;;;;EN SERVICE;MEUBLE;VELO DE ROUTE;2021-03-01;;true;;;OpenStreetMap;WGS84;
5.7403752;45.188752100484;;;;way/348324988;;"38185";PISTE CYCLABLE;;UNIDIRECTIONNEL;;TROTTOIR;EN SERVICE;LISSE;"38185";AUCUN;;;;;EN SERVICE;LISSE;;2021-04-16;;true;;;OpenStreetMap;WGS84;
5.74168490109416;45.1893108317643;;;;way/44141546;;"38185";VOIE VERTE;AIRE PIETONNE;BIDIRECTIONNEL;;TROTTOIR;EN SERVICE;LISSE;"38185";AUCUN;;;;;EN SERVICE;LISSE;;2024-09-30;;true;;;OpenStreetMap;WGS84;
5.7414884;45.1892034004883;D 1090;;;way/44140434;;"38185";COULOIR BUS+VELO;EN AGGLOMERATION;UNIDIRECTIONNEL;;CHAUSSEE;EN SERVICE;LISSE;"38185";AUCUN;EN AGGLOMERATION;;;CHAUSSEE;EN SERVICE;LISSE;;2023-09-11;"50";true;;;OpenStreetMap;WGS84;cadastre-dgi-fr source : Direction Générale des Impôts - Cadastre. Mise à jour : 2009
5.74161655;45.1890912504906;;;;way/803425644;;"38185";PISTE CYCLABLE;;BIDIRECTIONNEL;;TROTTOIR;EN SERVICE;LISSE;"38185";AUCUN;;;;;EN SERVICE;LISSE;;2023-02-18;;true;;;OpenStreetMap;WGS84;
5.74218635523681;45.1884718449796;;;;way/804701565;;"38185";VOIE VERTE;AIRE PIETONNE;BIDIRECTIONNEL;;TROTTOIR;EN SERVICE;RUGUEUX;"38185";AUCUN;;;;;EN SERVICE;RUGUEUX;VELO DE ROUTE;2024-09-30;;true;;;OpenStreetMap;WGS84;"cadastre-dgi-fr source : Direction Générale des Impôts - Cadastre;mise à jour : 2009"
5.7410555;45.1888025504511;;;;way/803425648;;"38185";PISTE CYCLABLE;;BIDIRECTIONNEL;;TROTTOIR;EN SERVICE;LISSE;"38185";AUCUN;;;;;EN SERVICE;LISSE;;2023-04-24;;true;;;OpenStreetMap;WGS84;
5.7406939;45.1887891005725;;;;way/4236723;;"38185";AUTRE;ZONE 30;UNIDIRECTIONNEL;;CHAUSSEE;EN SERVICE;LISSE;"38185";BANDE CYCLABLE;ZONE 30;UNIDIRECTIONNEL;;CHAUSSEE;EN SERVICE;LISSE;;2024-08-12;"30";true;;;OpenStreetMap;WGS84;
5.74092605;45.188617450474;;;;way/1204887837;;"38185";BANDE CYCLABLE;ZONE 30;UNIDIRECTIONNEL;;CHAUSSEE;EN SERVICE;LISSE;"38185";BANDE CYCLABLE;ZONE 30;UNIDIRECTIONNEL;;CHAUSSEE;EN SERVICE;LISSE;ROLLER;2023-09-19;"30";true;;;OpenStreetMap;WGS84;
5.74039373389423;45.1889722362049;;;;way/991274869;;"38185";BANDE CYCLABLE;ZONE 30;UNIDIRECTIONNEL;;CHAUSSEE;EN SERVICE;LISSE;"38185";AUTRE;ZONE 30;UNIDIRECTIONNEL;;CHAUSSEE;EN SERVICE;LISSE;ROLLER;2024-07-10;"30";true;;;OpenStreetMap;WGS84;
5.74004290392445;45.1892804123986;;;;way/1303028677;;"38185";AMENAGEMENT MIXTE PIETON VELO HORS VOIE VERTE;;BIDIRECTIONNEL;;CHAUSSEE;EN SERVICE;MEUBLE;"38185";AUCUN;;;;;EN SERVICE;MEUBLE;;2024-07-22;;;;;OpenStreetMap;WGS84;
5.74004937564181;45.189327511615;;;;way/1302870545;;"38185";AMENAGEMENT MIXTE PIETON VELO HORS VOIE VERTE;;BIDIRECTIONNEL;;CHAUSSEE;EN SERVICE;MEUBLE;"38185";AUCUN;;;;;EN SERVICE;MEUBLE;;2024-07-22;;;;;OpenStreetMap;WGS84;
5.74053150433568;45.1890210119597;;;;way/1292739387;;"38185";AMENAGEMENT MIXTE PIETON VELO HORS VOIE VERTE;;BIDIRECTIONNEL;;CHAUSSEE;EN SERVICE;MEUBLE;"38185";AUCUN;;;;;EN SERVICE;MEUBLE;VTC;2024-07-21;;;;;OpenStreetMap;WGS84;
5.72143774700718;45.1725501888078;D 269E;;;way/497474714;;"38185";BANDE CYCLABLE;EN AGGLOMERATION;UNIDIRECTIONNEL;;CHAUSSEE;EN SERVICE;LISSE;"38185";BANDE CYCLABLE;EN AGGLOMERATION;UNIDIRECTIONNEL;;CHAUSSEE;EN SERVICE;LISSE;ROLLER;2024-06-14;"50";true;;;OpenStreetMap;WGS84;
5.71982207545978;45.1729980661784;D 269E;;;way/497474716;;"38185";BANDE CYCLABLE;EN AGGLOMERATION;UNIDIRECTIONNEL;;CHAUSSEE;EN SERVICE;LISSE;"38185";BANDE CYCLABLE;EN AGGLOMERATION;UNIDIRECTIONNEL;;CHAUSSEE;EN SERVICE;LISSE;ROLLER;2024-06-26;"50";true;;;OpenStreetMap;WGS84;
5.71768025;45.1736035504568;D 269E;;;way/878181700;;"38185";BANDE CYCLABLE;EN AGGLOMERATION;UNIDIRECTIONNEL;;CHAUSSEE;EN SERVICE;LISSE;"38185";BANDE CYCLABLE;EN AGGLOMERATION;UNIDIRECTIONNEL;;CHAUSSEE;EN SERVICE;LISSE;ROLLER;2024-06-26;"50";true;;;OpenStreetMap;WGS84;
5.71681285;45.1739571004516;;;;way/686912463;;"38185";PISTE CYCLABLE;;BIDIRECTIONNEL;;TROTTOIR;EN SERVICE;LISSE;"38185";AUCUN;;;;;EN SERVICE;LISSE;;2020-11-27;;true;;;OpenStreetMap;WGS84;
5.71662848828573;45.1738911792212;D 269E;;;way/376549064;;"38185";BANDE CYCLABLE;EN AGGLOMERATION;UNIDIRECTIONNEL;;CHAUSSEE;EN SERVICE;LISSE;"38185";BANDE CYCLABLE;EN AGGLOMERATION;UNIDIRECTIONNEL;;CHAUSSEE;EN SERVICE;LISSE;ROLLER;2024-06-26;"50";true;;;OpenStreetMap;WGS84;cadastre-dgi-fr source : Direction Générale des Impôts - Cadastre. Mise à jour : 2010
5.72469078888966;45.1726806632149;;;;way/1112480614;;"38185";BANDE CYCLABLE;EN AGGLOMERATION;UNIDIRECTIONNEL;;CHAUSSEE;EN SERVICE;LISSE;"38185";AUCUN;EN AGGLOMERATION;;;;EN SERVICE;LISSE;;2022-11-12;"50";true;;;OpenStreetMap;WGS84;
5.7247215998567;45.173227796177;;;;way/40115817;;"38185";COULOIR BUS+VELO;;UNIDIRECTIONNEL;;CHAUSSEE;EN SERVICE;LISSE;"38185";AUCUN;;;;CHAUSSEE;EN SERVICE;LISSE;;2021-11-10;;true;;;OpenStreetMap;WGS84;
5.72272211601279;45.172192880293;D 269E;;;way/1115688234;;"38185";BANDE CYCLABLE;EN AGGLOMERATION;UNIDIRECTIONNEL;;CHAUSSEE;EN SERVICE;LISSE;"38185";BANDE CYCLABLE;EN AGGLOMERATION;UNIDIRECTIONNEL;;CHAUSSEE;EN SERVICE;LISSE;ROLLER;2023-11-15;"50";true;;;OpenStreetMap;WGS84;
5.72344872613496;45.1704171272012;;;;way/188194438;;"38185";COULOIR BUS+VELO;EN AGGLOMERATION;UNIDIRECTIONNEL;;CHAUSSEE;EN SERVICE;LISSE;"38185";AUCUN;EN AGGLOMERATION;;;;EN SERVICE;LISSE;;2022-11-12;"50";true;;;OpenStreetMap;WGS84;
5.72434795;45.1717383004542;D 269E;;;way/228160069;;"38185";AUTRE;EN AGGLOMERATION;UNIDIRECTIONNEL;;CHAUSSEE;EN SERVICE;LISSE;"38185";AUTRE;EN AGGLOMERATION;UNIDIRECTIONNEL;;CHAUSSEE;EN SERVICE;LISSE;ROLLER;2024-06-04;"50";true;;;OpenStreetMap;WGS84;
5.74704299306277;45.1781738191546;;;;way/194091766;;"38185";PISTE CYCLABLE;;UNIDIRECTIONNEL;;TROTTOIR;EN SERVICE;LISSE;"38185";AUCUN;;;;;EN SERVICE;LISSE;;2025-01-11;;true;;;OpenStreetMap;WGS84;
5.7483924487608;45.1782167904127;;;;way/1352106677;;"38185";BANDE CYCLABLE;ZONE 30;UNIDIRECTIONNEL;;CHAUSSEE;EN SERVICE;LISSE;"38185";BANDE CYCLABLE;ZONE 30;UNIDIRECTIONNEL;;CHAUSSEE;EN SERVICE;LISSE;ROLLER;2025-01-17;"30";true;;;OpenStreetMap;WGS84;
5.74933570799001;45.1783731819795;;;;way/1352106678;;"38185";AUTRE;ZONE 30;UNIDIRECTIONNEL;;CHAUSSEE;EN SERVICE;LISSE;"38185";AUTRE;ZONE 30;UNIDIRECTIONNEL;;CHAUSSEE;EN SERVICE;LISSE;ROLLER;2025-01-17;"30";true;;;OpenStreetMap;WGS84;
5.74951765;45.178455200463;;;;way/1352106679;;"38185";AUTRE;ZONE 30;UNIDIRECTIONNEL;;CHAUSSEE;EN SERVICE;LISSE;"38185";AUTRE;ZONE 30;UNIDIRECTIONNEL;;CHAUSSEE;EN SERVICE;LISSE;ROLLER;2025-01-17;"30";true;;;OpenStreetMap;WGS84;
5.75202028408051;45.1770485187838;D 269B;;;way/1348998198;;"38185";BANDE CYCLABLE;ZONE 30;UNIDIRECTIONNEL;;CHAUSSEE;EN SERVICE;LISSE;"38185";BANDE CYCLABLE;ZONE 30;UNIDIRECTIONNEL;;CHAUSSEE;EN SERVICE;LISSE;;2025-01-17;"30";true;;;OpenStreetMap;WGS84;
5.75159501829538;45.1780641527587;D 269B;;;way/485843231;;"38185";BANDE CYCLABLE;ZONE 30;UNIDIRECTIONNEL;;CHAUSSEE;EN SERVICE;LISSE;"38185";BANDE CYCLABLE;ZONE 30;UNIDIRECTIONNEL;;CHAUSSEE;EN SERVICE;LISSE;;2025-01-17;"30";true;;;OpenStreetMap;WGS84;
5.75084742308761;45.1793351015837;D 269B;;;way/989376774;;"38185";AUTRE;ZONE 30;UNIDIRECTIONNEL;;CHAUSSEE;EN SERVICE;LISSE;"38185";BANDE CYCLABLE;ZONE 30;UNIDIRECTIONNEL;;CHAUSSEE;EN SERVICE;LISSE;;2024-07-31;"30";true;;;OpenStreetMap;WGS84;
5.749783;45.1758801004889;;;;way/59510086;;"38185";VOIE VERTE;;BIDIRECTIONNEL;;CHAUSSEE;EN SERVICE;LISSE;"38185";AUCUN;;;;;EN SERVICE;LISSE;;2024-03-14;;;;;OpenStreetMap;WGS84;
5.74956176198922;45.175819173799;;;;way/4015311;;"38185";AUTRE;EN AGGLOMERATION;UNIDIRECTIONNEL;;CHAUSSEE;EN SERVICE;LISSE;"38185";AUCUN;EN AGGLOMERATION;;;CHAUSSEE;EN SERVICE;LISSE;;2024-08-27;"30";;;;OpenStreetMap;WGS84;
5.74652596225472;45.1878075176601;;;;way/825126734;;"38185";VOIE VERTE;AIRE PIETONNE;UNIDIRECTIONNEL;;TROTTOIR;EN SERVICE;LISSE;"38185";AUCUN;;;;;EN SERVICE;LISSE;;2024-09-30;;true;;;OpenStreetMap;WGS84;
5.74665475622106;45.1882053816424;D 1087;;;way/10711426;;"38185";AUTRE;EN AGGLOMERATION;UNIDIRECTIONNEL;;CHAUSSEE;EN SERVICE;LISSE;"38185";AUTRE;EN AGGLOMERATION;UNIDIRECTIONNEL;;CHAUSSEE;EN SERVICE;LISSE;ROLLER;2024-08-15;"50";true;;;OpenStreetMap;WGS84;
5.74660702657425;45.1880291736576;D 1087;;;way/67191261;;"38185";AUTRE;EN AGGLOMERATION;UNIDIRECTIONNEL;;CHAUSSEE;EN SERVICE;LISSE;"38185";AUTRE;EN AGGLOMERATION;UNIDIRECTIONNEL;;CHAUSSEE;EN SERVICE;LISSE;ROLLER;2024-08-15;"50";true;;;OpenStreetMap;WGS84;
5.74635356497487;45.1880998500671;;;;way/85816276;;"38185";VOIE VERTE;AIRE PIETONNE;BIDIRECTIONNEL;;TROTTOIR;EN SERVICE;LISSE;"38185";AUCUN;;;;;EN SERVICE;LISSE;;2023-07-17;;true;;;OpenStreetMap;WGS84;
5.74739812007228;45.1879715722991;D 1087;;;way/1118869790;;"38185";AUTRE;EN AGGLOMERATION;UNIDIRECTIONNEL;;CHAUSSEE;EN SERVICE;LISSE;"38185";AUTRE;EN AGGLOMERATION;UNIDIRECTIONNEL;;CHAUSSEE;EN SERVICE;LISSE;ROLLER;2024-08-15;"50";true;;;OpenStreetMap;WGS84;
5.73197478433402;45.1676684807401;;;;way/168276600;;"38185";PISTE CYCLABLE;;UNIDIRECTIONNEL;;TROTTOIR;EN SERVICE;LISSE;"38185";AUCUN;;;;;EN SERVICE;LISSE;;2023-11-14;;true;;;OpenStreetMap;WGS84;
5.72878955;45.1666342504515;;;;way/493217115;;"38185";VOIE VERTE;;BIDIRECTIONNEL;;CHAUSSEE;EN SERVICE;LISSE;"38185";AUCUN;;;;;EN SERVICE;LISSE;;2022-09-12;;true;;;OpenStreetMap;WGS84;
5.7283953172256;45.167786577546;;;;way/822423237;;"38185";PISTE CYCLABLE;;BIDIRECTIONNEL;;TROTTOIR;EN SERVICE;LISSE;"38185";AUCUN;;;;;EN SERVICE;LISSE;ROLLER;2024-02-20;;true;;;OpenStreetMap;WGS84;
5.74141385652506;45.1672304920445;;;;way/293837389;;"38185";BANDE CYCLABLE;ZONE 30;UNIDIRECTIONNEL;;CHAUSSEE;EN SERVICE;LISSE;"38185";AUCUN;ZONE 30;;;;EN SERVICE;LISSE;;2025-01-06;"30";true;;;OpenStreetMap;WGS84;"cadastre-dgi-fr source : Direction Générale des Impôts - Cadastre;mise à jour : 2010"
5.74172585044184;45.1672986879248;;;;way/199858726;;"38185";BANDE CYCLABLE;ZONE 30;UNIDIRECTIONNEL;;CHAUSSEE;EN SERVICE;LISSE;"38185";BANDE CYCLABLE;ZONE 30;UNIDIRECTIONNEL;;CHAUSSEE;EN SERVICE;LISSE;;2024-10-04;"30";;;;OpenStreetMap;WGS84;
5.71151733202195;45.1750362651425;;;;way/4014324;;"38185";COULOIR BUS+VELO;EN AGGLOMERATION;UNIDIRECTIONNEL;;CHAUSSEE;EN SERVICE;LISSE;"38185";AUCUN;EN AGGLOMERATION;;;;EN SERVICE;LISSE;ROLLER;2024-04-30;"30";true;;;OpenStreetMap;WGS84;
5.71015135970165;45.1729343500623;;;;way/1067667138;;"38185";AUCUN;EN AGGLOMERATION;;;;EN SERVICE;LISSE;"38185";BANDE CYCLABLE;EN AGGLOMERATION;UNIDIRECTIONNEL;;CHAUSSEE;EN SERVICE;LISSE;;2025-01-15;"30";;;;OpenStreetMap;WGS84;
5.7097392009302;45.1727543374109;;;;way/297096887;;"38185";BANDE CYCLABLE;EN AGGLOMERATION;UNIDIRECTIONNEL;;CHAUSSEE;EN SERVICE;LISSE;"38185";AUTRE;EN AGGLOMERATION;UNIDIRECTIONNEL;;CHAUSSEE;EN SERVICE;LISSE;ROLLER;2024-04-30;"30";true;;;OpenStreetMap;WGS84;
5.72021016511296;45.1766855046925;;;;way/1076768339;;"38185";AMENAGEMENT MIXTE PIETON VELO HORS VOIE VERTE;AIRE PIETONNE;BIDIRECTIONNEL;;TROTTOIR;EN SERVICE;MEUBLE;"38185";AUCUN;;;;;EN SERVICE;MEUBLE;VELO DE ROUTE;2023-09-20;;true;;;OpenStreetMap;WGS84;cadastre-dgi-fr source : Direction Générale des Impôts - Cadastre. Mise à jour : 2010
5.7184101;45.1760531504738;;;;way/423667792;;"38185";AMENAGEMENT MIXTE PIETON VELO HORS VOIE VERTE;AIRE PIETONNE;BIDIRECTIONNEL;;TROTTOIR;EN SERVICE;LISSE;"38185";AUCUN;;;;;EN SERVICE;LISSE;;2021-04-19;;false;;;OpenStreetMap;WGS84;
5.71700945;45.1758036004977;;;;way/965224621;;"38185";AMENAGEMENT MIXTE PIETON VELO HORS VOIE VERTE;AIRE PIETONNE;BIDIRECTIONNEL;;TROTTOIR;EN SERVICE;LISSE;"38185";AUCUN;;;;;EN SERVICE;LISSE;ROLLER;2024-05-09;;true;;;OpenStreetMap;WGS84;Bing
5.71512583137604;45.1743162115675;D 269E;;;way/41344673;;"38185";BANDE CYCLABLE;EN AGGLOMERATION;UNIDIRECTIONNEL;;CHAUSSEE;EN SERVICE;LISSE;"38185";AUCUN;EN AGGLOMERATION;;;;EN SERVICE;LISSE;ROLLER;2024-05-09;"50";true;;;OpenStreetMap;WGS84;
5.7147166;45.1746157504958;;;;way/463254684;;"38185";PISTE CYCLABLE;;UNIDIRECTIONNEL;;TROTTOIR;EN SERVICE;LISSE;"38185";AUCUN;;;;;EN SERVICE;LISSE;ROLLER;2024-05-09;;true;;;OpenStreetMap;WGS84;
5.7143748;45.1744864005229;D 1075;;;way/463254703;;"38185";AUTRE;EN AGGLOMERATION;UNIDIRECTIONNEL;;CHAUSSEE;EN SERVICE;LISSE;"38185";AUCUN;EN AGGLOMERATION;;;;EN SERVICE;LISSE;ROLLER;2023-04-21;"50";true;;;OpenStreetMap;WGS84;
5.71426505869768;45.1744941731952;;;;way/292472117;;"38185";VOIE VERTE;;BIDIRECTIONNEL;"1";CHAUSSEE;EN SERVICE;LISSE;"38185";AUCUN;;;"1";;EN SERVICE;LISSE;;2023-07-21;;true;;;OpenStreetMap;WGS84;"cadastre-dgi-fr source : Direction Générale des Impôts - Cadastre ; mise à jour : 2010"
5.71248465945391;45.1773956668233;;;;way/463007708;;"38185";VOIE VERTE;;BIDIRECTIONNEL;;CHAUSSEE;EN SERVICE;LISSE;"38185";AUCUN;;;;;EN SERVICE;LISSE;;2024-07-25;;true;;;OpenStreetMap;WGS84;
5.71636752755156;45.17946394656;;;;way/290000903;;"38185";PISTE CYCLABLE;;UNIDIRECTIONNEL;;TROTTOIR;EN SERVICE;LISSE;"38185";AUCUN;;;;;EN SERVICE;LISSE;ROLLER;2024-05-24;;true;;;OpenStreetMap;WGS84;cadastre-dgi-fr source : Direction Générale des Impôts - Cadastre. Mise à jour : 2014
5.71621889915786;45.1800707556201;;;;way/1076633254;;"38185";VOIE VERTE;AIRE PIETONNE;BIDIRECTIONNEL;;TROTTOIR;EN SERVICE;LISSE;"38185";AUCUN;;;;;EN SERVICE;LISSE;;2022-07-07;;true;;;OpenStreetMap;WGS84;"cadastre-dgi-fr source : Direction Générale des Impôts - Cadastre ; mise à jour : 2009"
5.71785615;45.1772192004725;;;;way/463064362;;"38185";RAMPE;;BIDIRECTIONNEL;;TROTTOIR;EN SERVICE;LISSE;"38185";AUCUN;;;;;EN SERVICE;LISSE;;2023-09-20;;true;;;OpenStreetMap;WGS84;
5.717834;45.1771699004504;;;;way/86060553;;"38185";AMENAGEMENT MIXTE PIETON VELO HORS VOIE VERTE;AIRE PIETONNE;BIDIRECTIONNEL;;TROTTOIR;EN SERVICE;LISSE;"38185";AUCUN;;;;;EN SERVICE;LISSE;ROLLER;2023-09-20;;false;;;OpenStreetMap;WGS84;"cadastre-dgi-fr source : Direction Générale des Impôts - Cadastre ; mise à jour : 2010"
5.71765671489447;45.1773016840796;;;;way/965596688;;"38185";AMENAGEMENT MIXTE PIETON VELO HORS VOIE VERTE;;BIDIRECTIONNEL;;CHAUSSEE;EN SERVICE;LISSE;"38185";AUCUN;;;;;EN SERVICE;LISSE;ROLLER;2023-09-20;;false;;;OpenStreetMap;WGS84;"cadastre-dgi-fr source : Direction Générale des Impôts - Cadastre;mise à jour : 2010"
5.72030655;45.1781747004517;;;;way/668348949;;"38185";AMENAGEMENT MIXTE PIETON VELO HORS VOIE VERTE;AIRE PIETONNE;BIDIRECTIONNEL;;TROTTOIR;EN SERVICE;LISSE;"38185";AUCUN;;;;;EN SERVICE;LISSE;;2020-11-23;;true;;;OpenStreetMap;WGS84;
5.71974511150786;45.1788364069572;;;;way/668348952;;"38185";AMENAGEMENT MIXTE PIETON VELO HORS VOIE VERTE;AIRE PIETONNE;BIDIRECTIONNEL;;TROTTOIR;EN SERVICE;RUGUEUX;"38185";AUCUN;;;;;EN SERVICE;RUGUEUX;;2020-11-27;;true;;;OpenStreetMap;WGS84;cadastre-dgi-fr source : Direction Générale des Impôts - Cadastre. Mise à jour : 2010
5.7198768;45.1791859007975;;;;way/878181696;;"38185";AMENAGEMENT MIXTE PIETON VELO HORS VOIE VERTE;AIRE PIETONNE;BIDIRECTIONNEL;;TROTTOIR;EN SERVICE;RUGUEUX;"38185";AUCUN;;;;;EN SERVICE;RUGUEUX;;2020-11-27;;true;;;OpenStreetMap;WGS84;cadastre-dgi-fr source : Direction Générale des Impôts - Cadastre. Mise à jour : 2010
5.71703045;45.1805285004565;;;;way/324871945;;"38185";PISTE CYCLABLE;;UNIDIRECTIONNEL;;TROTTOIR;EN SERVICE;LISSE;"38185";AUCUN;;;;;EN SERVICE;LISSE;ROLLER;2023-09-19;;true;;;OpenStreetMap;WGS84;
5.71903679639363;45.1806671721778;;;;way/245301077;;"38185";PISTE CYCLABLE;;UNIDIRECTIONNEL;;TROTTOIR;EN SERVICE;LISSE;"38185";AUCUN;;;;;EN SERVICE;LISSE;ROLLER;2023-09-19;;true;;;OpenStreetMap;WGS84;
5.71870174719852;45.1805479506184;;;;way/238581802;;"38185";AMENAGEMENT MIXTE PIETON VELO HORS VOIE VERTE;AIRE PIETONNE;BIDIRECTIONNEL;;TROTTOIR;EN SERVICE;LISSE;"38185";AUCUN;;;;;EN SERVICE;LISSE;ROLLER;2023-09-19;;true;;;OpenStreetMap;WGS84;
5.71973342614081;45.180400402262;;;;way/1054001637;;"38185";VOIE VERTE;AIRE PIETONNE;BIDIRECTIONNEL;;TROTTOIR;EN SERVICE;LISSE;"38185";AUCUN;;;;;EN SERVICE;LISSE;;2022-10-21;;true;;;OpenStreetMap;WGS84;"cadastre-dgi-fr source : Direction Générale des Impôts - Cadastre ; mise à jour : 2009"
5.72102129704059;45.1808079716037;;;;way/245301054;;"38185";AUTRE;ZONE 30;UNIDIRECTIONNEL;;CHAUSSEE;EN SERVICE;LISSE;"38185";AUCUN;ZONE 30;;;CHAUSSEE;EN SERVICE;LISSE;;2022-10-27;"30";true;;;OpenStreetMap;WGS84;"cadastre-dgi-fr source : Direction Générale des Impôts - Cadastre ; mise à jour : 2010"
5.71658630238863;45.180695574424;;;;way/463254635;;"38185";VOIE VERTE;AIRE PIETONNE;BIDIRECTIONNEL;;TROTTOIR;EN SERVICE;LISSE;"38185";AUCUN;;;;;EN SERVICE;LISSE;;2022-10-08;;true;;;OpenStreetMap;WGS84;"cadastre-dgi-fr source : Direction Générale des Impôts - Cadastre ; mise à jour : 2009"
5.718544102401;45.1822937526937;;;;way/9511188;;"38185";PISTE CYCLABLE;;BIDIRECTIONNEL;;TROTTOIR;EN SERVICE;LISSE;"38185";AUCUN;;;;;EN SERVICE;LISSE;;2025-01-18;;true;;;OpenStreetMap;WGS84;
5.71704391286009;45.1818306554628;D 1075;;;way/324871955;;"38185";AUTRE;ZONE 30;UNIDIRECTIONNEL;;CHAUSSEE;EN SERVICE;LISSE;"38185";AUCUN;ZONE 30;;;;EN SERVICE;LISSE;ROLLER;2024-05-05;"30";true;;;OpenStreetMap;WGS84;
5.71704531193774;45.1827442220647;;;;way/866619157;;"38185";VOIE VERTE;AIRE PIETONNE;UNIDIRECTIONNEL;;TROTTOIR;EN SERVICE;LISSE;"38185";AUCUN;;;;;EN SERVICE;LISSE;;2022-10-21;;true;;;OpenStreetMap;WGS84;
5.71809445;45.1829501504499;;;;way/235059331;;"38185";BANDE CYCLABLE;ZONE 30;UNIDIRECTIONNEL;;CHAUSSEE;EN SERVICE;LISSE;"38185";AUTRE;ZONE 30;UNIDIRECTIONNEL;;CHAUSSEE;EN SERVICE;LISSE;ROLLER;2025-01-04;"30";true;;;OpenStreetMap;WGS84;"cadastre-dgi-fr source : Direction Générale des Impôts - Cadastre;mise à jour : 2009"
5.71728852720528;45.1831768767196;D 1075;;;way/463337952;;"38185";BANDE CYCLABLE;EN AGGLOMERATION;UNIDIRECTIONNEL;;CHAUSSEE;EN SERVICE;LISSE;"38185";AUCUN;EN AGGLOMERATION;;;;EN SERVICE;LISSE;ROLLER;2023-11-05;"30";true;;;OpenStreetMap;WGS84;
5.71693092249427;45.1820466353641;D 1075;;;way/290000899;;"38185";AUTRE;ZONE 30;UNIDIRECTIONNEL;;CHAUSSEE;EN SERVICE;LISSE;"38185";AUCUN;ZONE 30;;;;EN SERVICE;LISSE;ROLLER;2024-05-09;"30";true;;;OpenStreetMap;WGS84;
5.71642590110066;45.180688288544;;;;way/1101955226;;"38185";VOIE VERTE;AIRE PIETONNE;BIDIRECTIONNEL;;TROTTOIR;EN SERVICE;LISSE;"38185";AUCUN;;;;;EN SERVICE;LISSE;;2022-10-08;;true;;;OpenStreetMap;WGS84;"cadastre-dgi-fr source : Direction Générale des Impôts - Cadastre ; mise à jour : 2009"
5.71683315;45.1809595507533;;;;way/300636503;;"38185";PISTE CYCLABLE;;UNIDIRECTIONNEL;;TROTTOIR;EN SERVICE;LISSE;"38185";AUCUN;;;;;EN SERVICE;LISSE;ROLLER;2023-09-12;;true;;;OpenStreetMap;WGS84;cadastre-dgi-fr source : Direction Générale des Impôts - Cadastre. Mise à jour : 2014
5.71677841423922;45.1809447195174;D 1075;;;way/463254615;;"38185";AUTRE;ZONE 30;UNIDIRECTIONNEL;;CHAUSSEE;EN SERVICE;LISSE;"38185";AUCUN;ZONE 30;;;;EN SERVICE;LISSE;ROLLER;2023-09-12;"30";true;;;OpenStreetMap;WGS84;
5.7167538;45.180738200461;D 1075;;;way/324871959;;"38185";BANDE CYCLABLE;ZONE 30;UNIDIRECTIONNEL;;CHAUSSEE;EN SERVICE;LISSE;"38185";AUCUN;ZONE 30;;;;EN SERVICE;LISSE;ROLLER;2023-09-12;"30";true;;;OpenStreetMap;WGS84;
5.7162413;45.1801441004965;D 1075;;;way/196192906;;"38185";AUTRE;EN AGGLOMERATION;UNIDIRECTIONNEL;;CHAUSSEE;EN SERVICE;LISSE;"38185";AUCUN;EN AGGLOMERATION;;;;EN SERVICE;LISSE;ROLLER;2024-12-30;"50";true;;;OpenStreetMap;WGS84;
5.71491624217007;45.1800952300381;;;;way/53088414;;"38185";VOIE VERTE;AIRE PIETONNE;BIDIRECTIONNEL;;TROTTOIR;EN SERVICE;LISSE;"38185";AUCUN;;;;;EN SERVICE;LISSE;;2022-10-21;;true;;;OpenStreetMap;WGS84;"cadastre-dgi-fr source : Direction Générale des Impôts - Cadastre ; mise à jour : 2009"
5.71253579860553;45.1803519268742;;;;way/818749925;;"38185";VOIE VERTE;AIRE PIETONNE;BIDIRECTIONNEL;;TROTTOIR;EN SERVICE;LISSE;"38185";AUCUN;;;;;EN SERVICE;LISSE;;2022-10-21;;true;;;OpenStreetMap;WGS84;"cadastre-dgi-fr source : Direction Générale des Impôts - Cadastre ; mise à jour : 2009"
5.72182735262466;45.180569784855;;;;way/53088418;;"38185";AUTRE;ZONE 30;UNIDIRECTIONNEL;;CHAUSSEE;EN SERVICE;LISSE;"38185";AUCUN;ZONE 30;;;CHAUSSEE;EN SERVICE;LISSE;;2022-12-28;"30";true;;;OpenStreetMap;WGS84;"cadastre-dgi-fr source : Direction Générale des Impôts - Cadastre ; mise à jour : 2010"
5.72295947919476;45.1807016378802;;;;way/1054001629;;"38185";VOIE VERTE;AIRE PIETONNE;BIDIRECTIONNEL;"1.5";TROTTOIR;EN SERVICE;LISSE;"38185";AUCUN;;;"1.5";;EN SERVICE;LISSE;;2023-07-15;;true;;;OpenStreetMap;WGS84;"cadastre-dgi-fr source : Direction Générale des Impôts - Cadastre ; mise à jour : 2009"
5.72180576121587;45.1761849932034;;;;way/70845456;;"38185";AMENAGEMENT MIXTE PIETON VELO HORS VOIE VERTE;AIRE PIETONNE;BIDIRECTIONNEL;;TROTTOIR;EN SERVICE;LISSE;"38185";AUCUN;;;;;EN SERVICE;LISSE;ROLLER;2023-09-20;;true;;;OpenStreetMap;WGS84;cadastre-dgi-fr source : Direction Générale des Impôts - Cadastre. Mise à jour : 2010
5.70184325;45.1679380504807;;;;way/125336034;;"38185";VOIE VERTE;;BIDIRECTIONNEL;;CHAUSSEE;EN SERVICE;LISSE;"38185";AUCUN;;;;;EN SERVICE;LISSE;;2025-01-16;;;;;OpenStreetMap;WGS84;
5.70493025;45.1708929006042;;;;way/1120994195;;"38185";BANDE CYCLABLE;EN AGGLOMERATION;UNIDIRECTIONNEL;;CHAUSSEE;EN SERVICE;LISSE;"38185";BANDE CYCLABLE;EN AGGLOMERATION;UNIDIRECTIONNEL;;CHAUSSEE;EN SERVICE;LISSE;ROLLER;2024-04-30;"30";true;;;OpenStreetMap;WGS84;
5.70532011020909;45.1765466557741;;;;way/291434986;;"38185";PISTE CYCLABLE;;UNIDIRECTIONNEL;;TROTTOIR;EN SERVICE;LISSE;"38185";AUCUN;;;;;EN SERVICE;LISSE;;2023-04-11;;;;;OpenStreetMap;WGS84;
5.7081084;45.1738747004725;;;;way/1067671707;;"38185";BANDE CYCLABLE;EN AGGLOMERATION;UNIDIRECTIONNEL;;CHAUSSEE;EN SERVICE;LISSE;"38185";BANDE CYCLABLE;EN AGGLOMERATION;UNIDIRECTIONNEL;;CHAUSSEE;EN SERVICE;LISSE;;2022-06-07;"30";true;;;OpenStreetMap;WGS84;
5.7079221097113;45.1733961228024;;;;way/1067671704;;"38185";BANDE CYCLABLE;EN AGGLOMERATION;UNIDIRECTIONNEL;;CHAUSSEE;EN SERVICE;LISSE;"38185";BANDE CYCLABLE;EN AGGLOMERATION;UNIDIRECTIONNEL;;CHAUSSEE;EN SERVICE;LISSE;;2023-03-12;"30";true;;;OpenStreetMap;WGS84;
5.7081116432497;45.1723405553643;;;;way/40416171;;"38185";BANDE CYCLABLE;EN AGGLOMERATION;UNIDIRECTIONNEL;;CHAUSSEE;EN SERVICE;LISSE;"38185";BANDE CYCLABLE;EN AGGLOMERATION;UNIDIRECTIONNEL;;CHAUSSEE;EN SERVICE;LISSE;ROLLER;2024-04-30;"30";true;;;OpenStreetMap;WGS84;
5.70493405;45.1675139504782;;;;way/1232410753;;"38185";BANDE CYCLABLE;EN AGGLOMERATION;UNIDIRECTIONNEL;;CHAUSSEE;EN SERVICE;LISSE;"38185";AUCUN;EN AGGLOMERATION;;;;EN SERVICE;LISSE;;2023-12-19;"50";true;;;OpenStreetMap;WGS84;
5.73659668746629;45.201458577207;;;;way/227004589;;"38185";AUTRE;ZONE 30;UNIDIRECTIONNEL;;CHAUSSEE;EN SERVICE;RUGUEUX;"38185";AUTRE;ZONE 30;UNIDIRECTIONNEL;;CHAUSSEE;EN SERVICE;RUGUEUX;VELO DE ROUTE;2025-01-13;"30";true;;;OpenStreetMap;WGS84;
5.73391930926014;45.2014139604094;D 512;;;way/4087073;;"38185";BANDE CYCLABLE;ZONE 30;UNIDIRECTIONNEL;;CHAUSSEE;EN SERVICE;LISSE;"38185";AUCUN;ZONE 30;;;;EN SERVICE;LISSE;;2021-04-11;"30";true;;;OpenStreetMap;WGS84;
5.74212900024114;45.1975940601501;;;;way/67044176;;"38185";AUTRE;EN AGGLOMERATION;UNIDIRECTIONNEL;;CHAUSSEE;EN SERVICE;LISSE;"38185";AUTRE;EN AGGLOMERATION;UNIDIRECTIONNEL;;CHAUSSEE;EN SERVICE;LISSE;;2025-01-13;"30";true;;;OpenStreetMap;WGS84;
5.74074860093359;45.2001384052117;D 590;;;way/1350891042;;"38185";BANDE CYCLABLE;ZONE 30;UNIDIRECTIONNEL;;CHAUSSEE;EN SERVICE;LISSE;"38185";AUTRE;ZONE 30;UNIDIRECTIONNEL;;CHAUSSEE;EN SERVICE;LISSE;;2025-01-13;"30";true;;;OpenStreetMap;WGS84;
5.73772325243133;45.1979278445786;D 590;;;way/498043588;;"38185";AUTRE;ZONE 30;UNIDIRECTIONNEL;;CHAUSSEE;EN SERVICE;LISSE;"38185";AUTRE;ZONE 30;UNIDIRECTIONNEL;;CHAUSSEE;EN SERVICE;LISSE;;2025-01-13;"30";true;;;OpenStreetMap;WGS84;
5.73696950024216;45.197518803644;D 590;;;way/1293097021;;"38185";AUTRE;ZONE 30;UNIDIRECTIONNEL;;CHAUSSEE;EN SERVICE;LISSE;"38185";AUTRE;ZONE 30;UNIDIRECTIONNEL;;CHAUSSEE;EN SERVICE;LISSE;;2025-01-13;"30";true;;;OpenStreetMap;WGS84;
5.73858515;45.189057200452;;;;way/85388376;;"38185";AMENAGEMENT MIXTE PIETON VELO HORS VOIE VERTE;AIRE PIETONNE;BIDIRECTIONNEL;;TROTTOIR;EN SERVICE;LISSE;"38185";AUCUN;;;;;EN SERVICE;LISSE;;2022-04-03;;true;;;OpenStreetMap;WGS84;
5.72520810114073;45.1838752489145;;;;way/82641362;;"38185";AMENAGEMENT MIXTE PIETON VELO HORS VOIE VERTE;AIRE PIETONNE;BIDIRECTIONNEL;;TROTTOIR;EN SERVICE;LISSE;"38185";AUCUN;;;;;EN SERVICE;LISSE;;2019-11-26;;true;;;OpenStreetMap;WGS84;cadastre-dgi-fr source : Direction Générale des Impôts - Cadastre. Mise à jour : 2010
5.72591827876415;45.1844401944576;;;;way/450252896;;"38185";VOIE VERTE;;UNIDIRECTIONNEL;"1";CHAUSSEE;EN SERVICE;LISSE;"38185";AUCUN;;;"1";;EN SERVICE;LISSE;;2023-12-22;;true;;;OpenStreetMap;WGS84;"cadastre-dgi-fr source : Direction Générale des Impôts - Cadastre ; mise à jour : 2009"
5.72809882951598;45.1885388201147;;;;way/37855006;;"38185";AUTRE;ZONE 30;UNIDIRECTIONNEL;;CHAUSSEE;EN SERVICE;LISSE;"38185";DOUBLE SENS CYCLABLE NON MATERIALISE;ZONE 30;UNIDIRECTIONNEL;;CHAUSSEE;EN SERVICE;LISSE;;2024-08-04;"30";true;;;OpenStreetMap;WGS84;"cadastre-dgi-fr source : Direction Générale des Impôts - Cadastre;mise à jour : 2009"
5.72583053306216;45.1913803902438;;;;way/281201135;;"38185";AUTRE;ZONE DE RENCONTRE;UNIDIRECTIONNEL;;CHAUSSEE;EN SERVICE;LISSE;"38185";DOUBLE SENS CYCLABLE NON MATERIALISE;ZONE DE RENCONTRE;UNIDIRECTIONNEL;;CHAUSSEE;EN SERVICE;LISSE;;2024-07-31;"20";true;;;OpenStreetMap;WGS84;
5.72511952056364;45.1912616550062;;;;way/1349872838;;"38185";AUTRE;ZONE 30;;;;EN SERVICE;LISSE;"38185";DOUBLE SENS CYCLABLE NON MATERIALISE;ZONE 30;UNIDIRECTIONNEL;;CHAUSSEE;EN SERVICE;LISSE;;2025-01-09;"30";true;;;OpenStreetMap;WGS84;"v2;cadastre-dgi-fr source : Direction Générale des Impôts - Cadastre;mise à jour : 2009"
5.72505133080342;45.1915845739521;;;;way/172201280;;"38185";BANDE CYCLABLE;EN AGGLOMERATION;UNIDIRECTIONNEL;;CHAUSSEE;EN SERVICE;LISSE;"38185";DOUBLE SENS CYCLABLE NON MATERIALISE;EN AGGLOMERATION;UNIDIRECTIONNEL;;CHAUSSEE;EN SERVICE;LISSE;;2024-08-12;"30";true;;;OpenStreetMap;WGS84;"v2 ; cadastre-dgi-fr source : Direction Générale des Impôts - Cadastre ; mise à jour : 2009"
5.72689859838671;45.1915368163149;;;;way/745959410;;"38185";AMENAGEMENT MIXTE PIETON VELO HORS VOIE VERTE;AIRE PIETONNE;BIDIRECTIONNEL;;TROTTOIR;EN SERVICE;LISSE;"38185";AUCUN;;;;;EN SERVICE;LISSE;ROLLER;2024-05-09;;true;;;OpenStreetMap;WGS84;
5.7274852994746;45.1913675503601;;;;way/492113257;;"38185";AMENAGEMENT MIXTE PIETON VELO HORS VOIE VERTE;AIRE PIETONNE;BIDIRECTIONNEL;;TROTTOIR;EN SERVICE;LISSE;"38185";AUCUN;;;;;EN SERVICE;LISSE;;2024-08-21;;true;;;OpenStreetMap;WGS84;
5.73472899221245;45.1904073764535;;;;way/89403482;;"38185";BANDE CYCLABLE;EN AGGLOMERATION;UNIDIRECTIONNEL;;CHAUSSEE;EN SERVICE;LISSE;"38185";AUCUN;EN AGGLOMERATION;;;;EN SERVICE;LISSE;ROLLER;2024-08-12;"30";true;;;OpenStreetMap;WGS84;
5.73713212868723;45.1910004083243;;;;way/345572621;;"38185";PISTE CYCLABLE;;UNIDIRECTIONNEL;;TROTTOIR;EN SERVICE;LISSE;"38185";AUCUN;;;;;EN SERVICE;LISSE;ROLLER;2022-02-20;;true;;;OpenStreetMap;WGS84;
5.73908291378495;45.1890904647804;;;;way/995229476;;"38185";AMENAGEMENT MIXTE PIETON VELO HORS VOIE VERTE;AIRE PIETONNE;BIDIRECTIONNEL;;TROTTOIR;EN SERVICE;MEUBLE;"38185";AUCUN;;;;;EN SERVICE;MEUBLE;;2024-07-21;;false;;;OpenStreetMap;WGS84;
5.7375014961495;45.1903955652044;;;;way/1050309333;;"38185";AMENAGEMENT MIXTE PIETON VELO HORS VOIE VERTE;AIRE PIETONNE;BIDIRECTIONNEL;;TROTTOIR;EN SERVICE;LISSE;"38185";AUCUN;;;;;EN SERVICE;LISSE;;2022-04-08;;;;;OpenStreetMap;WGS84;
5.7386628853536;45.1911626244316;;;;way/322550017;;"38185";AMENAGEMENT MIXTE PIETON VELO HORS VOIE VERTE;AIRE PIETONNE;BIDIRECTIONNEL;;TROTTOIR;EN SERVICE;LISSE;"38185";AUCUN;;;;;EN SERVICE;LISSE;;2021-06-15;;true;;;OpenStreetMap;WGS84;
5.73845709810927;45.1878664180683;;;;way/52567131;;"38185";AMENAGEMENT MIXTE PIETON VELO HORS VOIE VERTE;AIRE PIETONNE;BIDIRECTIONNEL;;TROTTOIR;EN SERVICE;LISSE;"38185";AUCUN;;;;;EN SERVICE;LISSE;ROLLER;2023-09-19;;true;;;OpenStreetMap;WGS84;
5.73612596314157;45.186756420349;;;;way/277767705;;"38185";PISTE CYCLABLE;;BIDIRECTIONNEL;;TROTTOIR;EN SERVICE;LISSE;"38185";AUCUN;;;;;EN SERVICE;LISSE;ROLLER;2024-07-25;;true;;;OpenStreetMap;WGS84;
5.73682973885476;45.1895046076709;;;;way/85388362;;"38185";AUTRE;EN AGGLOMERATION;;;;EN SERVICE;LISSE;"38185";DOUBLE SENS CYCLABLE NON MATERIALISE;EN AGGLOMERATION;UNIDIRECTIONNEL;;CHAUSSEE;EN SERVICE;LISSE;ROLLER;2024-01-26;"30";true;;;OpenStreetMap;WGS84;"cadastre-dgi-fr source : Direction Générale des Impôts - Cadastre ; mise à jour : 2010"
5.73398305;45.1843305004508;;;;way/269214517;;"38185";AMENAGEMENT MIXTE PIETON VELO HORS VOIE VERTE;AIRE PIETONNE;BIDIRECTIONNEL;;TROTTOIR;EN SERVICE;LISSE;"38185";AUCUN;;;;;EN SERVICE;LISSE;;2024-03-30;;true;;;OpenStreetMap;WGS84;
5.73833905;45.1851094005681;;;;way/28418406;;"38185";AMENAGEMENT MIXTE PIETON VELO HORS VOIE VERTE;AIRE PIETONNE;BIDIRECTIONNEL;;TROTTOIR;EN SERVICE;MEUBLE;"38185";AUCUN;;;;;EN SERVICE;MEUBLE;VELO DE ROUTE;2021-02-24;;true;;;OpenStreetMap;WGS84;
5.73460918634924;45.1887093063008;;;;way/714469842;;"38185";AUTRE;EN AGGLOMERATION;UNIDIRECTIONNEL;;CHAUSSEE;EN SERVICE;LISSE;"38185";AUTRE;EN AGGLOMERATION;UNIDIRECTIONNEL;;CHAUSSEE;EN SERVICE;LISSE;;2024-07-22;"30";true;;;OpenStreetMap;WGS84;
5.73507485;45.1857039506054;;;;way/97855852;;"38185";AMENAGEMENT MIXTE PIETON VELO HORS VOIE VERTE;AIRE PIETONNE;BIDIRECTIONNEL;;TROTTOIR;EN SERVICE;RUGUEUX;"38185";AUCUN;;;;;EN SERVICE;RUGUEUX;;2021-02-24;;false;;;OpenStreetMap;WGS84;Bing
5.7326639;45.1852627504558;;;;way/278057874;;"38185";AMENAGEMENT MIXTE PIETON VELO HORS VOIE VERTE;AIRE PIETONNE;BIDIRECTIONNEL;;TROTTOIR;EN SERVICE;LISSE;"38185";AUCUN;;;;;EN SERVICE;LISSE;ROLLER;2024-05-24;;true;;;OpenStreetMap;WGS84;
5.73503584694991;45.1846251136268;;;;way/383322098;;"38185";AMENAGEMENT MIXTE PIETON VELO HORS VOIE VERTE;AIRE PIETONNE;BIDIRECTIONNEL;;TROTTOIR;EN SERVICE;RUGUEUX;"38185";AUCUN;;;;;EN SERVICE;RUGUEUX;;2023-09-14;;true;;;OpenStreetMap;WGS84;
5.7330712;45.18421100045;;;;way/1321731068;;"38185";VOIE VERTE;;BIDIRECTIONNEL;;CHAUSSEE;EN SERVICE;LISSE;"38185";AUCUN;;;;;EN SERVICE;LISSE;;2024-10-07;;true;;;OpenStreetMap;WGS84;
5.73283854562031;45.1843362210499;;;;way/1337657202;;"38185";AUTRE;ZONE 30;UNIDIRECTIONNEL;;CHAUSSEE;EN SERVICE;LISSE;"38185";AUCUN;ZONE 30;;;;EN SERVICE;LISSE;;2024-11-25;"30";true;;;OpenStreetMap;WGS84;
5.73595439651995;45.1844754750385;;;;way/278057877;;"38185";AMENAGEMENT MIXTE PIETON VELO HORS VOIE VERTE;AIRE PIETONNE;BIDIRECTIONNEL;;TROTTOIR;EN SERVICE;RUGUEUX;"38185";AUCUN;;;;;EN SERVICE;RUGUEUX;;2025-01-10;;true;;;OpenStreetMap;WGS84;
5.73632437175969;45.1853936219672;;;;way/28680493;;"38185";AMENAGEMENT MIXTE PIETON VELO HORS VOIE VERTE;AIRE PIETONNE;BIDIRECTIONNEL;;TROTTOIR;EN SERVICE;MEUBLE;"38185";AUCUN;;;;;EN SERVICE;MEUBLE;VELO DE ROUTE;2021-05-22;;true;;;OpenStreetMap;WGS84;
5.73541692216885;45.185998259229;;;;way/28696382;;"38185";AMENAGEMENT MIXTE PIETON VELO HORS VOIE VERTE;AIRE PIETONNE;BIDIRECTIONNEL;;TROTTOIR;EN SERVICE;RUGUEUX;"38185";AUCUN;;;;;EN SERVICE;RUGUEUX;;2023-09-14;;true;;;OpenStreetMap;WGS84;
5.73882554937926;45.184489042326;;;;way/183471299;;"38185";AMENAGEMENT MIXTE PIETON VELO HORS VOIE VERTE;AIRE PIETONNE;BIDIRECTIONNEL;;TROTTOIR;EN SERVICE;MEUBLE;"38185";AUCUN;;;;;EN SERVICE;MEUBLE;VELO DE ROUTE;2021-05-22;;true;;;OpenStreetMap;WGS84;
5.74076303471635;45.1845411493985;;;;way/318868893;;"38185";PISTE CYCLABLE;;BIDIRECTIONNEL;;TROTTOIR;EN SERVICE;LISSE;"38185";AUCUN;;;;;EN SERVICE;LISSE;;2024-12-17;;true;;;OpenStreetMap;WGS84;
5.74134916573299;45.1865452679789;;;;way/183473372;;"38185";AMENAGEMENT MIXTE PIETON VELO HORS VOIE VERTE;AIRE PIETONNE;BIDIRECTIONNEL;;TROTTOIR;EN SERVICE;MEUBLE;"38185";AUCUN;;;;;EN SERVICE;MEUBLE;VELO DE ROUTE;2021-04-01;;false;;;OpenStreetMap;WGS84;
5.74224405;45.1854076004971;D 523;;;way/1133551905;;"38185";BANDE CYCLABLE;EN AGGLOMERATION;UNIDIRECTIONNEL;;CHAUSSEE;EN SERVICE;LISSE;"38185";BANDE CYCLABLE;EN AGGLOMERATION;UNIDIRECTIONNEL;;CHAUSSEE;EN SERVICE;LISSE;;2024-04-07;"50";true;;;OpenStreetMap;WGS84;cadastre-dgi-fr source : Direction Générale des Impôts - Cadastre. Mise à jour : 2009
5.74167619360911;45.1865987158505;;;;way/183473371;;"38185";AMENAGEMENT MIXTE PIETON VELO HORS VOIE VERTE;AIRE PIETONNE;BIDIRECTIONNEL;;TROTTOIR;EN SERVICE;MEUBLE;"38185";AUCUN;;;;;EN SERVICE;MEUBLE;VELO DE ROUTE;2021-10-26;;;;;OpenStreetMap;WGS84;
5.74143322692659;45.1877935863728;;;;way/278057872;;"38185";VOIE VERTE;;BIDIRECTIONNEL;;CHAUSSEE;EN SERVICE;LISSE;"38185";AUCUN;;;;;EN SERVICE;LISSE;ROLLER;2023-11-28;;true;;;OpenStreetMap;WGS84;
5.74226731312124;45.1870128705825;;;;way/1117204018;;"38185";BANDE CYCLABLE;EN AGGLOMERATION;UNIDIRECTIONNEL;;CHAUSSEE;EN SERVICE;LISSE;"38185";BANDE CYCLABLE;EN AGGLOMERATION;UNIDIRECTIONNEL;;CHAUSSEE;EN SERVICE;LISSE;ROLLER;2023-09-19;"30";true;;;OpenStreetMap;WGS84;
5.74140045;45.189297200453;;;;way/597717300;;"38185";VOIE VERTE;AIRE PIETONNE;BIDIRECTIONNEL;;TROTTOIR;EN SERVICE;LISSE;"38185";AUCUN;;;;;EN SERVICE;LISSE;;2024-09-30;;true;;;OpenStreetMap;WGS84;
5.74084069246857;45.1887380562408;;;;way/1043437903;;"38185";PISTE CYCLABLE;;BIDIRECTIONNEL;;TROTTOIR;EN SERVICE;LISSE;"38185";AUCUN;;;;;EN SERVICE;LISSE;;2024-09-13;;true;;;OpenStreetMap;WGS84;
5.74206918605405;45.1893498459342;;;;way/803425643;;"38185";PISTE CYCLABLE;;BIDIRECTIONNEL;;TROTTOIR;EN SERVICE;LISSE;"38185";AUCUN;;;;;EN SERVICE;LISSE;;2023-02-18;;true;;;OpenStreetMap;WGS84;
5.74124865598615;45.1883992264856;;;;way/1107317401;;"38185";BANDE CYCLABLE;ZONE 30;UNIDIRECTIONNEL;;CHAUSSEE;EN SERVICE;LISSE;"38185";BANDE CYCLABLE;ZONE 30;UNIDIRECTIONNEL;;CHAUSSEE;EN SERVICE;LISSE;ROLLER;2023-09-19;"30";true;;;OpenStreetMap;WGS84;
5.7420287;45.189874900451;;;;way/244086425;;"38185";VOIE VERTE;AIRE PIETONNE;BIDIRECTIONNEL;;TROTTOIR;EN SERVICE;MEUBLE;"38185";AUCUN;;;;;EN SERVICE;MEUBLE;;2024-09-30;;false;;;OpenStreetMap;WGS84;"cadastre-dgi-fr source : Direction Générale des Impôts - Cadastre ; mise à jour : 2009"
5.74014737666223;45.1915661015429;;;;way/55700593;;"38185";BANDE CYCLABLE;ZONE 30;UNIDIRECTIONNEL;;CHAUSSEE;EN SERVICE;LISSE;"38185";BANDE CYCLABLE;ZONE 30;UNIDIRECTIONNEL;;CHAUSSEE;EN SERVICE;LISSE;;2025-01-06;"30";true;;;OpenStreetMap;WGS84;
5.74132542509809;45.1917159897048;VV3;;;way/451255877;;"38185";VOIE VERTE;;BIDIRECTIONNEL;;CHAUSSEE;EN SERVICE;LISSE;"38185";AUCUN;;;;;EN SERVICE;LISSE;ROLLER;2024-10-27;;true;;Voie verte;OpenStreetMap;WGS84;
5.7287019474439;45.1947867155777;;;;way/4262427;;"38185";AMENAGEMENT MIXTE PIETON VELO HORS VOIE VERTE;AIRE PIETONNE;BIDIRECTIONNEL;;TROTTOIR;EN SERVICE;LISSE;"38185";AUCUN;;;;;EN SERVICE;LISSE;;2020-12-13;;true;;;OpenStreetMap;WGS84;
5.735091095368;45.1928560571526;;;;way/216252344;;"38185";VOIE VERTE;;UNIDIRECTIONNEL;;CHAUSSEE;EN SERVICE;LISSE;"38185";AUCUN;;;;;EN SERVICE;LISSE;;2022-10-24;;true;;;OpenStreetMap;WGS84;
5.74168272438338;45.193946496041;VV3;;;way/369057641;;"38185";PISTE CYCLABLE;;BIDIRECTIONNEL;;TROTTOIR;EN SERVICE;LISSE;"38185";AUCUN;;;;;EN SERVICE;LISSE;ROLLER;2024-04-02;;true;;;OpenStreetMap;WGS84;
5.71234015;45.162225900452;;;;way/1126155519;;"38185";PISTE CYCLABLE;;UNIDIRECTIONNEL;;TROTTOIR;EN SERVICE;LISSE;"38185";AUCUN;;;;;EN SERVICE;LISSE;;2023-01-01;;;;;OpenStreetMap;WGS84;
5.71036341376688;45.1616791851912;;;;way/158497374;;"38185";AUTRE;EN AGGLOMERATION;UNIDIRECTIONNEL;;CHAUSSEE;EN SERVICE;LISSE;"38185";AUCUN;EN AGGLOMERATION;;;;EN SERVICE;LISSE;;2021-08-05;"30";true;;;OpenStreetMap;WGS84;
5.70982634734806;45.1608156833038;D 1075;;;way/309992013;;"38185";COULOIR BUS+VELO;EN AGGLOMERATION;UNIDIRECTIONNEL;;CHAUSSEE;EN SERVICE;LISSE;"38185";AUCUN;EN AGGLOMERATION;;;;EN SERVICE;LISSE;;2024-09-23;"50";true;;;OpenStreetMap;WGS84;
5.70971358955585;45.1608753975181;;;;way/41782819;;"38185";PISTE CYCLABLE;;UNIDIRECTIONNEL;;TROTTOIR;EN SERVICE;LISSE;"38185";AUCUN;;;;;EN SERVICE;LISSE;;2021-08-05;;false;;;OpenStreetMap;WGS84;
5.75300106263712;45.1755425407397;;;;way/1348998201;;"38185";PISTE CYCLABLE;;BIDIRECTIONNEL;;TROTTOIR;EN SERVICE;LISSE;"38185";AUCUN;;;;;EN SERVICE;LISSE;;2025-01-06;;true;;;OpenStreetMap;WGS84;
5.68522198683651;45.2090776900209;VV7;;;way/38655107;;"38185";PISTE CYCLABLE;;BIDIRECTIONNEL;;TROTTOIR;EN SERVICE;LISSE;"38185";AUCUN;;;;;EN SERVICE;LISSE;;2023-03-25;;;;;OpenStreetMap;WGS84;cadastre-dgi-fr source : Direction Générale des Impôts - Cadastre. Mise à jour : 2009
5.6846644754008;45.211189364713;;;;way/1230286689;;"38185";PISTE CYCLABLE;;BIDIRECTIONNEL;;TROTTOIR;EN SERVICE;LISSE;"38185";AUCUN;;;;;EN SERVICE;LISSE;;2023-12-22;;;;;OpenStreetMap;WGS84;
5.69196506056536;45.2096405833381;VV7;;;way/38655106;;"38185";VOIE VERTE;;BIDIRECTIONNEL;;CHAUSSEE;EN SERVICE;LISSE;"38185";AUCUN;;;;;EN SERVICE;LISSE;;2024-10-25;;;;;OpenStreetMap;WGS84;cadastre-dgi-fr source : Direction Générale des Impôts - Cadastre. Mise à jour : 2009
5.6843677;45.2082830031978;;;;way/63532554;;"38185";PISTE CYCLABLE;;BIDIRECTIONNEL;;TROTTOIR;EN SERVICE;LISSE;"38185";AUCUN;;;;;EN SERVICE;LISSE;;2023-03-31;;false;;;OpenStreetMap;WGS84;cadastre-dgi-fr source : Direction Générale des Impôts - Cadastre. Mise à jour : 2009
5.7014739;45.2060790006232;;;;way/933375240;;"38185";VOIE VERTE;;BIDIRECTIONNEL;;CHAUSSEE;EN SERVICE;LISSE;"38185";AUCUN;;;;;EN SERVICE;LISSE;ROLLER;2024-07-09;;true;;;OpenStreetMap;WGS84;
5.69912642952504;45.2064336957371;D 531;;;way/463973039;;"38185";BANDE CYCLABLE;EN AGGLOMERATION;UNIDIRECTIONNEL;;CHAUSSEE;EN SERVICE;LISSE;"38185";AUCUN;EN AGGLOMERATION;;;;EN SERVICE;LISSE;;2022-09-01;"50";true;;;OpenStreetMap;WGS84;
5.69593450468201;45.2088824168154;;;;way/1054372035;;"38185";AMENAGEMENT MIXTE PIETON VELO HORS VOIE VERTE;AIRE PIETONNE;BIDIRECTIONNEL;;TROTTOIR;EN SERVICE;;"38185";AUCUN;;;;;EN SERVICE;;;2025-01-03;;;;;OpenStreetMap;WGS84;
5.69686169961624;45.2081264441472;D 531;;;way/775184526;;"38185";BANDE CYCLABLE;EN AGGLOMERATION;UNIDIRECTIONNEL;;CHAUSSEE;EN SERVICE;LISSE;"38185";AUCUN;EN AGGLOMERATION;;;;EN SERVICE;LISSE;;2023-08-01;"50";true;;;OpenStreetMap;WGS84;
5.69800749397936;45.2072726404413;D 531;;;way/300110302;;"38185";BANDE CYCLABLE;EN AGGLOMERATION;UNIDIRECTIONNEL;;CHAUSSEE;EN SERVICE;LISSE;"38185";AUCUN;EN AGGLOMERATION;;;;EN SERVICE;LISSE;;2022-12-01;"50";;;;OpenStreetMap;WGS84;
5.69842897793296;45.204687509544;;;;way/318868882;;"38185";BANDE CYCLABLE;EN AGGLOMERATION;UNIDIRECTIONNEL;;CHAUSSEE;EN SERVICE;LISSE;"38185";AUCUN;EN AGGLOMERATION;;;;EN SERVICE;LISSE;;2023-05-26;"30";true;;;OpenStreetMap;WGS84;"cadastre-dgi-fr source : Direction Générale des Impôts - Cadastre ; mise à jour : 2010"
5.69773694238414;45.2041855033532;;;;way/220927852;;"38185";BANDE CYCLABLE;;UNIDIRECTIONNEL;;CHAUSSEE;EN SERVICE;LISSE;"38185";AUCUN;;;;;EN SERVICE;LISSE;;2023-03-04;;;;;OpenStreetMap;WGS84;
5.69905365;45.2051251504658;;;;way/1117459668;;"38185";PISTE CYCLABLE;;UNIDIRECTIONNEL;;TROTTOIR;EN SERVICE;LISSE;"38185";AUCUN;;;;;EN SERVICE;LISSE;;2022-12-01;;;;;OpenStreetMap;WGS84;
5.7007169;45.2048411504499;;;;way/945717891;;"38185";VOIE VERTE;;BIDIRECTIONNEL;;CHAUSSEE;EN SERVICE;LISSE;"38185";AUCUN;;;;;EN SERVICE;LISSE;;2021-06-22;;true;;;OpenStreetMap;WGS84;
5.70143471550761;45.2047404086685;;;;way/296319823;;"38185";PISTE CYCLABLE;;UNIDIRECTIONNEL;;TROTTOIR;EN SERVICE;LISSE;"38185";AUCUN;;;;;EN SERVICE;LISSE;;2023-10-05;;true;;;OpenStreetMap;WGS84;
5.70121808697091;45.2048085191894;D 531;;;way/381337189;;"38185";COULOIR BUS+VELO;EN AGGLOMERATION;UNIDIRECTIONNEL;;CHAUSSEE;EN SERVICE;LISSE;"38185";AUCUN;EN AGGLOMERATION;;;;EN SERVICE;LISSE;;2022-09-01;"50";true;;;OpenStreetMap;WGS84;cadastre-dgi-fr source : Direction Générale des Impôts - Cadastre. Mise à jour : 2009
5.70113013583996;45.2051016067148;;;;way/945717889;;"38185";VOIE VERTE;;BIDIRECTIONNEL;;CHAUSSEE;EN SERVICE;LISSE;"38185";AUCUN;;;;;EN SERVICE;LISSE;;2022-11-26;;true;;;OpenStreetMap;WGS84;
5.69578997196089;45.202744797592;;;;way/1117459672;;"38185";PISTE CYCLABLE;;BIDIRECTIONNEL;;TROTTOIR;EN SERVICE;;"38185";AUCUN;;;;;EN SERVICE;;;2023-12-04;;;;;OpenStreetMap;WGS84;
5.70497745;45.1716985505093;;;;way/1120994197;;"38185";BANDE CYCLABLE;EN AGGLOMERATION;UNIDIRECTIONNEL;;CHAUSSEE;EN SERVICE;LISSE;"38185";BANDE CYCLABLE;EN AGGLOMERATION;UNIDIRECTIONNEL;;CHAUSSEE;EN SERVICE;LISSE;ROLLER;2024-04-30;"30";true;;;OpenStreetMap;WGS84;
5.7049605;45.171408950831;;;;way/1120994196;;"38185";BANDE CYCLABLE;EN AGGLOMERATION;UNIDIRECTIONNEL;;CHAUSSEE;EN SERVICE;LISSE;"38185";BANDE CYCLABLE;EN AGGLOMERATION;UNIDIRECTIONNEL;;CHAUSSEE;EN SERVICE;LISSE;ROLLER;2024-04-30;"30";true;;;OpenStreetMap;WGS84;
5.70494052595633;45.1710687011624;;;;way/1120994199;;"38185";BANDE CYCLABLE;EN AGGLOMERATION;UNIDIRECTIONNEL;;CHAUSSEE;EN SERVICE;LISSE;"38185";BANDE CYCLABLE;EN AGGLOMERATION;UNIDIRECTIONNEL;;CHAUSSEE;EN SERVICE;LISSE;ROLLER;2024-04-30;"30";true;;;OpenStreetMap;WGS84;
5.70491092840078;45.1705889013869;;;;way/204138288;;"38185";BANDE CYCLABLE;EN AGGLOMERATION;UNIDIRECTIONNEL;;CHAUSSEE;EN SERVICE;LISSE;"38185";BANDE CYCLABLE;EN AGGLOMERATION;UNIDIRECTIONNEL;;CHAUSSEE;EN SERVICE;LISSE;ROLLER;2024-04-30;"30";true;;;OpenStreetMap;WGS84;
5.70492185;45.1707496504521;;;;way/1120994200;;"38185";BANDE CYCLABLE;EN AGGLOMERATION;UNIDIRECTIONNEL;;CHAUSSEE;EN SERVICE;LISSE;"38185";BANDE CYCLABLE;EN AGGLOMERATION;UNIDIRECTIONNEL;;CHAUSSEE;EN SERVICE;LISSE;ROLLER;2024-04-30;"30";true;;;OpenStreetMap;WGS84;
5.7051005983549;45.1742663007791;;;;way/204138289;;"38185";BANDE CYCLABLE;EN AGGLOMERATION;UNIDIRECTIONNEL;;CHAUSSEE;EN SERVICE;LISSE;"38185";BANDE CYCLABLE;EN AGGLOMERATION;UNIDIRECTIONNEL;;CHAUSSEE;EN SERVICE;LISSE;;2022-12-11;"30";true;;;OpenStreetMap;WGS84;
5.7051194386401;45.1760497297661;;;;way/291434972;;"38185";PISTE CYCLABLE;;UNIDIRECTIONNEL;;TROTTOIR;EN SERVICE;LISSE;"38185";AUCUN;;;;;EN SERVICE;LISSE;;2022-07-24;;true;;;OpenStreetMap;WGS84;
5.73413370526425;45.1912310939279;;;;way/4262551;;"38185";AUTRE;EN AGGLOMERATION;;;;EN SERVICE;LISSE;"38185";DOUBLE SENS CYCLABLE NON MATERIALISE;EN AGGLOMERATION;UNIDIRECTIONNEL;;CHAUSSEE;EN SERVICE;LISSE;;2022-10-24;"30";;;;OpenStreetMap;WGS84;
5.73464879558687;45.195652227787;;;;way/361226005;;"38185";AUTRE;ZONE 30;UNIDIRECTIONNEL;;CHAUSSEE;EN SERVICE;LISSE;"38185";AUCUN;ZONE 30;;;;EN SERVICE;LISSE;;2024-07-22;"30";true;;;OpenStreetMap;WGS84;
5.73465480561311;45.1956346525386;;;;way/490503094;;"38185";AMENAGEMENT MIXTE PIETON VELO HORS VOIE VERTE;AIRE PIETONNE;BIDIRECTIONNEL;;TROTTOIR;EN SERVICE;LISSE;"38185";AUCUN;;;;;EN SERVICE;LISSE;;2022-01-02;;true;;;OpenStreetMap;WGS84;cadastre-dgi-fr source : Direction Générale des Impôts - Cadastre. Mise à jour : 2010
5.73453764969684;45.1941030701295;;;;way/286020009;;"38185";AMENAGEMENT MIXTE PIETON VELO HORS VOIE VERTE;AIRE PIETONNE;BIDIRECTIONNEL;;TROTTOIR;EN SERVICE;;"38185";AUCUN;;;;;EN SERVICE;;;2017-04-30;;;;;OpenStreetMap;WGS84;cadastre-dgi-fr source : Direction Générale des Impôts - Cadastre. Mise à jour : 2014
5.73668053095404;45.1941492499322;;;;way/490503154;;"38185";VOIE VERTE;;UNIDIRECTIONNEL;;CHAUSSEE;EN SERVICE;LISSE;"38185";AUCUN;;;;;EN SERVICE;LISSE;;2024-07-16;;true;;;OpenStreetMap;WGS84;
5.73865841164471;45.1909665799265;;;;way/490503119;;"38185";VOIE VERTE;AIRE PIETONNE;BIDIRECTIONNEL;;TROTTOIR;EN SERVICE;LISSE;"38185";AUCUN;;;;;EN SERVICE;LISSE;;2024-09-30;;true;;;OpenStreetMap;WGS84;"cadastre-dgi-fr source : Direction Générale des Impôts - Cadastre;mise à jour : 2009"
5.73858645;45.191002150453;;;;way/322550015;;"38185";VOIE VERTE;AIRE PIETONNE;BIDIRECTIONNEL;;TROTTOIR;EN SERVICE;LISSE;"38185";AUCUN;;;;;EN SERVICE;LISSE;;2024-09-30;;true;;;OpenStreetMap;WGS84;"cadastre-dgi-fr source : Direction Générale des Impôts - Cadastre;mise à jour : 2009"
5.74151929175016;45.1894379312353;;;;way/844839872;;"38185";VOIE VERTE;AIRE PIETONNE;BIDIRECTIONNEL;;TROTTOIR;EN SERVICE;LISSE;"38185";AUCUN;;;;;EN SERVICE;LISSE;;2024-09-30;;true;;;OpenStreetMap;WGS84;"cadastre-dgi-fr source : Direction Générale des Impôts - Cadastre;mise à jour : 2009"
5.74135154064756;45.1923198746467;VV3;;;way/1070022550;;"38185";PISTE CYCLABLE;ZONE 30;BIDIRECTIONNEL;"3";TROTTOIR;EN SERVICE;LISSE;"38185";AUCUN;ZONE 30;;"3";;EN SERVICE;LISSE;ROLLER;2024-11-10;"30";true;;;OpenStreetMap;WGS84;
5.7363570654511;45.159427911741;D 5B;;;way/40416176;;"38185";AUTRE;EN AGGLOMERATION;UNIDIRECTIONNEL;;CHAUSSEE;EN SERVICE;LISSE;"38185";AUCUN;EN AGGLOMERATION;;;;EN SERVICE;LISSE;;2024-12-08;"50";true;;;OpenStreetMap;WGS84;
5.73372450618742;45.1587890051527;D 5B;;;way/40406756;;"38185";BANDE CYCLABLE;EN AGGLOMERATION;UNIDIRECTIONNEL;;CHAUSSEE;EN SERVICE;LISSE;"38185";AUCUN;EN AGGLOMERATION;;;;EN SERVICE;LISSE;;2024-12-08;"50";true;;;OpenStreetMap;WGS84;
5.73275842788743;45.1573774900128;;;;way/494491647;;"38185";VOIE VERTE;AIRE PIETONNE;BIDIRECTIONNEL;;TROTTOIR;EN SERVICE;;"38185";AUCUN;;;;;EN SERVICE;;;2024-04-07;;true;;;OpenStreetMap;WGS84;
5.72853658237527;45.1635305493767;;;;way/817474553;;"38185";PISTE CYCLABLE;;BIDIRECTIONNEL;;TROTTOIR;EN SERVICE;LISSE;"38185";AUCUN;;;;;EN SERVICE;LISSE;;2024-02-20;;;;;OpenStreetMap;WGS84;
5.7290604;45.1612631004536;;;;way/493217077;;"38185";VOIE VERTE;;BIDIRECTIONNEL;;CHAUSSEE;EN SERVICE;LISSE;"38185";AUCUN;;;;;EN SERVICE;LISSE;;2023-02-03;;;;;OpenStreetMap;WGS84;
5.72866961696374;45.1600213041624;;;;way/158367284;;"38185";VOIE VERTE;;BIDIRECTIONNEL;;CHAUSSEE;EN SERVICE;RUGUEUX;"38185";AUCUN;;;;;EN SERVICE;RUGUEUX;;2024-10-27;;true;;;OpenStreetMap;WGS84;
5.73001522544908;45.1590766211186;D 5B;;;way/1327068103;;"38185";AUTRE;EN AGGLOMERATION;UNIDIRECTIONNEL;;CHAUSSEE;EN SERVICE;LISSE;"38185";AUCUN;EN AGGLOMERATION;;;;EN SERVICE;LISSE;;2024-10-27;"50";true;;;OpenStreetMap;WGS84;
5.73005937275972;45.159350258897;;;;way/1328602222;;"38185";PISTE CYCLABLE;;BIDIRECTIONNEL;;TROTTOIR;EN SERVICE;;"38185";AUCUN;;;;;EN SERVICE;;;2024-10-27;;;;;OpenStreetMap;WGS84;
5.72414422733235;45.1594974824629;;;;way/1328602146;;"38185";BANDE CYCLABLE;;UNIDIRECTIONNEL;;CHAUSSEE;EN SERVICE;LISSE;"38185";AUTRE;;UNIDIRECTIONNEL;;CHAUSSEE;EN SERVICE;LISSE;;2024-11-10;;;;;OpenStreetMap;WGS84;
5.72422390695618;45.1593573159835;D 5B;;;way/292166870;;"38185";BANDE CYCLABLE;EN AGGLOMERATION;UNIDIRECTIONNEL;;CHAUSSEE;EN SERVICE;LISSE;"38185";AUCUN;EN AGGLOMERATION;;;;EN SERVICE;LISSE;;2024-10-27;"50";true;;;OpenStreetMap;WGS84;
5.72876107533256;45.1641756946346;D 269A;;;way/817474564;;"38185";AUTRE;EN AGGLOMERATION;UNIDIRECTIONNEL;;CHAUSSEE;EN SERVICE;LISSE;"38185";AUCUN;EN AGGLOMERATION;;;;EN SERVICE;LISSE;;2022-09-12;"50";;;;OpenStreetMap;WGS84;"cadastre-dgi-fr source : Direction Générale des Impôts - Cadastre ; mise à jour : 2010"
5.72069760212443;45.1607824587292;;;;way/292166924;;"38185";PISTE CYCLABLE;;UNIDIRECTIONNEL;;TROTTOIR;EN SERVICE;LISSE;"38185";AUCUN;;;;;EN SERVICE;LISSE;;2024-04-16;;true;;;OpenStreetMap;WGS84;
5.7287293;45.1666314504515;;;;way/493217117;;"38185";VOIE VERTE;;BIDIRECTIONNEL;;CHAUSSEE;EN SERVICE;LISSE;"38185";AUCUN;;;;;EN SERVICE;LISSE;;2022-09-12;;true;;;OpenStreetMap;WGS84;
5.72883870489788;45.1646924439129;;;;way/299529828;;"38185";VOIE VERTE;;UNIDIRECTIONNEL;;CHAUSSEE;EN SERVICE;LISSE;"38185";AUCUN;;;;;EN SERVICE;LISSE;;2022-09-12;;true;;;OpenStreetMap;WGS84;
5.7077552;45.1726872507348;;;;way/1067671699;;"38185";BANDE CYCLABLE;EN AGGLOMERATION;UNIDIRECTIONNEL;;CHAUSSEE;EN SERVICE;LISSE;"38185";BANDE CYCLABLE;EN AGGLOMERATION;UNIDIRECTIONNEL;;CHAUSSEE;EN SERVICE;LISSE;ROLLER;2022-06-30;"30";true;;;OpenStreetMap;WGS84;
5.70500332550096;45.1721387972307;;;;way/324871930;;"38185";BANDE CYCLABLE;EN AGGLOMERATION;UNIDIRECTIONNEL;;CHAUSSEE;EN SERVICE;LISSE;"38185";BANDE CYCLABLE;EN AGGLOMERATION;UNIDIRECTIONNEL;;CHAUSSEE;EN SERVICE;LISSE;ROLLER;2024-10-07;"30";true;;;OpenStreetMap;WGS84;
5.70515451034219;45.175049358671;;;;way/291434965;;"38185";BANDE CYCLABLE;EN AGGLOMERATION;UNIDIRECTIONNEL;;CHAUSSEE;EN SERVICE;LISSE;"38185";AUCUN;EN AGGLOMERATION;;;;EN SERVICE;LISSE;;2023-09-02;"30";true;;;OpenStreetMap;WGS84;
5.70484206647914;45.1700479527094;;;;way/291434979;;"38185";BANDE CYCLABLE;;UNIDIRECTIONNEL;;CHAUSSEE;EN SERVICE;LISSE;"38185";AUCUN;;;;CHAUSSEE;EN SERVICE;LISSE;ROLLER;2024-04-30;;;;;OpenStreetMap;WGS84;
5.70430311747601;45.1676310688354;;;;way/1153307510;;"38185";VOIE VERTE;;BIDIRECTIONNEL;;CHAUSSEE;EN SERVICE;LISSE;"38185";AUCUN;;;;;EN SERVICE;LISSE;;2024-07-05;;true;;;OpenStreetMap;WGS84;
5.70445845;45.1676152004774;;;;way/158422508;;"38185";BANDE CYCLABLE;EN AGGLOMERATION;UNIDIRECTIONNEL;;CHAUSSEE;EN SERVICE;LISSE;"38185";AUCUN;EN AGGLOMERATION;;;;EN SERVICE;LISSE;;2022-09-01;"30";true;;;OpenStreetMap;WGS84;
5.70444184347746;45.1677644212592;;;;way/1153307508;;"38185";VOIE VERTE;;BIDIRECTIONNEL;;CHAUSSEE;EN SERVICE;LISSE;"38185";AUCUN;;;;;EN SERVICE;LISSE;;2024-07-05;;true;;;OpenStreetMap;WGS84;
5.70452158345861;45.1678571974807;;;;way/1153307507;;"38185";VOIE VERTE;;BIDIRECTIONNEL;;CHAUSSEE;EN SERVICE;LISSE;"38185";AUCUN;;;;;EN SERVICE;LISSE;;2023-03-10;;true;;;OpenStreetMap;WGS84;
5.70468840161161;45.1678019250346;;;;way/292166912;;"38185";VOIE VERTE;;BIDIRECTIONNEL;;CHAUSSEE;EN SERVICE;LISSE;"38185";AUCUN;;;;;EN SERVICE;LISSE;;2023-05-19;;true;;;OpenStreetMap;WGS84;
5.70540412229247;45.1672721963083;D 5B;;;way/292166889;;"38185";COULOIR BUS+VELO;EN AGGLOMERATION;UNIDIRECTIONNEL;;CHAUSSEE;EN SERVICE;LISSE;"38185";AUCUN;EN AGGLOMERATION;;;CHAUSSEE;EN SERVICE;LISSE;;2022-09-01;"50";true;;;OpenStreetMap;WGS84;
5.70718524940731;45.1663599652807;D 5B;;;way/8016466;;"38185";COULOIR BUS+VELO;EN AGGLOMERATION;UNIDIRECTIONNEL;;CHAUSSEE;EN SERVICE;LISSE;"38185";AUCUN;EN AGGLOMERATION;;;CHAUSSEE;EN SERVICE;LISSE;;2022-09-01;"50";true;;;OpenStreetMap;WGS84;
5.70720891434587;45.1643708156313;;;;way/682521775;;"38185";AMENAGEMENT MIXTE PIETON VELO HORS VOIE VERTE;AIRE PIETONNE;BIDIRECTIONNEL;;TROTTOIR;EN SERVICE;RUGUEUX;"38185";AUCUN;;;;;EN SERVICE;RUGUEUX;;2019-04-08;;;;;OpenStreetMap;WGS84;
5.70783787379994;45.1655053096284;;;;way/95451788;;"38185";AMENAGEMENT MIXTE PIETON VELO HORS VOIE VERTE;AIRE PIETONNE;BIDIRECTIONNEL;;TROTTOIR;EN SERVICE;RUGUEUX;"38185";AUCUN;;;;;EN SERVICE;RUGUEUX;;2023-04-16;;;;;OpenStreetMap;WGS84;
5.73119447990842;45.1963412846588;;;;way/294862611;;"38185";AUTRE;ZONE DE RENCONTRE;UNIDIRECTIONNEL;;CHAUSSEE;EN SERVICE;LISSE;"38185";AUCUN;ZONE DE RENCONTRE;;;CHAUSSEE;EN SERVICE;LISSE;;2023-01-12;;true;;;OpenStreetMap;WGS84;
5.72578345;45.1987203004575;;;;way/45745672;;"38185";RAMPE;;BIDIRECTIONNEL;;TROTTOIR;EN SERVICE;RUGUEUX;"38185";AUCUN;;;;;EN SERVICE;RUGUEUX;;2024-03-16;;false;;;OpenStreetMap;WGS84;
5.71413992035748;45.1994985521227;D 15;;;way/137933849;;"38185";BANDE CYCLABLE;ZONE 30;UNIDIRECTIONNEL;;CHAUSSEE;EN SERVICE;LISSE;"38185";AUTRE;ZONE 30;UNIDIRECTIONNEL;;CHAUSSEE;EN SERVICE;LISSE;;2022-05-03;"30";true;;;OpenStreetMap;WGS84;"cadastre-dgi-fr source : Direction Générale des Impôts - Cadastre ; mise à jour : 2011"
5.71395359270299;45.1994867795314;D 15;;;way/137933852;;"38185";BANDE CYCLABLE;ZONE 30;UNIDIRECTIONNEL;;CHAUSSEE;EN SERVICE;LISSE;"38185";AUCUN;ZONE 30;;;;EN SERVICE;LISSE;;2024-07-22;"30";true;;;OpenStreetMap;WGS84;"cadastre-dgi-fr source : Direction Générale des Impôts - Cadastre;mise à jour : 2011"
5.71389115927452;45.2009415259293;;;;way/220000513;;"38185";PISTE CYCLABLE;;BIDIRECTIONNEL;;TROTTOIR;EN SERVICE;;"38185";AUCUN;;;;;EN SERVICE;;;2022-04-11;;;;;OpenStreetMap;WGS84;cadastre-dgi-fr source : Direction Générale des Impôts - Cadastre. Mise à jour : 2009
5.714094;45.2010515504714;;;;way/1013564282;;"38185";VOIE VERTE;;BIDIRECTIONNEL;;CHAUSSEE;EN SERVICE;LISSE;"38185";AUCUN;;;;;EN SERVICE;LISSE;;2021-12-19;;false;;;OpenStreetMap;WGS84;cadastre-dgi-fr source : Direction Générale des Impôts - Cadastre. Mise à jour : 2009
5.71398995;45.2001074010599;;;;way/197211542;;"38185";BANDE CYCLABLE;EN AGGLOMERATION;UNIDIRECTIONNEL;;CHAUSSEE;EN SERVICE;LISSE;"38185";AUTRE;EN AGGLOMERATION;UNIDIRECTIONNEL;;CHAUSSEE;EN SERVICE;LISSE;;2022-11-29;"30";;;;OpenStreetMap;WGS84;
5.71408186131886;45.1997541018291;;;;way/137933847;;"38185";BANDE CYCLABLE;EN AGGLOMERATION;UNIDIRECTIONNEL;;CHAUSSEE;EN SERVICE;LISSE;"38185";AUTRE;EN AGGLOMERATION;UNIDIRECTIONNEL;;CHAUSSEE;EN SERVICE;LISSE;;2022-11-29;"30";true;;;OpenStreetMap;WGS84;"cadastre-dgi-fr source : Direction Générale des Impôts - Cadastre ; mise à jour : 2011"
5.70936146975642;45.1981386791124;;;;way/1056859765;;"38185";PISTE CYCLABLE;;UNIDIRECTIONNEL;;TROTTOIR;EN SERVICE;LISSE;"38185";AUCUN;;;;;EN SERVICE;LISSE;;2024-11-05;;;;;OpenStreetMap;WGS84;
5.7088571;45.1986641004669;;;;way/1330853961;;"38185";PISTE CYCLABLE;;UNIDIRECTIONNEL;;TROTTOIR;EN SERVICE;LISSE;"38185";AUCUN;;;;;EN SERVICE;LISSE;;2024-11-19;;;;;OpenStreetMap;WGS84;
5.70999313266355;45.1981204065999;D 531;;;way/254694673;;"38185";BANDE CYCLABLE;EN AGGLOMERATION;UNIDIRECTIONNEL;;CHAUSSEE;EN SERVICE;LISSE;"38185";AUCUN;EN AGGLOMERATION;;;;EN SERVICE;LISSE;;2023-01-08;"50";true;;;OpenStreetMap;WGS84;
5.70991395;45.1986027504554;;;;way/463973094;;"38185";VOIE VERTE;;UNIDIRECTIONNEL;;CHAUSSEE;EN SERVICE;LISSE;"38185";AUCUN;;;;;EN SERVICE;LISSE;;2022-05-03;;true;;;OpenStreetMap;WGS84;
5.7097967;45.1985255504685;;;;way/491770597;;"38185";VOIE VERTE;;BIDIRECTIONNEL;;CHAUSSEE;EN SERVICE;LISSE;"38185";AUCUN;;;;;EN SERVICE;LISSE;;2022-10-21;;true;;;OpenStreetMap;WGS84;
5.70955526234136;45.1985635000581;D 15;;;way/34700545;;"38185";AUTRE;EN AGGLOMERATION;UNIDIRECTIONNEL;;CHAUSSEE;EN SERVICE;LISSE;"38185";AUCUN;EN AGGLOMERATION;;;;EN SERVICE;LISSE;;2024-07-22;"50";true;;;OpenStreetMap;WGS84;
5.70944670539446;45.1987135125198;;;;way/491770599;;"38185";VOIE VERTE;;BIDIRECTIONNEL;;CHAUSSEE;EN SERVICE;RUGUEUX;"38185";AUCUN;;;;;EN SERVICE;RUGUEUX;;2022-10-21;;true;;;OpenStreetMap;WGS84;
5.70691203270762;45.2009770143163;;;;way/1034225333;;"38185";AMENAGEMENT MIXTE PIETON VELO HORS VOIE VERTE;AIRE PIETONNE;BIDIRECTIONNEL;;TROTTOIR;EN SERVICE;;"38185";AUCUN;;;;;EN SERVICE;;;2022-02-22;;;;;OpenStreetMap;WGS84;
5.70463418624515;45.2028561875168;;;;way/647860950;;"38185";BANDE CYCLABLE;;UNIDIRECTIONNEL;;CHAUSSEE;EN SERVICE;LISSE;"38185";BANDE CYCLABLE;;UNIDIRECTIONNEL;;CHAUSSEE;EN SERVICE;LISSE;;2022-10-21;;true;;;OpenStreetMap;WGS84;
5.70638683119291;45.2043977021677;;;;way/1053338833;;"38185";PISTE CYCLABLE;;BIDIRECTIONNEL;;TROTTOIR;EN SERVICE;MEUBLE;"38185";AUCUN;;;;;EN SERVICE;MEUBLE;;2024-10-26;;;;;OpenStreetMap;WGS84;
5.70818078197328;45.2048791644619;;;;way/45128283;;"38185";VOIE VERTE;;BIDIRECTIONNEL;;CHAUSSEE;EN SERVICE;LISSE;"38185";AUCUN;;;;;EN SERVICE;LISSE;;2023-03-04;;false;;;OpenStreetMap;WGS84;survey
5.7029779;45.1890363504493;;;;way/309482991;;"38185";PISTE CYCLABLE;;UNIDIRECTIONNEL;;TROTTOIR;EN SERVICE;LISSE;"38185";AUCUN;;;;;EN SERVICE;LISSE;;2024-11-11;;true;;;OpenStreetMap;WGS84;
5.7069779;45.1841331504498;;;;way/1068111015;;"38185";BANDE CYCLABLE;ZONE DE RENCONTRE;UNIDIRECTIONNEL;;CHAUSSEE;EN SERVICE;LISSE;"38185";DOUBLE SENS CYCLABLE NON MATERIALISE;ZONE DE RENCONTRE;UNIDIRECTIONNEL;;CHAUSSEE;EN SERVICE;LISSE;;2023-04-27;"20";true;;;OpenStreetMap;WGS84;
5.7056381;45.1841450004973;;;;way/1067970786;;"38185";BANDE CYCLABLE;ZONE 30;UNIDIRECTIONNEL;;CHAUSSEE;EN SERVICE;LISSE;"38185";BANDE CYCLABLE;ZONE 30;UNIDIRECTIONNEL;;CHAUSSEE;EN SERVICE;LISSE;;2023-09-28;"30";true;;;OpenStreetMap;WGS84;
5.70579935;45.1868112504711;;;;way/1067977038;;"38185";BANDE CYCLABLE;ZONE 30;UNIDIRECTIONNEL;;CHAUSSEE;EN SERVICE;LISSE;"38185";BANDE CYCLABLE;ZONE 30;UNIDIRECTIONNEL;;CHAUSSEE;EN SERVICE;LISSE;;2023-04-11;"30";true;;;OpenStreetMap;WGS84;
5.70583968961861;45.187551345376;;;;way/1126340975;;"38185";BANDE CYCLABLE;ZONE 30;UNIDIRECTIONNEL;;CHAUSSEE;EN SERVICE;LISSE;"38185";BANDE CYCLABLE;ZONE 30;UNIDIRECTIONNEL;;CHAUSSEE;EN SERVICE;LISSE;;2023-04-11;"30";true;;;OpenStreetMap;WGS84;
5.70470028026318;45.190627068209;;;;way/1319189242;;"38185";PISTE CYCLABLE;;UNIDIRECTIONNEL;;TROTTOIR;EN SERVICE;;"38185";AUCUN;;;;;EN SERVICE;;;2024-09-29;;;;;OpenStreetMap;WGS84;
5.70486312971862;45.188840027413;;;;way/491187059;;"38185";PISTE CYCLABLE;;UNIDIRECTIONNEL;;TROTTOIR;EN SERVICE;LISSE;"38185";AUCUN;;;;;EN SERVICE;LISSE;;2022-10-20;;true;;;OpenStreetMap;WGS84;cadastre-dgi-fr source : Direction Générale des Impôts - Cadastre. Mise à jour : 2009
5.70330791394379;45.1890261699791;;;;way/203750576;;"38185";VOIE VERTE;;UNIDIRECTIONNEL;"1.8";CHAUSSEE;EN SERVICE;LISSE;"38185";AUCUN;;;"1.8";;EN SERVICE;LISSE;;2024-02-25;;true;;;OpenStreetMap;WGS84;
5.70460594682674;45.1909266776377;;;;way/491893922;;"38185";AUTRE;ZONE 30;UNIDIRECTIONNEL;;CHAUSSEE;EN SERVICE;LISSE;"38185";AUCUN;ZONE 30;;;;EN SERVICE;LISSE;;2024-09-29;"30";;;;OpenStreetMap;WGS84;
5.70394073910689;45.1923798370116;D 106;;;way/491893888;;"38185";AUTRE;ZONE 30;UNIDIRECTIONNEL;;CHAUSSEE;EN SERVICE;LISSE;"38185";AUCUN;ZONE 30;;;CHAUSSEE;EN SERVICE;LISSE;;2024-05-28;"30";;;;OpenStreetMap;WGS84;
5.73941014621429;45.1992093940232;D 590;;;way/4787038;;"38185";AUTRE;ZONE 30;UNIDIRECTIONNEL;;CHAUSSEE;EN SERVICE;LISSE;"38185";AUTRE;ZONE 30;UNIDIRECTIONNEL;;CHAUSSEE;EN SERVICE;LISSE;;2025-01-13;"30";true;;;OpenStreetMap;WGS84;
5.73708972332492;45.1973274210704;;;;way/1308615525;;"38185";BANDE CYCLABLE;ZONE 30;UNIDIRECTIONNEL;;CHAUSSEE;EN SERVICE;LISSE;"38185";AUTRE;ZONE 30;UNIDIRECTIONNEL;;CHAUSSEE;EN SERVICE;LISSE;;2024-12-08;"30";true;;;OpenStreetMap;WGS84;
5.73639922136475;45.1972200143098;;;;way/1341093489;;"38185";AUTRE;ZONE 30;UNIDIRECTIONNEL;;CHAUSSEE;EN SERVICE;LISSE;"38185";AUTRE;ZONE 30;UNIDIRECTIONNEL;;CHAUSSEE;EN SERVICE;LISSE;;2025-01-13;"30";true;;;OpenStreetMap;WGS84;
5.73402945165303;45.1984772903158;;;;way/8016025;;"38185";AUTRE;EN AGGLOMERATION;UNIDIRECTIONNEL;;CHAUSSEE;EN SERVICE;LISSE;"38185";DOUBLE SENS CYCLABLE BANDE;EN AGGLOMERATION;UNIDIRECTIONNEL;;CHAUSSEE;EN SERVICE;LISSE;ROLLER;2025-01-13;"30";true;;;OpenStreetMap;WGS84;
5.73386235;45.1969468004499;;;;way/490570840;;"38185";AMENAGEMENT MIXTE PIETON VELO HORS VOIE VERTE;AIRE PIETONNE;BIDIRECTIONNEL;;TROTTOIR;EN SERVICE;LISSE;"38185";AUCUN;;;;;EN SERVICE;LISSE;;2021-07-16;;true;;;OpenStreetMap;WGS84;
5.73381040237462;45.1971306691562;;;;way/23867015;;"38185";BANDE CYCLABLE;EN AGGLOMERATION;UNIDIRECTIONNEL;;CHAUSSEE;EN SERVICE;LISSE;"38185";DOUBLE SENS CYCLABLE NON MATERIALISE;EN AGGLOMERATION;UNIDIRECTIONNEL;;CHAUSSEE;EN SERVICE;LISSE;;2025-01-03;"50";true;;;OpenStreetMap;WGS84;
5.73250895;45.1976515005186;;;;way/490570901;;"38185";PISTE CYCLABLE;;BIDIRECTIONNEL;;TROTTOIR;EN SERVICE;LISSE;"38185";AUCUN;;;;;EN SERVICE;LISSE;;2023-02-25;;true;;;OpenStreetMap;WGS84;
5.70291085;45.1923124004487;D 106;;;way/491893902;;"38185";AUTRE;EN AGGLOMERATION;UNIDIRECTIONNEL;;CHAUSSEE;EN SERVICE;LISSE;"38185";AUCUN;EN AGGLOMERATION;;;CHAUSSEE;EN SERVICE;LISSE;;2024-04-28;"50";;;;OpenStreetMap;WGS84;
5.7087972;45.1932980504522;;;;way/945717872;;"38185";VOIE VERTE;;UNIDIRECTIONNEL;;CHAUSSEE;EN SERVICE;LISSE;"38185";AUCUN;;;;;EN SERVICE;LISSE;;2024-08-22;;true;;;OpenStreetMap;WGS84;
5.70863685;45.1931761504541;;;;way/945717870;;"38185";VOIE VERTE;;UNIDIRECTIONNEL;;CHAUSSEE;EN SERVICE;LISSE;"38185";AUCUN;;;;;EN SERVICE;LISSE;;2024-08-22;;true;;;OpenStreetMap;WGS84;
5.70907650956247;45.1931925003902;;;;way/945717873;;"38185";VOIE VERTE;;UNIDIRECTIONNEL;;CHAUSSEE;EN SERVICE;LISSE;"38185";AUCUN;;;;;EN SERVICE;LISSE;;2022-10-21;;true;;;OpenStreetMap;WGS84;
5.7096773448224;45.1939742554443;;;;way/491770590;;"38185";VOIE VERTE;;UNIDIRECTIONNEL;"1.5";CHAUSSEE;EN SERVICE;LISSE;"38185";AUCUN;;;"1.5";;EN SERVICE;LISSE;;2023-10-29;;;;;OpenStreetMap;WGS84;
5.71057350207856;45.1947722491598;;;;way/945717883;;"38185";PISTE CYCLABLE;;UNIDIRECTIONNEL;;TROTTOIR;EN SERVICE;LISSE;"38185";AUCUN;;;;;EN SERVICE;LISSE;;2022-10-21;;true;;;OpenStreetMap;WGS84;
5.70887181515412;45.1930364052521;;;;way/945717875;;"38185";VOIE VERTE;;UNIDIRECTIONNEL;;CHAUSSEE;EN SERVICE;LISSE;"38185";AUCUN;;;;;EN SERVICE;LISSE;;2022-10-21;;true;;;OpenStreetMap;WGS84;
5.71323386922189;45.1962172254606;;;;way/10591046;;"38185";AUTRE;EN AGGLOMERATION;UNIDIRECTIONNEL;;CHAUSSEE;EN SERVICE;LISSE;"38185";DOUBLE SENS CYCLABLE NON MATERIALISE;EN AGGLOMERATION;UNIDIRECTIONNEL;;CHAUSSEE;EN SERVICE;LISSE;;2022-03-14;"30";true;;;OpenStreetMap;WGS84;
5.7055503667404;45.1822284507091;;;;way/1068154464;;"38185";BANDE CYCLABLE;ZONE 30;UNIDIRECTIONNEL;;CHAUSSEE;EN SERVICE;LISSE;"38185";BANDE CYCLABLE;ZONE 30;UNIDIRECTIONNEL;;CHAUSSEE;EN SERVICE;LISSE;;2023-09-28;"30";true;;;OpenStreetMap;WGS84;
5.70556980662481;45.1826215980173;;;;way/1068154465;;"38185";BANDE CYCLABLE;ZONE 30;UNIDIRECTIONNEL;;CHAUSSEE;EN SERVICE;LISSE;"38185";BANDE CYCLABLE;ZONE 30;UNIDIRECTIONNEL;;CHAUSSEE;EN SERVICE;LISSE;;2023-09-28;"30";true;;;OpenStreetMap;WGS84;
5.75031503593162;45.1786385815482;;;;way/4376322;;"38185";BANDE CYCLABLE;ZONE 30;UNIDIRECTIONNEL;;CHAUSSEE;EN SERVICE;LISSE;"38185";BANDE CYCLABLE;ZONE 30;UNIDIRECTIONNEL;;CHAUSSEE;EN SERVICE;LISSE;ROLLER;2025-01-17;"30";true;;;OpenStreetMap;WGS84;
5.75212607058422;45.1766681498049;;;;way/485843229;;"38185";VOIE VERTE;;UNIDIRECTIONNEL;;CHAUSSEE;EN SERVICE;LISSE;"38185";AUCUN;;;;;EN SERVICE;LISSE;;2023-06-26;;;;;OpenStreetMap;WGS84;
5.74973428102307;45.1759714552977;;;;way/30545946;;"38185";VOIE VERTE;;BIDIRECTIONNEL;;CHAUSSEE;EN SERVICE;LISSE;"38185";AUCUN;;;;;EN SERVICE;LISSE;;2022-05-01;;;;;OpenStreetMap;WGS84;
5.7459897;45.1883349004511;;;;way/31754760;;"38185";PISTE CYCLABLE;;BIDIRECTIONNEL;;TROTTOIR;EN SERVICE;LISSE;"38185";AUTRE;;UNIDIRECTIONNEL;;CHAUSSEE;EN SERVICE;LISSE;ROLLER;2020-10-05;;true;;;OpenStreetMap;WGS84;
5.7461643;45.1882552004502;D 1087;;;way/27036566;;"38185";AUTRE;EN AGGLOMERATION;UNIDIRECTIONNEL;;CHAUSSEE;EN SERVICE;LISSE;"38185";AUCUN;EN AGGLOMERATION;;;;EN SERVICE;LISSE;ROLLER;2024-12-09;"50";true;;;OpenStreetMap;WGS84;
5.70113479757546;45.1633331153371;;;;way/23747463;;"38185";VOIE VERTE;;BIDIRECTIONNEL;;CHAUSSEE;EN SERVICE;LISSE;"38185";AUCUN;;;;;EN SERVICE;LISSE;ROLLER;2024-11-25;;;;section fermée pendant les travaux de la passerelle;OpenStreetMap;WGS84;
5.70666769863929;45.1620866211748;;;;way/95451797;;"38185";AMENAGEMENT MIXTE PIETON VELO HORS VOIE VERTE;AIRE PIETONNE;BIDIRECTIONNEL;;TROTTOIR;EN SERVICE;RUGUEUX;"38185";AUCUN;;;;;EN SERVICE;RUGUEUX;;2023-04-16;;;;;OpenStreetMap;WGS84;
5.7057580619646;45.1800588508384;;;;way/238579468;;"38185";VOIE VERTE;AIRE PIETONNE;BIDIRECTIONNEL;;TROTTOIR;EN SERVICE;LISSE;"38185";AUCUN;;;;;EN SERVICE;LISSE;;2022-05-14;;true;;;OpenStreetMap;WGS84;
5.70531966920631;45.1779596050296;;;;way/1120992850;;"38185";BANDE CYCLABLE;EN AGGLOMERATION;UNIDIRECTIONNEL;;CHAUSSEE;EN SERVICE;LISSE;"38185";BANDE CYCLABLE;EN AGGLOMERATION;UNIDIRECTIONNEL;;CHAUSSEE;EN SERVICE;LISSE;ROLLER;2023-12-15;"30";true;;;OpenStreetMap;WGS84;
5.70535725;45.1786270004588;;;;way/1120992849;;"38185";BANDE CYCLABLE;EN AGGLOMERATION;UNIDIRECTIONNEL;;CHAUSSEE;EN SERVICE;LISSE;"38185";BANDE CYCLABLE;EN AGGLOMERATION;UNIDIRECTIONNEL;;CHAUSSEE;EN SERVICE;LISSE;;2022-12-11;"30";true;;;OpenStreetMap;WGS84;
5.70551224234241;45.1815785507074;;;;way/1067970783;;"38185";BANDE CYCLABLE;ZONE 30;UNIDIRECTIONNEL;;CHAUSSEE;EN SERVICE;LISSE;"38185";BANDE CYCLABLE;ZONE 30;UNIDIRECTIONNEL;;CHAUSSEE;EN SERVICE;LISSE;;2023-04-10;"30";true;;;OpenStreetMap;WGS84;
5.74705795;45.1882976005315;;;;way/42818433;;"38185";PISTE CYCLABLE;;BIDIRECTIONNEL;;TROTTOIR;EN SERVICE;LISSE;"38185";AUCUN;;;;;EN SERVICE;LISSE;ROLLER;2023-09-19;;true;;;OpenStreetMap;WGS84;
5.74515684496333;45.1873282378896;D 523;;;way/1341306741;;"38185";BANDE CYCLABLE;EN AGGLOMERATION;UNIDIRECTIONNEL;;CHAUSSEE;EN SERVICE;LISSE;"38185";AUTRE;EN AGGLOMERATION;UNIDIRECTIONNEL;;CHAUSSEE;EN SERVICE;LISSE;ROLLER;2024-12-12;"50";true;;;OpenStreetMap;WGS84;
5.7350664;45.185217650545;;;;way/97855831;;"38185";AMENAGEMENT MIXTE PIETON VELO HORS VOIE VERTE;AIRE PIETONNE;BIDIRECTIONNEL;;TROTTOIR;EN SERVICE;RUGUEUX;"38185";AUCUN;;;;;EN SERVICE;RUGUEUX;;2023-03-02;;true;;;OpenStreetMap;WGS84;Bing
5.73459363503606;45.1856830714775;;;;way/97855854;;"38185";AMENAGEMENT MIXTE PIETON VELO HORS VOIE VERTE;AIRE PIETONNE;BIDIRECTIONNEL;;TROTTOIR;EN SERVICE;RUGUEUX;"38185";AUCUN;;;;;EN SERVICE;RUGUEUX;;2023-09-14;;false;;;OpenStreetMap;WGS84;Bing
5.73281110056705;45.1845376997747;;;;way/1321731072;;"38185";VOIE VERTE;;BIDIRECTIONNEL;;CHAUSSEE;EN SERVICE;RUGUEUX;"38185";AUCUN;;;;;EN SERVICE;RUGUEUX;;2024-10-07;;true;;;OpenStreetMap;WGS84;
5.73267614491441;45.1856552781733;D 1090;;;way/10595558;;"38185";AUTRE;EN AGGLOMERATION;UNIDIRECTIONNEL;;CHAUSSEE;EN SERVICE;LISSE;"38185";AUCUN;EN AGGLOMERATION;;;;EN SERVICE;LISSE;ROLLER;2024-11-25;"50";true;;;OpenStreetMap;WGS84;
5.73256517480649;45.1847497123616;;;;way/773839635;;"38185";PISTE CYCLABLE;;BIDIRECTIONNEL;;TROTTOIR;EN SERVICE;LISSE;"38185";AUCUN;;;;;EN SERVICE;LISSE;;2023-09-14;;true;;;OpenStreetMap;WGS84;
5.73275187803529;45.185315713931;;;;way/169965775;;"38185";AMENAGEMENT MIXTE PIETON VELO HORS VOIE VERTE;AIRE PIETONNE;BIDIRECTIONNEL;;TROTTOIR;EN SERVICE;MEUBLE;"38185";AUCUN;;;;;EN SERVICE;MEUBLE;VTC;2024-07-25;;true;;;OpenStreetMap;WGS84;
5.73293680485267;45.1845900446564;;;;way/1321731074;;"38185";VOIE VERTE;;BIDIRECTIONNEL;;CHAUSSEE;EN SERVICE;RUGUEUX;"38185";AUCUN;;;;;EN SERVICE;RUGUEUX;;2024-10-07;;true;;;OpenStreetMap;WGS84;
5.73300780260497;45.1841885967834;;;;way/1321731067;;"38185";VOIE VERTE;;BIDIRECTIONNEL;;CHAUSSEE;EN SERVICE;LISSE;"38185";AUCUN;;;;;EN SERVICE;LISSE;;2024-10-07;;true;;;OpenStreetMap;WGS84;
5.73292185;45.1841600504511;;;;way/487814183;;"38185";VOIE VERTE;;BIDIRECTIONNEL;;CHAUSSEE;EN SERVICE;LISSE;"38185";AUCUN;;;;;EN SERVICE;LISSE;;2021-05-23;;true;;;OpenStreetMap;WGS84;
5.73280635499021;45.1842692229813;D 1090;;;way/292453876;;"38185";AUTRE;EN AGGLOMERATION;UNIDIRECTIONNEL;;CHAUSSEE;EN SERVICE;LISSE;"38185";AUCUN;EN AGGLOMERATION;;;;EN SERVICE;LISSE;;2024-12-08;"50";true;;;OpenStreetMap;WGS84;
5.7329121;45.1843151004502;D 1090;;;way/293957663;;"38185";BANDE CYCLABLE;EN AGGLOMERATION;UNIDIRECTIONNEL;;CHAUSSEE;EN SERVICE;LISSE;"38185";AUCUN;EN AGGLOMERATION;;;;EN SERVICE;LISSE;;2022-10-23;"50";true;;;OpenStreetMap;WGS84;
5.73277208107091;45.1842631106796;;;;way/292453931;;"38185";VOIE VERTE;;BIDIRECTIONNEL;;CHAUSSEE;EN SERVICE;LISSE;"38185";AUCUN;;;;;EN SERVICE;LISSE;;2021-05-23;;true;;;OpenStreetMap;WGS84;
5.7326936;45.1841587004967;;;;way/292453870;;"38185";AUTRE;;UNIDIRECTIONNEL;;CHAUSSEE;EN SERVICE;LISSE;"38185";AUCUN;;;;CHAUSSEE;EN SERVICE;LISSE;ROLLER;2024-11-28;;true;;;OpenStreetMap;WGS84;cadastre-dgi-fr source : Direction Générale des Impôts - Cadastre. Mise à jour : 2009
5.73265008003552;45.1844351120816;;;;way/27583792;;"38185";VOIE VERTE;;BIDIRECTIONNEL;;CHAUSSEE;EN SERVICE;LISSE;"38185";AUCUN;;;;;EN SERVICE;LISSE;;2022-10-23;;true;;;OpenStreetMap;WGS84;"cadastre-dgi-fr source : Direction Générale des Impôts - Cadastre ; mise à jour : 2009"
5.73394495;45.1843509004503;;;;way/28418419;;"38185";AMENAGEMENT MIXTE PIETON VELO HORS VOIE VERTE;AIRE PIETONNE;BIDIRECTIONNEL;;TROTTOIR;EN SERVICE;RUGUEUX;"38185";AUCUN;;;;;EN SERVICE;RUGUEUX;;2023-10-28;;true;;;OpenStreetMap;WGS84;
5.7332649012966;45.1838650789485;;;;way/780198309;;"38185";PISTE CYCLABLE;;BIDIRECTIONNEL;;TROTTOIR;EN SERVICE;LISSE;"38185";AUCUN;;;;;EN SERVICE;LISSE;;2023-09-14;;true;;;OpenStreetMap;WGS84;
5.73334704330303;45.1840748330379;D 5;;;way/4796859;;"38185";AUTRE;EN AGGLOMERATION;UNIDIRECTIONNEL;;CHAUSSEE;EN SERVICE;LISSE;"38185";AUCUN;EN AGGLOMERATION;;;;EN SERVICE;LISSE;;2024-03-28;"50";true;;;OpenStreetMap;WGS84;
5.73317315;45.1842469504498;;;;way/1321731070;;"38185";VOIE VERTE;;BIDIRECTIONNEL;;CHAUSSEE;EN SERVICE;LISSE;"38185";AUCUN;;;;;EN SERVICE;LISSE;;2024-10-07;;true;;;OpenStreetMap;WGS84;
5.73321965129172;45.1842633986382;;;;way/169419387;;"38185";VOIE VERTE;;BIDIRECTIONNEL;;CHAUSSEE;EN SERVICE;LISSE;"38185";AUCUN;;;;;EN SERVICE;LISSE;;2024-10-07;;true;;;OpenStreetMap;WGS84;
5.73327145;45.18428170045;;;;way/185378295;;"38185";AMENAGEMENT MIXTE PIETON VELO HORS VOIE VERTE;AIRE PIETONNE;BIDIRECTIONNEL;;TROTTOIR;EN SERVICE;LISSE;"38185";AUCUN;;;;;EN SERVICE;LISSE;;2024-10-07;;true;;;OpenStreetMap;WGS84;
5.7332792;45.1843056004522;;;;way/1321731066;;"38185";AMENAGEMENT MIXTE PIETON VELO HORS VOIE VERTE;AIRE PIETONNE;BIDIRECTIONNEL;;TROTTOIR;EN SERVICE;RUGUEUX;"38185";AUCUN;;;;;EN SERVICE;RUGUEUX;;2024-10-07;;true;;;OpenStreetMap;WGS84;
5.73503250567151;45.1846109790545;;;;way/28418420;;"38185";AMENAGEMENT MIXTE PIETON VELO HORS VOIE VERTE;AIRE PIETONNE;BIDIRECTIONNEL;;TROTTOIR;EN SERVICE;MEUBLE;"38185";AUCUN;;;;;EN SERVICE;MEUBLE;VELO DE ROUTE;2024-11-04;;true;;;OpenStreetMap;WGS84;
5.7353273610641;45.183398210889;;;;way/183471291;;"38185";AMENAGEMENT MIXTE PIETON VELO HORS VOIE VERTE;AIRE PIETONNE;BIDIRECTIONNEL;;TROTTOIR;EN SERVICE;MEUBLE;"38185";AUCUN;;;;;EN SERVICE;MEUBLE;VELO DE ROUTE;2024-10-04;;true;;;OpenStreetMap;WGS84;
5.73574726108024;45.1853063901933;;;;way/97855838;;"38185";AMENAGEMENT MIXTE PIETON VELO HORS VOIE VERTE;AIRE PIETONNE;BIDIRECTIONNEL;;TROTTOIR;EN SERVICE;RUGUEUX;"38185";AUCUN;;;;;EN SERVICE;RUGUEUX;;2023-09-14;;true;;;OpenStreetMap;WGS84;Bing
5.73653628180419;45.1850042587121;;;;way/183471325;;"38185";AMENAGEMENT MIXTE PIETON VELO HORS VOIE VERTE;AIRE PIETONNE;BIDIRECTIONNEL;;TROTTOIR;EN SERVICE;MEUBLE;"38185";AUCUN;;;;;EN SERVICE;MEUBLE;VELO DE ROUTE;2021-07-06;;true;;;OpenStreetMap;WGS84;
5.73683200663959;45.1856493239245;;;;way/28680548;;"38185";AMENAGEMENT MIXTE PIETON VELO HORS VOIE VERTE;AIRE PIETONNE;BIDIRECTIONNEL;;TROTTOIR;EN SERVICE;MEUBLE;"38185";AUCUN;;;;;EN SERVICE;MEUBLE;VELO DE ROUTE;2021-07-06;;true;;;OpenStreetMap;WGS84;
5.7379701099888;45.1854499369406;;;;way/28418403;;"38185";AMENAGEMENT MIXTE PIETON VELO HORS VOIE VERTE;AIRE PIETONNE;BIDIRECTIONNEL;;TROTTOIR;EN SERVICE;MEUBLE;"38185";AUCUN;;;;;EN SERVICE;MEUBLE;VELO DE ROUTE;2021-05-16;;true;;;OpenStreetMap;WGS84;
5.73943853510564;45.1840868875324;;;;way/1133551913;;"38185";AUTRE;;UNIDIRECTIONNEL;;CHAUSSEE;EN SERVICE;LISSE;"38185";AUCUN;;;;CHAUSSEE;EN SERVICE;LISSE;;2023-01-19;;;;;OpenStreetMap;WGS84;
5.73558847780254;45.1829312254222;;;;way/183471327;;"38185";AMENAGEMENT MIXTE PIETON VELO HORS VOIE VERTE;AIRE PIETONNE;BIDIRECTIONNEL;;TROTTOIR;EN SERVICE;MEUBLE;"38185";AUCUN;;;;;EN SERVICE;MEUBLE;VELO DE ROUTE;2021-10-20;;true;;;OpenStreetMap;WGS84;
5.73755859580868;45.1832078330126;D 523;;;way/52567126;;"38185";BANDE CYCLABLE;EN AGGLOMERATION;UNIDIRECTIONNEL;;CHAUSSEE;EN SERVICE;LISSE;"38185";BANDE CYCLABLE;EN AGGLOMERATION;UNIDIRECTIONNEL;;CHAUSSEE;EN SERVICE;LISSE;;2023-01-19;"50";true;;;OpenStreetMap;WGS84;
5.73183176243312;45.1806169056648;;;;way/1135963265;;"38185";AUTRE;ZONE 30;;;;EN SERVICE;LISSE;"38185";DOUBLE SENS CYCLABLE NON MATERIALISE;ZONE 30;UNIDIRECTIONNEL;;CHAUSSEE;EN SERVICE;LISSE;;2024-01-24;"30";true;;;OpenStreetMap;WGS84;
5.73091405;45.1806445004501;;;;way/1135963262;;"38185";AUTRE;ZONE 30;;;;EN SERVICE;LISSE;"38185";DOUBLE SENS CYCLABLE NON MATERIALISE;ZONE 30;UNIDIRECTIONNEL;;CHAUSSEE;EN SERVICE;LISSE;;2024-08-12;"30";true;;;OpenStreetMap;WGS84;
5.73242775;45.18061705045;;;;way/1135963266;;"38185";AUTRE;ZONE 30;;;;EN SERVICE;LISSE;"38185";DOUBLE SENS CYCLABLE NON MATERIALISE;ZONE 30;UNIDIRECTIONNEL;;CHAUSSEE;EN SERVICE;LISSE;;2024-08-12;"30";true;;;OpenStreetMap;WGS84;
5.73339461032893;45.1820050727053;D 523;;;way/1308746357;;"38185";AUTRE;ZONE 30;UNIDIRECTIONNEL;;CHAUSSEE;EN SERVICE;LISSE;"38185";AUTRE;ZONE 30;UNIDIRECTIONNEL;;CHAUSSEE;EN SERVICE;LISSE;;2024-08-19;"30";true;;;OpenStreetMap;WGS84;
5.73460185;45.181446950492;D 5;;;way/1348937538;;"38185";AUTRE;EN AGGLOMERATION;UNIDIRECTIONNEL;;CHAUSSEE;EN SERVICE;LISSE;"38185";COULOIR BUS+VELO;EN AGGLOMERATION;UNIDIRECTIONNEL;;CHAUSSEE;EN SERVICE;LISSE;;2025-01-06;"50";true;;;OpenStreetMap;WGS84;
5.73450771710151;45.1819533755055;;;;way/196556763;;"38185";AUTRE;EN AGGLOMERATION;UNIDIRECTIONNEL;;CHAUSSEE;EN SERVICE;LISSE;"38185";AUTRE;EN AGGLOMERATION;UNIDIRECTIONNEL;;CHAUSSEE;EN SERVICE;LISSE;;2024-10-07;"50";;;;OpenStreetMap;WGS84;
5.7330573;45.1819921504503;D 523;;;way/1133551927;;"38185";BANDE CYCLABLE;ZONE 30;UNIDIRECTIONNEL;;CHAUSSEE;EN SERVICE;LISSE;"38185";BANDE CYCLABLE;ZONE 30;UNIDIRECTIONNEL;;CHAUSSEE;EN SERVICE;LISSE;;2024-08-19;"30";true;;;OpenStreetMap;WGS84;
5.73136276896943;45.1819103603162;;;;way/1272733618;;"38185";PISTE CYCLABLE;;UNIDIRECTIONNEL;;TROTTOIR;EN SERVICE;LISSE;"38185";AUCUN;;;;;EN SERVICE;LISSE;;2024-11-10;;;;;OpenStreetMap;WGS84;
5.73141583403567;45.182002985973;;;;way/1272733616;;"38185";PISTE CYCLABLE;;UNIDIRECTIONNEL;;TROTTOIR;EN SERVICE;;"38185";AUCUN;;;;;EN SERVICE;;;2024-10-22;;;;;OpenStreetMap;WGS84;
5.74324110654417;45.1850292363185;;;;way/1067605969;;"38185";COULOIR BUS+VELO;ZONE 30;UNIDIRECTIONNEL;;CHAUSSEE;EN SERVICE;LISSE;"38185";COULOIR BUS+VELO;ZONE 30;UNIDIRECTIONNEL;;CHAUSSEE;EN SERVICE;LISSE;;2024-04-07;"30";true;;;OpenStreetMap;WGS84;
5.74007810211563;45.1842025479284;D 523;;;way/1133551910;;"38185";BANDE CYCLABLE;EN AGGLOMERATION;UNIDIRECTIONNEL;;CHAUSSEE;EN SERVICE;LISSE;"38185";BANDE CYCLABLE;EN AGGLOMERATION;UNIDIRECTIONNEL;;CHAUSSEE;EN SERVICE;LISSE;;2023-01-19;"50";true;;;OpenStreetMap;WGS84;
5.74143580866997;45.185054045122;;;;way/52567130;;"38185";VOIE VERTE;;BIDIRECTIONNEL;;CHAUSSEE;EN SERVICE;LISSE;"38185";AUCUN;;;;;EN SERVICE;LISSE;;2021-03-26;;true;;;OpenStreetMap;WGS84;
5.7251140538297;45.193793787332;;;;way/385455365;;"38185";VOIE VERTE;;BIDIRECTIONNEL;;CHAUSSEE;EN SERVICE;LISSE;"38185";AUCUN;;;;;EN SERVICE;LISSE;ROLLER;2024-07-09;;true;;;OpenStreetMap;WGS84;
5.7239397;45.1935462504487;;;;way/1293946302;;"38185";PISTE CYCLABLE;;BIDIRECTIONNEL;;TROTTOIR;EN SERVICE;LISSE;"38185";AUCUN;;;;;EN SERVICE;LISSE;;2024-06-20;;true;;;OpenStreetMap;WGS84;
5.72402980009679;45.1931182991467;;;;way/85497266;;"38185";AUCUN;EN AGGLOMERATION;;;;EN SERVICE;LISSE;"38185";DOUBLE SENS CYCLABLE NON MATERIALISE;EN AGGLOMERATION;UNIDIRECTIONNEL;;CHAUSSEE;EN SERVICE;LISSE;;2024-08-04;"30";true;;;OpenStreetMap;WGS84;
5.72741344548425;45.1934527105579;;;;way/90515829;;"38185";RAMPE;;BIDIRECTIONNEL;;TROTTOIR;EN SERVICE;LISSE;"38185";AUCUN;;;;;EN SERVICE;LISSE;;2023-08-31;;;;;OpenStreetMap;WGS84;"cadastre-dgi-fr source : Direction Générale des Impôts - Cadastre ; mise à jour : 2010"
5.728608;45.1949117004526;;;;way/500143206;;"38185";AUTRE;AIRE PIETONNE;UNIDIRECTIONNEL;;CHAUSSEE;EN SERVICE;LISSE;"38185";DOUBLE SENS CYCLABLE NON MATERIALISE;;UNIDIRECTIONNEL;;CHAUSSEE;EN SERVICE;LISSE;;2019-04-29;;true;;;OpenStreetMap;WGS84;
5.7297094349509;45.1957685046989;;;;way/500143207;;"38185";AUTRE;AIRE PIETONNE;UNIDIRECTIONNEL;;CHAUSSEE;EN SERVICE;LISSE;"38185";DOUBLE SENS CYCLABLE NON MATERIALISE;;UNIDIRECTIONNEL;;CHAUSSEE;EN SERVICE;LISSE;;2019-04-29;;true;;;OpenStreetMap;WGS84;
5.72683339098954;45.1920687289096;;;;way/168409233;;"38185";AMENAGEMENT MIXTE PIETON VELO HORS VOIE VERTE;AIRE PIETONNE;BIDIRECTIONNEL;;TROTTOIR;EN SERVICE;LISSE;"38185";AUCUN;;;;;EN SERVICE;LISSE;;2022-03-14;;true;;;OpenStreetMap;WGS84;Bing
5.72673656183341;45.1921566744798;;;;way/168409235;;"38185";AMENAGEMENT MIXTE PIETON VELO HORS VOIE VERTE;AIRE PIETONNE;BIDIRECTIONNEL;;TROTTOIR;EN SERVICE;RUGUEUX;"38185";AUCUN;;;;;EN SERVICE;RUGUEUX;;2022-03-14;;true;;;OpenStreetMap;WGS84;Bing
5.73024174983227;45.1945259267602;D 15;;;way/4262428;;"38185";AUTRE;ZONE 30;UNIDIRECTIONNEL;;CHAUSSEE;EN SERVICE;LISSE;"38185";DOUBLE SENS CYCLABLE NON MATERIALISE;ZONE 30;UNIDIRECTIONNEL;;CHAUSSEE;EN SERVICE;LISSE;;2024-08-12;"30";true;;;OpenStreetMap;WGS84;
5.73037010254026;45.1943494568807;;;;way/4262540;;"38185";AUTRE;ZONE 30;UNIDIRECTIONNEL;;CHAUSSEE;EN SERVICE;LISSE;"38185";AUCUN;ZONE 30;;;CHAUSSEE;EN SERVICE;LISSE;;2023-08-18;"30";true;;;OpenStreetMap;WGS84;
5.72963845;45.1941437005218;D 15;;;way/673450726;;"38185";AUTRE;ZONE 30;UNIDIRECTIONNEL;;CHAUSSEE;EN SERVICE;LISSE;"38185";DOUBLE SENS CYCLABLE NON MATERIALISE;ZONE 30;UNIDIRECTIONNEL;;CHAUSSEE;EN SERVICE;LISSE;;2024-08-12;"30";true;;;OpenStreetMap;WGS84;
5.72950615;45.1940372004506;;;;way/1112510543;;"38185";AUTRE;ZONE 30;UNIDIRECTIONNEL;;CHAUSSEE;EN SERVICE;LISSE;"38185";AUTRE;ZONE 30;UNIDIRECTIONNEL;;CHAUSSEE;EN SERVICE;LISSE;;2023-11-16;"30";true;;;OpenStreetMap;WGS84;
5.72662863591691;45.1919293676181;;;;way/745959411;;"38185";AMENAGEMENT MIXTE PIETON VELO HORS VOIE VERTE;AIRE PIETONNE;BIDIRECTIONNEL;;TROTTOIR;EN SERVICE;RUGUEUX;"38185";AUCUN;;;;;EN SERVICE;RUGUEUX;;2022-03-14;;true;;;OpenStreetMap;WGS84;
5.7267461542546;45.1918590065368;;;;way/745959409;;"38185";AMENAGEMENT MIXTE PIETON VELO HORS VOIE VERTE;AIRE PIETONNE;BIDIRECTIONNEL;;TROTTOIR;EN SERVICE;RUGUEUX;"38185";AUCUN;;;;;EN SERVICE;RUGUEUX;;2022-08-02;;true;;;OpenStreetMap;WGS84;
5.73391862022183;45.1923913145575;;;;way/504565184;;"38185";AMENAGEMENT MIXTE PIETON VELO HORS VOIE VERTE;AIRE PIETONNE;BIDIRECTIONNEL;;TROTTOIR;EN SERVICE;RUGUEUX;"38185";AUCUN;;;;;EN SERVICE;RUGUEUX;;2022-08-15;;true;;;OpenStreetMap;WGS84;
5.73191373011392;45.195623917683;D 15;;;way/870865915;;"38185";AUTRE;ZONE 30;;;;EN SERVICE;LISSE;"38185";DOUBLE SENS CYCLABLE NON MATERIALISE;ZONE 30;UNIDIRECTIONNEL;;CHAUSSEE;EN SERVICE;LISSE;;2024-08-12;"30";true;;;OpenStreetMap;WGS84;
5.7347498;45.1958181504623;D 590;;;way/1090877403;;"38185";AUTRE;EN AGGLOMERATION;UNIDIRECTIONNEL;;CHAUSSEE;EN SERVICE;LISSE;"38185";AUCUN;EN AGGLOMERATION;;;;EN SERVICE;LISSE;;2024-07-22;"50";true;;;OpenStreetMap;WGS84;
5.73679770806275;45.1903606588659;;;;way/58917773;;"38185";AMENAGEMENT MIXTE PIETON VELO HORS VOIE VERTE;AIRE PIETONNE;BIDIRECTIONNEL;;TROTTOIR;EN SERVICE;LISSE;"38185";AUCUN;;;;;EN SERVICE;LISSE;;2021-06-15;;true;;;OpenStreetMap;WGS84;
5.73725935240074;45.1901553135587;;;;way/85388385;;"38185";AMENAGEMENT MIXTE PIETON VELO HORS VOIE VERTE;AIRE PIETONNE;BIDIRECTIONNEL;;TROTTOIR;EN SERVICE;LISSE;"38185";AUCUN;;;;;EN SERVICE;LISSE;;2024-06-15;;true;;;OpenStreetMap;WGS84;
5.73838857690889;45.191078444258;;;;way/44140441;;"38185";AMENAGEMENT MIXTE PIETON VELO HORS VOIE VERTE;AIRE PIETONNE;BIDIRECTIONNEL;;TROTTOIR;EN SERVICE;LISSE;"38185";AUCUN;;;;;EN SERVICE;LISSE;;2021-06-15;;true;;;OpenStreetMap;WGS84;
5.73846235;45.1912350004644;;;;way/11370694;;"38185";BANDE CYCLABLE;EN AGGLOMERATION;UNIDIRECTIONNEL;;CHAUSSEE;EN SERVICE;LISSE;"38185";AUCUN;EN AGGLOMERATION;;;;EN SERVICE;LISSE;;2024-09-23;"30";true;;;OpenStreetMap;WGS84;
5.7387338822969;45.1914155609316;;;;way/1348937541;;"38185";BANDE CYCLABLE;ZONE 30;UNIDIRECTIONNEL;;CHAUSSEE;EN SERVICE;LISSE;"38185";AUCUN;ZONE 30;;;;EN SERVICE;LISSE;;2025-01-06;"30";true;;;OpenStreetMap;WGS84;
5.7380073;45.1865967505122;;;;way/97855883;;"38185";AMENAGEMENT MIXTE PIETON VELO HORS VOIE VERTE;AIRE PIETONNE;BIDIRECTIONNEL;;TROTTOIR;EN SERVICE;MEUBLE;"38185";AUCUN;;;;;EN SERVICE;MEUBLE;VELO DE ROUTE;2021-05-06;;true;;;OpenStreetMap;WGS84;Bing
5.73787124705196;45.188150965662;;;;way/301074134;;"38185";AUTRE;ZONE 30;UNIDIRECTIONNEL;;CHAUSSEE;EN SERVICE;LISSE;"38185";BANDE CYCLABLE;ZONE 30;UNIDIRECTIONNEL;;CHAUSSEE;EN SERVICE;LISSE;ROLLER;2025-01-20;"30";true;;;OpenStreetMap;WGS84;
5.73654323392415;45.1871880907038;D 1090;;;way/301074133;;"38185";COULOIR BUS+VELO;EN AGGLOMERATION;UNIDIRECTIONNEL;;CHAUSSEE;EN SERVICE;LISSE;"38185";AUTRE;EN AGGLOMERATION;UNIDIRECTIONNEL;;CHAUSSEE;EN SERVICE;LISSE;ROLLER;2024-08-14;"50";true;;;OpenStreetMap;WGS84;cadastre-dgi-fr source : Direction Générale des Impôts - Cadastre. Mise à jour : 2009
5.73716478604468;45.1888571205104;;;;way/8016291;;"38185";BANDE CYCLABLE;ZONE 30;UNIDIRECTIONNEL;;CHAUSSEE;EN SERVICE;LISSE;"38185";BANDE CYCLABLE;ZONE 30;UNIDIRECTIONNEL;;CHAUSSEE;EN SERVICE;LISSE;;2024-07-22;"30";true;;;OpenStreetMap;WGS84;
5.73470087153186;45.1868523397553;;;;way/276590020;;"38185";AUTRE;EN AGGLOMERATION;;;;EN SERVICE;LISSE;"38185";DOUBLE SENS CYCLABLE NON MATERIALISE;EN AGGLOMERATION;UNIDIRECTIONNEL;;CHAUSSEE;EN SERVICE;LISSE;;2024-03-28;"30";true;;;OpenStreetMap;WGS84;
5.73852726466594;45.1862565444102;;;;way/97855869;;"38185";AMENAGEMENT MIXTE PIETON VELO HORS VOIE VERTE;AIRE PIETONNE;BIDIRECTIONNEL;;TROTTOIR;EN SERVICE;LISSE;"38185";AUCUN;;;;;EN SERVICE;LISSE;ROLLER;2021-05-06;;true;;;OpenStreetMap;WGS84;Bing
5.73977956869084;45.1862724291882;;;;way/183471304;;"38185";AMENAGEMENT MIXTE PIETON VELO HORS VOIE VERTE;AIRE PIETONNE;BIDIRECTIONNEL;;TROTTOIR;EN SERVICE;MEUBLE;"38185";AUCUN;;;;;EN SERVICE;MEUBLE;VELO DE ROUTE;2022-08-06;;false;;;OpenStreetMap;WGS84;
5.74240074787387;45.1870214028658;;;;way/244086429;;"38185";AMENAGEMENT MIXTE PIETON VELO HORS VOIE VERTE;AIRE PIETONNE;BIDIRECTIONNEL;;TROTTOIR;EN SERVICE;LISSE;"38185";AUCUN;;;;;EN SERVICE;LISSE;ROLLER;2024-07-10;;true;;;OpenStreetMap;WGS84;
5.74249353738589;45.1886283667415;;;;way/165513716;;"38185";AMENAGEMENT MIXTE PIETON VELO HORS VOIE VERTE;;BIDIRECTIONNEL;;CHAUSSEE;EN SERVICE;MEUBLE;"38185";AUCUN;;;;;EN SERVICE;MEUBLE;;2024-09-13;;;;;OpenStreetMap;WGS84;
5.74065521935157;45.1897786955346;;;;way/1302870548;;"38185";AMENAGEMENT MIXTE PIETON VELO HORS VOIE VERTE;;BIDIRECTIONNEL;;CHAUSSEE;EN SERVICE;MEUBLE;"38185";AUCUN;;;;;EN SERVICE;MEUBLE;;2024-07-22;;;;;OpenStreetMap;WGS84;
5.74086920253929;45.190355457477;;;;way/844839873;;"38185";AMENAGEMENT MIXTE PIETON VELO HORS VOIE VERTE;AIRE PIETONNE;BIDIRECTIONNEL;;TROTTOIR;EN SERVICE;RUGUEUX;"38185";AUCUN;;;;;EN SERVICE;RUGUEUX;;2024-09-30;;true;;;OpenStreetMap;WGS84;"cadastre-dgi-fr source : Direction Générale des Impôts - Cadastre;mise à jour : 2009"
5.7401305;45.1907646004526;;;;way/348324985;;"38185";VOIE VERTE;AIRE PIETONNE;BIDIRECTIONNEL;;TROTTOIR;EN SERVICE;LISSE;"38185";AUCUN;;;;;EN SERVICE;LISSE;;2024-09-30;;true;;;OpenStreetMap;WGS84;
5.74977538914835;45.1755810845816;;;;way/65180886;;"38185";VOIE VERTE;;BIDIRECTIONNEL;;CHAUSSEE;EN SERVICE;LISSE;"38185";AUCUN;;;;;EN SERVICE;LISSE;;2022-05-01;;true;;;OpenStreetMap;WGS84;"cadastre-dgi-fr source : Direction Générale des Impôts - Cadastre ; mise à jour : 2010"
5.75214045;45.1767652504841;;;;way/485843232;;"38185";PISTE CYCLABLE;;UNIDIRECTIONNEL;;TROTTOIR;EN SERVICE;LISSE;"38185";AUCUN;;;;;EN SERVICE;LISSE;;2023-06-26;;;;;OpenStreetMap;WGS84;
5.75215568471612;45.1765422227939;;;;way/31731056;;"38185";AUTRE;EN AGGLOMERATION;UNIDIRECTIONNEL;;CHAUSSEE;EN SERVICE;LISSE;"38185";AUTRE;EN AGGLOMERATION;UNIDIRECTIONNEL;;CHAUSSEE;EN SERVICE;LISSE;;2024-08-27;"30";;;;OpenStreetMap;WGS84;
5.73371834487797;45.1691448346155;D 269A;;;way/170076695;;"38185";BANDE CYCLABLE;ZONE 30;UNIDIRECTIONNEL;;CHAUSSEE;EN SERVICE;LISSE;"38185";AUCUN;ZONE 30;;;;EN SERVICE;LISSE;;2024-08-12;"30";true;;;OpenStreetMap;WGS84;
5.7320043;45.1689304004521;;;;way/488559090;;"38185";AUTRE;ZONE 30;UNIDIRECTIONNEL;;CHAUSSEE;EN SERVICE;LISSE;"38185";AUCUN;ZONE 30;;;;EN SERVICE;LISSE;ROLLER;2024-06-29;"30";true;;;OpenStreetMap;WGS84;"cadastre-dgi-fr source : Direction Générale des Impôts - Cadastre ; mise à jour : 2010"
5.74287995697128;45.171555079313;;;;way/892375796;;"38185";VOIE VERTE;;UNIDIRECTIONNEL;;CHAUSSEE;EN SERVICE;LISSE;"38185";AUCUN;;;;;EN SERVICE;LISSE;;2024-07-31;;true;;;OpenStreetMap;WGS84;
5.72317337422921;45.1693480872068;;;;way/188194442;;"38185";BANDE CYCLABLE;EN AGGLOMERATION;UNIDIRECTIONNEL;;CHAUSSEE;EN SERVICE;LISSE;"38185";COULOIR BUS+VELO;EN AGGLOMERATION;UNIDIRECTIONNEL;;CHAUSSEE;EN SERVICE;LISSE;;2021-12-22;"30";true;;;OpenStreetMap;WGS84;
5.72304735310067;45.1699717628122;;;;way/1337976141;;"38185";BANDE CYCLABLE;EN AGGLOMERATION;UNIDIRECTIONNEL;;CHAUSSEE;EN SERVICE;LISSE;"38185";AUCUN;EN AGGLOMERATION;;;;EN SERVICE;LISSE;;2024-11-26;"30";true;;;OpenStreetMap;WGS84;
5.71273380709498;45.1687486652423;;;;way/309992014;;"38185";PISTE CYCLABLE;;UNIDIRECTIONNEL;;TROTTOIR;EN SERVICE;LISSE;"38185";AUCUN;;;;;EN SERVICE;LISSE;;2019-11-12;;true;;;OpenStreetMap;WGS84;
5.7093939;45.1748097504591;;;;way/679283691;;"38185";VOIE VERTE;;BIDIRECTIONNEL;;CHAUSSEE;EN SERVICE;LISSE;"38185";AUCUN;;;;;EN SERVICE;LISSE;;2022-08-25;;true;;;OpenStreetMap;WGS84;
5.71181621300501;45.1750176080494;;;;way/183763571;;"38185";VOIE VERTE;;BIDIRECTIONNEL;;CHAUSSEE;EN SERVICE;LISSE;"38185";AUCUN;;;;;EN SERVICE;LISSE;ROLLER;2024-04-30;;true;;;OpenStreetMap;WGS84;"cadastre-dgi-fr source : Direction Générale des Impôts - Cadastre ; mise à jour : 2010"
5.71910265;45.1752838004518;;;;way/932529155;;"38185";AMENAGEMENT MIXTE PIETON VELO HORS VOIE VERTE;AIRE PIETONNE;BIDIRECTIONNEL;;TROTTOIR;EN SERVICE;LISSE;"38185";AUCUN;;;;;EN SERVICE;LISSE;;2021-04-20;;true;;;OpenStreetMap;WGS84;
5.71856595;45.1753731004522;;;;way/423433195;;"38185";AMENAGEMENT MIXTE PIETON VELO HORS VOIE VERTE;AIRE PIETONNE;BIDIRECTIONNEL;;TROTTOIR;EN SERVICE;LISSE;"38185";AUCUN;;;;;EN SERVICE;LISSE;;2021-04-19;;true;;;OpenStreetMap;WGS84;
5.7171061;45.1755875504505;;;;way/965596686;;"38185";RAMPE;;BIDIRECTIONNEL;;TROTTOIR;EN SERVICE;LISSE;"38185";AUCUN;;;;;EN SERVICE;LISSE;;2024-02-28;;false;;;OpenStreetMap;WGS84;
5.71697681558258;45.1756591499469;;;;way/965596683;;"38185";AMENAGEMENT MIXTE PIETON VELO HORS VOIE VERTE;AIRE PIETONNE;BIDIRECTIONNEL;;TROTTOIR;EN SERVICE;LISSE;"38185";AUCUN;;;;;EN SERVICE;LISSE;ROLLER;2024-05-09;;false;;;OpenStreetMap;WGS84;Bing
5.7167701;45.1759251004709;;;;way/292088393;;"38185";AMENAGEMENT MIXTE PIETON VELO HORS VOIE VERTE;AIRE PIETONNE;BIDIRECTIONNEL;;TROTTOIR;EN SERVICE;LISSE;"38185";AUCUN;;;;;EN SERVICE;LISSE;;2019-12-07;;true;;;OpenStreetMap;WGS84;
5.71452257114428;45.1749134019185;D 1075;;;way/463254704;;"38185";BANDE CYCLABLE;EN AGGLOMERATION;UNIDIRECTIONNEL;;CHAUSSEE;EN SERVICE;LISSE;"38185";AUCUN;EN AGGLOMERATION;;;;EN SERVICE;LISSE;ROLLER;2024-05-09;"50";true;;;OpenStreetMap;WGS84;
5.71991980402027;45.1772360997929;;;;way/756643267;;"38185";AMENAGEMENT MIXTE PIETON VELO HORS VOIE VERTE;AIRE PIETONNE;BIDIRECTIONNEL;;TROTTOIR;EN SERVICE;MEUBLE;"38185";AUCUN;;;;;EN SERVICE;MEUBLE;VELO DE ROUTE;2023-09-20;;true;;;OpenStreetMap;WGS84;cadastre-dgi-fr source : Direction Générale des Impôts - Cadastre. Mise à jour : 2010
5.72721147010708;45.1774725919986;;;;way/188199316;;"38185";BANDE CYCLABLE;EN AGGLOMERATION;UNIDIRECTIONNEL;;CHAUSSEE;EN SERVICE;LISSE;"38185";AUCUN;EN AGGLOMERATION;;;;EN SERVICE;LISSE;;2022-10-23;"50";true;;;OpenStreetMap;WGS84;
5.7264293965477;45.1766788272141;;;;way/918249183;;"38185";BANDE CYCLABLE;EN AGGLOMERATION;UNIDIRECTIONNEL;;CHAUSSEE;EN SERVICE;LISSE;"38185";AUCUN;EN AGGLOMERATION;;;;EN SERVICE;LISSE;;2022-10-27;"50";true;;;OpenStreetMap;WGS84;
5.72616600891143;45.1763721324966;;;;way/4014426;;"38185";BANDE CYCLABLE;EN AGGLOMERATION;UNIDIRECTIONNEL;;CHAUSSEE;EN SERVICE;LISSE;"38185";AUCUN;EN AGGLOMERATION;;;;EN SERVICE;LISSE;;2022-10-27;"50";true;;;OpenStreetMap;WGS84;
5.72588705380662;45.1755853005033;;;;way/913458943;;"38185";BANDE CYCLABLE;EN AGGLOMERATION;UNIDIRECTIONNEL;;CHAUSSEE;EN SERVICE;LISSE;"38185";AUCUN;EN AGGLOMERATION;;;;EN SERVICE;LISSE;;2024-02-17;"50";true;;;OpenStreetMap;WGS84;
5.7252646;45.1746230004587;;;;way/464143410;;"38185";BANDE CYCLABLE;EN AGGLOMERATION;UNIDIRECTIONNEL;;CHAUSSEE;EN SERVICE;LISSE;"38185";AUCUN;EN AGGLOMERATION;;;;EN SERVICE;LISSE;;2024-01-05;"50";true;;;OpenStreetMap;WGS84;
5.72544282265575;45.1750991911865;;;;way/1090329454;;"38185";PISTE CYCLABLE;;BIDIRECTIONNEL;;TROTTOIR;EN SERVICE;LISSE;"38185";AUCUN;;;;;EN SERVICE;LISSE;;2023-11-10;;true;;;OpenStreetMap;WGS84;
5.7316739069296;45.1765283621907;;;;way/299529831;;"38185";PISTE CYCLABLE;;BIDIRECTIONNEL;;TROTTOIR;EN SERVICE;LISSE;"38185";AUCUN;;;;;EN SERVICE;LISSE;;2023-11-05;;true;;;OpenStreetMap;WGS84;
5.73200513954467;45.1746972109105;;;;way/345572623;;"38185";PISTE CYCLABLE;;UNIDIRECTIONNEL;;TROTTOIR;EN SERVICE;LISSE;"38185";AUCUN;;;;;EN SERVICE;LISSE;;2024-05-06;;true;;;OpenStreetMap;WGS84;
5.73185287864709;45.1749325452962;;;;way/492144586;;"38185";AUTRE;ZONE 30;UNIDIRECTIONNEL;;CHAUSSEE;EN SERVICE;LISSE;"38185";AUTRE;ZONE 30;UNIDIRECTIONNEL;;CHAUSSEE;EN SERVICE;LISSE;;2024-02-01;"30";true;;;OpenStreetMap;WGS84;cadastre-dgi-fr source : Direction Générale des Impôts - Cadastre. Mise à jour : 2009
5.73158520631812;45.1765254221859;;;;way/61008587;;"38185";BANDE CYCLABLE;ZONE 30;UNIDIRECTIONNEL;;CHAUSSEE;EN SERVICE;LISSE;"38185";DOUBLE SENS CYCLABLE NON MATERIALISE;ZONE 30;UNIDIRECTIONNEL;;CHAUSSEE;EN SERVICE;LISSE;;2023-12-26;"30";true;;;OpenStreetMap;WGS84;cadastre-dgi-fr source : Direction Générale des Impôts - Cadastre. Mise à jour : 2010
5.73161925;45.1763784004666;;;;way/1221386719;;"38185";PISTE CYCLABLE;;UNIDIRECTIONNEL;;TROTTOIR;EN SERVICE;LISSE;"38185";AUCUN;;;;;EN SERVICE;LISSE;;2023-11-05;;true;;;OpenStreetMap;WGS84;
5.73176420197183;45.176080175311;;;;way/1221386717;;"38185";BANDE CYCLABLE;ZONE 30;UNIDIRECTIONNEL;;CHAUSSEE;EN SERVICE;LISSE;"38185";AUCUN;ZONE 30;;;;EN SERVICE;LISSE;;2023-12-26;"30";true;;;OpenStreetMap;WGS84;
5.73528795;45.1753330014507;;;;way/383765996;;"38185";AUTRE;ZONE 30;UNIDIRECTIONNEL;;CHAUSSEE;EN SERVICE;LISSE;"38185";DOUBLE SENS CYCLABLE NON MATERIALISE;ZONE 30;UNIDIRECTIONNEL;;CHAUSSEE;EN SERVICE;LISSE;;2024-07-21;"30";true;;;OpenStreetMap;WGS84;
5.73571831350958;45.1766649886964;;;;way/29977892;;"38185";AUTRE;EN AGGLOMERATION;UNIDIRECTIONNEL;;CHAUSSEE;EN SERVICE;LISSE;"38185";DOUBLE SENS CYCLABLE NON MATERIALISE;EN AGGLOMERATION;UNIDIRECTIONNEL;;CHAUSSEE;EN SERVICE;LISSE;;2025-01-15;"20";true;;;OpenStreetMap;WGS84;
5.73889093519909;45.1754498669876;;;;way/383766950;;"38185";AMENAGEMENT MIXTE PIETON VELO HORS VOIE VERTE;AIRE PIETONNE;BIDIRECTIONNEL;;TROTTOIR;EN SERVICE;RUGUEUX;"38185";AUCUN;;;;;EN SERVICE;RUGUEUX;;2025-01-11;;true;;;OpenStreetMap;WGS84;
5.74554321403558;45.1734815496767;;;;way/4015322;;"38185";AUTRE;ZONE 30;UNIDIRECTIONNEL;;CHAUSSEE;EN SERVICE;LISSE;"38185";AUTRE;ZONE 30;UNIDIRECTIONNEL;;CHAUSSEE;EN SERVICE;LISSE;;2024-07-31;"30";true;;;OpenStreetMap;WGS84;
5.74498425;45.1749495504905;;;;way/1304848226;;"38185";PISTE CYCLABLE;;UNIDIRECTIONNEL;;TROTTOIR;EN SERVICE;LISSE;"38185";AUCUN;;;;;EN SERVICE;LISSE;;2024-07-31;;true;;;OpenStreetMap;WGS84;
5.74435913299068;45.1754979566278;;;;way/66756493;;"38185";VOIE VERTE;;BIDIRECTIONNEL;;CHAUSSEE;EN SERVICE;LISSE;"38185";AUCUN;;;;;EN SERVICE;LISSE;ROLLER;2024-07-31;;true;;;OpenStreetMap;WGS84;
5.74446244289474;45.1754165456198;;;;way/194092538;;"38185";BANDE CYCLABLE;ZONE 30;UNIDIRECTIONNEL;;CHAUSSEE;EN SERVICE;LISSE;"38185";AUTRE;ZONE 30;UNIDIRECTIONNEL;;CHAUSSEE;EN SERVICE;LISSE;ROLLER;2024-07-31;"30";true;;;OpenStreetMap;WGS84;
5.74146409669851;45.1752202016392;;;;way/1243520600;;"38185";AMENAGEMENT MIXTE PIETON VELO HORS VOIE VERTE;AIRE PIETONNE;BIDIRECTIONNEL;;TROTTOIR;EN SERVICE;MEUBLE;"38185";AUCUN;;;;;EN SERVICE;MEUBLE;VTC;2024-01-27;;;;;OpenStreetMap;WGS84;
5.70463538268565;45.2059647973648;;;;way/380157822;;"38185";VOIE VERTE;;BIDIRECTIONNEL;;CHAUSSEE;EN SERVICE;LISSE;"38185";AUCUN;;;;;EN SERVICE;LISSE;;2024-10-25;;;;;OpenStreetMap;WGS84;cadastre-dgi-fr source : Direction Générale des Impôts - Cadastre. Mise à jour : 2009
5.7017622;45.2068083004601;VV7;;;way/380157821;;"38185";PISTE CYCLABLE;;BIDIRECTIONNEL;;TROTTOIR;EN SERVICE;LISSE;"38185";AUCUN;;;;;EN SERVICE;LISSE;;2023-03-25;;false;;;OpenStreetMap;WGS84;cadastre-dgi-fr source : Direction Générale des Impôts - Cadastre. Mise à jour : 2009
5.7017239161301;45.2064843950182;;;;way/16293091;;"38185";PISTE CYCLABLE;;BIDIRECTIONNEL;;TROTTOIR;EN SERVICE;LISSE;"38185";AUCUN;;;;;EN SERVICE;LISSE;ROLLER;2024-07-09;;false;;;OpenStreetMap;WGS84;
5.70151164578422;45.2062459876137;;;;way/1069211168;;"38185";PISTE CYCLABLE;;BIDIRECTIONNEL;;TROTTOIR;EN SERVICE;LISSE;"38185";AUCUN;;;;;EN SERVICE;LISSE;ROLLER;2024-07-09;;true;;;OpenStreetMap;WGS84;
5.7019496;45.2070891562935;;;;way/82690217;;"38185";PISTE CYCLABLE;;BIDIRECTIONNEL;;TROTTOIR;EN SERVICE;LISSE;"38185";AUCUN;;;;;EN SERVICE;LISSE;ROLLER;2024-07-09;;true;;;OpenStreetMap;WGS84;
5.7005225;45.2073058006109;;;;way/1034227570;;"38185";AMENAGEMENT MIXTE PIETON VELO HORS VOIE VERTE;AIRE PIETONNE;BIDIRECTIONNEL;;TROTTOIR;EN SERVICE;LISSE;"38185";AUCUN;;;;;EN SERVICE;LISSE;;2024-10-06;;;;;OpenStreetMap;WGS84;
5.69891610064122;45.2062781104277;D 531;;;way/300110308;;"38185";BANDE CYCLABLE;EN AGGLOMERATION;UNIDIRECTIONNEL;;CHAUSSEE;EN SERVICE;LISSE;"38185";AUCUN;EN AGGLOMERATION;;;;EN SERVICE;LISSE;;2024-10-22;"50";true;;;OpenStreetMap;WGS84;
5.69651725400705;45.2085826085741;;;;way/620063044;;"38185";VOIE VERTE;;BIDIRECTIONNEL;;CHAUSSEE;EN SERVICE;LISSE;"38185";AUCUN;;;;;EN SERVICE;LISSE;;2023-08-01;;true;;;OpenStreetMap;WGS84;cadastre-dgi-fr source : Direction Générale des Impôts - Cadastre. Mise à jour : 2009
5.69559174913085;45.2087951508858;D 531;;;way/439945430;;"38185";COULOIR BUS+VELO;EN AGGLOMERATION;UNIDIRECTIONNEL;;CHAUSSEE;EN SERVICE;LISSE;"38185";AUCUN;EN AGGLOMERATION;;;CHAUSSEE;EN SERVICE;LISSE;;2025-01-03;"50";;;;OpenStreetMap;WGS84;
5.69551058730477;45.207554841594;;;;way/263199182;;"38185";PISTE CYCLABLE;;UNIDIRECTIONNEL;;TROTTOIR;EN SERVICE;;"38185";AUCUN;;;;;EN SERVICE;;;2021-09-26;;;;;OpenStreetMap;WGS84;
5.69521239970878;45.2075463724251;;;;way/263199181;;"38185";PISTE CYCLABLE;;UNIDIRECTIONNEL;;TROTTOIR;EN SERVICE;;"38185";AUCUN;;;;;EN SERVICE;;;2021-09-26;;;;;OpenStreetMap;WGS84;
5.6945783;45.2069685005499;;;;way/263199179;;"38185";PISTE CYCLABLE;;UNIDIRECTIONNEL;;TROTTOIR;EN SERVICE;;"38185";AUCUN;;;;;EN SERVICE;;;2021-09-26;;;;;OpenStreetMap;WGS84;
5.70194254065986;45.180162256096;;;;way/817908611;;"38185";VOIE VERTE;;BIDIRECTIONNEL;;CHAUSSEE;EN SERVICE;LISSE;"38185";AUCUN;;UNIDIRECTIONNEL;;;EN SERVICE;LISSE;;2024-07-06;;true;;;OpenStreetMap;WGS84;
5.70894076227536;45.1826801562889;;;;way/1068154475;;"38185";AUTRE;EN AGGLOMERATION;UNIDIRECTIONNEL;;CHAUSSEE;EN SERVICE;LISSE;"38185";DOUBLE SENS CYCLABLE NON MATERIALISE;EN AGGLOMERATION;UNIDIRECTIONNEL;;CHAUSSEE;EN SERVICE;LISSE;;2022-10-21;"30";true;;;OpenStreetMap;WGS84;
5.7086342;45.1802676504502;;;;way/818377605;;"38185";PISTE CYCLABLE;;UNIDIRECTIONNEL;;TROTTOIR;EN SERVICE;LISSE;"38185";AUCUN;;;;;EN SERVICE;LISSE;;2022-10-21;;true;;;OpenStreetMap;WGS84;
5.70850635;45.1802700004501;;;;way/818377604;;"38185";VOIE VERTE;AIRE PIETONNE;BIDIRECTIONNEL;;TROTTOIR;EN SERVICE;LISSE;"38185";AUCUN;;;;;EN SERVICE;LISSE;;2022-10-21;;true;;;OpenStreetMap;WGS84;"cadastre-dgi-fr source : Direction Générale des Impôts - Cadastre ; mise à jour : 2009"
5.71037149336404;45.1802351503088;;;;way/1060099082;;"38185";AMENAGEMENT MIXTE PIETON VELO HORS VOIE VERTE;AIRE PIETONNE;BIDIRECTIONNEL;;TROTTOIR;EN SERVICE;LISSE;"38185";AUCUN;;;;;EN SERVICE;LISSE;;2022-05-14;;true;;;OpenStreetMap;WGS84;
5.71116152781302;45.180141400059;;;;way/238579479;;"38185";AMENAGEMENT MIXTE PIETON VELO HORS VOIE VERTE;AIRE PIETONNE;BIDIRECTIONNEL;;TROTTOIR;EN SERVICE;LISSE;"38185";AUCUN;;;;;EN SERVICE;LISSE;;2022-07-09;;true;;;OpenStreetMap;WGS84;
5.71127935;45.1808289508305;;;;way/47125561;;"38185";BANDE CYCLABLE;EN AGGLOMERATION;UNIDIRECTIONNEL;;CHAUSSEE;EN SERVICE;LISSE;"38185";AUCUN;EN AGGLOMERATION;;;;EN SERVICE;LISSE;;2023-05-26;"30";true;;;OpenStreetMap;WGS84;
5.7115126;45.1793757504645;;;;way/684730386;;"38185";PISTE CYCLABLE;;BIDIRECTIONNEL;;TROTTOIR;EN SERVICE;LISSE;"38185";AUCUN;;;;;EN SERVICE;LISSE;;2022-03-14;;true;;;OpenStreetMap;WGS84;
5.71136635028326;45.1799683331601;;;;way/818377590;;"38185";VOIE VERTE;AIRE PIETONNE;BIDIRECTIONNEL;;TROTTOIR;EN SERVICE;LISSE;"38185";AUCUN;;;;;EN SERVICE;LISSE;;2022-10-21;;true;;;OpenStreetMap;WGS84;"cadastre-dgi-fr source : Direction Générale des Impôts - Cadastre ; mise à jour : 2009"
5.70827115;45.1799576004556;;;;way/985264635;;"38185";AMENAGEMENT MIXTE PIETON VELO HORS VOIE VERTE;AIRE PIETONNE;BIDIRECTIONNEL;;TROTTOIR;EN SERVICE;LISSE;"38185";AUCUN;;;;;EN SERVICE;LISSE;;2022-04-22;;true;;;OpenStreetMap;WGS84;
5.70710485;45.1799226504515;;;;way/818377607;;"38185";PISTE CYCLABLE;;UNIDIRECTIONNEL;;TROTTOIR;EN SERVICE;LISSE;"38185";AUCUN;;;;;EN SERVICE;LISSE;ROLLER;2023-12-19;;true;;;OpenStreetMap;WGS84;
5.70684140040639;45.1798814695265;;;;way/1067658669;;"38185";AUTRE;;;;;EN SERVICE;LISSE;"38185";DOUBLE SENS CYCLABLE NON MATERIALISE;;UNIDIRECTIONNEL;;CHAUSSEE;EN SERVICE;LISSE;;2023-12-19;;true;;;OpenStreetMap;WGS84;
5.70536075;45.1787129504765;;;;way/1120992848;;"38185";BANDE CYCLABLE;EN AGGLOMERATION;UNIDIRECTIONNEL;;CHAUSSEE;EN SERVICE;LISSE;"38185";BANDE CYCLABLE;EN AGGLOMERATION;UNIDIRECTIONNEL;;CHAUSSEE;EN SERVICE;LISSE;;2022-12-11;"30";true;;;OpenStreetMap;WGS84;
5.70539119968792;45.1798192319524;;;;way/818377616;;"38185";VOIE VERTE;AIRE PIETONNE;BIDIRECTIONNEL;;TROTTOIR;EN SERVICE;LISSE;"38185";AUCUN;;;;;EN SERVICE;LISSE;;2022-05-14;;true;;;OpenStreetMap;WGS84;
5.7032256;45.1801543004501;;;;way/818117437;;"38185";VOIE VERTE;;BIDIRECTIONNEL;;CHAUSSEE;EN SERVICE;LISSE;"38185";AUCUN;;;;;EN SERVICE;LISSE;;2024-07-06;;true;;;OpenStreetMap;WGS84;
5.70512653656872;45.1802326761251;;;;way/338531459;;"38185";VOIE VERTE;AIRE PIETONNE;BIDIRECTIONNEL;;TROTTOIR;EN SERVICE;LISSE;"38185";AUCUN;;UNIDIRECTIONNEL;;;EN SERVICE;LISSE;;2023-04-10;;true;;;OpenStreetMap;WGS84;"cadastre-dgi-fr source : Direction Générale des Impôts - Cadastre ; mise à jour : 2009"
5.7070400501013;45.1802345948424;;;;way/818377610;;"38185";VOIE VERTE;AIRE PIETONNE;BIDIRECTIONNEL;;TROTTOIR;EN SERVICE;LISSE;"38185";AUCUN;;;;;EN SERVICE;LISSE;;2022-10-21;;true;;;OpenStreetMap;WGS84;
5.70575335867618;45.1818386745353;;;;way/39887760;;"38185";AUTRE;ZONE 30;UNIDIRECTIONNEL;;CHAUSSEE;EN SERVICE;LISSE;"38185";AUTRE;ZONE 30;UNIDIRECTIONNEL;;CHAUSSEE;EN SERVICE;LISSE;;2022-10-21;"30";true;;;OpenStreetMap;WGS84;"cadastre-dgi-fr source : Direction Générale des Impôts - Cadastre;mise à jour : 2009"
5.70559584582488;45.1832024024479;;;;way/586375426;;"38185";BANDE CYCLABLE;ZONE 30;UNIDIRECTIONNEL;;CHAUSSEE;EN SERVICE;LISSE;"38185";BANDE CYCLABLE;ZONE 30;UNIDIRECTIONNEL;;CHAUSSEE;EN SERVICE;LISSE;;2023-09-28;"30";true;;;OpenStreetMap;WGS84;
5.7056297;45.1839568505647;;;;way/1068154461;;"38185";BANDE CYCLABLE;ZONE 30;UNIDIRECTIONNEL;;CHAUSSEE;EN SERVICE;LISSE;"38185";BANDE CYCLABLE;ZONE 30;UNIDIRECTIONNEL;;CHAUSSEE;EN SERVICE;LISSE;;2023-09-28;"30";true;;;OpenStreetMap;WGS84;
5.71355425629258;45.1834794273008;;;;way/168249906;;"38185";AMENAGEMENT MIXTE PIETON VELO HORS VOIE VERTE;AIRE PIETONNE;BIDIRECTIONNEL;;TROTTOIR;EN SERVICE;RUGUEUX;"38185";AUCUN;;;;;EN SERVICE;RUGUEUX;;2021-12-04;;true;;;OpenStreetMap;WGS84;
5.70578536548224;45.1866259535858;;;;way/1067970814;;"38185";BANDE CYCLABLE;ZONE 30;UNIDIRECTIONNEL;;CHAUSSEE;EN SERVICE;LISSE;"38185";BANDE CYCLABLE;ZONE 30;UNIDIRECTIONNEL;;CHAUSSEE;EN SERVICE;LISSE;;2023-04-11;"30";true;;;OpenStreetMap;WGS84;
5.70332802273729;45.1889268955808;;;;way/309483038;;"38185";VOIE VERTE;;UNIDIRECTIONNEL;"1";CHAUSSEE;EN SERVICE;LISSE;"38185";AUCUN;;;"1";;EN SERVICE;LISSE;;2022-10-23;;true;;;OpenStreetMap;WGS84;
5.7036256;45.1890062504492;;;;way/21298420;;"38185";PISTE CYCLABLE;;UNIDIRECTIONNEL;;TROTTOIR;EN SERVICE;LISSE;"38185";AUCUN;;;;;EN SERVICE;LISSE;;2022-11-25;;true;;;OpenStreetMap;WGS84;
5.70665088998899;45.1912806201985;D 106;;;way/491893868;;"38185";BANDE CYCLABLE;EN AGGLOMERATION;UNIDIRECTIONNEL;;CHAUSSEE;EN SERVICE;LISSE;"38185";AUTRE;EN AGGLOMERATION;UNIDIRECTIONNEL;;CHAUSSEE;EN SERVICE;LISSE;;2022-10-20;"30";true;;;OpenStreetMap;WGS84;
5.70319585;45.1923103504488;D 106;;;way/1327205747;;"38185";AUTRE;ZONE 30;UNIDIRECTIONNEL;;CHAUSSEE;EN SERVICE;LISSE;"38185";AUCUN;ZONE 30;;;CHAUSSEE;EN SERVICE;LISSE;;2024-10-22;"30";;;;OpenStreetMap;WGS84;
5.70542333739376;45.1980389193376;;;;way/1213448605;;"38185";PISTE CYCLABLE;;BIDIRECTIONNEL;;TROTTOIR;EN SERVICE;;"38185";AUCUN;;;;;EN SERVICE;;;2023-10-05;;;;;OpenStreetMap;WGS84;
5.7070276841529;45.2010422050765;;;;way/1034225332;;"38185";AMENAGEMENT MIXTE PIETON VELO HORS VOIE VERTE;AIRE PIETONNE;BIDIRECTIONNEL;;TROTTOIR;EN SERVICE;;"38185";AUCUN;;;;;EN SERVICE;;;2022-02-22;;;;;OpenStreetMap;WGS84;
5.70630169529059;45.2015675251807;;;;way/1031984322;;"38185";AMENAGEMENT MIXTE PIETON VELO HORS VOIE VERTE;AIRE PIETONNE;BIDIRECTIONNEL;;TROTTOIR;EN SERVICE;;"38185";AUCUN;;;;;EN SERVICE;;;2022-09-26;;;;;OpenStreetMap;WGS84;
5.70673425994046;45.2021382954082;;;;way/1049543027;;"38185";AMENAGEMENT MIXTE PIETON VELO HORS VOIE VERTE;AIRE PIETONNE;BIDIRECTIONNEL;;TROTTOIR;EN SERVICE;;"38185";AUCUN;;;;;EN SERVICE;;;2024-05-17;;;;;OpenStreetMap;WGS84;
5.70459555;45.2027407504582;;;;way/1050988248;;"38185";AMENAGEMENT MIXTE PIETON VELO HORS VOIE VERTE;AIRE PIETONNE;BIDIRECTIONNEL;;TROTTOIR;EN SERVICE;RUGUEUX;"38185";AUCUN;;;;;EN SERVICE;RUGUEUX;;2024-06-02;;;;;OpenStreetMap;WGS84;
5.7054791802112;45.2015684028995;D 531;;;way/221368074;;"38185";BANDE CYCLABLE;EN AGGLOMERATION;UNIDIRECTIONNEL;;CHAUSSEE;EN SERVICE;LISSE;"38185";AUCUN;EN AGGLOMERATION;;;;EN SERVICE;LISSE;;2023-09-15;"50";;;;OpenStreetMap;WGS84;
5.69694135723487;45.2037474884785;;;;way/1117459674;;"38185";BANDE CYCLABLE;ZONE 30;UNIDIRECTIONNEL;;CHAUSSEE;EN SERVICE;LISSE;"38185";BANDE CYCLABLE;ZONE 30;UNIDIRECTIONNEL;;CHAUSSEE;EN SERVICE;LISSE;;2023-12-04;"30";;;;OpenStreetMap;WGS84;
5.6974562801798;45.2043380685991;;;;way/52045127;;"38185";BANDE CYCLABLE;;UNIDIRECTIONNEL;;CHAUSSEE;EN SERVICE;LISSE;"38185";AUCUN;;;;;EN SERVICE;LISSE;;2023-01-24;;;;;OpenStreetMap;WGS84;cadastre-dgi-fr source : Direction Générale des Impôts - Cadastre. Mise à jour : 2009
5.701069142107;45.2045533451376;;;;way/945717897;;"38185";VOIE VERTE;;UNIDIRECTIONNEL;;CHAUSSEE;EN SERVICE;LISSE;"38185";AUCUN;;;;;EN SERVICE;LISSE;;2021-06-25;;true;;;OpenStreetMap;WGS84;
5.6992378;45.2052726505383;;;;way/1117459667;;"38185";VOIE VERTE;;BIDIRECTIONNEL;;CHAUSSEE;EN SERVICE;LISSE;"38185";AUCUN;;;;;EN SERVICE;LISSE;;2022-11-26;;true;;;OpenStreetMap;WGS84;
5.70044039339229;45.2057045130352;;;;way/45581258;;"38185";VOIE VERTE;;BIDIRECTIONNEL;;CHAUSSEE;EN SERVICE;LISSE;"38185";AUCUN;;;;;EN SERVICE;LISSE;;2023-11-22;;true;;;OpenStreetMap;WGS84;
5.70087766707651;45.2049406146038;;;;way/933363642;;"38185";VOIE VERTE;;BIDIRECTIONNEL;"3";CHAUSSEE;EN SERVICE;LISSE;"38185";AUCUN;;;"3";;EN SERVICE;LISSE;;2023-06-08;;true;;;OpenStreetMap;WGS84;
5.70081085;45.2047394505105;;;;way/945717893;;"38185";VOIE VERTE;;UNIDIRECTIONNEL;;CHAUSSEE;EN SERVICE;LISSE;"38185";AUCUN;;;;;EN SERVICE;LISSE;;2021-05-22;;true;;;OpenStreetMap;WGS84;
5.70102044134728;45.2046851538241;D 531;;;way/463973036;;"38185";COULOIR BUS+VELO;EN AGGLOMERATION;UNIDIRECTIONNEL;;CHAUSSEE;EN SERVICE;LISSE;"38185";AUCUN;EN AGGLOMERATION;;;;EN SERVICE;LISSE;;2022-09-01;"50";true;;;OpenStreetMap;WGS84;
5.70117445018801;45.2049833506163;;;;way/945717894;;"38185";VOIE VERTE;;UNIDIRECTIONNEL;;CHAUSSEE;EN SERVICE;LISSE;"38185";AUCUN;;;;;EN SERVICE;LISSE;;2023-10-05;;true;;;OpenStreetMap;WGS84;
5.70105345;45.205088200451;;;;way/945717888;;"38185";VOIE VERTE;;BIDIRECTIONNEL;;CHAUSSEE;EN SERVICE;LISSE;"38185";AUCUN;;;;;EN SERVICE;LISSE;;2021-06-22;;true;;;OpenStreetMap;WGS84;
5.7013623;45.2057041509259;;;;way/945717887;;"38185";VOIE VERTE;;BIDIRECTIONNEL;;CHAUSSEE;EN SERVICE;LISSE;"38185";AUCUN;;;;;EN SERVICE;LISSE;;2023-02-26;;true;;;OpenStreetMap;WGS84;
5.74471650462489;45.1751580779962;;;;way/1304848224;;"38185";BANDE CYCLABLE;ZONE 30;UNIDIRECTIONNEL;;CHAUSSEE;EN SERVICE;LISSE;"38185";AUTRE;ZONE 30;UNIDIRECTIONNEL;;CHAUSSEE;EN SERVICE;LISSE;ROLLER;2024-07-31;"30";true;;;OpenStreetMap;WGS84;
5.74373651714649;45.1762934726933;;;;way/194092539;;"38185";VOIE VERTE;;UNIDIRECTIONNEL;;CHAUSSEE;EN SERVICE;LISSE;"38185";AUCUN;;;;;EN SERVICE;LISSE;;2024-07-31;;true;;;OpenStreetMap;WGS84;
5.74248906980426;45.1766953441029;;;;way/105905299;;"38185";AMENAGEMENT MIXTE PIETON VELO HORS VOIE VERTE;AIRE PIETONNE;BIDIRECTIONNEL;;TROTTOIR;EN SERVICE;LISSE;"38185";AUCUN;;;;;EN SERVICE;LISSE;ROLLER;2024-01-27;;;;;OpenStreetMap;WGS84;"cadastre-dgi-fr source : Direction Générale des Impôts - Cadastre;mise à jour : 2011"
5.74252821310318;45.1763376432844;;;;way/105905306;;"38185";AMENAGEMENT MIXTE PIETON VELO HORS VOIE VERTE;AIRE PIETONNE;BIDIRECTIONNEL;;TROTTOIR;EN SERVICE;RUGUEUX;"38185";AUCUN;;;;;EN SERVICE;RUGUEUX;;2022-10-31;;;;;OpenStreetMap;WGS84;"cadastre-dgi-fr source : Direction Générale des Impôts - Cadastre;mise à jour : 2011"
5.74194245;45.1759849505522;;;;way/1243520602;;"38185";AMENAGEMENT MIXTE PIETON VELO HORS VOIE VERTE;AIRE PIETONNE;BIDIRECTIONNEL;;TROTTOIR;EN SERVICE;MEUBLE;"38185";AUCUN;;;;;EN SERVICE;MEUBLE;VTC;2024-01-27;;;;;OpenStreetMap;WGS84;
5.74294150320036;45.1773138492106;;;;way/684397132;;"38185";PISTE CYCLABLE;;UNIDIRECTIONNEL;;TROTTOIR;EN SERVICE;LISSE;"38185";AUCUN;;;;;EN SERVICE;LISSE;;2022-05-24;;true;;;OpenStreetMap;WGS84;
5.7431204;45.176994000455;;;;way/684397140;;"38185";PISTE CYCLABLE;;UNIDIRECTIONNEL;;TROTTOIR;EN SERVICE;LISSE;"38185";AUCUN;;;;;EN SERVICE;LISSE;ROLLER;2024-06-29;;true;;;OpenStreetMap;WGS84;
5.7465269;45.1783044004548;;;;way/684397152;;"38185";PISTE CYCLABLE;;UNIDIRECTIONNEL;;TROTTOIR;EN SERVICE;LISSE;"38185";AUCUN;;;;;EN SERVICE;LISSE;;2022-05-24;;true;;;OpenStreetMap;WGS84;
5.74646313043521;45.1781270744828;;;;way/194091758;;"38185";VOIE VERTE;;UNIDIRECTIONNEL;;CHAUSSEE;EN SERVICE;LISSE;"38185";AUCUN;;;;;EN SERVICE;LISSE;;2022-05-24;;true;;;OpenStreetMap;WGS84;
5.75101037202568;45.1790546429567;D 269B;;;way/1352106682;;"38185";BANDE CYCLABLE;ZONE 30;UNIDIRECTIONNEL;;CHAUSSEE;EN SERVICE;LISSE;"38185";BANDE CYCLABLE;ZONE 30;UNIDIRECTIONNEL;;CHAUSSEE;EN SERVICE;LISSE;;2025-01-17;"30";true;;;OpenStreetMap;WGS84;
5.75072076234868;45.1761498166122;;;;way/4015313;;"38185";AUTRE;ZONE 30;UNIDIRECTIONNEL;;CHAUSSEE;EN SERVICE;LISSE;"38185";AUTRE;ZONE 30;UNIDIRECTIONNEL;;CHAUSSEE;EN SERVICE;LISSE;;2024-08-27;"30";;;;OpenStreetMap;WGS84;
5.74982063491301;45.1762385998147;;;;way/30545881;;"38185";VOIE VERTE;;BIDIRECTIONNEL;;CHAUSSEE;EN SERVICE;LISSE;"38185";AUCUN;;;;;EN SERVICE;LISSE;;2022-11-01;;;;;OpenStreetMap;WGS84;
5.75002315240058;45.1757884155966;;;;way/59509185;;"38185";VOIE VERTE;;BIDIRECTIONNEL;;CHAUSSEE;EN SERVICE;LISSE;"38185";AUCUN;;;;;EN SERVICE;LISSE;;2022-05-01;;;;;OpenStreetMap;WGS84;
5.72530460176533;45.1835164483827;;;;way/82641369;;"38185";AMENAGEMENT MIXTE PIETON VELO HORS VOIE VERTE;AIRE PIETONNE;BIDIRECTIONNEL;;TROTTOIR;EN SERVICE;LISSE;"38185";AUCUN;;;;;EN SERVICE;LISSE;;2021-05-20;;false;;;OpenStreetMap;WGS84;cadastre-dgi-fr source : Direction Générale des Impôts - Cadastre. Mise à jour : 2010
5.72443335;45.18351700046;;;;way/258883128;;"38185";AMENAGEMENT MIXTE PIETON VELO HORS VOIE VERTE;AIRE PIETONNE;BIDIRECTIONNEL;;TROTTOIR;EN SERVICE;LISSE;"38185";AUCUN;;;;;EN SERVICE;LISSE;;2021-05-20;;true;;;OpenStreetMap;WGS84;
5.72660075192591;45.1834212727982;;;;way/488546779;;"38185";VOIE VERTE;;UNIDIRECTIONNEL;"1.5";CHAUSSEE;EN SERVICE;LISSE;"38185";AUCUN;;;"1.5";;EN SERVICE;LISSE;;2024-11-19;;true;;;OpenStreetMap;WGS84;"cadastre-dgi-fr source : Direction Générale des Impôts - Cadastre ; mise à jour : 2009"
5.727411503387;45.1837315600584;;;;way/82633051;;"38185";AMENAGEMENT MIXTE PIETON VELO HORS VOIE VERTE;AIRE PIETONNE;BIDIRECTIONNEL;;TROTTOIR;EN SERVICE;LISSE;"38185";AUCUN;;;;;EN SERVICE;LISSE;;2022-10-23;;true;;;OpenStreetMap;WGS84;
5.7313506;45.1835435504542;;;;way/487814167;;"38185";PISTE CYCLABLE;;BIDIRECTIONNEL;;TROTTOIR;EN SERVICE;LISSE;"38185";AUCUN;;;;;EN SERVICE;LISSE;;2024-12-21;;true;;;OpenStreetMap;WGS84;cadastre-dgi-fr source : Direction Générale des Impôts - Cadastre. Mise à jour : 2009
5.73139055908725;45.1834388372476;;;;way/1327274950;;"38185";PISTE CYCLABLE;;UNIDIRECTIONNEL;;TROTTOIR;EN SERVICE;LISSE;"38185";AUCUN;;;;;EN SERVICE;LISSE;;2024-10-22;;true;;;OpenStreetMap;WGS84;
5.73162265162479;45.183619537946;;;;way/487814177;;"38185";VOIE VERTE;;BIDIRECTIONNEL;;CHAUSSEE;EN SERVICE;LISSE;"38185";AUCUN;;;;;EN SERVICE;LISSE;;2022-10-23;;true;;;OpenStreetMap;WGS84;"cadastre-dgi-fr source : Direction Générale des Impôts - Cadastre ; mise à jour : 2009"
5.73286682272315;45.1834780489335;;;;way/38655222;;"38185";COULOIR BUS+VELO;ZONE 30;UNIDIRECTIONNEL;;CHAUSSEE;EN SERVICE;LISSE;"38185";AUCUN;ZONE 30;;;;EN SERVICE;LISSE;;2025-01-08;"30";true;;;OpenStreetMap;WGS84;
5.73505450496114;45.1834409918725;;;;way/183471315;;"38185";AMENAGEMENT MIXTE PIETON VELO HORS VOIE VERTE;AIRE PIETONNE;BIDIRECTIONNEL;;TROTTOIR;EN SERVICE;MEUBLE;"38185";AUCUN;;;;;EN SERVICE;MEUBLE;VELO DE ROUTE;2025-01-10;;true;;;OpenStreetMap;WGS84;
5.73152743739461;45.1806326057643;;;;way/4014789;;"38185";AUTRE;ZONE 30;;;;EN SERVICE;LISSE;"38185";DOUBLE SENS CYCLABLE NON MATERIALISE;ZONE 30;UNIDIRECTIONNEL;;CHAUSSEE;EN SERVICE;LISSE;;2024-08-12;"30";true;;;OpenStreetMap;WGS84;
5.73121445;45.18063860045;;;;way/1135963264;;"38185";AUTRE;ZONE 30;;;;EN SERVICE;LISSE;"38185";DOUBLE SENS CYCLABLE NON MATERIALISE;ZONE 30;UNIDIRECTIONNEL;;CHAUSSEE;EN SERVICE;LISSE;;2024-08-12;"30";true;;;OpenStreetMap;WGS84;
5.73164700834574;45.1812909256472;;;;way/815410669;;"38185";AUTRE;ZONE 30;UNIDIRECTIONNEL;;CHAUSSEE;EN SERVICE;LISSE;"38185";AUCUN;ZONE 30;;;;EN SERVICE;LISSE;;2024-12-17;"30";true;;;OpenStreetMap;WGS84;
5.73379525;45.1806129504501;;;;way/1135963304;;"38185";AUTRE;ZONE 30;;;;EN SERVICE;LISSE;"38185";DOUBLE SENS CYCLABLE NON MATERIALISE;ZONE 30;UNIDIRECTIONNEL;;CHAUSSEE;EN SERVICE;LISSE;;2024-08-12;"30";true;;;OpenStreetMap;WGS84;
5.73446227765823;45.1820313215874;D 523;;;way/4353097;;"38185";AUTRE;EN AGGLOMERATION;UNIDIRECTIONNEL;;CHAUSSEE;EN SERVICE;LISSE;"38185";AUTRE;EN AGGLOMERATION;UNIDIRECTIONNEL;;CHAUSSEE;EN SERVICE;LISSE;;2024-11-24;"50";true;;;OpenStreetMap;WGS84;
5.7287967;45.1824467504788;;;;way/488546748;;"38185";VOIE VERTE;AIRE PIETONNE;BIDIRECTIONNEL;;TROTTOIR;EN SERVICE;LISSE;"38185";AUCUN;;;;;EN SERVICE;LISSE;;2022-10-23;;true;;;OpenStreetMap;WGS84;"cadastre-dgi-fr source : Direction Générale des Impôts - Cadastre ; mise à jour : 2009"
5.72874888569398;45.181947644288;;;;way/292453864;;"38185";VOIE VERTE;;UNIDIRECTIONNEL;;CHAUSSEE;EN SERVICE;LISSE;"38185";AUCUN;;;;;EN SERVICE;LISSE;;2022-10-23;;true;;;OpenStreetMap;WGS84;"cadastre-dgi-fr source : Direction Générale des Impôts - Cadastre ; mise à jour : 2009"
5.72963670336326;45.1817627883152;;;;way/492144636;;"38185";PISTE CYCLABLE;;UNIDIRECTIONNEL;;TROTTOIR;EN SERVICE;LISSE;"38185";AUCUN;;;;;EN SERVICE;LISSE;;2021-05-16;;true;;;OpenStreetMap;WGS84;
5.72816635;45.1809974004691;;;;way/1054001596;;"38185";PISTE CYCLABLE;;UNIDIRECTIONNEL;;TROTTOIR;EN SERVICE;LISSE;"38185";AUCUN;;;;;EN SERVICE;LISSE;;2022-04-22;;true;;;OpenStreetMap;WGS84;"cadastre-dgi-fr source : Direction Générale des Impôts - Cadastre ; mise à jour : 2009"
5.72661525445001;45.1815205425549;;;;way/62233978;;"38185";VOIE VERTE;AIRE PIETONNE;BIDIRECTIONNEL;;TROTTOIR;EN SERVICE;LISSE;"38185";AUCUN;;;;;EN SERVICE;LISSE;;2022-10-21;;true;;;OpenStreetMap;WGS84;"cadastre-dgi-fr source : Direction Générale des Impôts - Cadastre ; mise à jour : 2009"
5.7271135;45.1821072004508;;;;way/488546756;;"38185";VOIE VERTE;AIRE PIETONNE;BIDIRECTIONNEL;;TROTTOIR;EN SERVICE;LISSE;"38185";AUCUN;;;;;EN SERVICE;LISSE;;2022-10-23;;true;;;OpenStreetMap;WGS84;"cadastre-dgi-fr source : Direction Générale des Impôts - Cadastre ; mise à jour : 2009"
5.72731973122849;45.1821941724456;;;;way/292453878;;"38185";PISTE CYCLABLE;;UNIDIRECTIONNEL;;TROTTOIR;EN SERVICE;LISSE;"38185";AUCUN;;;;CHAUSSEE;EN SERVICE;LISSE;ROLLER;2024-05-24;;true;;;OpenStreetMap;WGS84;"cadastre-dgi-fr source : Direction Générale des Impôts - Cadastre ; mise à jour : 2009"
5.72720171297476;45.1819133555448;;;;way/488546761;;"38185";VOIE VERTE;AIRE PIETONNE;BIDIRECTIONNEL;;TROTTOIR;EN SERVICE;LISSE;"38185";AUCUN;;;;;EN SERVICE;LISSE;;2023-07-12;;true;;;OpenStreetMap;WGS84;"cadastre-dgi-fr source : Direction Générale des Impôts - Cadastre ; mise à jour : 2009"
5.72706483570124;45.1820874675395;;;;way/292453868;;"38185";VOIE VERTE;AIRE PIETONNE;BIDIRECTIONNEL;;TROTTOIR;EN SERVICE;LISSE;"38185";AUCUN;;;;;EN SERVICE;LISSE;ROLLER;2023-09-19;;true;;;OpenStreetMap;WGS84;"cadastre-dgi-fr source : Direction Générale des Impôts - Cadastre;mise à jour : 2009"
5.72784102273623;45.1820419603076;;;;way/488546766;;"38185";VOIE VERTE;AIRE PIETONNE;BIDIRECTIONNEL;;TROTTOIR;EN SERVICE;LISSE;"38185";AUCUN;;;;;EN SERVICE;LISSE;;2022-10-23;;true;;;OpenStreetMap;WGS84;"cadastre-dgi-fr source : Direction Générale des Impôts - Cadastre ; mise à jour : 2009"
5.72777105179302;45.1817159616081;;;;way/237147545;;"38185";COULOIR BUS+VELO;EN AGGLOMERATION;UNIDIRECTIONNEL;;CHAUSSEE;EN SERVICE;LISSE;"38185";AUCUN;EN AGGLOMERATION;;;;EN SERVICE;LISSE;;2024-08-12;"50";true;;;OpenStreetMap;WGS84;
5.7279505;45.1818672504499;;;;way/488546757;;"38185";VOIE VERTE;AIRE PIETONNE;BIDIRECTIONNEL;;TROTTOIR;EN SERVICE;LISSE;"38185";AUCUN;;;;;EN SERVICE;LISSE;;2022-10-23;;true;;;OpenStreetMap;WGS84;"cadastre-dgi-fr source : Direction Générale des Impôts - Cadastre ; mise à jour : 2009"
5.72818246668498;45.1822204825406;D 1090;;;way/4322321;;"38185";AUTRE;EN AGGLOMERATION;UNIDIRECTIONNEL;;CHAUSSEE;EN SERVICE;LISSE;"38185";AUCUN;EN AGGLOMERATION;;;;EN SERVICE;LISSE;ROLLER;2024-12-09;"50";true;;;OpenStreetMap;WGS84;
5.72335562343509;45.1805877968888;;;;way/101568;;"38185";AUCUN;EN AGGLOMERATION;;;;EN SERVICE;RUGUEUX;"38185";COULOIR BUS+VELO;EN AGGLOMERATION;UNIDIRECTIONNEL;;CHAUSSEE;EN SERVICE;RUGUEUX;VELO DE ROUTE;2025-01-10;"30";true;;;OpenStreetMap;WGS84;
5.72536015367863;45.1811901424031;;;;way/1054001619;;"38185";VOIE VERTE;AIRE PIETONNE;BIDIRECTIONNEL;"1.4";TROTTOIR;EN SERVICE;LISSE;"38185";AUCUN;;;"1.4";;EN SERVICE;LISSE;;2024-11-19;;true;;;OpenStreetMap;WGS84;"cadastre-dgi-fr source : Direction Générale des Impôts - Cadastre ; mise à jour : 2009"
5.72621609141667;45.1762522013937;;;;way/434751508;;"38185";BANDE CYCLABLE;EN AGGLOMERATION;UNIDIRECTIONNEL;;CHAUSSEE;EN SERVICE;LISSE;"38185";AUCUN;EN AGGLOMERATION;;;;EN SERVICE;LISSE;;2022-10-27;"50";true;;;OpenStreetMap;WGS84;
5.72504967747286;45.1737141516003;;;;way/237147552;;"38185";BANDE CYCLABLE;EN AGGLOMERATION;UNIDIRECTIONNEL;;CHAUSSEE;EN SERVICE;LISSE;"38185";AUCUN;EN AGGLOMERATION;;;;EN SERVICE;LISSE;;2022-11-12;"50";true;;;OpenStreetMap;WGS84;
5.72931406825421;45.1722286163415;;;;way/1159244178;;"38185";PISTE CYCLABLE;;BIDIRECTIONNEL;;TROTTOIR;EN SERVICE;LISSE;"38185";AUCUN;;;;;EN SERVICE;LISSE;;2024-11-18;;true;;;OpenStreetMap;WGS84;
5.73759560728969;45.1752999756003;;;;way/496312123;;"38185";AMENAGEMENT MIXTE PIETON VELO HORS VOIE VERTE;AIRE PIETONNE;BIDIRECTIONNEL;;TROTTOIR;EN SERVICE;LISSE;"38185";AUCUN;;;;;EN SERVICE;LISSE;;2024-08-12;;true;;;OpenStreetMap;WGS84;
5.72800871612636;45.1944109348436;;;;way/1224960050;;"38185";VOIE VERTE;;BIDIRECTIONNEL;;CHAUSSEE;EN SERVICE;LISSE;"38185";AUCUN;;;;;EN SERVICE;LISSE;;2023-11-18;;true;;;OpenStreetMap;WGS84;
5.73532403376534;45.1914157248462;;;;way/85388330;;"38185";AUTRE;EN AGGLOMERATION;UNIDIRECTIONNEL;;CHAUSSEE;EN SERVICE;LISSE;"38185";DOUBLE SENS CYCLABLE BANDE;EN AGGLOMERATION;UNIDIRECTIONNEL;;CHAUSSEE;EN SERVICE;LISSE;ROLLER;2024-01-26;"30";true;;;OpenStreetMap;WGS84;"cadastre-dgi-fr source : Direction Générale des Impôts - Cadastre ; mise à jour : 2010"
5.73484375;45.1919052004488;;;;way/216252349;;"38185";PISTE CYCLABLE;;UNIDIRECTIONNEL;;TROTTOIR;EN SERVICE;LISSE;"38185";AUCUN;;;;;EN SERVICE;LISSE;ROLLER;2024-01-26;;true;;;OpenStreetMap;WGS84;
5.73538221088803;45.1919051723131;;;;way/89456626;;"38185";AUTRE;;UNIDIRECTIONNEL;;CHAUSSEE;EN SERVICE;;"38185";DOUBLE SENS CYCLABLE BANDE;;UNIDIRECTIONNEL;;CHAUSSEE;EN SERVICE;;;2014-07-28;;;;;OpenStreetMap;WGS84;"cadastre-dgi-fr source : Direction Générale des Impôts - Cadastre ; mise à jour : 2010"
5.73408834657238;45.1925508277007;;;;way/459884125;;"38185";AMENAGEMENT MIXTE PIETON VELO HORS VOIE VERTE;AIRE PIETONNE;BIDIRECTIONNEL;;TROTTOIR;EN SERVICE;RUGUEUX;"38185";AUCUN;;;;;EN SERVICE;RUGUEUX;;2022-04-09;;true;;;OpenStreetMap;WGS84;
5.73521372485826;45.1928242042756;;;;way/226117800;;"38185";VOIE VERTE;;UNIDIRECTIONNEL;;CHAUSSEE;EN SERVICE;LISSE;"38185";AUCUN;;;;;EN SERVICE;LISSE;;2022-10-24;;true;;;OpenStreetMap;WGS84;
5.73403997580734;45.1924456182406;;;;way/504565182;;"38185";AMENAGEMENT MIXTE PIETON VELO HORS VOIE VERTE;AIRE PIETONNE;BIDIRECTIONNEL;;TROTTOIR;EN SERVICE;LISSE;"38185";AUCUN;;;;;EN SERVICE;LISSE;;2022-02-05;;true;;;OpenStreetMap;WGS84;
5.73457809451797;45.1955214494802;D 590;;;way/40416158;;"38185";AUTRE;EN AGGLOMERATION;UNIDIRECTIONNEL;;CHAUSSEE;EN SERVICE;LISSE;"38185";AUTRE;EN AGGLOMERATION;UNIDIRECTIONNEL;;CHAUSSEE;EN SERVICE;LISSE;;2024-04-07;"30";true;;;OpenStreetMap;WGS84;
5.7346352485143;45.1957195366448;D 590;;;way/1090877404;;"38185";AUTRE;EN AGGLOMERATION;UNIDIRECTIONNEL;;CHAUSSEE;EN SERVICE;LISSE;"38185";AUCUN;EN AGGLOMERATION;;;;EN SERVICE;LISSE;;2024-07-22;"30";true;;;OpenStreetMap;WGS84;
5.73478735;45.195691600468;D 590;;;way/1347996950;;"38185";AUTRE;EN AGGLOMERATION;UNIDIRECTIONNEL;;CHAUSSEE;EN SERVICE;LISSE;"38185";AUTRE;EN AGGLOMERATION;UNIDIRECTIONNEL;;CHAUSSEE;EN SERVICE;LISSE;;2025-01-02;"30";true;;;OpenStreetMap;WGS84;
5.73342353723435;45.1946315880755;D 590;;;way/4787030;;"38185";AUTRE;ZONE 30;UNIDIRECTIONNEL;;CHAUSSEE;EN SERVICE;LISSE;"38185";AUTRE;ZONE 30;UNIDIRECTIONNEL;;CHAUSSEE;EN SERVICE;LISSE;;2023-11-22;"30";true;;;OpenStreetMap;WGS84;
5.73601249924456;45.193641750275;;;;way/490503149;;"38185";PISTE CYCLABLE;;UNIDIRECTIONNEL;;TROTTOIR;EN SERVICE;LISSE;"38185";AUCUN;;;;;EN SERVICE;LISSE;;2022-10-24;;true;;;OpenStreetMap;WGS84;
5.73633651438763;45.1940526952505;;;;way/866605164;;"38185";PISTE CYCLABLE;;UNIDIRECTIONNEL;;TROTTOIR;EN SERVICE;LISSE;"38185";AUCUN;;;;;EN SERVICE;LISSE;;2022-10-24;;true;;;OpenStreetMap;WGS84;
5.7368714721549;45.1958238301341;;;;way/8016054;;"38185";VOIE VERTE;;BIDIRECTIONNEL;;CHAUSSEE;EN SERVICE;LISSE;"38185";AUCUN;;;;;EN SERVICE;LISSE;;2024-08-19;;true;;;OpenStreetMap;WGS84;
5.73694297784168;45.1953414468633;;;;way/1308909849;;"38185";VOIE VERTE;;BIDIRECTIONNEL;;CHAUSSEE;EN SERVICE;LISSE;"38185";AUCUN;;;;;EN SERVICE;LISSE;;2024-08-19;;true;;;OpenStreetMap;WGS84;
5.73695324230534;45.1949536694461;;;;way/981967131;;"38185";VOIE VERTE;;BIDIRECTIONNEL;;CHAUSSEE;EN SERVICE;LISSE;"38185";AUCUN;;;;;EN SERVICE;LISSE;;2024-08-19;;true;;;OpenStreetMap;WGS84;
5.73628220343145;45.1909721377855;;;;way/53088411;;"38185";BANDE CYCLABLE;EN AGGLOMERATION;UNIDIRECTIONNEL;;CHAUSSEE;EN SERVICE;LISSE;"38185";AUCUN;EN AGGLOMERATION;;;;EN SERVICE;LISSE;ROLLER;2024-08-12;"30";true;;;OpenStreetMap;WGS84;
5.73579969831402;45.1964686660794;D 590;;;way/361226002;;"38185";AUTRE;EN AGGLOMERATION;UNIDIRECTIONNEL;;CHAUSSEE;EN SERVICE;LISSE;"38185";AUTRE;EN AGGLOMERATION;UNIDIRECTIONNEL;;CHAUSSEE;EN SERVICE;LISSE;;2025-01-13;"30";true;;;OpenStreetMap;WGS84;
5.73558957769968;45.1964394559182;D 590;;;way/4787043;;"38185";AUTRE;EN AGGLOMERATION;UNIDIRECTIONNEL;;CHAUSSEE;EN SERVICE;LISSE;"38185";AUTRE;EN AGGLOMERATION;UNIDIRECTIONNEL;;CHAUSSEE;EN SERVICE;LISSE;;2024-06-17;"30";true;;;OpenStreetMap;WGS84;
5.73450631241496;45.1963015387961;D 15;;;way/264004030;;"38185";AUTRE;EN AGGLOMERATION;;;;EN SERVICE;LISSE;"38185";DOUBLE SENS CYCLABLE NON MATERIALISE;EN AGGLOMERATION;UNIDIRECTIONNEL;;CHAUSSEE;EN SERVICE;LISSE;;2024-12-30;"50";true;;;OpenStreetMap;WGS84;
5.73376115;45.1968904504644;;;;way/870865913;;"38185";AMENAGEMENT MIXTE PIETON VELO HORS VOIE VERTE;AIRE PIETONNE;BIDIRECTIONNEL;;TROTTOIR;EN SERVICE;LISSE;"38185";AUCUN;;;;;EN SERVICE;LISSE;;2021-06-06;;true;;;OpenStreetMap;WGS84;
5.73409816161837;45.1968546049348;D 15;;;way/870865911;;"38185";AUTRE;EN AGGLOMERATION;;;;EN SERVICE;LISSE;"38185";DOUBLE SENS CYCLABLE NON MATERIALISE;EN AGGLOMERATION;UNIDIRECTIONNEL;;CHAUSSEE;EN SERVICE;LISSE;;2024-03-16;"50";true;;;OpenStreetMap;WGS84;
5.73339332970802;45.1966124871823;D 15;;;way/870865914;;"38185";AUTRE;ZONE 30;UNIDIRECTIONNEL;;CHAUSSEE;EN SERVICE;LISSE;"38185";DOUBLE SENS CYCLABLE NON MATERIALISE;ZONE 30;UNIDIRECTIONNEL;;CHAUSSEE;EN SERVICE;LISSE;;2024-08-12;"30";true;;;OpenStreetMap;WGS84;
5.7336565;45.1968204004548;;;;way/870865912;;"38185";PISTE CYCLABLE;;UNIDIRECTIONNEL;;TROTTOIR;EN SERVICE;LISSE;"38185";AUCUN;;;;;EN SERVICE;LISSE;;2021-06-06;;true;;;OpenStreetMap;WGS84;
5.73398980484089;45.1972996114009;;;;way/227052756;;"38185";BANDE CYCLABLE;EN AGGLOMERATION;UNIDIRECTIONNEL;;CHAUSSEE;EN SERVICE;LISSE;"38185";AUTRE;EN AGGLOMERATION;UNIDIRECTIONNEL;;CHAUSSEE;EN SERVICE;LISSE;;2025-01-13;"30";true;;;OpenStreetMap;WGS84;
5.73217551292049;45.197673611608;;;;way/140685960;;"38185";AUTRE;EN AGGLOMERATION;UNIDIRECTIONNEL;;CHAUSSEE;EN SERVICE;LISSE;"38185";AUCUN;EN AGGLOMERATION;;;CHAUSSEE;EN SERVICE;LISSE;;2024-10-26;"30";true;;;OpenStreetMap;WGS84;"cadastre-dgi-fr source : Direction Générale des Impôts - Cadastre ; mise à jour : 2011"
5.7324372;45.1975719504491;;;;way/298452741;;"38185";BANDE CYCLABLE;EN AGGLOMERATION;UNIDIRECTIONNEL;;CHAUSSEE;EN SERVICE;LISSE;"38185";DOUBLE SENS CYCLABLE NON MATERIALISE;EN AGGLOMERATION;UNIDIRECTIONNEL;;CHAUSSEE;EN SERVICE;LISSE;;2022-03-18;"30";true;;;OpenStreetMap;WGS84;"cadastre-dgi-fr source : Direction Générale des Impôts - Cadastre ; mise à jour : 2011"
5.73301420124315;45.1973944176836;;;;way/96935689;;"38185";BANDE CYCLABLE;EN AGGLOMERATION;UNIDIRECTIONNEL;;CHAUSSEE;EN SERVICE;LISSE;"38185";DOUBLE SENS CYCLABLE NON MATERIALISE;EN AGGLOMERATION;UNIDIRECTIONNEL;;CHAUSSEE;EN SERVICE;LISSE;;2025-01-10;"30";true;;;OpenStreetMap;WGS84;"cadastre-dgi-fr source : Direction Générale des Impôts - Cadastre;mise à jour : 2011"
5.71903657342175;45.1943290672151;D 1075;;;way/4358833;;"38185";BANDE CYCLABLE;ZONE 30;UNIDIRECTIONNEL;;CHAUSSEE;EN SERVICE;LISSE;"38185";AUCUN;ZONE 30;;;;EN SERVICE;LISSE;;2024-07-22;"30";;;;OpenStreetMap;WGS84;cadastre-dgi-fr source : Direction Générale des Impôts - Cadastre. Mise à jour : 2010
5.71793048182988;45.1938863926012;;;;way/385474783;;"38185";VOIE VERTE;;BIDIRECTIONNEL;;CHAUSSEE;EN SERVICE;LISSE;"38185";AUCUN;;;;;EN SERVICE;LISSE;;2024-05-11;;true;;;OpenStreetMap;WGS84;
5.71905954368295;45.1953882938575;D 1075;;;way/173094530;;"38185";BANDE CYCLABLE;ZONE 30;UNIDIRECTIONNEL;;CHAUSSEE;EN SERVICE;LISSE;"38185";BANDE CYCLABLE;ZONE 30;UNIDIRECTIONNEL;;CHAUSSEE;EN SERVICE;LISSE;;2022-02-26;"30";true;;;OpenStreetMap;WGS84;
5.71943713547667;45.1938595439758;;;;way/385925553;;"38185";PISTE CYCLABLE;;BIDIRECTIONNEL;;TROTTOIR;EN SERVICE;LISSE;"38185";AUCUN;;;;;EN SERVICE;LISSE;;2023-02-26;;true;;;OpenStreetMap;WGS84;
5.71974017247922;45.1933418911833;;;;way/385925548;;"38185";VOIE VERTE;;BIDIRECTIONNEL;;CHAUSSEE;EN SERVICE;LISSE;"38185";AUCUN;;;;;EN SERVICE;LISSE;;2023-02-26;;false;;;OpenStreetMap;WGS84;
5.71980885;45.1932449004571;D 1075;;;way/385236471;;"38185";BANDE CYCLABLE;ZONE 30;UNIDIRECTIONNEL;;CHAUSSEE;EN SERVICE;LISSE;"38185";AUCUN;ZONE 30;;;CHAUSSEE;EN SERVICE;LISSE;;2024-08-04;"30";true;;;OpenStreetMap;WGS84;
5.7199165;45.1932913004513;;;;way/408832650;;"38185";VOIE VERTE;;BIDIRECTIONNEL;;CHAUSSEE;EN SERVICE;LISSE;"38185";AUCUN;;;;;EN SERVICE;LISSE;;2021-06-09;;false;;;OpenStreetMap;WGS84;
5.72095525;45.1932977504488;;;;way/385925531;;"38185";RAMPE;;BIDIRECTIONNEL;;TROTTOIR;EN SERVICE;LISSE;"38185";AUCUN;;;;;EN SERVICE;LISSE;;2021-03-03;;false;;;OpenStreetMap;WGS84;
5.72059874334187;45.1933643981862;;;;way/377298888;;"38185";PISTE CYCLABLE;;BIDIRECTIONNEL;;TROTTOIR;EN SERVICE;LISSE;"38185";AUCUN;;;;;EN SERVICE;LISSE;ROLLER;2019-06-06;;true;;;OpenStreetMap;WGS84;
5.72639270357829;45.1940416203337;;;;way/244275739;;"38185";VOIE VERTE;;BIDIRECTIONNEL;;CHAUSSEE;EN SERVICE;LISSE;"38185";AUCUN;;;;;EN SERVICE;LISSE;;2023-11-18;;true;;;OpenStreetMap;WGS84;
5.7328532;45.1587889504525;D 5B;;;way/166956876;;"38185";BANDE CYCLABLE;EN AGGLOMERATION;UNIDIRECTIONNEL;;CHAUSSEE;EN SERVICE;LISSE;"38185";AUCUN;EN AGGLOMERATION;;;;EN SERVICE;LISSE;;2022-09-01;"50";true;;;OpenStreetMap;WGS84;
5.72854543021037;45.1612271815538;;;;way/493217076;;"38185";VOIE VERTE;AIRE PIETONNE;BIDIRECTIONNEL;;TROTTOIR;EN SERVICE;LISSE;"38185";AUCUN;;;;;EN SERVICE;LISSE;;2023-02-03;;;;;OpenStreetMap;WGS84;
5.72867490698206;45.1594146697761;;;;way/1238520235;;"38185";AMENAGEMENT MIXTE PIETON VELO HORS VOIE VERTE;AIRE PIETONNE;BIDIRECTIONNEL;;TROTTOIR;EN SERVICE;LISSE;"38185";AUCUN;;;;;EN SERVICE;LISSE;;2024-10-22;;true;;;OpenStreetMap;WGS84;
5.72889631236175;45.1593555746942;;;;way/1227209698;;"38185";VOIE VERTE;;BIDIRECTIONNEL;;CHAUSSEE;EN SERVICE;LISSE;"38185";AUCUN;;;;;EN SERVICE;LISSE;;2024-10-27;;true;;;OpenStreetMap;WGS84;
5.72637937834815;45.1591516201244;D 5B;;;way/292166869;;"38185";BANDE CYCLABLE;EN AGGLOMERATION;UNIDIRECTIONNEL;;CHAUSSEE;EN SERVICE;LISSE;"38185";BANDE CYCLABLE;EN AGGLOMERATION;UNIDIRECTIONNEL;;CHAUSSEE;EN SERVICE;LISSE;;2024-10-27;"50";true;;;OpenStreetMap;WGS84;
5.7241122;45.1595594504527;;;;way/1328602173;;"38185";PISTE CYCLABLE;;BIDIRECTIONNEL;;TROTTOIR;EN SERVICE;;"38185";AUCUN;;;;;EN SERVICE;;;2024-10-27;;;;;OpenStreetMap;WGS84;
5.72401357318628;45.1618263148797;;;;way/86408465;;"38185";BANDE CYCLABLE;ZONE 30;UNIDIRECTIONNEL;;CHAUSSEE;EN SERVICE;LISSE;"38185";AUCUN;ZONE 30;;;;EN SERVICE;LISSE;;2022-11-09;"30";true;;;OpenStreetMap;WGS84;
5.7223316764548;45.1657906907041;;;;way/385181764;;"38185";BANDE CYCLABLE;ZONE 30;UNIDIRECTIONNEL;;CHAUSSEE;EN SERVICE;LISSE;"38185";BANDE CYCLABLE;ZONE 30;UNIDIRECTIONNEL;;CHAUSSEE;EN SERVICE;LISSE;;2022-08-12;"30";true;;;OpenStreetMap;WGS84;
5.72556612467978;45.165036798406;;;;way/1092154764;;"38185";AUCUN;ZONE 30;;;;EN SERVICE;LISSE;"38185";DOUBLE SENS CYCLABLE BANDE;ZONE 30;UNIDIRECTIONNEL;;CHAUSSEE;EN SERVICE;LISSE;;2022-09-05;"30";;;;OpenStreetMap;WGS84;
5.72496259678795;45.1647049702415;;;;way/177593624;;"38185";VOIE VERTE;AIRE PIETONNE;UNIDIRECTIONNEL;"1";TROTTOIR;EN SERVICE;LISSE;"38185";AUCUN;;;"1";;EN SERVICE;LISSE;;2024-04-16;;;;;OpenStreetMap;WGS84;cadastre-dgi-fr source : Direction Générale des Impôts - Cadastre. Mise à jour : 2012
5.72399491539552;45.1641931835716;;;;way/4342186;;"38185";BANDE CYCLABLE;ZONE 30;UNIDIRECTIONNEL;;CHAUSSEE;EN SERVICE;LISSE;"38185";BANDE CYCLABLE;ZONE 30;UNIDIRECTIONNEL;;CHAUSSEE;EN SERVICE;LISSE;;2023-04-04;"30";true;;;OpenStreetMap;WGS84;
5.72851858952027;45.1638941519934;;;;way/1349221263;;"38185";PISTE CYCLABLE;;BIDIRECTIONNEL;;TROTTOIR;EN SERVICE;LISSE;"38185";AUCUN;;;;;EN SERVICE;LISSE;;2025-01-07;;;;;OpenStreetMap;WGS84;
5.72879109431322;45.1655795687002;;;;way/299529816;;"38185";VOIE VERTE;;UNIDIRECTIONNEL;"1";CHAUSSEE;EN SERVICE;LISSE;"38185";AUCUN;;;"1";;EN SERVICE;LISSE;;2024-03-27;;;;;OpenStreetMap;WGS84;
5.72800654907484;45.1657776661748;;;;way/86403424;;"38185";VOIE VERTE;;BIDIRECTIONNEL;;CHAUSSEE;EN SERVICE;LISSE;"38185";AUCUN;;;;;EN SERVICE;LISSE;;2022-02-18;;;;;OpenStreetMap;WGS84;
5.71550767668232;45.1616385804375;;;;way/5995777;;"38185";BANDE CYCLABLE;EN AGGLOMERATION;UNIDIRECTIONNEL;;CHAUSSEE;EN SERVICE;LISSE;"38185";AUCUN;EN AGGLOMERATION;;;;EN SERVICE;LISSE;;2022-11-25;"50";true;;;OpenStreetMap;WGS84;
5.71775472897603;45.1609697414149;D 5B;;;way/292166883;;"38185";BANDE CYCLABLE;EN AGGLOMERATION;UNIDIRECTIONNEL;;CHAUSSEE;EN SERVICE;LISSE;"38185";AUCUN;EN AGGLOMERATION;;;;EN SERVICE;LISSE;;2024-04-16;"50";true;;;OpenStreetMap;WGS84;
5.72095063193218;45.1628106040045;;;;way/101589;;"38185";BANDE CYCLABLE;ZONE 30;UNIDIRECTIONNEL;;CHAUSSEE;EN SERVICE;LISSE;"38185";BANDE CYCLABLE;ZONE 30;UNIDIRECTIONNEL;;CHAUSSEE;EN SERVICE;LISSE;;2024-03-29;"30";;;;OpenStreetMap;WGS84;
5.73368350450851;45.1573338863081;D 269A;;;way/4810842;;"38185";BANDE CYCLABLE;EN AGGLOMERATION;UNIDIRECTIONNEL;;CHAUSSEE;EN SERVICE;LISSE;"38185";BANDE CYCLABLE;EN AGGLOMERATION;UNIDIRECTIONNEL;;CHAUSSEE;EN SERVICE;LISSE;;2025-01-07;"30";true;;;OpenStreetMap;WGS84;
5.7337982;45.1573358004525;;;;way/162558757;;"38185";PISTE CYCLABLE;;BIDIRECTIONNEL;;TROTTOIR;EN SERVICE;LISSE;"38185";AUCUN;;;;;EN SERVICE;LISSE;;2025-01-07;;true;;;OpenStreetMap;WGS84;
5.72854795292098;45.1948535789121;;;;way/300846707;;"38185";AUTRE;AIRE PIETONNE;UNIDIRECTIONNEL;;CHAUSSEE;EN SERVICE;LISSE;"38185";DOUBLE SENS CYCLABLE NON MATERIALISE;;UNIDIRECTIONNEL;;CHAUSSEE;EN SERVICE;LISSE;;2019-04-29;;true;;;OpenStreetMap;WGS84;
5.72891521104372;45.1947740832313;;;;way/300846711;;"38185";VOIE VERTE;;BIDIRECTIONNEL;;CHAUSSEE;EN SERVICE;LISSE;"38185";AUCUN;;;;;EN SERVICE;LISSE;;2017-10-21;;true;;;OpenStreetMap;WGS84;
5.72947628623397;45.1951380533587;;;;way/318868881;;"38185";PISTE CYCLABLE;;BIDIRECTIONNEL;;TROTTOIR;EN SERVICE;LISSE;"38185";AUCUN;;;;;EN SERVICE;LISSE;;2023-02-25;;true;;;OpenStreetMap;WGS84;
5.72865404655411;45.194635913329;;;;way/385162863;;"38185";VOIE VERTE;;BIDIRECTIONNEL;;CHAUSSEE;EN SERVICE;LISSE;"38185";AUCUN;;;;;EN SERVICE;LISSE;;2019-11-29;;true;;;OpenStreetMap;WGS84;
5.72923980821816;45.1939144232378;D 15;;;way/277232096;;"38185";AUTRE;ZONE 30;UNIDIRECTIONNEL;;CHAUSSEE;EN SERVICE;LISSE;"38185";DOUBLE SENS CYCLABLE NON MATERIALISE;ZONE 30;UNIDIRECTIONNEL;;CHAUSSEE;EN SERVICE;LISSE;;2024-08-12;"30";true;;;OpenStreetMap;WGS84;
5.72899634428508;45.1937542966999;;;;way/1112510541;;"38185";AUTRE;AIRE PIETONNE;UNIDIRECTIONNEL;;CHAUSSEE;EN SERVICE;LISSE;"38185";AUTRE;EN AGGLOMERATION;UNIDIRECTIONNEL;;CHAUSSEE;EN SERVICE;LISSE;;2023-11-16;"30";true;;;OpenStreetMap;WGS84;
5.7324440531336;45.1936813543076;;;;way/490302835;;"38185";AUTRE;ZONE 30;UNIDIRECTIONNEL;;CHAUSSEE;EN SERVICE;RUGUEUX;"38185";DOUBLE SENS CYCLABLE NON MATERIALISE;ZONE 30;UNIDIRECTIONNEL;;CHAUSSEE;EN SERVICE;RUGUEUX;;2024-08-12;"30";true;;;OpenStreetMap;WGS84;
5.73164686448416;45.1969403547705;;;;way/8016163;;"38185";AUTRE;ZONE DE RENCONTRE;UNIDIRECTIONNEL;;CHAUSSEE;EN SERVICE;LISSE;"38185";AUCUN;ZONE DE RENCONTRE;;;CHAUSSEE;EN SERVICE;LISSE;;2024-10-26;;true;;;OpenStreetMap;WGS84;
5.73112162514277;45.1968271445382;;;;way/244275732;;"38185";AUTRE;ZONE DE RENCONTRE;UNIDIRECTIONNEL;;CHAUSSEE;EN SERVICE;LISSE;"38185";AUCUN;ZONE DE RENCONTRE;;;CHAUSSEE;EN SERVICE;LISSE;;2025-01-04;;true;;;OpenStreetMap;WGS84;
5.72441698365975;45.1721560961872;;;;way/170149189;;"38185";COULOIR BUS+VELO;EN AGGLOMERATION;UNIDIRECTIONNEL;;CHAUSSEE;EN SERVICE;LISSE;"38185";AUCUN;EN AGGLOMERATION;;;;EN SERVICE;LISSE;ROLLER;2024-06-04;"50";true;;;OpenStreetMap;WGS84;
5.72386459253684;45.1718761392861;D 269E;;;way/228160068;;"38185";BANDE CYCLABLE;EN AGGLOMERATION;UNIDIRECTIONNEL;;CHAUSSEE;EN SERVICE;LISSE;"38185";BANDE CYCLABLE;EN AGGLOMERATION;UNIDIRECTIONNEL;;CHAUSSEE;EN SERVICE;LISSE;ROLLER;2023-11-15;"50";true;;;OpenStreetMap;WGS84;
5.72362313637975;45.1707778545193;;;;way/1115688436;;"38185";BANDE CYCLABLE;EN AGGLOMERATION;UNIDIRECTIONNEL;;CHAUSSEE;EN SERVICE;LISSE;"38185";AUCUN;EN AGGLOMERATION;;;;EN SERVICE;LISSE;;2022-11-25;"50";true;;;OpenStreetMap;WGS84;
5.72286780425256;45.1698031628109;;;;way/188194443;;"38185";BANDE CYCLABLE;EN AGGLOMERATION;UNIDIRECTIONNEL;;CHAUSSEE;EN SERVICE;LISSE;"38185";AUCUN;EN AGGLOMERATION;;;;EN SERVICE;LISSE;;2022-11-12;"50";true;;;OpenStreetMap;WGS84;
5.7228003;45.1702963013944;;;;way/522198223;;"38185";AMENAGEMENT MIXTE PIETON VELO HORS VOIE VERTE;;BIDIRECTIONNEL;;CHAUSSEE;EN SERVICE;;"38185";AUCUN;;;;;EN SERVICE;;;2017-09-07;;;;;OpenStreetMap;WGS84;
5.72054449871992;45.1671766174464;;;;way/4014307;;"38185";BANDE CYCLABLE;EN AGGLOMERATION;UNIDIRECTIONNEL;;CHAUSSEE;EN SERVICE;LISSE;"38185";BANDE CYCLABLE;EN AGGLOMERATION;UNIDIRECTIONNEL;;CHAUSSEE;EN SERVICE;LISSE;;2022-11-12;"50";true;;;OpenStreetMap;WGS84;
5.710169;45.1731317004754;;;;way/1067671697;;"38185";AUCUN;EN AGGLOMERATION;;;;EN SERVICE;LISSE;"38185";BANDE CYCLABLE;EN AGGLOMERATION;UNIDIRECTIONNEL;;CHAUSSEE;EN SERVICE;LISSE;;2025-01-15;"30";;;;OpenStreetMap;WGS84;
5.71020863262563;45.1735463521468;;;;way/1067667139;;"38185";AUCUN;EN AGGLOMERATION;;;;EN SERVICE;LISSE;"38185";BANDE CYCLABLE;EN AGGLOMERATION;UNIDIRECTIONNEL;;CHAUSSEE;EN SERVICE;LISSE;ROLLER;2025-01-15;"30";true;;;OpenStreetMap;WGS84;
5.71724456111754;45.1736018816362;;;;way/4014458;;"38185";AUCUN;EN AGGLOMERATION;;;;EN SERVICE;LISSE;"38185";DOUBLE SENS CYCLABLE NON MATERIALISE;EN AGGLOMERATION;UNIDIRECTIONNEL;;CHAUSSEE;EN SERVICE;LISSE;;2024-06-04;"30";true;;;OpenStreetMap;WGS84;
5.7172305;45.1737251005306;D 269E;;;way/48038073;;"38185";BANDE CYCLABLE;EN AGGLOMERATION;UNIDIRECTIONNEL;;CHAUSSEE;EN SERVICE;LISSE;"38185";BANDE CYCLABLE;EN AGGLOMERATION;UNIDIRECTIONNEL;;CHAUSSEE;EN SERVICE;LISSE;ROLLER;2024-08-12;"50";true;;;OpenStreetMap;WGS84;cadastre-dgi-fr source : Direction Générale des Impôts - Cadastre. Mise à jour : 2010
5.71673245;45.1737190004509;;;;way/686912464;;"38185";PISTE CYCLABLE;;BIDIRECTIONNEL;;TROTTOIR;EN SERVICE;LISSE;"38185";AUCUN;;;;;EN SERVICE;LISSE;;2020-11-27;;true;;;OpenStreetMap;WGS84;
5.716025;45.1740580005373;D 269E;;;way/376549063;;"38185";BANDE CYCLABLE;EN AGGLOMERATION;UNIDIRECTIONNEL;;CHAUSSEE;EN SERVICE;LISSE;"38185";BANDE CYCLABLE;EN AGGLOMERATION;UNIDIRECTIONNEL;;CHAUSSEE;EN SERVICE;LISSE;ROLLER;2024-06-26;"50";true;;;OpenStreetMap;WGS84;cadastre-dgi-fr source : Direction Générale des Impôts - Cadastre. Mise à jour : 2010
5.71417901331989;45.1741752682935;;;;way/292472115;;"38185";PISTE CYCLABLE;;UNIDIRECTIONNEL;;TROTTOIR;EN SERVICE;LISSE;"38185";AUCUN;;;;;EN SERVICE;LISSE;ROLLER;2024-05-24;;true;;;OpenStreetMap;WGS84;"cadastre-dgi-fr source : Direction Générale des Impôts - Cadastre ; mise à jour : 2010"
5.7144642325718;45.1741120378707;D 1075;;;way/463254705;;"38185";BANDE CYCLABLE;EN AGGLOMERATION;UNIDIRECTIONNEL;;CHAUSSEE;EN SERVICE;LISSE;"38185";AUCUN;EN AGGLOMERATION;;;;EN SERVICE;LISSE;ROLLER;2024-05-24;"50";true;;;OpenStreetMap;WGS84;
5.71394205;45.1665850504517;;;;way/878181752;;"38185";AMENAGEMENT MIXTE PIETON VELO HORS VOIE VERTE;AIRE PIETONNE;BIDIRECTIONNEL;;TROTTOIR;EN SERVICE;LISSE;"38185";AUCUN;;;;;EN SERVICE;LISSE;;2020-12-06;;true;;;OpenStreetMap;WGS84;
5.71890430528107;45.164528590715;;;;way/526262800;;"38185";AMENAGEMENT MIXTE PIETON VELO HORS VOIE VERTE;AIRE PIETONNE;BIDIRECTIONNEL;;TROTTOIR;EN SERVICE;LISSE;"38185";AUCUN;;;;;EN SERVICE;LISSE;;2017-09-20;;;;;OpenStreetMap;WGS84;
5.71379648725275;45.1641097460626;;;;way/520621114;;"38185";PISTE CYCLABLE;;BIDIRECTIONNEL;;TROTTOIR;EN SERVICE;;"38185";AUCUN;;;;;EN SERVICE;;;2017-09-01;;;;;OpenStreetMap;WGS84;
5.71489173996905;45.1689049883695;;;;way/708419861;;"38185";PISTE CYCLABLE;;BIDIRECTIONNEL;;TROTTOIR;EN SERVICE;LISSE;"38185";AUCUN;;;;;EN SERVICE;LISSE;;2023-07-16;;true;;;OpenStreetMap;WGS84;
5.71238326483422;45.1679908514008;D 1075;;;way/227683856;;"38185";AUTRE;EN AGGLOMERATION;UNIDIRECTIONNEL;;CHAUSSEE;EN SERVICE;LISSE;"38185";AUCUN;EN AGGLOMERATION;;;;EN SERVICE;LISSE;;2022-09-01;"50";true;;;OpenStreetMap;WGS84;
5.71252332103251;45.1694712642371;;;;way/254694729;;"38185";VOIE VERTE;;UNIDIRECTIONNEL;;CHAUSSEE;EN SERVICE;LISSE;"38185";AUCUN;;;;;EN SERVICE;LISSE;;2023-04-16;;true;;;OpenStreetMap;WGS84;
5.7107927807413;45.1641248085084;;;;way/41782820;;"38185";VOIE VERTE;;UNIDIRECTIONNEL;;CHAUSSEE;EN SERVICE;LISSE;"38185";AUCUN;;;;;EN SERVICE;LISSE;;2023-11-28;;true;;;OpenStreetMap;WGS84;
5.71122556855941;45.1640949455615;;;;way/9751756;;"38185";BANDE CYCLABLE;EN AGGLOMERATION;UNIDIRECTIONNEL;;CHAUSSEE;EN SERVICE;LISSE;"38185";AUCUN;EN AGGLOMERATION;;;;EN SERVICE;LISSE;;2022-09-01;"50";true;;;OpenStreetMap;WGS84;
5.71126198691132;45.1643557362309;;;;way/129848140;;"38185";BANDE CYCLABLE;EN AGGLOMERATION;UNIDIRECTIONNEL;;CHAUSSEE;EN SERVICE;LISSE;"38185";AUCUN;EN AGGLOMERATION;;;;EN SERVICE;LISSE;;2023-01-07;"50";true;;;OpenStreetMap;WGS84;
5.71133263349584;45.1644892421882;;;;way/463973101;;"38185";VOIE VERTE;;UNIDIRECTIONNEL;;CHAUSSEE;EN SERVICE;LISSE;"38185";AUCUN;;;;;EN SERVICE;LISSE;;2023-01-30;;true;;;OpenStreetMap;WGS84;
5.7121371;45.1638920506431;;;;way/376549049;;"38185";BANDE CYCLABLE;EN AGGLOMERATION;UNIDIRECTIONNEL;;CHAUSSEE;EN SERVICE;LISSE;"38185";AUCUN;EN AGGLOMERATION;;;;EN SERVICE;LISSE;;2023-01-07;"50";true;;;OpenStreetMap;WGS84;
5.70994129670622;45.1607991679331;D 1075;;;way/312962690;;"38185";COULOIR BUS+VELO;EN AGGLOMERATION;UNIDIRECTIONNEL;;CHAUSSEE;EN SERVICE;LISSE;"38185";AUCUN;EN AGGLOMERATION;;;;EN SERVICE;LISSE;;2022-11-12;"50";true;;;OpenStreetMap;WGS84;
5.70952900644732;45.1591091151307;;;;way/175962346;;"38185";VOIE VERTE;;UNIDIRECTIONNEL;;CHAUSSEE;EN SERVICE;LISSE;"38185";AUCUN;;;;;EN SERVICE;LISSE;;2024-11-05;;;;;OpenStreetMap;WGS84;
5.7134786;45.1588651004535;;;;way/878181776;;"38185";AUTRE;ZONE 30;UNIDIRECTIONNEL;;CHAUSSEE;EN SERVICE;LISSE;"38185";AUCUN;ZONE 30;;;;EN SERVICE;LISSE;;2021-12-22;"30";;;;OpenStreetMap;WGS84;
5.71375;45.15981940047;;;;way/878181770;;"38185";AMENAGEMENT MIXTE PIETON VELO HORS VOIE VERTE;AIRE PIETONNE;BIDIRECTIONNEL;;TROTTOIR;EN SERVICE;LISSE;"38185";AUCUN;;;;;EN SERVICE;LISSE;;2024-05-01;;;;;OpenStreetMap;WGS84;
5.71301475921192;45.159684271438;;;;way/865751037;;"38185";PISTE CYCLABLE;;BIDIRECTIONNEL;;TROTTOIR;EN SERVICE;LISSE;"38185";AUCUN;;;;;EN SERVICE;LISSE;;2023-07-16;;;;;OpenStreetMap;WGS84;
5.71621216903104;45.1623733286339;;;;way/4014311;;"38185";BANDE CYCLABLE;EN AGGLOMERATION;UNIDIRECTIONNEL;;CHAUSSEE;EN SERVICE;LISSE;"38185";AUCUN;EN AGGLOMERATION;;;;EN SERVICE;LISSE;;2022-09-01;"50";true;;;OpenStreetMap;WGS84;
5.71632763533164;45.1617940976419;D 5B;;;way/292166884;;"38185";COULOIR BUS+VELO;EN AGGLOMERATION;UNIDIRECTIONNEL;;CHAUSSEE;EN SERVICE;LISSE;"38185";AUCUN;EN AGGLOMERATION;;;;EN SERVICE;LISSE;;2022-09-01;"50";true;;;OpenStreetMap;WGS84;
5.71541975;45.1614817504999;;;;way/39986642;;"38185";COULOIR BUS+VELO;EN AGGLOMERATION;UNIDIRECTIONNEL;;CHAUSSEE;EN SERVICE;;"38185";AUCUN;EN AGGLOMERATION;;;;EN SERVICE;;;2022-09-01;"50";true;;;OpenStreetMap;WGS84;
5.71753338443014;45.1637968593368;;;;way/1112480611;;"38185";BANDE CYCLABLE;EN AGGLOMERATION;UNIDIRECTIONNEL;;CHAUSSEE;EN SERVICE;LISSE;"38185";BANDE CYCLABLE;EN AGGLOMERATION;UNIDIRECTIONNEL;;CHAUSSEE;EN SERVICE;LISSE;;2022-11-12;"50";true;;;OpenStreetMap;WGS84;
5.71938012668924;45.1590642219755;;;;way/292111677;;"38185";VOIE VERTE;;UNIDIRECTIONNEL;;CHAUSSEE;EN SERVICE;;"38185";AUCUN;;;;;EN SERVICE;;;2024-04-16;;;;;OpenStreetMap;WGS84;
5.71981259133914;45.1595913218336;;;;way/936381290;;"38185";VOIE VERTE;;UNIDIRECTIONNEL;;CHAUSSEE;EN SERVICE;LISSE;"38185";AUCUN;;;;;EN SERVICE;LISSE;;2024-04-16;;true;;;OpenStreetMap;WGS84;
5.70665705;45.1643125004647;;;;way/330138752;;"38185";AMENAGEMENT MIXTE PIETON VELO HORS VOIE VERTE;AIRE PIETONNE;BIDIRECTIONNEL;;TROTTOIR;EN SERVICE;LISSE;"38185";AUCUN;;;;;EN SERVICE;LISSE;;2017-05-26;;;;;OpenStreetMap;WGS84;
5.7067814;45.1643595504524;;;;way/496067021;;"38185";AMENAGEMENT MIXTE PIETON VELO HORS VOIE VERTE;AIRE PIETONNE;BIDIRECTIONNEL;;TROTTOIR;EN SERVICE;LISSE;"38185";AUCUN;;;;;EN SERVICE;LISSE;;2017-05-26;;;;;OpenStreetMap;WGS84;
5.74124142095572;45.1819263516175;;;;way/79330153;;"38185";BANDE CYCLABLE;ZONE 30;UNIDIRECTIONNEL;;CHAUSSEE;EN SERVICE;LISSE;"38185";BANDE CYCLABLE;ZONE 30;UNIDIRECTIONNEL;;CHAUSSEE;EN SERVICE;LISSE;;2024-10-04;"30";true;;;OpenStreetMap;WGS84;
5.74123161547067;45.1847571185052;D 523;;;way/38655114;;"38185";BANDE CYCLABLE;EN AGGLOMERATION;UNIDIRECTIONNEL;;CHAUSSEE;EN SERVICE;LISSE;"38185";BANDE CYCLABLE;EN AGGLOMERATION;UNIDIRECTIONNEL;;CHAUSSEE;EN SERVICE;LISSE;;2024-04-07;"50";true;;;OpenStreetMap;WGS84;cadastre-dgi-fr source : Direction Générale des Impôts - Cadastre. Mise à jour : 2009
5.74087489668079;45.1844013550857;;;;way/318868883;;"38185";AUTRE;EN AGGLOMERATION;UNIDIRECTIONNEL;;CHAUSSEE;EN SERVICE;LISSE;"38185";AUCUN;EN AGGLOMERATION;;;;EN SERVICE;LISSE;;2024-10-02;"30";true;;;OpenStreetMap;WGS84;
5.74092871183161;45.1844117016061;;;;way/318868884;;"38185";AUTRE;EN AGGLOMERATION;UNIDIRECTIONNEL;;CHAUSSEE;EN SERVICE;LISSE;"38185";AUCUN;EN AGGLOMERATION;;;;EN SERVICE;LISSE;;2023-01-19;"30";true;;;OpenStreetMap;WGS84;
5.74063301855309;45.184422576651;D 523;;;way/318868875;;"38185";BANDE CYCLABLE;EN AGGLOMERATION;UNIDIRECTIONNEL;;CHAUSSEE;EN SERVICE;LISSE;"38185";BANDE CYCLABLE;EN AGGLOMERATION;UNIDIRECTIONNEL;;CHAUSSEE;EN SERVICE;LISSE;;2023-01-19;"50";true;;;OpenStreetMap;WGS84;
5.74035171492203;45.1847136405025;;;;way/28680538;;"38185";AMENAGEMENT MIXTE PIETON VELO HORS VOIE VERTE;AIRE PIETONNE;BIDIRECTIONNEL;;TROTTOIR;EN SERVICE;RUGUEUX;"38185";AUCUN;;;;;EN SERVICE;RUGUEUX;;2023-10-28;;true;;;OpenStreetMap;WGS84;
5.74156807243793;45.1849740332344;D 523;;;way/1133551907;;"38185";BANDE CYCLABLE;EN AGGLOMERATION;UNIDIRECTIONNEL;;CHAUSSEE;EN SERVICE;LISSE;"38185";BANDE CYCLABLE;EN AGGLOMERATION;UNIDIRECTIONNEL;;CHAUSSEE;EN SERVICE;LISSE;;2024-04-07;"50";true;;;OpenStreetMap;WGS84;cadastre-dgi-fr source : Direction Générale des Impôts - Cadastre. Mise à jour : 2009
5.74192621533814;45.1852046387753;D 523;;;way/1133551906;;"38185";BANDE CYCLABLE;EN AGGLOMERATION;UNIDIRECTIONNEL;;CHAUSSEE;EN SERVICE;LISSE;"38185";BANDE CYCLABLE;EN AGGLOMERATION;UNIDIRECTIONNEL;;CHAUSSEE;EN SERVICE;LISSE;;2024-04-07;"50";true;;;OpenStreetMap;WGS84;cadastre-dgi-fr source : Direction Générale des Impôts - Cadastre. Mise à jour : 2009
5.74190225;45.1854802006364;;;;way/330140874;;"38185";AMENAGEMENT MIXTE PIETON VELO HORS VOIE VERTE;AIRE PIETONNE;BIDIRECTIONNEL;;TROTTOIR;EN SERVICE;RUGUEUX;"38185";AUCUN;;;;;EN SERVICE;RUGUEUX;;2023-02-28;;true;;;OpenStreetMap;WGS84;
5.74092929509396;45.1685817617804;D 5;;;way/199858257;;"38185";COULOIR BUS+VELO;EN AGGLOMERATION;UNIDIRECTIONNEL;;CHAUSSEE;EN SERVICE;LISSE;"38185";BANDE CYCLABLE;EN AGGLOMERATION;UNIDIRECTIONNEL;;CHAUSSEE;EN SERVICE;LISSE;;2025-01-07;"50";true;;;OpenStreetMap;WGS84;
5.7429167027245;45.1717069562541;;;;way/892375797;;"38185";VOIE VERTE;;UNIDIRECTIONNEL;;CHAUSSEE;EN SERVICE;LISSE;"38185";AUCUN;;;;;EN SERVICE;LISSE;;2024-07-31;;true;;;OpenStreetMap;WGS84;
5.74297890423419;45.1716527391201;;;;way/4015324;;"38185";AUTRE;ZONE 30;UNIDIRECTIONNEL;;CHAUSSEE;EN SERVICE;LISSE;"38185";AUTRE;ZONE 30;UNIDIRECTIONNEL;;CHAUSSEE;EN SERVICE;LISSE;ROLLER;2024-09-19;"30";true;;;OpenStreetMap;WGS84;
5.74621622123119;45.1721162498672;;;;way/4015323;;"38185";AUTRE;ZONE 30;;;;EN SERVICE;LISSE;"38185";BANDE CYCLABLE;ZONE 30;UNIDIRECTIONNEL;;CHAUSSEE;EN SERVICE;LISSE;;2023-02-19;"30";true;;;OpenStreetMap;WGS84;
5.74909906221381;45.1756544617224;;;;way/4015310;;"38185";AUTRE;EN AGGLOMERATION;UNIDIRECTIONNEL;;CHAUSSEE;EN SERVICE;LISSE;"38185";AUCUN;EN AGGLOMERATION;;;CHAUSSEE;EN SERVICE;LISSE;;2024-08-27;"30";;;;OpenStreetMap;WGS84;
5.74652648115153;45.175016031708;;;;way/379141129;;"38185";AUTRE;ZONE 30;UNIDIRECTIONNEL;;CHAUSSEE;EN SERVICE;LISSE;"38185";AUTRE;ZONE 30;UNIDIRECTIONNEL;;CHAUSSEE;EN SERVICE;LISSE;;2024-08-27;"30";;;;OpenStreetMap;WGS84;
5.74791316244734;45.1757923731936;;;;way/105913621;;"38185";VOIE VERTE;;BIDIRECTIONNEL;;CHAUSSEE;EN SERVICE;LISSE;"38185";AUCUN;;;;;EN SERVICE;LISSE;;2022-05-01;;false;;;OpenStreetMap;WGS84;"cadastre-dgi-fr source : Direction Générale des Impôts - Cadastre ; mise à jour : 2011"
5.74354860523572;45.1762807705154;;;;way/66756534;;"38185";VOIE VERTE;;UNIDIRECTIONNEL;;CHAUSSEE;EN SERVICE;LISSE;"38185";AUCUN;;;;;EN SERVICE;LISSE;;2025-01-17;;true;;;OpenStreetMap;WGS84;
5.74437095;45.1755917004811;;;;way/1304848225;;"38185";PISTE CYCLABLE;;UNIDIRECTIONNEL;;TROTTOIR;EN SERVICE;;"38185";AUCUN;;;;;EN SERVICE;;;2024-07-31;;true;;;OpenStreetMap;WGS84;
5.74214552938725;45.1739202601577;;;;way/79330146;;"38185";AUTRE;ZONE 30;UNIDIRECTIONNEL;;CHAUSSEE;EN SERVICE;LISSE;"38185";AUTRE;ZONE 30;UNIDIRECTIONNEL;;CHAUSSEE;EN SERVICE;LISSE;;2024-08-27;"30";true;;;OpenStreetMap;WGS84;
5.7421907434066;45.1757990632403;;;;way/342172018;;"38185";AMENAGEMENT MIXTE PIETON VELO HORS VOIE VERTE;AIRE PIETONNE;BIDIRECTIONNEL;;TROTTOIR;EN SERVICE;RUGUEUX;"38185";AUCUN;;;;;EN SERVICE;RUGUEUX;;2022-10-31;;;;;OpenStreetMap;WGS84;
5.73447704507746;45.1842532145895;;;;way/269214519;;"38185";AMENAGEMENT MIXTE PIETON VELO HORS VOIE VERTE;AIRE PIETONNE;BIDIRECTIONNEL;;TROTTOIR;EN SERVICE;RUGUEUX;"38185";AUCUN;;;;;EN SERVICE;RUGUEUX;;2024-03-30;;false;;;OpenStreetMap;WGS84;
5.73404381843371;45.1835717945634;;;;way/185378302;;"38185";AMENAGEMENT MIXTE PIETON VELO HORS VOIE VERTE;AIRE PIETONNE;BIDIRECTIONNEL;;TROTTOIR;EN SERVICE;MEUBLE;"38185";AUCUN;;;;;EN SERVICE;MEUBLE;VELO DE ROUTE;2021-06-13;;true;;;OpenStreetMap;WGS84;
5.73392310326993;45.1838413053886;;;;way/278057878;;"38185";AMENAGEMENT MIXTE PIETON VELO HORS VOIE VERTE;AIRE PIETONNE;BIDIRECTIONNEL;;TROTTOIR;EN SERVICE;RUGUEUX;"38185";AUCUN;;;;;EN SERVICE;RUGUEUX;;2021-06-13;;true;;;OpenStreetMap;WGS84;
5.7353097;45.183758700931;;;;way/446097613;;"38185";AMENAGEMENT MIXTE PIETON VELO HORS VOIE VERTE;AIRE PIETONNE;BIDIRECTIONNEL;;TROTTOIR;EN SERVICE;LISSE;"38185";AUCUN;;;;;EN SERVICE;LISSE;;2023-09-14;;true;;;OpenStreetMap;WGS84;
5.73469425015831;45.1839374740424;;;;way/1349934299;;"38185";AMENAGEMENT MIXTE PIETON VELO HORS VOIE VERTE;AIRE PIETONNE;BIDIRECTIONNEL;;TROTTOIR;EN SERVICE;RUGUEUX;"38185";AUCUN;;;;;EN SERVICE;RUGUEUX;;2025-01-10;;;;;OpenStreetMap;WGS84;
5.735449;45.1837647009388;;;;way/446097614;;"38185";AMENAGEMENT MIXTE PIETON VELO HORS VOIE VERTE;AIRE PIETONNE;BIDIRECTIONNEL;;TROTTOIR;EN SERVICE;LISSE;"38185";AUCUN;;;;;EN SERVICE;LISSE;;2023-09-14;;true;;;OpenStreetMap;WGS84;
5.73583902800329;45.1837888034013;;;;way/1127523010;;"38185";AMENAGEMENT MIXTE PIETON VELO HORS VOIE VERTE;AIRE PIETONNE;BIDIRECTIONNEL;;TROTTOIR;EN SERVICE;RUGUEUX;"38185";AUCUN;;;;;EN SERVICE;RUGUEUX;;2024-10-07;;;;;OpenStreetMap;WGS84;
5.73667299500699;45.1836257983804;;;;way/69563054;;"38185";AMENAGEMENT MIXTE PIETON VELO HORS VOIE VERTE;AIRE PIETONNE;BIDIRECTIONNEL;;TROTTOIR;EN SERVICE;RUGUEUX;"38185";AUCUN;;;;;EN SERVICE;RUGUEUX;;2024-10-04;;;;;OpenStreetMap;WGS84;
5.7368347;45.183784300451;;;;way/28680526;;"38185";AMENAGEMENT MIXTE PIETON VELO HORS VOIE VERTE;AIRE PIETONNE;BIDIRECTIONNEL;;TROTTOIR;EN SERVICE;RUGUEUX;"38185";AUCUN;;;;;EN SERVICE;RUGUEUX;;2023-09-14;;true;;;OpenStreetMap;WGS84;
5.73581585;45.1845593508846;;;;way/28680492;;"38185";AMENAGEMENT MIXTE PIETON VELO HORS VOIE VERTE;AIRE PIETONNE;BIDIRECTIONNEL;;TROTTOIR;EN SERVICE;MEUBLE;"38185";AUCUN;;;;;EN SERVICE;MEUBLE;VELO DE ROUTE;2021-05-26;;true;;;OpenStreetMap;WGS84;
5.73882274169283;45.1838365548471;;;;way/1133551914;;"38185";AUTRE;;UNIDIRECTIONNEL;;CHAUSSEE;EN SERVICE;LISSE;"38185";AUCUN;;;;CHAUSSEE;EN SERVICE;LISSE;;2023-01-19;;;;;OpenStreetMap;WGS84;
5.738207680346;45.1835852017336;;;;way/1133551917;;"38185";AUTRE;;UNIDIRECTIONNEL;;CHAUSSEE;EN SERVICE;LISSE;"38185";AUCUN;;;;CHAUSSEE;EN SERVICE;LISSE;;2023-01-19;;;;;OpenStreetMap;WGS84;
5.73925565;45.1839409504698;;;;way/720178824;;"38185";AUTRE;;UNIDIRECTIONNEL;;CHAUSSEE;EN SERVICE;LISSE;"38185";AUCUN;;;;CHAUSSEE;EN SERVICE;LISSE;;2021-08-29;;;;;OpenStreetMap;WGS84;
5.73952557922005;45.1839845404299;D 523;;;way/1133551916;;"38185";BANDE CYCLABLE;EN AGGLOMERATION;UNIDIRECTIONNEL;;CHAUSSEE;EN SERVICE;LISSE;"38185";BANDE CYCLABLE;EN AGGLOMERATION;UNIDIRECTIONNEL;;CHAUSSEE;EN SERVICE;LISSE;;2023-01-19;"50";true;;;OpenStreetMap;WGS84;
5.73583977180431;45.1826523081383;;;;way/52567123;;"38185";PISTE CYCLABLE;;BIDIRECTIONNEL;;TROTTOIR;EN SERVICE;LISSE;"38185";AUCUN;;;;;EN SERVICE;LISSE;;2024-10-02;;true;;;OpenStreetMap;WGS84;
5.73594516302547;45.1825684557227;;;;way/496313515;;"38185";AMENAGEMENT MIXTE PIETON VELO HORS VOIE VERTE;AIRE PIETONNE;BIDIRECTIONNEL;;TROTTOIR;EN SERVICE;LISSE;"38185";AUCUN;;;;;EN SERVICE;LISSE;;2019-12-05;;true;;;OpenStreetMap;WGS84;
5.73570738901317;45.1824774494506;D 523;;;way/1067597327;;"38185";BANDE CYCLABLE;EN AGGLOMERATION;UNIDIRECTIONNEL;;CHAUSSEE;EN SERVICE;LISSE;"38185";BANDE CYCLABLE;EN AGGLOMERATION;UNIDIRECTIONNEL;;CHAUSSEE;EN SERVICE;LISSE;;2024-05-09;"50";true;;;OpenStreetMap;WGS84;
5.73493331171668;45.1807617156393;D 5;;;way/1135963308;;"38185";AUTRE;EN AGGLOMERATION;UNIDIRECTIONNEL;;CHAUSSEE;EN SERVICE;LISSE;"38185";COULOIR BUS+VELO;EN AGGLOMERATION;UNIDIRECTIONNEL;;CHAUSSEE;EN SERVICE;LISSE;;2024-10-07;"50";true;;;OpenStreetMap;WGS84;
5.73464135487342;45.1806175422728;;;;way/4230761;;"38185";AUTRE;ZONE 30;;;;EN SERVICE;LISSE;"38185";DOUBLE SENS CYCLABLE NON MATERIALISE;ZONE 30;UNIDIRECTIONNEL;;CHAUSSEE;EN SERVICE;LISSE;;2024-10-07;"30";true;;;OpenStreetMap;WGS84;
5.7346639;45.181318250481;D 5;;;way/1133551918;;"38185";AUTRE;EN AGGLOMERATION;UNIDIRECTIONNEL;;CHAUSSEE;EN SERVICE;LISSE;"38185";COULOIR BUS+VELO;EN AGGLOMERATION;UNIDIRECTIONNEL;;CHAUSSEE;EN SERVICE;LISSE;;2025-01-06;"50";true;;;OpenStreetMap;WGS84;
5.73413665225014;45.182025230121;D 523;;;way/1308746358;;"38185";AUTRE;ZONE 30;UNIDIRECTIONNEL;;CHAUSSEE;EN SERVICE;LISSE;"38185";AUTRE;ZONE 30;UNIDIRECTIONNEL;;CHAUSSEE;EN SERVICE;LISSE;;2024-08-19;"30";true;;;OpenStreetMap;WGS84;
5.73444543355124;45.181771502693;D 5;;;way/1348937537;;"38185";AUTRE;EN AGGLOMERATION;UNIDIRECTIONNEL;;CHAUSSEE;EN SERVICE;LISSE;"38185";COULOIR BUS+VELO;EN AGGLOMERATION;UNIDIRECTIONNEL;;CHAUSSEE;EN SERVICE;LISSE;;2025-01-06;"50";true;;;OpenStreetMap;WGS84;
5.73510434478515;45.1822444074449;D 523;;;way/1337410927;;"38185";AUTRE;EN AGGLOMERATION;UNIDIRECTIONNEL;;CHAUSSEE;EN SERVICE;LISSE;"38185";AUTRE;EN AGGLOMERATION;UNIDIRECTIONNEL;;CHAUSSEE;EN SERVICE;LISSE;;2024-11-24;"50";true;;;OpenStreetMap;WGS84;
5.73495814352723;45.1832624186686;;;;way/183471318;;"38185";AMENAGEMENT MIXTE PIETON VELO HORS VOIE VERTE;AIRE PIETONNE;BIDIRECTIONNEL;;TROTTOIR;EN SERVICE;RUGUEUX;"38185";AUCUN;;;;;EN SERVICE;RUGUEUX;;2023-10-28;;true;;;OpenStreetMap;WGS84;
5.73418874061943;45.1833011975845;;;;way/1270846474;;"38185";AMENAGEMENT MIXTE PIETON VELO HORS VOIE VERTE;AIRE PIETONNE;BIDIRECTIONNEL;;TROTTOIR;EN SERVICE;MEUBLE;"38185";AUCUN;;;;;EN SERVICE;MEUBLE;VELO DE ROUTE;2024-04-08;;true;;;OpenStreetMap;WGS84;
5.74001038646587;45.1843147177305;;;;way/1133551909;;"38185";AUTRE;;UNIDIRECTIONNEL;;CHAUSSEE;EN SERVICE;LISSE;"38185";AUCUN;;;;CHAUSSEE;EN SERVICE;LISSE;;2023-01-19;;;;;OpenStreetMap;WGS84;
5.72368729799878;45.1811699060948;;;;way/47889409;;"38185";VOIE VERTE;AIRE PIETONNE;BIDIRECTIONNEL;;TROTTOIR;EN SERVICE;LISSE;"38185";AUCUN;;;;;EN SERVICE;LISSE;;2022-10-21;;true;;;OpenStreetMap;WGS84;"cadastre-dgi-fr source : Direction Générale des Impôts - Cadastre ; mise à jour : 2009"
5.72305914822288;45.181058166187;;;;way/1054001626;;"38185";VOIE VERTE;AIRE PIETONNE;BIDIRECTIONNEL;;TROTTOIR;EN SERVICE;LISSE;"38185";AUCUN;;;;;EN SERVICE;LISSE;;2022-10-21;;true;;;OpenStreetMap;WGS84;"cadastre-dgi-fr source : Direction Générale des Impôts - Cadastre ; mise à jour : 2009"
5.72289185;45.1810072004542;;;;way/1098006827;;"38185";AMENAGEMENT MIXTE PIETON VELO HORS VOIE VERTE;AIRE PIETONNE;BIDIRECTIONNEL;;TROTTOIR;EN SERVICE;LISSE;"38185";AUCUN;;;;;EN SERVICE;LISSE;;2022-09-26;;true;;;OpenStreetMap;WGS84;
5.72280686342458;45.1810152519276;;;;way/1054001627;;"38185";VOIE VERTE;AIRE PIETONNE;BIDIRECTIONNEL;"1.5";TROTTOIR;EN SERVICE;LISSE;"38185";AUCUN;;;"1.5";;EN SERVICE;LISSE;;2023-07-15;;true;;;OpenStreetMap;WGS84;"cadastre-dgi-fr source : Direction Générale des Impôts - Cadastre ; mise à jour : 2009"
5.7219612;45.1808994004509;;;;way/1054001630;;"38185";VOIE VERTE;AIRE PIETONNE;BIDIRECTIONNEL;;TROTTOIR;EN SERVICE;LISSE;"38185";AUCUN;;;;;EN SERVICE;LISSE;;2023-03-23;;true;;;OpenStreetMap;WGS84;"cadastre-dgi-fr source : Direction Générale des Impôts - Cadastre ; mise à jour : 2009"
5.72235586644012;45.1809446085439;;;;way/37810690;;"38185";AUTRE;ZONE 30;UNIDIRECTIONNEL;;CHAUSSEE;EN SERVICE;LISSE;"38185";AUCUN;ZONE 30;;;CHAUSSEE;EN SERVICE;LISSE;;2022-10-27;"30";true;;;OpenStreetMap;WGS84;"cadastre-dgi-fr source : Direction Générale des Impôts - Cadastre ; mise à jour : 2010"
5.72293664787448;45.18086060016;;;;way/235604535;;"38185";AMENAGEMENT MIXTE PIETON VELO HORS VOIE VERTE;AIRE PIETONNE;BIDIRECTIONNEL;;TROTTOIR;EN SERVICE;LISSE;"38185";AUCUN;;;;;EN SERVICE;LISSE;;2022-09-26;;true;;;OpenStreetMap;WGS84;
5.72330488745457;45.1807635350765;;;;way/1054001624;;"38185";VOIE VERTE;AIRE PIETONNE;BIDIRECTIONNEL;;TROTTOIR;EN SERVICE;LISSE;"38185";AUCUN;;;;;EN SERVICE;LISSE;;2022-10-21;;true;;;OpenStreetMap;WGS84;"cadastre-dgi-fr source : Direction Générale des Impôts - Cadastre ; mise à jour : 2009"
5.72361145;45.1808191504563;;;;way/1054001625;;"38185";VOIE VERTE;AIRE PIETONNE;BIDIRECTIONNEL;;TROTTOIR;EN SERVICE;LISSE;"38185";AUCUN;;;;;EN SERVICE;LISSE;;2022-10-21;;true;;;OpenStreetMap;WGS84;"cadastre-dgi-fr source : Direction Générale des Impôts - Cadastre ; mise à jour : 2009"
5.72501070466776;45.181434340941;;;;way/1054001620;;"38185";VOIE VERTE;AIRE PIETONNE;BIDIRECTIONNEL;"1.6";TROTTOIR;EN SERVICE;LISSE;"38185";AUCUN;;;"1.6";;EN SERVICE;LISSE;;2024-08-04;;true;;;OpenStreetMap;WGS84;"cadastre-dgi-fr source : Direction Générale des Impôts - Cadastre ; mise à jour : 2009"
5.72497064597815;45.1811022593239;;;;way/1054001622;;"38185";VOIE VERTE;AIRE PIETONNE;BIDIRECTIONNEL;;TROTTOIR;EN SERVICE;LISSE;"38185";AUCUN;;;;;EN SERVICE;LISSE;;2022-10-21;;true;;;OpenStreetMap;WGS84;"cadastre-dgi-fr source : Direction Générale des Impôts - Cadastre ; mise à jour : 2009"
5.72370445;45.1794555004606;;;;way/1067944409;;"38185";AUCUN;EN AGGLOMERATION;;;;EN SERVICE;LISSE;"38185";COULOIR BUS+VELO;EN AGGLOMERATION;UNIDIRECTIONNEL;;CHAUSSEE;EN SERVICE;LISSE;ROLLER;2024-05-24;"30";true;;;OpenStreetMap;WGS84;
5.71284905;45.177645000453;;;;way/1067959514;;"38185";AUTRE;;;;;EN SERVICE;LISSE;"38185";AUTRE;;UNIDIRECTIONNEL;;CHAUSSEE;EN SERVICE;LISSE;ROLLER;2024-05-05;;true;;;OpenStreetMap;WGS84;cadastre-dgi-fr source : Direction Générale des Impôts - Cadastre. Mise à jour : 2012
5.7130666;45.1776002004569;;;;way/172639632;;"38185";AUTRE;;;;;EN SERVICE;LISSE;"38185";AUTRE;;UNIDIRECTIONNEL;;CHAUSSEE;EN SERVICE;LISSE;ROLLER;2024-05-05;;true;;;OpenStreetMap;WGS84;cadastre-dgi-fr source : Direction Générale des Impôts - Cadastre. Mise à jour : 2012
5.71341013924368;45.1800631563763;;;;way/818749928;;"38185";VOIE VERTE;AIRE PIETONNE;BIDIRECTIONNEL;;TROTTOIR;EN SERVICE;LISSE;"38185";AUCUN;;;;;EN SERVICE;LISSE;;2023-02-15;;true;;;OpenStreetMap;WGS84;"cadastre-dgi-fr source : Direction Générale des Impôts - Cadastre ; mise à jour : 2009"
5.71608810555499;45.179658542469;D 1075;;;way/1054001639;;"38185";AUTRE;EN AGGLOMERATION;UNIDIRECTIONNEL;;CHAUSSEE;EN SERVICE;LISSE;"38185";AUCUN;EN AGGLOMERATION;;;;EN SERVICE;LISSE;ROLLER;2024-05-09;"50";true;;;OpenStreetMap;WGS84;
5.71643816723555;45.1798503737579;D 1075;;;way/191108994;;"38185";BANDE CYCLABLE;EN AGGLOMERATION;UNIDIRECTIONNEL;;CHAUSSEE;EN SERVICE;LISSE;"38185";AUCUN;EN AGGLOMERATION;;;;EN SERVICE;LISSE;ROLLER;2023-09-19;"50";true;;;OpenStreetMap;WGS84;
5.71618207708244;45.179237905555;D 1075;;;way/228160060;;"38185";AUTRE;EN AGGLOMERATION;UNIDIRECTIONNEL;;CHAUSSEE;EN SERVICE;LISSE;"38185";AUCUN;EN AGGLOMERATION;;;;EN SERVICE;LISSE;ROLLER;2024-05-05;"50";true;;;OpenStreetMap;WGS84;
5.71770344429556;45.1772440594746;;;;way/86060552;;"38185";RAMPE;;BIDIRECTIONNEL;;TROTTOIR;EN SERVICE;LISSE;"38185";AUCUN;;;;;EN SERVICE;LISSE;;2023-09-20;;true;;;OpenStreetMap;WGS84;"cadastre-dgi-fr source : Direction Générale des Impôts - Cadastre;mise à jour : 2010"
5.71853369032604;45.177013577456;;;;way/286823048;;"38185";AMENAGEMENT MIXTE PIETON VELO HORS VOIE VERTE;AIRE PIETONNE;BIDIRECTIONNEL;;TROTTOIR;EN SERVICE;RUGUEUX;"38185";AUCUN;;;;;EN SERVICE;RUGUEUX;ROLLER;2023-09-20;;true;;;OpenStreetMap;WGS84;
5.71960205220399;45.1782742759377;;;;way/668348951;;"38185";AMENAGEMENT MIXTE PIETON VELO HORS VOIE VERTE;AIRE PIETONNE;BIDIRECTIONNEL;;TROTTOIR;EN SERVICE;LISSE;"38185";AUCUN;;;;;EN SERVICE;LISSE;;2020-11-23;;true;;;OpenStreetMap;WGS84;cadastre-dgi-fr source : Direction Générale des Impôts - Cadastre. Mise à jour : 2010
5.72007963402878;45.1794676818117;;;;way/611999865;;"38185";PISTE CYCLABLE;;UNIDIRECTIONNEL;;TROTTOIR;EN SERVICE;LISSE;"38185";AUCUN;;;;;EN SERVICE;LISSE;;2025-01-12;;true;;;OpenStreetMap;WGS84;
5.71776775194643;45.1805456006679;;;;way/751819152;;"38185";AMENAGEMENT MIXTE PIETON VELO HORS VOIE VERTE;AIRE PIETONNE;BIDIRECTIONNEL;;TROTTOIR;EN SERVICE;LISSE;"38185";AUCUN;;;;;EN SERVICE;LISSE;ROLLER;2023-09-19;;true;;;OpenStreetMap;WGS84;
5.71813538369956;45.1806255752099;;;;way/965589395;;"38185";VOIE VERTE;AIRE PIETONNE;BIDIRECTIONNEL;"1.5";TROTTOIR;EN SERVICE;LISSE;"38185";AUCUN;;;"1.5";;EN SERVICE;LISSE;;2024-04-21;;true;;;OpenStreetMap;WGS84;"cadastre-dgi-fr source : Direction Générale des Impôts - Cadastre ; mise à jour : 2009"
5.71856987973654;45.1806716679378;;;;way/965589396;;"38185";VOIE VERTE;AIRE PIETONNE;BIDIRECTIONNEL;"4";TROTTOIR;EN SERVICE;LISSE;"38185";AUCUN;;;"4";;EN SERVICE;LISSE;;2023-02-02;;true;;;OpenStreetMap;WGS84;"cadastre-dgi-fr source : Direction Générale des Impôts - Cadastre ; mise à jour : 2009"
5.71938010604539;45.1805409509251;;;;way/238581796;;"38185";AMENAGEMENT MIXTE PIETON VELO HORS VOIE VERTE;AIRE PIETONNE;BIDIRECTIONNEL;;TROTTOIR;EN SERVICE;LISSE;"38185";AUCUN;;;;;EN SERVICE;LISSE;;2023-03-23;;true;;;OpenStreetMap;WGS84;
5.7193879;45.1805250511782;;;;way/9511187;;"38185";PISTE CYCLABLE;;BIDIRECTIONNEL;;TROTTOIR;EN SERVICE;LISSE;"38185";AUCUN;;;;;EN SERVICE;LISSE;;2023-02-16;;true;;;OpenStreetMap;WGS84;
5.71936645814054;45.1806344510495;;;;way/1156699497;;"38185";AMENAGEMENT MIXTE PIETON VELO HORS VOIE VERTE;AIRE PIETONNE;BIDIRECTIONNEL;;TROTTOIR;EN SERVICE;LISSE;"38185";AUCUN;;;;;EN SERVICE;LISSE;;2023-03-23;;true;;;OpenStreetMap;WGS84;
5.71436485227206;45.1803442505592;;;;way/238579458;;"38185";AMENAGEMENT MIXTE PIETON VELO HORS VOIE VERTE;AIRE PIETONNE;BIDIRECTIONNEL;;TROTTOIR;EN SERVICE;LISSE;"38185";AUCUN;;;;;EN SERVICE;LISSE;ROLLER;2023-09-12;;true;;;OpenStreetMap;WGS84;
5.71686535;45.1802485004529;;;;way/1077151482;;"38185";VOIE VERTE;AIRE PIETONNE;BIDIRECTIONNEL;;TROTTOIR;EN SERVICE;LISSE;"38185";AUCUN;;;;;EN SERVICE;LISSE;;2022-07-09;;true;;;OpenStreetMap;WGS84;"cadastre-dgi-fr source : Direction Générale des Impôts - Cadastre ; mise à jour : 2009"
5.71588235;45.1804897004526;;;;way/818749883;;"38185";VOIE VERTE;AIRE PIETONNE;BIDIRECTIONNEL;;TROTTOIR;EN SERVICE;LISSE;"38185";AUCUN;;;;;EN SERVICE;LISSE;;2022-10-21;;true;;;OpenStreetMap;WGS84;"cadastre-dgi-fr source : Direction Générale des Impôts - Cadastre ; mise à jour : 2009"
5.71662647038037;45.1811979062741;D 1075;;;way/463337951;;"38185";AUTRE;ZONE 30;UNIDIRECTIONNEL;;CHAUSSEE;EN SERVICE;LISSE;"38185";AUCUN;ZONE 30;;;;EN SERVICE;LISSE;ROLLER;2024-05-09;"30";true;;;OpenStreetMap;WGS84;
5.71679785;45.18070510045;;;;way/1101955224;;"38185";VOIE VERTE;AIRE PIETONNE;BIDIRECTIONNEL;;TROTTOIR;EN SERVICE;LISSE;"38185";AUCUN;;;;;EN SERVICE;LISSE;;2022-10-08;;true;;;OpenStreetMap;WGS84;"cadastre-dgi-fr source : Direction Générale des Impôts - Cadastre ; mise à jour : 2009"
5.71649275792631;45.1808823580215;D 1075;;;way/324871961;;"38185";BANDE CYCLABLE;EN AGGLOMERATION;UNIDIRECTIONNEL;;CHAUSSEE;EN SERVICE;LISSE;"38185";AUCUN;EN AGGLOMERATION;;;;EN SERVICE;LISSE;ROLLER;2023-09-30;"30";true;;;OpenStreetMap;WGS84;cadastre-dgi-fr source : Direction Générale des Impôts - Cadastre. Mise à jour : 2014
5.71670681007707;45.1805895231325;D 1075;;;way/69486606;;"38185";AUTRE;ZONE 30;UNIDIRECTIONNEL;;CHAUSSEE;EN SERVICE;LISSE;"38185";AUCUN;ZONE 30;;;;EN SERVICE;LISSE;ROLLER;2025-01-04;"30";true;;;OpenStreetMap;WGS84;
5.71695975;45.1805433504506;;;;way/1077151485;;"38185";VOIE VERTE;AIRE PIETONNE;BIDIRECTIONNEL;;TROTTOIR;EN SERVICE;LISSE;"38185";AUCUN;;;;;EN SERVICE;LISSE;;2022-07-09;;true;;;OpenStreetMap;WGS84;"cadastre-dgi-fr source : Direction Générale des Impôts - Cadastre ; mise à jour : 2009"
5.71616615;45.18021545045;D 1532;;;way/324871937;;"38185";AUTRE;EN AGGLOMERATION;UNIDIRECTIONNEL;;CHAUSSEE;EN SERVICE;LISSE;"38185";AUCUN;EN AGGLOMERATION;;;;EN SERVICE;LISSE;ROLLER;2024-05-09;"50";true;;;OpenStreetMap;WGS84;
5.71607465446645;45.1802062122213;;;;way/1077151473;;"38185";VOIE VERTE;AIRE PIETONNE;BIDIRECTIONNEL;;TROTTOIR;EN SERVICE;LISSE;"38185";AUCUN;;;;;EN SERVICE;LISSE;;2022-07-09;;true;;;OpenStreetMap;WGS84;"cadastre-dgi-fr source : Direction Générale des Impôts - Cadastre ; mise à jour : 2009"
5.7161006147786;45.1801032019755;;;;way/463254639;;"38185";AMENAGEMENT MIXTE PIETON VELO HORS VOIE VERTE;AIRE PIETONNE;BIDIRECTIONNEL;;TROTTOIR;EN SERVICE;LISSE;"38185";AUCUN;;UNIDIRECTIONNEL;;;EN SERVICE;LISSE;ROLLER;2023-09-19;;true;;;OpenStreetMap;WGS84;"cadastre-dgi-fr source : Direction Générale des Impôts - Cadastre ; mise à jour : 2009"
5.7161023794774;45.1803154967596;;;;way/463254640;;"38185";VOIE VERTE;AIRE PIETONNE;BIDIRECTIONNEL;;TROTTOIR;EN SERVICE;LISSE;"38185";AUCUN;;;;;EN SERVICE;LISSE;;2022-07-09;;true;;;OpenStreetMap;WGS84;"cadastre-dgi-fr source : Direction Générale des Impôts - Cadastre ; mise à jour : 2009"
5.71575013806494;45.1802019259511;D 1532;;;way/222487944;;"38185";BANDE CYCLABLE;EN AGGLOMERATION;UNIDIRECTIONNEL;;CHAUSSEE;EN SERVICE;LISSE;"38185";AUCUN;EN AGGLOMERATION;;;;EN SERVICE;LISSE;ROLLER;2023-09-19;"50";true;;;OpenStreetMap;WGS84;
5.71521618008705;45.1803824499203;;;;way/238579469;;"38185";AMENAGEMENT MIXTE PIETON VELO HORS VOIE VERTE;AIRE PIETONNE;BIDIRECTIONNEL;;TROTTOIR;EN SERVICE;LISSE;"38185";AUCUN;;;;;EN SERVICE;LISSE;ROLLER;2023-09-19;;true;;;OpenStreetMap;WGS84;
5.71497158529901;45.1801831765965;D 1532;;;way/463254617;;"38185";AUTRE;EN AGGLOMERATION;UNIDIRECTIONNEL;;CHAUSSEE;EN SERVICE;LISSE;"38185";AUCUN;EN AGGLOMERATION;;;;EN SERVICE;LISSE;ROLLER;2023-09-19;"50";true;;;OpenStreetMap;WGS84;
5.71477435;45.1809590504609;;;;way/172273170;;"38185";AUTRE;ZONE 30;;;;EN SERVICE;LISSE;"38185";DOUBLE SENS CYCLABLE NON MATERIALISE;ZONE 30;UNIDIRECTIONNEL;;CHAUSSEE;EN SERVICE;LISSE;;2024-08-12;"30";true;;;OpenStreetMap;WGS84;cadastre-dgi-fr source : Direction Générale des Impôts - Cadastre. Mise à jour : 2012
5.71371334800606;45.1803830876417;;;;way/324871932;;"38185";VOIE VERTE;AIRE PIETONNE;BIDIRECTIONNEL;;TROTTOIR;EN SERVICE;LISSE;"38185";AUCUN;;;;;EN SERVICE;LISSE;;2022-10-21;;true;;;OpenStreetMap;WGS84;"cadastre-dgi-fr source : Direction Générale des Impôts - Cadastre ; mise à jour : 2009"
5.71294616453151;45.1801146782094;D 1532;;;way/5990508;;"38185";AUTRE;EN AGGLOMERATION;UNIDIRECTIONNEL;;CHAUSSEE;EN SERVICE;LISSE;"38185";AUCUN;EN AGGLOMERATION;;;;EN SERVICE;LISSE;ROLLER;2024-06-03;"50";true;;;OpenStreetMap;WGS84;
5.71268083964716;45.1802631716837;;;;way/751818146;;"38185";VOIE VERTE;AIRE PIETONNE;BIDIRECTIONNEL;;TROTTOIR;EN SERVICE;LISSE;"38185";AUCUN;;;;;EN SERVICE;LISSE;;2022-07-05;;true;;;OpenStreetMap;WGS84;
5.70827145;45.1802396504542;;;;way/985264632;;"38185";AMENAGEMENT MIXTE PIETON VELO HORS VOIE VERTE;AIRE PIETONNE;BIDIRECTIONNEL;;TROTTOIR;EN SERVICE;LISSE;"38185";AUCUN;;;;;EN SERVICE;LISSE;;2022-04-22;;true;;;OpenStreetMap;WGS84;
5.70823089724397;45.1802599887592;;;;way/818377603;;"38185";VOIE VERTE;AIRE PIETONNE;BIDIRECTIONNEL;;TROTTOIR;EN SERVICE;LISSE;"38185";AUCUN;;;;;EN SERVICE;LISSE;;2022-12-30;;true;;;OpenStreetMap;WGS84;"cadastre-dgi-fr source : Direction Générale des Impôts - Cadastre;mise à jour : 2009"
5.7092886;45.1802705004505;;;;way/292453865;;"38185";AUTRE;ZONE 30;UNIDIRECTIONNEL;;CHAUSSEE;EN SERVICE;LISSE;"38185";AUCUN;ZONE 30;;;CHAUSSEE;EN SERVICE;LISSE;;2022-10-21;"30";true;;;OpenStreetMap;WGS84;
5.71115575;45.1802949504537;;;;way/1077151470;;"38185";AMENAGEMENT MIXTE PIETON VELO HORS VOIE VERTE;AIRE PIETONNE;BIDIRECTIONNEL;;TROTTOIR;EN SERVICE;LISSE;"38185";AUCUN;;;;;EN SERVICE;LISSE;;2022-07-09;;true;;;OpenStreetMap;WGS84;
5.7112497147276;45.1810948012863;;;;way/1068224099;;"38185";BANDE CYCLABLE;EN AGGLOMERATION;UNIDIRECTIONNEL;;CHAUSSEE;EN SERVICE;LISSE;"38185";AUCUN;EN AGGLOMERATION;;;;EN SERVICE;LISSE;;2023-05-26;"30";true;;;OpenStreetMap;WGS84;
5.71129047317531;45.1813735745417;;;;way/866572227;;"38185";AUTRE;EN AGGLOMERATION;;;;EN SERVICE;LISSE;"38185";DOUBLE SENS CYCLABLE NON MATERIALISE;EN AGGLOMERATION;UNIDIRECTIONNEL;;CHAUSSEE;EN SERVICE;LISSE;;2023-05-26;"30";true;;;OpenStreetMap;WGS84;
5.71134702726807;45.1816445208874;;;;way/1068220147;;"38185";AUTRE;EN AGGLOMERATION;;;;EN SERVICE;LISSE;"38185";DOUBLE SENS CYCLABLE NON MATERIALISE;EN AGGLOMERATION;UNIDIRECTIONNEL;;CHAUSSEE;EN SERVICE;LISSE;;2024-08-12;"30";true;;;OpenStreetMap;WGS84;
5.71176279968911;45.1803315062794;;;;way/818749884;;"38185";VOIE VERTE;AIRE PIETONNE;BIDIRECTIONNEL;"1";TROTTOIR;EN SERVICE;LISSE;"38185";AUCUN;;;"1";;EN SERVICE;LISSE;;2024-10-14;;true;;;OpenStreetMap;WGS84;"cadastre-dgi-fr source : Direction Générale des Impôts - Cadastre ; mise à jour : 2009"
5.71159815301532;45.1802612512303;;;;way/751816463;;"38185";AMENAGEMENT MIXTE PIETON VELO HORS VOIE VERTE;AIRE PIETONNE;BIDIRECTIONNEL;;TROTTOIR;EN SERVICE;LISSE;"38185";AUCUN;;;;;EN SERVICE;LISSE;;2022-06-01;;true;;;OpenStreetMap;WGS84;
5.71209804935631;45.1802529606496;D 1532;;;way/292453867;;"38185";AUTRE;EN AGGLOMERATION;UNIDIRECTIONNEL;;CHAUSSEE;EN SERVICE;LISSE;"38185";AUCUN;EN AGGLOMERATION;;;;EN SERVICE;LISSE;ROLLER;2023-09-12;"50";true;;;OpenStreetMap;WGS84;
5.71196753726853;45.1797224872501;;;;way/72233468;;"38185";AMENAGEMENT MIXTE PIETON VELO HORS VOIE VERTE;AIRE PIETONNE;BIDIRECTIONNEL;;TROTTOIR;EN SERVICE;LISSE;"38185";AUCUN;;;;;EN SERVICE;LISSE;ROLLER;2023-12-13;;true;;;OpenStreetMap;WGS84;
5.71149845;45.1799694004501;;;;way/818377589;;"38185";VOIE VERTE;AIRE PIETONNE;BIDIRECTIONNEL;;TROTTOIR;EN SERVICE;LISSE;"38185";AUCUN;;;;;EN SERVICE;LISSE;;2022-10-21;;true;;;OpenStreetMap;WGS84;"cadastre-dgi-fr source : Direction Générale des Impôts - Cadastre ; mise à jour : 2009"
5.7111672;45.1799890004544;;;;way/1077151467;;"38185";AMENAGEMENT MIXTE PIETON VELO HORS VOIE VERTE;AIRE PIETONNE;BIDIRECTIONNEL;;TROTTOIR;EN SERVICE;LISSE;"38185";AUCUN;;;;;EN SERVICE;LISSE;;2022-07-09;;true;;;OpenStreetMap;WGS84;
5.71116475925263;45.1800557506377;;;;way/1077151468;;"38185";AMENAGEMENT MIXTE PIETON VELO HORS VOIE VERTE;AIRE PIETONNE;BIDIRECTIONNEL;;TROTTOIR;EN SERVICE;LISSE;"38185";AUCUN;;;;;EN SERVICE;LISSE;;2022-07-09;;true;;;OpenStreetMap;WGS84;
5.7084697;45.179943850451;;;;way/818377598;;"38185";PISTE CYCLABLE;;UNIDIRECTIONNEL;;TROTTOIR;EN SERVICE;LISSE;"38185";AUCUN;;;;;EN SERVICE;LISSE;;2022-10-21;;true;;;OpenStreetMap;WGS84;
5.70792515;45.1799371504505;;;;way/818377601;;"38185";PISTE CYCLABLE;;UNIDIRECTIONNEL;;TROTTOIR;EN SERVICE;LISSE;"38185";AUCUN;;;;;EN SERVICE;LISSE;;2022-10-21;;true;;;OpenStreetMap;WGS84;
5.70627265048778;45.1799006312123;;;;way/407603251;;"38185";VOIE VERTE;AIRE PIETONNE;BIDIRECTIONNEL;"1.5";TROTTOIR;EN SERVICE;LISSE;"38185";AUCUN;;;"1.5";;EN SERVICE;LISSE;;2023-07-16;;true;;;OpenStreetMap;WGS84;
5.7072147;45.18023615045;;;;way/818377606;;"38185";VOIE VERTE;AIRE PIETONNE;UNIDIRECTIONNEL;;TROTTOIR;EN SERVICE;LISSE;"38185";AUCUN;;;;;EN SERVICE;LISSE;;2022-10-21;;true;;;OpenStreetMap;WGS84;
5.7077092;45.1802381504502;;;;way/292453866;;"38185";AUTRE;ZONE 30;UNIDIRECTIONNEL;;CHAUSSEE;EN SERVICE;LISSE;"38185";AUCUN;ZONE 30;;;CHAUSSEE;EN SERVICE;LISSE;;2022-10-21;"30";true;;;OpenStreetMap;WGS84;
5.72816166038259;45.184712242554;;;;way/82633065;;"38185";AMENAGEMENT MIXTE PIETON VELO HORS VOIE VERTE;AIRE PIETONNE;BIDIRECTIONNEL;;TROTTOIR;EN SERVICE;RUGUEUX;"38185";AUCUN;;;;;EN SERVICE;RUGUEUX;;2020-11-19;;true;;;OpenStreetMap;WGS84;
5.72665822471552;45.1841033562708;;;;way/82633083;;"38185";AMENAGEMENT MIXTE PIETON VELO HORS VOIE VERTE;AIRE PIETONNE;BIDIRECTIONNEL;;TROTTOIR;EN SERVICE;LISSE;"38185";AUCUN;;;;;EN SERVICE;LISSE;;2019-12-04;;true;;;OpenStreetMap;WGS84;
5.726543;45.184675400484;;;;way/82634159;;"38185";AMENAGEMENT MIXTE PIETON VELO HORS VOIE VERTE;AIRE PIETONNE;BIDIRECTIONNEL;;TROTTOIR;EN SERVICE;RUGUEUX;"38185";AUCUN;;;;;EN SERVICE;RUGUEUX;;2021-08-06;;true;;;OpenStreetMap;WGS84;
5.72828385;45.18442910053;;;;way/874858920;;"38185";AMENAGEMENT MIXTE PIETON VELO HORS VOIE VERTE;AIRE PIETONNE;BIDIRECTIONNEL;;TROTTOIR;EN SERVICE;RUGUEUX;"38185";AUCUN;;;;;EN SERVICE;RUGUEUX;;2020-12-09;;true;;;OpenStreetMap;WGS84;
5.72901938919205;45.1835611312756;;;;way/296891612;;"38185";AMENAGEMENT MIXTE PIETON VELO HORS VOIE VERTE;AIRE PIETONNE;BIDIRECTIONNEL;;TROTTOIR;EN SERVICE;LISSE;"38185";AUCUN;;;;;EN SERVICE;LISSE;;2020-12-09;;true;;;OpenStreetMap;WGS84;
5.72915975;45.183393800457;;;;way/395524599;;"38185";AMENAGEMENT MIXTE PIETON VELO HORS VOIE VERTE;AIRE PIETONNE;BIDIRECTIONNEL;;TROTTOIR;EN SERVICE;LISSE;"38185";AUCUN;;;;;EN SERVICE;LISSE;;2021-03-30;;true;;;OpenStreetMap;WGS84;
5.72993165;45.1844879004525;;;;way/720178851;;"38185";AMENAGEMENT MIXTE PIETON VELO HORS VOIE VERTE;AIRE PIETONNE;BIDIRECTIONNEL;;TROTTOIR;EN SERVICE;LISSE;"38185";AUCUN;;;;;EN SERVICE;LISSE;;2019-08-30;;true;;;OpenStreetMap;WGS84;
5.72866892110844;45.1842569586585;;;;way/82633075;;"38185";AMENAGEMENT MIXTE PIETON VELO HORS VOIE VERTE;AIRE PIETONNE;BIDIRECTIONNEL;;TROTTOIR;EN SERVICE;RUGUEUX;"38185";AUCUN;;;;;EN SERVICE;RUGUEUX;;2020-12-09;;true;;;OpenStreetMap;WGS84;"cadastre-dgi-fr source : Direction Générale des Impôts - Cadastre ; mise à jour : 2010"
5.7289131;45.1847260504532;;;;way/874655522;;"38185";AMENAGEMENT MIXTE PIETON VELO HORS VOIE VERTE;AIRE PIETONNE;BIDIRECTIONNEL;;TROTTOIR;EN SERVICE;LISSE;"38185";AUCUN;;;;;EN SERVICE;LISSE;;2020-12-09;;true;;;OpenStreetMap;WGS84;"cadastre-dgi-fr source : Direction Générale des Impôts - Cadastre;mise à jour : 2010"
5.7289286;45.1847508004497;;;;way/874655520;;"38185";AMENAGEMENT MIXTE PIETON VELO HORS VOIE VERTE;AIRE PIETONNE;BIDIRECTIONNEL;;TROTTOIR;EN SERVICE;LISSE;"38185";AUCUN;;;;;EN SERVICE;LISSE;;2020-12-09;;true;;;OpenStreetMap;WGS84;"cadastre-dgi-fr source : Direction Générale des Impôts - Cadastre ; mise à jour : 2010"
5.73035046527664;45.1856049620075;D 5;;;way/685801974;;"38185";AUTRE;ZONE 30;UNIDIRECTIONNEL;;CHAUSSEE;EN SERVICE;LISSE;"38185";AUCUN;ZONE 30;;;;EN SERVICE;LISSE;;2024-10-07;"30";true;;;OpenStreetMap;WGS84;
5.72817252683275;45.1857287041268;;;;way/437342864;;"38185";AUTRE;ZONE 30;;;;EN SERVICE;LISSE;"38185";BANDE CYCLABLE;ZONE 30;UNIDIRECTIONNEL;;CHAUSSEE;EN SERVICE;LISSE;;2023-12-17;"30";true;;;OpenStreetMap;WGS84;
5.72656383186549;45.1849358456558;;;;way/380732459;;"38185";AMENAGEMENT MIXTE PIETON VELO HORS VOIE VERTE;AIRE PIETONNE;BIDIRECTIONNEL;;TROTTOIR;EN SERVICE;RUGUEUX;"38185";AUCUN;;;;;EN SERVICE;RUGUEUX;;2019-12-05;;true;;;OpenStreetMap;WGS84;
5.72776124499601;45.1880765038168;;;;way/27681820;;"38185";AUTRE;EN AGGLOMERATION;;;;EN SERVICE;LISSE;"38185";DOUBLE SENS CYCLABLE NON MATERIALISE;EN AGGLOMERATION;UNIDIRECTIONNEL;;CHAUSSEE;EN SERVICE;LISSE;;2024-08-12;"30";true;;;OpenStreetMap;WGS84;
5.72901228595931;45.1888571780467;;;;way/321330764;;"38185";AUTRE;ZONE 30;UNIDIRECTIONNEL;;CHAUSSEE;EN SERVICE;LISSE;"38185";DOUBLE SENS CYCLABLE NON MATERIALISE;ZONE 30;UNIDIRECTIONNEL;;CHAUSSEE;EN SERVICE;LISSE;;2024-08-04;"30";true;;;OpenStreetMap;WGS84;
5.72760218485111;45.188293582072;;;;way/1046220911;;"38185";AUTRE;EN AGGLOMERATION;;;;EN SERVICE;LISSE;"38185";DOUBLE SENS CYCLABLE NON MATERIALISE;EN AGGLOMERATION;UNIDIRECTIONNEL;;CHAUSSEE;EN SERVICE;LISSE;;2024-08-12;"30";true;;;OpenStreetMap;WGS84;
5.73138059676095;45.1850826325019;;;;way/450256531;;"38185";AMENAGEMENT MIXTE PIETON VELO HORS VOIE VERTE;;BIDIRECTIONNEL;;CHAUSSEE;EN SERVICE;LISSE;"38185";AUCUN;;;;;EN SERVICE;LISSE;ROLLER;2024-05-24;;true;;;OpenStreetMap;WGS84;
5.73134211456093;45.188494868938;;;;way/28390060;;"38185";COULOIR BUS+VELO;ZONE 30;UNIDIRECTIONNEL;;CHAUSSEE;EN SERVICE;LISSE;"38185";AUCUN;ZONE 30;;;;EN SERVICE;LISSE;;2024-08-12;"30";true;;;OpenStreetMap;WGS84;
5.73184603346889;45.1852829436035;;;;way/685801973;;"38185";AUTRE;ZONE 30;UNIDIRECTIONNEL;;CHAUSSEE;EN SERVICE;LISSE;"38185";AUCUN;ZONE 30;;;;EN SERVICE;LISSE;ROLLER;2024-05-24;"30";true;;;OpenStreetMap;WGS84;
5.73200545041724;45.1852923499331;;;;way/755234052;;"38185";COULOIR BUS+VELO;ZONE 30;UNIDIRECTIONNEL;;CHAUSSEE;EN SERVICE;LISSE;"38185";AUCUN;ZONE 30;;;;EN SERVICE;LISSE;;2024-07-05;"30";true;;;OpenStreetMap;WGS84;
5.73169690809037;45.184016324038;;;;way/292453881;;"38185";VOIE VERTE;;BIDIRECTIONNEL;;CHAUSSEE;EN SERVICE;LISSE;"38185";AUCUN;;;;;EN SERVICE;LISSE;ROLLER;2023-09-19;;true;;;OpenStreetMap;WGS84;"cadastre-dgi-fr source : Direction Générale des Impôts - Cadastre ; mise à jour : 2009"
5.73187703755186;45.1837364924255;;;;way/292453869;;"38185";VOIE VERTE;;BIDIRECTIONNEL;;CHAUSSEE;EN SERVICE;LISSE;"38185";AUCUN;;;;;EN SERVICE;LISSE;;2022-10-23;;true;;;OpenStreetMap;WGS84;"cadastre-dgi-fr source : Direction Générale des Impôts - Cadastre ; mise à jour : 2009"
5.7313679;45.1839385504502;;;;way/293957666;;"38185";VOIE VERTE;;BIDIRECTIONNEL;"1.5";CHAUSSEE;EN SERVICE;LISSE;"38185";AUCUN;;;"1.5";;EN SERVICE;LISSE;;2024-11-19;;true;;;OpenStreetMap;WGS84;"cadastre-dgi-fr source : Direction Générale des Impôts - Cadastre ; mise à jour : 2009"
5.73123437769024;45.1836603907755;;;;way/97374451;;"38185";PISTE CYCLABLE;;BIDIRECTIONNEL;;TROTTOIR;EN SERVICE;LISSE;"38185";AUCUN;;;;;EN SERVICE;LISSE;;2024-05-24;;true;;;OpenStreetMap;WGS84;cadastre-dgi-fr source : Direction Générale des Impôts - Cadastre. Mise à jour : 2009
5.73089652494597;45.183328025141;;;;way/208894053;;"38185";PISTE CYCLABLE;;BIDIRECTIONNEL;;TROTTOIR;EN SERVICE;LISSE;"38185";AUTRE;;UNIDIRECTIONNEL;;CHAUSSEE;EN SERVICE;LISSE;;2024-07-08;;true;;;OpenStreetMap;WGS84;"cadastre-dgi-fr source : Direction Générale des Impôts - Cadastre ; mise à jour : 2009"
5.73137495;45.1835059004517;;;;way/1327274949;;"38185";PISTE CYCLABLE;;BIDIRECTIONNEL;;TROTTOIR;EN SERVICE;LISSE;"38185";AUCUN;;;;;EN SERVICE;LISSE;;2024-10-22;;true;;;OpenStreetMap;WGS84;
5.73141785;45.1835436504542;;;;way/487814178;;"38185";PISTE CYCLABLE;;BIDIRECTIONNEL;;TROTTOIR;EN SERVICE;LISSE;"38185";AUCUN;;;;;EN SERVICE;LISSE;;2024-11-30;;true;;;OpenStreetMap;WGS84;"cadastre-dgi-fr source : Direction Générale des Impôts - Cadastre ; mise à jour : 2009"
5.73177368408232;45.183678574095;;;;way/487814179;;"38185";VOIE VERTE;;BIDIRECTIONNEL;;CHAUSSEE;EN SERVICE;LISSE;"38185";AUCUN;;;;;EN SERVICE;LISSE;;2022-10-23;;true;;;OpenStreetMap;WGS84;"cadastre-dgi-fr source : Direction Générale des Impôts - Cadastre ; mise à jour : 2009"
5.72987018188619;45.1832779913896;;;;way/47068900;;"38185";AUTRE;;UNIDIRECTIONNEL;;CHAUSSEE;EN SERVICE;LISSE;"38185";AUCUN;;;;CHAUSSEE;EN SERVICE;LISSE;;2024-07-08;;true;;;OpenStreetMap;WGS84;"cadastre-dgi-fr source : Direction Générale des Impôts - Cadastre ; mise à jour : 2010"
5.72929826161942;45.1832253057059;;;;way/395524600;;"38185";AMENAGEMENT MIXTE PIETON VELO HORS VOIE VERTE;AIRE PIETONNE;BIDIRECTIONNEL;;TROTTOIR;EN SERVICE;LISSE;"38185";AUCUN;;;;;EN SERVICE;LISSE;;2020-12-09;;true;;;OpenStreetMap;WGS84;
5.73097235;45.18194520045;D 523;;;way/1133551930;;"38185";BANDE CYCLABLE;ZONE 30;UNIDIRECTIONNEL;;CHAUSSEE;EN SERVICE;LISSE;"38185";DOUBLE SENS CYCLABLE NON MATERIALISE;ZONE 30;UNIDIRECTIONNEL;;CHAUSSEE;EN SERVICE;LISSE;;2024-08-12;"30";true;;;OpenStreetMap;WGS84;cadastre-dgi-fr source : Direction Générale des Impôts - Cadastre. Mise à jour : 2010
5.72862188811974;45.1823686136862;;;;way/488546749;;"38185";VOIE VERTE;AIRE PIETONNE;BIDIRECTIONNEL;;TROTTOIR;EN SERVICE;LISSE;"38185";AUCUN;;;;;EN SERVICE;LISSE;ROLLER;2023-12-06;;true;;;OpenStreetMap;WGS84;"cadastre-dgi-fr source : Direction Générale des Impôts - Cadastre ; mise à jour : 2009"
5.7287528;45.1820031504585;;;;way/1054001601;;"38185";VOIE VERTE;;UNIDIRECTIONNEL;;CHAUSSEE;EN SERVICE;LISSE;"38185";AUCUN;;;;;EN SERVICE;LISSE;;2022-10-23;;true;;;OpenStreetMap;WGS84;"cadastre-dgi-fr source : Direction Générale des Impôts - Cadastre ; mise à jour : 2009"
5.7285883;45.1820249004507;;;;way/1054001600;;"38185";VOIE VERTE;;BIDIRECTIONNEL;;CHAUSSEE;EN SERVICE;LISSE;"38185";AUCUN;;;;;EN SERVICE;LISSE;;2023-07-11;;true;;;OpenStreetMap;WGS84;"cadastre-dgi-fr source : Direction Générale des Impôts - Cadastre;mise à jour : 2009"
5.73017725;45.1806812004501;;;;way/1135963259;;"38185";AUTRE;ZONE 30;;;;EN SERVICE;LISSE;"38185";DOUBLE SENS CYCLABLE NON MATERIALISE;ZONE 30;UNIDIRECTIONNEL;;CHAUSSEE;EN SERVICE;LISSE;;2024-08-12;"30";true;;;OpenStreetMap;WGS84;
5.7298298153637;45.1807004535381;;;;way/1043575997;;"38185";AUTRE;ZONE 30;;;;EN SERVICE;LISSE;"38185";DOUBLE SENS CYCLABLE NON MATERIALISE;ZONE 30;UNIDIRECTIONNEL;;CHAUSSEE;EN SERVICE;LISSE;;2024-08-12;"30";true;;;OpenStreetMap;WGS84;
5.72685198923254;45.1814316587753;;;;way/62233975;;"38185";AUTRE;ZONE 30;;;;EN SERVICE;LISSE;"38185";DOUBLE SENS CYCLABLE NON MATERIALISE;ZONE 30;UNIDIRECTIONNEL;;CHAUSSEE;EN SERVICE;LISSE;;2024-11-10;"30";true;;;OpenStreetMap;WGS84;
5.72712505;45.1816617004785;;;;way/1054001612;;"38185";VOIE VERTE;AIRE PIETONNE;BIDIRECTIONNEL;"1.5";TROTTOIR;EN SERVICE;LISSE;"38185";AUCUN;;;"1.5";;EN SERVICE;LISSE;;2024-11-10;;true;;;OpenStreetMap;WGS84;"cadastre-dgi-fr source : Direction Générale des Impôts - Cadastre ; mise à jour : 2009"
5.7279494;45.1819791004499;;;;way/488546769;;"38185";VOIE VERTE;;BIDIRECTIONNEL;;CHAUSSEE;EN SERVICE;LISSE;"38185";AUCUN;;;;;EN SERVICE;LISSE;ROLLER;2023-12-06;;true;;;OpenStreetMap;WGS84;"cadastre-dgi-fr source : Direction Générale des Impôts - Cadastre;mise à jour : 2009"
5.72674125;45.1819530005875;;;;way/344265835;;"38185";VOIE VERTE;AIRE PIETONNE;BIDIRECTIONNEL;"1.6";TROTTOIR;EN SERVICE;LISSE;"38185";AUCUN;;;"1.6";;EN SERVICE;LISSE;;2024-11-19;;true;;;OpenStreetMap;WGS84;"cadastre-dgi-fr source : Direction Générale des Impôts - Cadastre ; mise à jour : 2009"
5.7270796;45.1820692004528;;;;way/488546759;;"38185";VOIE VERTE;AIRE PIETONNE;BIDIRECTIONNEL;;TROTTOIR;EN SERVICE;LISSE;"38185";AUCUN;;;;;EN SERVICE;LISSE;ROLLER;2023-09-19;;true;;;OpenStreetMap;WGS84;"cadastre-dgi-fr source : Direction Générale des Impôts - Cadastre ; mise à jour : 2009"
5.72789066316068;45.181986094391;;;;way/488546767;;"38185";VOIE VERTE;AIRE PIETONNE;BIDIRECTIONNEL;;TROTTOIR;EN SERVICE;LISSE;"38185";AUCUN;;;;;EN SERVICE;LISSE;ROLLER;2023-12-06;;true;;;OpenStreetMap;WGS84;"cadastre-dgi-fr source : Direction Générale des Impôts - Cadastre ; mise à jour : 2009"
5.72823679487684;45.1819955309014;;;;way/56016864;;"38185";VOIE VERTE;;BIDIRECTIONNEL;;CHAUSSEE;EN SERVICE;LISSE;"38185";AUCUN;;;;;EN SERVICE;LISSE;;2023-01-19;;true;;;OpenStreetMap;WGS84;"cadastre-dgi-fr source : Direction Générale des Impôts - Cadastre;mise à jour : 2009"
5.72765744730924;45.1822524992924;;;;way/488546765;;"38185";VOIE VERTE;AIRE PIETONNE;BIDIRECTIONNEL;;TROTTOIR;EN SERVICE;LISSE;"38185";AUCUN;;;;;EN SERVICE;LISSE;;2022-10-23;;true;;;OpenStreetMap;WGS84;"cadastre-dgi-fr source : Direction Générale des Impôts - Cadastre ; mise à jour : 2009"
5.7283044;45.1826196504521;;;;way/1054001603;;"38185";VOIE VERTE;AIRE PIETONNE;BIDIRECTIONNEL;"1.4";TROTTOIR;EN SERVICE;LISSE;"38185";AUCUN;;;"1.4";;EN SERVICE;LISSE;;2024-11-19;;true;;;OpenStreetMap;WGS84;"cadastre-dgi-fr source : Direction Générale des Impôts - Cadastre ; mise à jour : 2009"
5.72742029205332;45.1779533949258;;;;way/237147557;;"38185";BANDE CYCLABLE;EN AGGLOMERATION;UNIDIRECTIONNEL;;CHAUSSEE;EN SERVICE;LISSE;"38185";AUCUN;EN AGGLOMERATION;;;;EN SERVICE;LISSE;;2022-10-23;"50";true;;;OpenStreetMap;WGS84;
5.73398694289948;45.1704300753574;;;;way/49643184;;"38185";AUTRE;EN AGGLOMERATION;;;;EN SERVICE;LISSE;"38185";DOUBLE SENS CYCLABLE NON MATERIALISE;EN AGGLOMERATION;UNIDIRECTIONNEL;;CHAUSSEE;EN SERVICE;LISSE;;2024-10-15;"30";true;;;OpenStreetMap;WGS84;"cadastre-dgi-fr source : Direction Générale des Impôts - Cadastre;mise à jour : 2010"
5.73477775352603;45.1730756778494;;;;way/611999917;;"38185";VOIE VERTE;;BIDIRECTIONNEL;;CHAUSSEE;EN SERVICE;RUGUEUX;"38185";AUCUN;;;;;EN SERVICE;RUGUEUX;;2020-01-17;;true;;;OpenStreetMap;WGS84;"cadastre-dgi-fr source : Direction Générale des Impôts - Cadastre;mise à jour : 2010"
5.73489262078676;45.1729708354731;;;;way/348767651;;"38185";VOIE VERTE;AIRE PIETONNE;BIDIRECTIONNEL;;TROTTOIR;EN SERVICE;RUGUEUX;"38185";AUCUN;;;;;EN SERVICE;RUGUEUX;;2019-12-21;;true;;;OpenStreetMap;WGS84;
5.73914129298814;45.1732406265392;;;;way/293837391;;"38185";AUTRE;ZONE 30;UNIDIRECTIONNEL;;CHAUSSEE;EN SERVICE;LISSE;"38185";AUCUN;ZONE 30;;;CHAUSSEE;EN SERVICE;LISSE;;2024-08-27;"30";true;;;OpenStreetMap;WGS84;
5.73884723467532;45.1726637385544;D 5;;;way/293837387;;"38185";BANDE CYCLABLE;EN AGGLOMERATION;UNIDIRECTIONNEL;;CHAUSSEE;EN SERVICE;LISSE;"38185";AUCUN;EN AGGLOMERATION;;;;EN SERVICE;LISSE;;2024-08-05;"50";true;;;OpenStreetMap;WGS84;
5.73831994825711;45.1730295815357;;;;way/293837398;;"38185";AUTRE;EN AGGLOMERATION;UNIDIRECTIONNEL;;CHAUSSEE;EN SERVICE;LISSE;"38185";AUTRE;EN AGGLOMERATION;UNIDIRECTIONNEL;;CHAUSSEE;EN SERVICE;LISSE;;2024-02-16;"50";true;;;OpenStreetMap;WGS84;
5.73892397952857;45.1726792141109;D 5;;;way/4014792;;"38185";COULOIR BUS+VELO;EN AGGLOMERATION;UNIDIRECTIONNEL;;CHAUSSEE;EN SERVICE;LISSE;"38185";AUCUN;EN AGGLOMERATION;;;CHAUSSEE;EN SERVICE;LISSE;;2023-12-13;"50";true;;;OpenStreetMap;WGS84;
5.73758746957352;45.1727919908001;;;;way/293837399;;"38185";AUTRE;EN AGGLOMERATION;UNIDIRECTIONNEL;;CHAUSSEE;EN SERVICE;LISSE;"38185";AUTRE;EN AGGLOMERATION;UNIDIRECTIONNEL;;CHAUSSEE;EN SERVICE;LISSE;;2023-12-12;"50";true;;;OpenStreetMap;WGS84;
5.73969798082595;45.1711829806535;D 5;;;way/195110704;;"38185";COULOIR BUS+VELO;EN AGGLOMERATION;UNIDIRECTIONNEL;;CHAUSSEE;EN SERVICE;LISSE;"38185";AUCUN;EN AGGLOMERATION;;;CHAUSSEE;EN SERVICE;LISSE;;2025-01-06;"50";true;;;OpenStreetMap;WGS84;
5.73942014065871;45.1705535562889;D 269A;;;way/170076693;;"38185";BANDE CYCLABLE;ZONE 30;UNIDIRECTIONNEL;;CHAUSSEE;EN SERVICE;LISSE;"38185";BANDE CYCLABLE;ZONE 30;UNIDIRECTIONNEL;;CHAUSSEE;EN SERVICE;LISSE;ROLLER;2025-01-06;"30";true;;;OpenStreetMap;WGS84;"cadastre-dgi-fr source : Direction Générale des Impôts - Cadastre;mise à jour : 2010"
5.73983732373847;45.1706669550423;D 269A;;;way/1349024909;;"38185";BANDE CYCLABLE;ZONE 30;UNIDIRECTIONNEL;;CHAUSSEE;EN SERVICE;LISSE;"38185";BANDE CYCLABLE;ZONE 30;UNIDIRECTIONNEL;;CHAUSSEE;EN SERVICE;LISSE;ROLLER;2025-01-06;"30";true;;;OpenStreetMap;WGS84;"cadastre-dgi-fr source : Direction Générale des Impôts - Cadastre ; mise à jour : 2010"
5.73779936711841;45.1701343272322;D 269A;;;way/170076692;;"38185";AUTRE;ZONE 30;UNIDIRECTIONNEL;;CHAUSSEE;EN SERVICE;LISSE;"38185";BANDE CYCLABLE;ZONE 30;UNIDIRECTIONNEL;;CHAUSSEE;EN SERVICE;LISSE;ROLLER;2024-07-31;"30";true;;;OpenStreetMap;WGS84;"cadastre-dgi-fr source : Direction Générale des Impôts - Cadastre ; mise à jour : 2010"
5.73585259662722;45.1695456008854;;;;way/493108051;;"38185";VOIE VERTE;;UNIDIRECTIONNEL;;CHAUSSEE;EN SERVICE;LISSE;"38185";AUCUN;;;;;EN SERVICE;LISSE;;2022-07-11;;false;;;OpenStreetMap;WGS84;
5.73556887488154;45.1695635378264;D 269A;;;way/170076694;;"38185";AUTRE;ZONE 30;UNIDIRECTIONNEL;;CHAUSSEE;EN SERVICE;LISSE;"38185";AUTRE;ZONE 30;UNIDIRECTIONNEL;;CHAUSSEE;EN SERVICE;LISSE;ROLLER;2024-06-29;"30";true;;;OpenStreetMap;WGS84;"cadastre-dgi-fr source : Direction Générale des Impôts - Cadastre;mise à jour : 2010"
5.73447545;45.1693099004538;;;;way/170076697;;"38185";AUTRE;ZONE 30;UNIDIRECTIONNEL;;CHAUSSEE;EN SERVICE;LISSE;"38185";AUCUN;ZONE 30;;;;EN SERVICE;LISSE;ROLLER;2024-06-04;"30";true;;;OpenStreetMap;WGS84;
5.73400273289179;45.1691575250421;D 269A;;;way/49789256;;"38185";AUTRE;ZONE 30;UNIDIRECTIONNEL;;CHAUSSEE;EN SERVICE;LISSE;"38185";AUCUN;ZONE 30;;;;EN SERVICE;LISSE;;2022-05-09;"30";true;;;OpenStreetMap;WGS84;"cadastre-dgi-fr source : Direction Générale des Impôts - Cadastre ; mise à jour : 2010"
5.74011617553607;45.1703028963778;D 5;;;way/195110705;;"38185";COULOIR BUS+VELO;EN AGGLOMERATION;UNIDIRECTIONNEL;;CHAUSSEE;EN SERVICE;LISSE;"38185";AUCUN;EN AGGLOMERATION;;;;EN SERVICE;LISSE;;2025-01-06;"50";true;;;OpenStreetMap;WGS84;
5.72639819785477;45.1768591411266;;;;way/983668999;;"38185";BANDE CYCLABLE;EN AGGLOMERATION;UNIDIRECTIONNEL;;CHAUSSEE;EN SERVICE;LISSE;"38185";AUCUN;EN AGGLOMERATION;;;;EN SERVICE;LISSE;;2022-10-23;"50";true;;;OpenStreetMap;WGS84;
5.72668060605034;45.1769551717583;;;;way/983668998;;"38185";BANDE CYCLABLE;EN AGGLOMERATION;UNIDIRECTIONNEL;;CHAUSSEE;EN SERVICE;LISSE;"38185";AUCUN;EN AGGLOMERATION;;;;EN SERVICE;LISSE;;2022-10-23;"50";true;;;OpenStreetMap;WGS84;
5.72698681249185;45.1773442666801;;;;way/237147555;;"38185";BANDE CYCLABLE;EN AGGLOMERATION;UNIDIRECTIONNEL;;CHAUSSEE;EN SERVICE;LISSE;"38185";AUCUN;EN AGGLOMERATION;;;;EN SERVICE;LISSE;;2022-10-23;"50";true;;;OpenStreetMap;WGS84;
5.7275226717914;45.1780149214031;;;;way/918249184;;"38185";BANDE CYCLABLE;EN AGGLOMERATION;UNIDIRECTIONNEL;;CHAUSSEE;EN SERVICE;LISSE;"38185";AUCUN;EN AGGLOMERATION;;;;EN SERVICE;LISSE;;2022-10-23;"50";true;;;OpenStreetMap;WGS84;
5.72769364222961;45.1783748099993;;;;way/918249197;;"38185";COULOIR BUS+VELO;EN AGGLOMERATION;UNIDIRECTIONNEL;;CHAUSSEE;EN SERVICE;LISSE;"38185";BANDE CYCLABLE;EN AGGLOMERATION;UNIDIRECTIONNEL;;CHAUSSEE;EN SERVICE;LISSE;;2024-08-12;"50";true;;;OpenStreetMap;WGS84;
5.71894260578117;45.193426082967;;;;way/260110457;;"38185";PISTE CYCLABLE;;BIDIRECTIONNEL;;TROTTOIR;EN SERVICE;LISSE;"38185";AUCUN;;;;;EN SERVICE;LISSE;;2023-09-26;;true;;;OpenStreetMap;WGS84;
5.71871255842776;45.1941024639626;D 1075;;;way/377298878;;"38185";COULOIR BUS+VELO;ZONE 30;UNIDIRECTIONNEL;;CHAUSSEE;EN SERVICE;LISSE;"38185";AUCUN;ZONE 30;;;CHAUSSEE;EN SERVICE;LISSE;;2024-07-22;"30";;;;OpenStreetMap;WGS84;cadastre-dgi-fr source : Direction Générale des Impôts - Cadastre. Mise à jour : 2010
5.71997715;45.1943274504707;;;;way/385925537;;"38185";RAMPE;;BIDIRECTIONNEL;;TROTTOIR;EN SERVICE;RUGUEUX;"38185";AUCUN;;;;;EN SERVICE;RUGUEUX;;2021-05-02;;false;;;OpenStreetMap;WGS84;
5.71995145536609;45.1933282936498;;;;way/385162864;;"38185";VOIE VERTE;;BIDIRECTIONNEL;;CHAUSSEE;EN SERVICE;LISSE;"38185";AUCUN;;;;;EN SERVICE;LISSE;;2023-02-26;;false;;;OpenStreetMap;WGS84;
5.71951425935332;45.1932600452428;;;;way/360167549;;"38185";VOIE VERTE;;BIDIRECTIONNEL;;CHAUSSEE;EN SERVICE;LISSE;"38185";AUCUN;;;;;EN SERVICE;LISSE;;2021-06-05;;false;;;OpenStreetMap;WGS84;
5.72057775;45.1923459004575;;;;way/489129568;;"38185";PISTE CYCLABLE;;UNIDIRECTIONNEL;;TROTTOIR;EN SERVICE;LISSE;"38185";AUCUN;;;;;EN SERVICE;LISSE;;2019-05-02;;true;;;OpenStreetMap;WGS84;
5.72017920344641;45.1918740124377;;;;way/290670688;;"38185";PISTE CYCLABLE;;UNIDIRECTIONNEL;;TROTTOIR;EN SERVICE;LISSE;"38185";AUCUN;;;;;EN SERVICE;LISSE;;2021-06-09;;true;;;OpenStreetMap;WGS84;cadastre-dgi-fr source : Direction Générale des Impôts - Cadastre. Mise à jour : 2014
5.72255522899679;45.1934600588145;;;;way/1265875201;;"38185";PISTE CYCLABLE;;BIDIRECTIONNEL;;TROTTOIR;EN SERVICE;LISSE;"38185";AUCUN;;;;;EN SERVICE;LISSE;ROLLER;2024-06-23;;true;;;OpenStreetMap;WGS84;
5.71701987579001;45.1959074335763;VV2;;;way/377847107;;"38185";VOIE VERTE;;BIDIRECTIONNEL;;CHAUSSEE;EN SERVICE;LISSE;"38185";AUCUN;;;;;EN SERVICE;LISSE;ROLLER;2024-10-25;;;;;OpenStreetMap;WGS84;
5.73680518074511;45.1966343787271;;;;way/981967130;;"38185";VOIE VERTE;;BIDIRECTIONNEL;;CHAUSSEE;EN SERVICE;LISSE;"38185";AUCUN;;;;;EN SERVICE;LISSE;;2024-08-19;;true;;;OpenStreetMap;WGS84;
5.71820471073694;45.1829576413093;;;;way/37865898;;"38185";BANDE CYCLABLE;ZONE 30;UNIDIRECTIONNEL;;CHAUSSEE;EN SERVICE;LISSE;"38185";BANDE CYCLABLE;ZONE 30;UNIDIRECTIONNEL;;CHAUSSEE;EN SERVICE;LISSE;ROLLER;2024-11-28;"30";true;;;OpenStreetMap;WGS84;"cadastre-dgi-fr source : Direction Générale des Impôts - Cadastre;mise à jour : 2009"
5.7182526;45.1829621004498;;;;way/37865899;;"38185";BANDE CYCLABLE;ZONE 30;UNIDIRECTIONNEL;;CHAUSSEE;EN SERVICE;LISSE;"38185";BANDE CYCLABLE;ZONE 30;UNIDIRECTIONNEL;;CHAUSSEE;EN SERVICE;LISSE;ROLLER;2024-11-28;"30";true;;;OpenStreetMap;WGS84;"cadastre-dgi-fr source : Direction Générale des Impôts - Cadastre;mise à jour : 2009"
5.71709425;45.1828982005134;;;;way/463338016;;"38185";VOIE VERTE;AIRE PIETONNE;UNIDIRECTIONNEL;;TROTTOIR;EN SERVICE;LISSE;"38185";AUCUN;;;;;EN SERVICE;LISSE;;2022-10-21;;true;;;OpenStreetMap;WGS84;
5.7201106;45.1914900509178;D 1075;;;way/224500299;;"38185";BANDE CYCLABLE;ZONE 30;UNIDIRECTIONNEL;;CHAUSSEE;EN SERVICE;LISSE;"38185";AUCUN;ZONE 30;;;;EN SERVICE;LISSE;;2024-07-31;"30";true;;;OpenStreetMap;WGS84;
5.71707655405494;45.1915483402619;;;;way/489129659;;"38185";PISTE CYCLABLE;;BIDIRECTIONNEL;;TROTTOIR;EN SERVICE;LISSE;"38185";AUCUN;;;;;EN SERVICE;LISSE;;2023-01-31;;true;;;OpenStreetMap;WGS84;
5.7198711588239;45.19022652859;D 1075;;;way/278505243;;"38185";BANDE CYCLABLE;EN AGGLOMERATION;UNIDIRECTIONNEL;;CHAUSSEE;EN SERVICE;LISSE;"38185";AUCUN;EN AGGLOMERATION;;;;EN SERVICE;LISSE;ROLLER;2024-08-04;"30";true;;;OpenStreetMap;WGS84;
5.71995470521662;45.1902446160925;;;;way/229931877;;"38185";PISTE CYCLABLE;;UNIDIRECTIONNEL;;TROTTOIR;EN SERVICE;LISSE;"38185";AUCUN;;;;;EN SERVICE;LISSE;ROLLER;2022-10-21;;true;;;OpenStreetMap;WGS84;
5.71977285;45.1908759004541;;;;way/500142053;;"38185";VOIE VERTE;;UNIDIRECTIONNEL;;CHAUSSEE;EN SERVICE;LISSE;"38185";AUCUN;;;;;EN SERVICE;LISSE;;2022-10-21;;true;;;OpenStreetMap;WGS84;cadastre-dgi-fr source : Direction Générale des Impôts - Cadastre. Mise à jour : 2014
5.71976392030822;45.1909533114589;;;;way/463337798;;"38185";COULOIR BUS+VELO;;UNIDIRECTIONNEL;;CHAUSSEE;EN SERVICE;LISSE;"38185";AUCUN;;;;;EN SERVICE;LISSE;;2024-07-31;;true;;;OpenStreetMap;WGS84;
5.72026726483554;45.1910376856471;;;;way/282084850;;"38185";VOIE VERTE;;UNIDIRECTIONNEL;"2";CHAUSSEE;EN SERVICE;LISSE;"38185";AUCUN;;;"2";;EN SERVICE;LISSE;;2023-11-21;;true;;;OpenStreetMap;WGS84;
5.72010088046239;45.1908541592954;D 1075;;;way/278505260;;"38185";BANDE CYCLABLE;ZONE 30;UNIDIRECTIONNEL;;CHAUSSEE;EN SERVICE;LISSE;"38185";AUCUN;ZONE 30;;;;EN SERVICE;LISSE;;2024-07-31;"30";true;;;OpenStreetMap;WGS84;
5.7192632770722;45.1880590146062;;;;way/781553943;;"38185";VOIE VERTE;AIRE PIETONNE;BIDIRECTIONNEL;;TROTTOIR;EN SERVICE;LISSE;"38185";AUCUN;;;;;EN SERVICE;LISSE;;2025-01-08;;true;;;OpenStreetMap;WGS84;
5.71928175292787;45.1879956381716;;;;way/781553944;;"38185";PISTE CYCLABLE;;UNIDIRECTIONNEL;;TROTTOIR;EN SERVICE;LISSE;"38185";AUCUN;;;;;EN SERVICE;LISSE;;2023-09-10;;true;;;OpenStreetMap;WGS84;
5.71879705;45.1879547504537;;;;way/488863102;;"38185";VOIE VERTE;AIRE PIETONNE;BIDIRECTIONNEL;;TROTTOIR;EN SERVICE;LISSE;"38185";AUCUN;;;;;EN SERVICE;LISSE;ROLLER;2025-01-08;;true;;;OpenStreetMap;WGS84;
5.71882772513656;45.188041134239;;;;way/463337926;;"38185";VOIE VERTE;AIRE PIETONNE;BIDIRECTIONNEL;;TROTTOIR;EN SERVICE;LISSE;"38185";AUCUN;;;;;EN SERVICE;LISSE;ROLLER;2025-01-08;;true;;;OpenStreetMap;WGS84;
5.71911451308844;45.1888862431207;;;;way/243390494;;"38185";AMENAGEMENT MIXTE PIETON VELO HORS VOIE VERTE;AIRE PIETONNE;BIDIRECTIONNEL;;TROTTOIR;EN SERVICE;LISSE;"38185";AUCUN;;;;;EN SERVICE;LISSE;ROLLER;2023-11-05;;true;;;OpenStreetMap;WGS84;
5.71919503132864;45.1888119512382;D 1075;;;way/463337917;;"38185";BANDE CYCLABLE;EN AGGLOMERATION;UNIDIRECTIONNEL;;CHAUSSEE;EN SERVICE;LISSE;"38185";AUCUN;EN AGGLOMERATION;;;;EN SERVICE;LISSE;ROLLER;2024-07-31;"30";true;;;OpenStreetMap;WGS84;
5.71568766807544;45.1893663592338;;;;way/697085655;;"38185";PISTE CYCLABLE;;BIDIRECTIONNEL;;TROTTOIR;EN SERVICE;LISSE;"38185";AUCUN;;;;;EN SERVICE;LISSE;ROLLER;2024-07-07;;true;;;OpenStreetMap;WGS84;
5.7159084;45.1878753010881;;;;way/7648248;;"38185";PISTE CYCLABLE;;BIDIRECTIONNEL;;TROTTOIR;EN SERVICE;LISSE;"38185";AUCUN;;;;;EN SERVICE;LISSE;ROLLER;2024-11-06;;false;;;OpenStreetMap;WGS84;
5.71663204742895;45.1858529730032;;;;way/1068764676;;"38185";AUTRE;ZONE 30;;;;EN SERVICE;LISSE;"38185";DOUBLE SENS CYCLABLE NON MATERIALISE;ZONE 30;UNIDIRECTIONNEL;;CHAUSSEE;EN SERVICE;LISSE;;2024-11-06;"30";true;;;OpenStreetMap;WGS84;
5.71762715391172;45.1837971071433;;;;way/866584327;;"38185";PISTE CYCLABLE;;BIDIRECTIONNEL;;TROTTOIR;EN SERVICE;LISSE;"38185";AUCUN;;;;;EN SERVICE;LISSE;ROLLER;2025-01-04;;true;;;OpenStreetMap;WGS84;
5.71784970058401;45.1845287291177;;;;way/870859338;;"38185";PISTE CYCLABLE;;BIDIRECTIONNEL;;TROTTOIR;EN SERVICE;LISSE;"38185";AUCUN;;;;;EN SERVICE;LISSE;ROLLER;2024-05-09;;true;;;OpenStreetMap;WGS84;
5.71787955934536;45.1842487808466;D 1075;;;way/69486605;;"38185";AUTRE;ZONE 30;UNIDIRECTIONNEL;;CHAUSSEE;EN SERVICE;LISSE;"38185";AUCUN;ZONE 30;;;;EN SERVICE;LISSE;ROLLER;2024-05-09;"30";true;;;OpenStreetMap;WGS84;
5.71831415050668;45.1858652543219;;;;way/47113999;;"38185";AUTRE;EN AGGLOMERATION;UNIDIRECTIONNEL;;CHAUSSEE;EN SERVICE;LISSE;"38185";AUTRE;EN AGGLOMERATION;UNIDIRECTIONNEL;;CHAUSSEE;EN SERVICE;LISSE;ROLLER;2024-07-31;"30";true;;;OpenStreetMap;WGS84;cadastre-dgi-fr source : Direction Générale des Impôts - Cadastre. Mise à jour : 2009
5.7185518;45.1859361504555;;;;way/488863104;;"38185";VOIE VERTE;;UNIDIRECTIONNEL;;CHAUSSEE;EN SERVICE;LISSE;"38185";AUCUN;;;;;EN SERVICE;LISSE;;2022-10-21;;true;;;OpenStreetMap;WGS84;
5.71820436493953;45.186089951962;;;;way/237187218;;"38185";PISTE CYCLABLE;;UNIDIRECTIONNEL;;TROTTOIR;EN SERVICE;LISSE;"38185";AUCUN;;;;;EN SERVICE;LISSE;ROLLER;2023-11-05;;true;;;OpenStreetMap;WGS84;cadastre-dgi-fr source : Direction Générale des Impôts - Cadastre. Mise à jour : 2010
5.71836696271218;45.1857138183231;D 1075;;;way/278505262;;"38185";BANDE CYCLABLE;EN AGGLOMERATION;UNIDIRECTIONNEL;;CHAUSSEE;EN SERVICE;LISSE;"38185";AUCUN;EN AGGLOMERATION;;;;EN SERVICE;LISSE;ROLLER;2024-07-31;"30";true;;;OpenStreetMap;WGS84;
5.71812298974983;45.1850176349604;D 1075;;;way/300636498;;"38185";BANDE CYCLABLE;EN AGGLOMERATION;UNIDIRECTIONNEL;;CHAUSSEE;EN SERVICE;LISSE;"38185";AUCUN;EN AGGLOMERATION;;;;EN SERVICE;LISSE;;2025-01-04;"30";true;;;OpenStreetMap;WGS84;cadastre-dgi-fr source : Direction Générale des Impôts - Cadastre. Mise à jour : 2014
5.7213062649487;45.1836890542447;;;;way/1279934055;;"38185";BANDE CYCLABLE;ZONE 30;UNIDIRECTIONNEL;;CHAUSSEE;EN SERVICE;LISSE;"38185";BANDE CYCLABLE;ZONE 30;UNIDIRECTIONNEL;;CHAUSSEE;EN SERVICE;LISSE;ROLLER;2024-05-20;"30";true;;;OpenStreetMap;WGS84;
5.72284704035391;45.1901648016153;;;;way/23015999;;"38185";AUCUN;EN AGGLOMERATION;;;;EN SERVICE;LISSE;"38185";DOUBLE SENS CYCLABLE NON MATERIALISE;EN AGGLOMERATION;UNIDIRECTIONNEL;;CHAUSSEE;EN SERVICE;LISSE;;2024-11-01;"30";true;;;OpenStreetMap;WGS84;"v2;cadastre-dgi-fr source : Direction Générale des Impôts - Cadastre;mise à jour : 2009"
5.72162081607382;45.19173076921;;;;way/236815260;;"38185";AUCUN;EN AGGLOMERATION;;;;EN SERVICE;LISSE;"38185";DOUBLE SENS CYCLABLE NON MATERIALISE;EN AGGLOMERATION;UNIDIRECTIONNEL;;CHAUSSEE;EN SERVICE;LISSE;;2024-11-01;"30";true;;;OpenStreetMap;WGS84;"v2;cadastre-dgi-fr source : Direction Générale des Impôts - Cadastre;mise à jour : 2009"
5.7111707667782;45.1914655031316;D 106;;;way/295019348;;"38185";BANDE CYCLABLE;ZONE 30;UNIDIRECTIONNEL;;CHAUSSEE;EN SERVICE;LISSE;"38185";BANDE CYCLABLE;ZONE 30;UNIDIRECTIONNEL;;CHAUSSEE;EN SERVICE;LISSE;;2024-08-14;"30";true;;;OpenStreetMap;WGS84;
5.7138361;45.191247150461;;;;way/1305619282;;"38185";RAMPE;;BIDIRECTIONNEL;;TROTTOIR;EN SERVICE;LISSE;"38185";AUCUN;;;;;EN SERVICE;LISSE;;2024-10-26;;true;;;OpenStreetMap;WGS84;
5.71470525;45.1902358004569;;;;way/196677721;;"38185";RAMPE;;BIDIRECTIONNEL;;TROTTOIR;EN SERVICE;LISSE;"38185";AUCUN;;;;;EN SERVICE;LISSE;;2025-01-13;;true;;;OpenStreetMap;WGS84;
5.71622430326166;45.1913795924569;;;;way/489129660;;"38185";PISTE CYCLABLE;;BIDIRECTIONNEL;;TROTTOIR;EN SERVICE;LISSE;"38185";AUCUN;;;;;EN SERVICE;LISSE;;2023-02-26;;true;;;OpenStreetMap;WGS84;
5.71661033959806;45.1918189241167;;;;way/33790856;;"38185";AUTRE;EN AGGLOMERATION;UNIDIRECTIONNEL;;CHAUSSEE;EN SERVICE;LISSE;"38185";DOUBLE SENS CYCLABLE NON MATERIALISE;EN AGGLOMERATION;UNIDIRECTIONNEL;;CHAUSSEE;EN SERVICE;LISSE;;2024-07-31;"30";true;;;OpenStreetMap;WGS84;cadastre-dgi-fr source : Direction Générale des Impôts - Cadastre. Mise à jour : 2009
5.71560061732071;45.1886801815357;;;;way/26746599;;"38185";PISTE CYCLABLE;;BIDIRECTIONNEL;;TROTTOIR;EN SERVICE;LISSE;"38185";AUCUN;;;;;EN SERVICE;LISSE;;2023-02-26;;true;;;OpenStreetMap;WGS84;
5.71512507489457;45.1883375003739;D 106;;;way/4322294;;"38185";BANDE CYCLABLE;ZONE 30;UNIDIRECTIONNEL;;CHAUSSEE;EN SERVICE;LISSE;"38185";AUCUN;ZONE 30;;;;EN SERVICE;LISSE;;2024-07-31;"30";true;;;OpenStreetMap;WGS84;
5.72886359737641;45.1903563558862;;;;way/4320826;;"38185";AUTRE;ZONE 30;;;;EN SERVICE;LISSE;"38185";DOUBLE SENS CYCLABLE NON MATERIALISE;ZONE 30;UNIDIRECTIONNEL;;CHAUSSEE;EN SERVICE;LISSE;ROLLER;2024-08-12;"30";true;;;OpenStreetMap;WGS84;
5.72969131196384;45.1905180809236;;;;way/4262415;;"38185";AUTRE;ZONE 30;;;;EN SERVICE;LISSE;"38185";DOUBLE SENS CYCLABLE NON MATERIALISE;ZONE 30;UNIDIRECTIONNEL;;CHAUSSEE;EN SERVICE;LISSE;ROLLER;2024-10-18;"30";true;;;OpenStreetMap;WGS84;
5.7323268560227;45.1901209366302;;;;way/4262554;;"38185";AUTRE;ZONE 30;;;;EN SERVICE;LISSE;"38185";DOUBLE SENS CYCLABLE NON MATERIALISE;ZONE 30;UNIDIRECTIONNEL;;CHAUSSEE;EN SERVICE;LISSE;;2023-09-04;"30";true;;;OpenStreetMap;WGS84;
5.73312441372366;45.1898509507446;;;;way/489662720;;"38185";PISTE CYCLABLE;;UNIDIRECTIONNEL;;TROTTOIR;EN SERVICE;LISSE;"38185";AUCUN;;;;;EN SERVICE;LISSE;;2024-07-22;;true;;;OpenStreetMap;WGS84;
5.7336002;45.1900023504506;;;;way/489662722;;"38185";BANDE CYCLABLE;EN AGGLOMERATION;UNIDIRECTIONNEL;;CHAUSSEE;EN SERVICE;LISSE;"38185";AUCUN;EN AGGLOMERATION;;;;EN SERVICE;LISSE;;2024-08-12;"30";true;;;OpenStreetMap;WGS84;
5.73733694958364;45.1907113006138;;;;way/39948637;;"38185";BANDE CYCLABLE;EN AGGLOMERATION;UNIDIRECTIONNEL;;CHAUSSEE;EN SERVICE;LISSE;"38185";AUCUN;EN AGGLOMERATION;;;;EN SERVICE;LISSE;;2024-11-02;"30";true;;;OpenStreetMap;WGS84;
5.73699305;45.190615550454;;;;way/39948636;;"38185";BANDE CYCLABLE;EN AGGLOMERATION;UNIDIRECTIONNEL;;CHAUSSEE;EN SERVICE;LISSE;"38185";AUCUN;EN AGGLOMERATION;;;;EN SERVICE;LISSE;;2024-08-12;"30";true;;;OpenStreetMap;WGS84;
5.73564944749184;45.1901185358273;;;;way/281394070;;"38185";BANDE CYCLABLE;EN AGGLOMERATION;UNIDIRECTIONNEL;;CHAUSSEE;EN SERVICE;LISSE;"38185";AUCUN;EN AGGLOMERATION;;;;EN SERVICE;LISSE;;2024-03-28;"30";true;;;OpenStreetMap;WGS84;
5.73680036130498;45.1905447852726;;;;way/343963083;;"38185";BANDE CYCLABLE;EN AGGLOMERATION;UNIDIRECTIONNEL;;CHAUSSEE;EN SERVICE;LISSE;"38185";AUCUN;EN AGGLOMERATION;;;;EN SERVICE;LISSE;;2024-08-12;"30";true;;;OpenStreetMap;WGS84;
5.7375812;45.1898282505352;;;;way/1106535697;;"38185";AMENAGEMENT MIXTE PIETON VELO HORS VOIE VERTE;AIRE PIETONNE;BIDIRECTIONNEL;;TROTTOIR;EN SERVICE;LISSE;"38185";AUCUN;;;;;EN SERVICE;LISSE;;2023-05-30;;;;Rampe qui permet de passer de la partie haute de la place à la partie basse;OpenStreetMap;WGS84;survey
5.73779267105455;45.1906493481565;;;;way/8016258;;"38185";AUTRE;ZONE DE RENCONTRE;UNIDIRECTIONNEL;;CHAUSSEE;EN SERVICE;LISSE;"38185";AUTRE;ZONE DE RENCONTRE;UNIDIRECTIONNEL;;CHAUSSEE;EN SERVICE;LISSE;;2024-07-21;"20";true;;;OpenStreetMap;WGS84;
5.73809801438878;45.1909338466427;;;;way/53088434;;"38185";BANDE CYCLABLE;EN AGGLOMERATION;UNIDIRECTIONNEL;;CHAUSSEE;EN SERVICE;LISSE;"38185";AUCUN;EN AGGLOMERATION;;;;EN SERVICE;LISSE;;2024-04-07;"30";true;;;OpenStreetMap;WGS84;
5.73796986022669;45.1909819633413;;;;way/40416245;;"38185";BANDE CYCLABLE;EN AGGLOMERATION;UNIDIRECTIONNEL;;CHAUSSEE;EN SERVICE;LISSE;"38185";AUCUN;EN AGGLOMERATION;;;;EN SERVICE;LISSE;;2024-04-07;"30";true;;;OpenStreetMap;WGS84;
5.73920819762562;45.1904582555035;;;;way/1302889272;;"38185";AMENAGEMENT MIXTE PIETON VELO HORS VOIE VERTE;AIRE PIETONNE;BIDIRECTIONNEL;;TROTTOIR;EN SERVICE;MEUBLE;"38185";AUCUN;;;;;EN SERVICE;MEUBLE;;2024-07-21;;;;;OpenStreetMap;WGS84;
5.73926226575826;45.1900870694762;;;;way/44141288;;"38185";AMENAGEMENT MIXTE PIETON VELO HORS VOIE VERTE;AIRE PIETONNE;BIDIRECTIONNEL;;TROTTOIR;EN SERVICE;MEUBLE;"38185";AUCUN;;;;;EN SERVICE;MEUBLE;;2024-07-21;;false;;;OpenStreetMap;WGS84;"cadastre-dgi-fr source : Direction Générale des Impôts - Cadastre;mise à jour : 2009"
5.7391753;45.189704350452;;;;way/1302889269;;"38185";AMENAGEMENT MIXTE PIETON VELO HORS VOIE VERTE;AIRE PIETONNE;BIDIRECTIONNEL;;TROTTOIR;EN SERVICE;MEUBLE;"38185";AUCUN;;;;;EN SERVICE;MEUBLE;;2024-07-21;;;;;OpenStreetMap;WGS84;
5.73808615608876;45.1896738058869;;;;way/85388346;;"38185";AMENAGEMENT MIXTE PIETON VELO HORS VOIE VERTE;AIRE PIETONNE;BIDIRECTIONNEL;;TROTTOIR;EN SERVICE;LISSE;"38185";AUCUN;;;;;EN SERVICE;LISSE;;2024-06-15;;;;;OpenStreetMap;WGS84;
5.7326314850941;45.1896521775149;;;;way/489662721;;"38185";BANDE CYCLABLE;EN AGGLOMERATION;UNIDIRECTIONNEL;;CHAUSSEE;EN SERVICE;LISSE;"38185";AUCUN;EN AGGLOMERATION;;;;EN SERVICE;LISSE;;2024-08-12;"30";true;;;OpenStreetMap;WGS84;
5.7409549;45.189586450471;;;;way/1302870547;;"38185";AMENAGEMENT MIXTE PIETON VELO HORS VOIE VERTE;;BIDIRECTIONNEL;;CHAUSSEE;EN SERVICE;MEUBLE;"38185";AUCUN;;;;;EN SERVICE;MEUBLE;;2024-07-21;;;;;OpenStreetMap;WGS84;
5.74088775;45.189700950451;;;;way/328866793;;"38185";VOIE VERTE;AIRE PIETONNE;BIDIRECTIONNEL;;TROTTOIR;EN SERVICE;LISSE;"38185";AUCUN;;;;;EN SERVICE;LISSE;;2024-09-30;;true;;;OpenStreetMap;WGS84;
5.74035660558058;45.1900743151374;;;;way/322550013;;"38185";VOIE VERTE;AIRE PIETONNE;BIDIRECTIONNEL;;TROTTOIR;EN SERVICE;LISSE;"38185";AUCUN;;;;;EN SERVICE;LISSE;;2024-09-30;;true;;;OpenStreetMap;WGS84;"cadastre-dgi-fr source : Direction Générale des Impôts - Cadastre;mise à jour : 2009"
5.7402865;45.1905478004538;;;;way/264874312;;"38185";VOIE VERTE;AIRE PIETONNE;BIDIRECTIONNEL;;TROTTOIR;EN SERVICE;LISSE;"38185";AUCUN;;;;;EN SERVICE;LISSE;;2024-09-30;;true;;;OpenStreetMap;WGS84;"cadastre-dgi-fr source : Direction Générale des Impôts - Cadastre;mise à jour : 2009"
5.74145063916027;45.1901774545718;;;;way/244086431;;"38185";AMENAGEMENT MIXTE PIETON VELO HORS VOIE VERTE;AIRE PIETONNE;BIDIRECTIONNEL;;TROTTOIR;EN SERVICE;RUGUEUX;"38185";AUCUN;;;;;EN SERVICE;RUGUEUX;;2024-04-02;;false;;;OpenStreetMap;WGS84;"cadastre-dgi-fr source : Direction Générale des Impôts - Cadastre;mise à jour : 2009"
5.74146562021416;45.1904052906319;;;;way/597715452;;"38185";VOIE VERTE;AIRE PIETONNE;BIDIRECTIONNEL;;TROTTOIR;EN SERVICE;LISSE;"38185";AUCUN;;;;;EN SERVICE;LISSE;;2024-09-30;;true;;;OpenStreetMap;WGS84;
5.74126772626159;45.1902305650522;;;;way/348324995;;"38185";AMENAGEMENT MIXTE PIETON VELO HORS VOIE VERTE;AIRE PIETONNE;BIDIRECTIONNEL;;TROTTOIR;EN SERVICE;MEUBLE;"38185";AUCUN;;;;;EN SERVICE;MEUBLE;VELO DE ROUTE;2024-09-30;;true;;;OpenStreetMap;WGS84;"cadastre-dgi-fr source : Direction Générale des Impôts - Cadastre ; mise à jour : 2009"
5.74296295;45.1899203016575;;;;way/755234060;;"38185";PISTE CYCLABLE;;BIDIRECTIONNEL;;TROTTOIR;EN SERVICE;LISSE;"38185";AUCUN;;;;;EN SERVICE;LISSE;;2023-02-18;;true;;;OpenStreetMap;WGS84;
5.72407015198518;45.1604249864845;;;;way/189245697;;"38185";COULOIR BUS+VELO;ZONE 30;UNIDIRECTIONNEL;;CHAUSSEE;EN SERVICE;LISSE;"38185";AUCUN;ZONE 30;;;;EN SERVICE;LISSE;;2022-11-09;"30";true;;;OpenStreetMap;WGS84;
5.7240875855149;45.1596942706299;;;;way/177593528;;"38185";COULOIR BUS+VELO;ZONE 30;UNIDIRECTIONNEL;;CHAUSSEE;EN SERVICE;LISSE;"38185";AUCUN;ZONE 30;;;;EN SERVICE;LISSE;;2021-07-21;"30";true;;;OpenStreetMap;WGS84;cadastre-dgi-fr source : Direction Générale des Impôts - Cadastre. Mise à jour : 2012
5.72417459413089;45.1595314752097;;;;way/1328602174;;"38185";PISTE CYCLABLE;;BIDIRECTIONNEL;;TROTTOIR;EN SERVICE;;"38185";AUCUN;;;;;EN SERVICE;;;2024-10-27;;;;;OpenStreetMap;WGS84;
5.72422357796988;45.159309316653;D 5B;;;way/1328602225;;"38185";BANDE CYCLABLE;EN AGGLOMERATION;UNIDIRECTIONNEL;;CHAUSSEE;EN SERVICE;LISSE;"38185";AUCUN;EN AGGLOMERATION;;;;EN SERVICE;LISSE;;2024-10-27;"50";true;;;OpenStreetMap;WGS84;
5.72410396972721;45.1593837058793;;;;way/4342192;;"38185";BANDE CYCLABLE;;UNIDIRECTIONNEL;;CHAUSSEE;EN SERVICE;LISSE;"38185";AUTRE;;UNIDIRECTIONNEL;;CHAUSSEE;EN SERVICE;LISSE;;2024-10-27;;;;;OpenStreetMap;WGS84;
5.7231924144597;45.159486083124;D 5B;;;way/292166871;;"38185";BANDE CYCLABLE;EN AGGLOMERATION;UNIDIRECTIONNEL;;CHAUSSEE;EN SERVICE;LISSE;"38185";AUCUN;EN AGGLOMERATION;;;;EN SERVICE;LISSE;;2024-10-27;"50";true;;;OpenStreetMap;WGS84;
5.72241052243755;45.1598820498244;D 5B;;;way/292166868;;"38185";COULOIR BUS+VELO;EN AGGLOMERATION;UNIDIRECTIONNEL;;CHAUSSEE;EN SERVICE;LISSE;"38185";AUCUN;EN AGGLOMERATION;;;;EN SERVICE;LISSE;;2022-09-01;"50";true;;;OpenStreetMap;WGS84;
5.71385415;45.1598479504546;;;;way/878181771;;"38185";AUCUN;EN AGGLOMERATION;;;;EN SERVICE;LISSE;"38185";BANDE CYCLABLE;EN AGGLOMERATION;UNIDIRECTIONNEL;;CHAUSSEE;EN SERVICE;LISSE;;2020-11-27;"30";;;;OpenStreetMap;WGS84;
5.71370810903208;45.1592431214005;;;;way/5995725;;"38185";COULOIR BUS+VELO;EN AGGLOMERATION;UNIDIRECTIONNEL;;CHAUSSEE;EN SERVICE;LISSE;"38185";AUCUN;EN AGGLOMERATION;;;;EN SERVICE;LISSE;;2022-09-01;"50";;;;OpenStreetMap;WGS84;
5.71356283200586;45.1593295197347;;;;way/865751036;;"38185";PISTE CYCLABLE;;BIDIRECTIONNEL;;TROTTOIR;EN SERVICE;LISSE;"38185";AUCUN;;;;;EN SERVICE;LISSE;;2023-02-15;;;;;OpenStreetMap;WGS84;
5.71386155;45.1597420005225;;;;way/878181782;;"38185";COULOIR BUS+VELO;EN AGGLOMERATION;UNIDIRECTIONNEL;;CHAUSSEE;EN SERVICE;LISSE;"38185";AUCUN;EN AGGLOMERATION;;;;EN SERVICE;LISSE;;2022-09-01;"50";;;;OpenStreetMap;WGS84;
5.72156543628414;45.159782354355;D 5B;;;way/1328602224;;"38185";BANDE CYCLABLE;EN AGGLOMERATION;UNIDIRECTIONNEL;;CHAUSSEE;EN SERVICE;LISSE;"38185";AUCUN;EN AGGLOMERATION;;;;EN SERVICE;LISSE;;2024-10-27;"50";true;;;OpenStreetMap;WGS84;
5.7202366;45.1593447004679;;;;way/1272973864;;"38185";PISTE CYCLABLE;;UNIDIRECTIONNEL;;TROTTOIR;EN SERVICE;LISSE;"38185";AUCUN;;;;;EN SERVICE;LISSE;;2024-04-16;;true;;;OpenStreetMap;WGS84;
5.71974935;45.1599097504939;;;;way/1272973862;;"38185";PISTE CYCLABLE;;UNIDIRECTIONNEL;;TROTTOIR;EN SERVICE;LISSE;"38185";AUCUN;;;;;EN SERVICE;LISSE;;2024-04-16;;true;;;OpenStreetMap;WGS84;
5.73382496844848;45.1593962431833;D 5B;;;way/13506712;;"38185";BANDE CYCLABLE;EN AGGLOMERATION;UNIDIRECTIONNEL;;CHAUSSEE;EN SERVICE;LISSE;"38185";AUCUN;EN AGGLOMERATION;;;;EN SERVICE;LISSE;;2024-12-08;"50";true;;;OpenStreetMap;WGS84;
5.73352565;45.1574016004535;;;;way/1118406973;;"38185";VOIE VERTE;AIRE PIETONNE;BIDIRECTIONNEL;;TROTTOIR;EN SERVICE;;"38185";AUCUN;;;;;EN SERVICE;;;2024-04-07;;true;;;OpenStreetMap;WGS84;
5.73329563058425;45.1587992419984;D 5B;;;way/166956877;;"38185";BANDE CYCLABLE;EN AGGLOMERATION;UNIDIRECTIONNEL;;CHAUSSEE;EN SERVICE;LISSE;"38185";AUCUN;EN AGGLOMERATION;;;;EN SERVICE;LISSE;;2024-12-08;"50";true;;;OpenStreetMap;WGS84;
5.73178338111385;45.1573998761507;;;;way/494491646;;"38185";VOIE VERTE;AIRE PIETONNE;BIDIRECTIONNEL;;TROTTOIR;EN SERVICE;;"38185";AUCUN;;;;;EN SERVICE;;;2019-12-22;;;;;OpenStreetMap;WGS84;
5.73185681031031;45.158833973641;D 5B;;;way/40406761;;"38185";BANDE CYCLABLE;EN AGGLOMERATION;UNIDIRECTIONNEL;;CHAUSSEE;EN SERVICE;LISSE;"38185";AUCUN;EN AGGLOMERATION;;;;EN SERVICE;LISSE;;2024-12-08;"50";true;;;OpenStreetMap;WGS84;
5.72861591349497;45.1591459377333;D 5B;;;way/1328602228;;"38185";BANDE CYCLABLE;EN AGGLOMERATION;UNIDIRECTIONNEL;;CHAUSSEE;EN SERVICE;LISSE;"38185";AUCUN;EN AGGLOMERATION;;;;EN SERVICE;LISSE;;2024-10-27;"50";true;;;OpenStreetMap;WGS84;
5.7286127307178;45.1591126822159;D 5B;;;way/1328602227;;"38185";BANDE CYCLABLE;EN AGGLOMERATION;UNIDIRECTIONNEL;;CHAUSSEE;EN SERVICE;LISSE;"38185";AUCUN;EN AGGLOMERATION;;;;EN SERVICE;LISSE;;2024-10-27;"50";true;;;OpenStreetMap;WGS84;
5.73077282790228;45.1592058545202;;;;way/1328602170;;"38185";AMENAGEMENT MIXTE PIETON VELO HORS VOIE VERTE;AIRE PIETONNE;BIDIRECTIONNEL;;TROTTOIR;EN SERVICE;;"38185";AUCUN;;;;;EN SERVICE;;;2024-10-27;;;;;OpenStreetMap;WGS84;
5.72861251587777;45.1621555169731;;;;way/493217085;;"38185";PISTE CYCLABLE;;BIDIRECTIONNEL;;TROTTOIR;EN SERVICE;LISSE;"38185";AUCUN;;;;;EN SERVICE;LISSE;;2024-10-27;;;;;OpenStreetMap;WGS84;
5.72395765;45.1629780515439;;;;way/177391885;;"38185";BANDE CYCLABLE;ZONE 30;UNIDIRECTIONNEL;;CHAUSSEE;EN SERVICE;;"38185";AUCUN;ZONE 30;;;;EN SERVICE;;;2022-07-12;"30";true;;;OpenStreetMap;WGS84;
5.72845287268902;45.1646884545661;;;;way/493217108;;"38185";VOIE VERTE;;BIDIRECTIONNEL;;CHAUSSEE;EN SERVICE;LISSE;"38185";AUCUN;;;;;EN SERVICE;LISSE;;2025-01-07;;true;;;OpenStreetMap;WGS84;
5.72850155915445;45.1642960054318;;;;way/292166922;;"38185";PISTE CYCLABLE;;BIDIRECTIONNEL;;TROTTOIR;EN SERVICE;LISSE;"38185";AUCUN;;;;;EN SERVICE;LISSE;;2025-01-07;;;;;OpenStreetMap;WGS84;
5.72878355;45.164328950461;;;;way/299529834;;"38185";PISTE CYCLABLE;;UNIDIRECTIONNEL;;TROTTOIR;EN SERVICE;LISSE;"38185";AUCUN;;;;;EN SERVICE;LISSE;;2022-09-12;;true;;;OpenStreetMap;WGS84;
5.72136365;45.1645927504778;;;;way/5995816;;"38185";BANDE CYCLABLE;ZONE 30;UNIDIRECTIONNEL;;CHAUSSEE;EN SERVICE;LISSE;"38185";BANDE CYCLABLE;ZONE 30;UNIDIRECTIONNEL;;CHAUSSEE;EN SERVICE;LISSE;;2024-03-24;"30";;;;OpenStreetMap;WGS84;
5.72035497685515;45.1608597452474;;;;way/292166915;;"38185";PISTE CYCLABLE;;UNIDIRECTIONNEL;;TROTTOIR;EN SERVICE;LISSE;"38185";AUCUN;;;;;EN SERVICE;LISSE;;2024-04-16;;true;;;OpenStreetMap;WGS84;
5.72027704155144;45.1602347641148;;;;way/158422470;;"38185";BANDE CYCLABLE;EN AGGLOMERATION;UNIDIRECTIONNEL;;CHAUSSEE;EN SERVICE;LISSE;"38185";AUCUN;EN AGGLOMERATION;;;;EN SERVICE;LISSE;;2024-10-22;"50";true;;;OpenStreetMap;WGS84;
5.72863181838979;45.1738919031933;;;;way/23182658;;"38185";PISTE CYCLABLE;;BIDIRECTIONNEL;;TROTTOIR;EN SERVICE;LISSE;"38185";AUCUN;;;;;EN SERVICE;LISSE;;2023-11-10;;true;;;OpenStreetMap;WGS84;
5.72598603158761;45.1711298436708;D 269E;;;way/4014457;;"38185";BANDE CYCLABLE;EN AGGLOMERATION;UNIDIRECTIONNEL;;CHAUSSEE;EN SERVICE;LISSE;"38185";BANDE CYCLABLE;EN AGGLOMERATION;UNIDIRECTIONNEL;;CHAUSSEE;EN SERVICE;LISSE;ROLLER;2024-11-18;"50";true;;;OpenStreetMap;WGS84;
5.73042183756201;45.1728892633096;;;;way/101585;;"38185";AUTRE;ZONE 30;;;;EN SERVICE;LISSE;"38185";DOUBLE SENS CYCLABLE NON MATERIALISE;ZONE 30;BIDIRECTIONNEL;;CHAUSSEE;EN SERVICE;LISSE;;2024-01-10;"30";true;;;OpenStreetMap;WGS84;
5.73193136450261;45.1709361245339;;;;way/493107499;;"38185";VOIE VERTE;;BIDIRECTIONNEL;;CHAUSSEE;EN SERVICE;LISSE;"38185";AUCUN;;;;;EN SERVICE;LISSE;;2025-01-07;;true;;;OpenStreetMap;WGS84;
5.73288921269161;45.1716400939918;;;;way/112157;;"38185";BANDE CYCLABLE;EN AGGLOMERATION;UNIDIRECTIONNEL;;CHAUSSEE;EN SERVICE;LISSE;"38185";BANDE CYCLABLE;EN AGGLOMERATION;UNIDIRECTIONNEL;;CHAUSSEE;EN SERVICE;LISSE;;2024-03-10;"50";true;;;OpenStreetMap;WGS84;
5.73410922049994;45.1731143722944;;;;way/500770779;;"38185";PISTE CYCLABLE;;BIDIRECTIONNEL;;TROTTOIR;EN SERVICE;LISSE;"38185";AUCUN;;;;;EN SERVICE;LISSE;;2022-04-26;;true;;;OpenStreetMap;WGS84;
5.73396205;45.1731669504605;;;;way/582231120;;"38185";AMENAGEMENT MIXTE PIETON VELO HORS VOIE VERTE;AIRE PIETONNE;BIDIRECTIONNEL;;TROTTOIR;EN SERVICE;LISSE;"38185";AUCUN;;;;;EN SERVICE;LISSE;;2022-03-24;;true;;;OpenStreetMap;WGS84;
5.73211625;45.1732241004554;;;;way/1119987198;;"38185";VOIE VERTE;;UNIDIRECTIONNEL;;CHAUSSEE;EN SERVICE;LISSE;"38185";AUCUN;;;;;EN SERVICE;LISSE;;2022-12-06;;true;;;OpenStreetMap;WGS84;
5.73217089294531;45.1731302156311;;;;way/1043437901;;"38185";PISTE CYCLABLE;;BIDIRECTIONNEL;;TROTTOIR;EN SERVICE;LISSE;"38185";AUCUN;;;;;EN SERVICE;LISSE;;2023-03-26;;true;;;OpenStreetMap;WGS84;
5.73185937273944;45.1733619195223;;;;way/61008590;;"38185";BANDE CYCLABLE;ZONE 30;UNIDIRECTIONNEL;;CHAUSSEE;EN SERVICE;LISSE;"38185";AUTRE;ZONE 30;UNIDIRECTIONNEL;;CHAUSSEE;EN SERVICE;LISSE;;2023-07-15;"30";true;;;OpenStreetMap;WGS84;cadastre-dgi-fr source : Direction Générale des Impôts - Cadastre. Mise à jour : 2009
5.73991019759207;45.1733710067955;;;;way/293837390;;"38185";AUTRE;ZONE 30;UNIDIRECTIONNEL;;CHAUSSEE;EN SERVICE;LISSE;"38185";AUTRE;ZONE 30;UNIDIRECTIONNEL;;CHAUSSEE;EN SERVICE;LISSE;;2024-08-27;"30";true;;;OpenStreetMap;WGS84;
5.73828849107848;45.1730902369246;;;;way/293837397;;"38185";AUTRE;EN AGGLOMERATION;UNIDIRECTIONNEL;;CHAUSSEE;EN SERVICE;LISSE;"38185";AUCUN;EN AGGLOMERATION;;;CHAUSSEE;EN SERVICE;LISSE;;2024-08-27;"50";true;;;OpenStreetMap;WGS84;
5.73939167480045;45.1717595171395;D 5;;;way/1349024910;;"38185";COULOIR BUS+VELO;EN AGGLOMERATION;UNIDIRECTIONNEL;;CHAUSSEE;EN SERVICE;LISSE;"38185";AUCUN;EN AGGLOMERATION;;;CHAUSSEE;EN SERVICE;LISSE;;2025-01-06;"50";true;;;OpenStreetMap;WGS84;
5.73866916852016;45.1702934125202;;;;way/493108038;;"38185";PISTE CYCLABLE;;UNIDIRECTIONNEL;;TROTTOIR;EN SERVICE;LISSE;"38185";AUCUN;;;;;EN SERVICE;LISSE;ROLLER;2024-06-04;;false;;;OpenStreetMap;WGS84;
5.73737164406095;45.1674208460784;;;;way/49789255;;"38185";AUTRE;ZONE 30;UNIDIRECTIONNEL;;CHAUSSEE;EN SERVICE;LISSE;"38185";DOUBLE SENS CYCLABLE BANDE;ZONE 30;UNIDIRECTIONNEL;;CHAUSSEE;EN SERVICE;LISSE;;2025-01-16;"30";;;;OpenStreetMap;WGS84;"cadastre-dgi-fr source : Direction Générale des Impôts - Cadastre ; mise à jour : 2010"
5.73117953975809;45.1692276339932;;;;way/204143325;;"38185";BANDE CYCLABLE;EN AGGLOMERATION;UNIDIRECTIONNEL;;CHAUSSEE;EN SERVICE;LISSE;"38185";AUCUN;EN AGGLOMERATION;;;;EN SERVICE;LISSE;ROLLER;2024-06-29;"50";true;;;OpenStreetMap;WGS84;"cadastre-dgi-fr source : Direction Générale des Impôts - Cadastre ; mise à jour : 2010"
5.73194400400195;45.1690972941132;;;;way/49789276;;"38185";AUTRE;EN AGGLOMERATION;UNIDIRECTIONNEL;;CHAUSSEE;EN SERVICE;LISSE;"38185";AUCUN;EN AGGLOMERATION;;;;EN SERVICE;LISSE;ROLLER;2025-01-07;"50";true;;;OpenStreetMap;WGS84;
5.7321141;45.1688642504728;;;;way/203776219;;"38185";AUTRE;EN AGGLOMERATION;UNIDIRECTIONNEL;;CHAUSSEE;EN SERVICE;LISSE;"38185";AUCUN;EN AGGLOMERATION;;;;EN SERVICE;LISSE;ROLLER;2024-06-29;"50";true;;;OpenStreetMap;WGS84;"cadastre-dgi-fr source : Direction Générale des Impôts - Cadastre ; mise à jour : 2010"
5.7321034;45.1692866504866;;;;way/1349221260;;"38185";AUTRE;EN AGGLOMERATION;UNIDIRECTIONNEL;;CHAUSSEE;EN SERVICE;LISSE;"38185";AUCUN;EN AGGLOMERATION;;;;EN SERVICE;LISSE;ROLLER;2025-01-07;"50";true;;;OpenStreetMap;WGS84;"cadastre-dgi-fr source : Direction Générale des Impôts - Cadastre;mise à jour : 2010;cadastre-dgi-fr source : Direction Générale des Impôts - Cadastre. Mise à jour : 2009"
5.72823375136546;45.1684775685404;;;;way/734749185;;"38185";PISTE CYCLABLE;;BIDIRECTIONNEL;;TROTTOIR;EN SERVICE;LISSE;"38185";AUCUN;;;;;EN SERVICE;LISSE;ROLLER;2024-02-20;;true;;;OpenStreetMap;WGS84;
5.72997895295088;45.1684611274917;D 269A;;;way/817474562;;"38185";BANDE CYCLABLE;EN AGGLOMERATION;UNIDIRECTIONNEL;;CHAUSSEE;EN SERVICE;RUGUEUX;"38185";AUCUN;EN AGGLOMERATION;;;;EN SERVICE;RUGUEUX;VELO DE ROUTE;2024-01-27;"50";true;;;OpenStreetMap;WGS84;"cadastre-dgi-fr source : Direction Générale des Impôts - Cadastre;mise à jour : 2010"
5.72909888422416;45.1684348216203;;;;way/299529836;;"38185";PISTE CYCLABLE;;BIDIRECTIONNEL;;TROTTOIR;EN SERVICE;LISSE;"38185";AUCUN;;;;;EN SERVICE;LISSE;;2024-10-11;;true;;;OpenStreetMap;WGS84;
5.7290828802326;45.1699882806049;D 269E;;;way/1118606297;;"38185";BANDE CYCLABLE;EN AGGLOMERATION;UNIDIRECTIONNEL;;CHAUSSEE;EN SERVICE;LISSE;"38185";BANDE CYCLABLE;EN AGGLOMERATION;UNIDIRECTIONNEL;;CHAUSSEE;EN SERVICE;LISSE;ROLLER;2024-11-18;"50";true;;;OpenStreetMap;WGS84;
5.73373280991032;45.1578852865526;D 269F;;;way/204145376;;"38185";AUTRE;EN AGGLOMERATION;;;;EN SERVICE;LISSE;"38185";BANDE CYCLABLE;EN AGGLOMERATION;UNIDIRECTIONNEL;;CHAUSSEE;EN SERVICE;LISSE;;2025-01-07;"50";false;;;OpenStreetMap;WGS84;
5.73108155980402;45.1574229956767;D 269A;;;way/151062717;;"38185";BANDE CYCLABLE;ZONE 30;UNIDIRECTIONNEL;;CHAUSSEE;EN SERVICE;LISSE;"38185";BANDE CYCLABLE;ZONE 30;UNIDIRECTIONNEL;;CHAUSSEE;EN SERVICE;LISSE;;2022-07-28;"30";true;;;OpenStreetMap;WGS84;
5.73184125133934;45.157327781554;D 269A;;;way/1082080810;;"38185";BANDE CYCLABLE;ZONE 30;UNIDIRECTIONNEL;;CHAUSSEE;EN SERVICE;LISSE;"38185";BANDE CYCLABLE;ZONE 30;UNIDIRECTIONNEL;;CHAUSSEE;EN SERVICE;LISSE;;2022-07-28;"30";true;;;OpenStreetMap;WGS84;
5.73246969576675;45.1573067433526;D 269A;;;way/151062757;;"38185";BANDE CYCLABLE;ZONE 30;UNIDIRECTIONNEL;;CHAUSSEE;EN SERVICE;LISSE;"38185";BANDE CYCLABLE;ZONE 30;UNIDIRECTIONNEL;;CHAUSSEE;EN SERVICE;LISSE;;2024-04-07;"30";true;;;OpenStreetMap;WGS84;
5.73323698290702;45.1573230729943;D 269A;;;way/1082080809;;"38185";BANDE CYCLABLE;ZONE 30;UNIDIRECTIONNEL;;CHAUSSEE;EN SERVICE;LISSE;"38185";BANDE CYCLABLE;ZONE 30;UNIDIRECTIONNEL;;CHAUSSEE;EN SERVICE;LISSE;;2024-04-07;"30";true;;;OpenStreetMap;WGS84;
5.72531847778542;45.183712133593;;;;way/82641333;;"38185";AMENAGEMENT MIXTE PIETON VELO HORS VOIE VERTE;AIRE PIETONNE;BIDIRECTIONNEL;;TROTTOIR;EN SERVICE;LISSE;"38185";AUCUN;;;;;EN SERVICE;LISSE;;2022-02-23;;true;;;OpenStreetMap;WGS84;cadastre-dgi-fr source : Direction Générale des Impôts - Cadastre. Mise à jour : 2010
5.72573160336001;45.1838177485593;;;;way/82641378;;"38185";AMENAGEMENT MIXTE PIETON VELO HORS VOIE VERTE;AIRE PIETONNE;BIDIRECTIONNEL;;TROTTOIR;EN SERVICE;LISSE;"38185";AUCUN;;;;;EN SERVICE;LISSE;;2022-02-23;;true;;;OpenStreetMap;WGS84;cadastre-dgi-fr source : Direction Générale des Impôts - Cadastre. Mise à jour : 2010
5.72208609665737;45.1853060212788;;;;way/41283772;;"38185";AUTRE;ZONE 30;UNIDIRECTIONNEL;;CHAUSSEE;EN SERVICE;LISSE;"38185";AUTRE;ZONE 30;UNIDIRECTIONNEL;;CHAUSSEE;EN SERVICE;LISSE;ROLLER;2024-11-02;"30";true;;;OpenStreetMap;WGS84;"cadastre-dgi-fr source : Direction Générale des Impôts - Cadastre;mise à jour : 2008"
5.72214895;45.1852532004648;;;;way/487442256;;"38185";AUTRE;EN AGGLOMERATION;UNIDIRECTIONNEL;;CHAUSSEE;EN SERVICE;LISSE;"38185";AUCUN;EN AGGLOMERATION;;;;EN SERVICE;LISSE;;2024-09-23;"30";true;;;OpenStreetMap;WGS84;
5.72265955387561;45.1853696983479;;;;way/40416165;;"38185";BANDE CYCLABLE;ZONE 30;UNIDIRECTIONNEL;;CHAUSSEE;EN SERVICE;LISSE;"38185";AUTRE;ZONE 30;UNIDIRECTIONNEL;;CHAUSSEE;EN SERVICE;LISSE;ROLLER;2024-05-05;"30";true;;;OpenStreetMap;WGS84;
5.72261136288733;45.1854200722521;;;;way/41283780;;"38185";COULOIR BUS+VELO;EN AGGLOMERATION;UNIDIRECTIONNEL;;CHAUSSEE;EN SERVICE;LISSE;"38185";AUCUN;EN AGGLOMERATION;;;;EN SERVICE;LISSE;;2024-11-02;"30";;;;OpenStreetMap;WGS84;"cadastre-dgi-fr source : Direction Générale des Impôts - Cadastre;mise à jour : 2008"
5.72576709416029;45.1840475090695;;;;way/273791710;;"38185";AMENAGEMENT MIXTE PIETON VELO HORS VOIE VERTE;AIRE PIETONNE;BIDIRECTIONNEL;;TROTTOIR;EN SERVICE;LISSE;"38185";AUCUN;;;;;EN SERVICE;LISSE;;2020-07-15;;true;;;OpenStreetMap;WGS84;cadastre-dgi-fr source : Direction Générale des Impôts - Cadastre. Mise à jour : 2010
5.7220660861498;45.1854171457734;;;;way/41283775;;"38185";AUTRE;ZONE 30;UNIDIRECTIONNEL;;CHAUSSEE;EN SERVICE;LISSE;"38185";AUTRE;ZONE 30;UNIDIRECTIONNEL;;CHAUSSEE;EN SERVICE;LISSE;;2023-12-17;"30";true;;;OpenStreetMap;WGS84;"cadastre-dgi-fr source : Direction Générale des Impôts - Cadastre;mise à jour : 2008"
5.72383737804412;45.1858203170104;;;;way/196549878;;"38185";COULOIR BUS+VELO;ZONE 30;UNIDIRECTIONNEL;;CHAUSSEE;EN SERVICE;LISSE;"38185";BANDE CYCLABLE;ZONE 30;UNIDIRECTIONNEL;;CHAUSSEE;EN SERVICE;LISSE;ROLLER;2024-07-31;"30";true;;;OpenStreetMap;WGS84;"cadastre-dgi-fr source : Direction Générale des Impôts - Cadastre ; mise à jour : 2009"
5.7259751244987;45.1849983433383;;;;way/307838532;;"38185";BANDE CYCLABLE;ZONE 30;UNIDIRECTIONNEL;;CHAUSSEE;EN SERVICE;LISSE;"38185";BANDE CYCLABLE;ZONE 30;UNIDIRECTIONNEL;;CHAUSSEE;EN SERVICE;LISSE;;2023-12-17;"30";true;;;OpenStreetMap;WGS84;
5.72441341800592;45.1844745870065;;;;way/7714510;;"38185";AUTRE;ZONE 30;UNIDIRECTIONNEL;;CHAUSSEE;EN SERVICE;LISSE;"38185";AUTRE;ZONE 30;UNIDIRECTIONNEL;;CHAUSSEE;EN SERVICE;LISSE;;2023-12-17;"30";true;;;OpenStreetMap;WGS84;
5.7256059;45.1848187004549;;;;way/488524646;;"38185";PISTE CYCLABLE;;UNIDIRECTIONNEL;;TROTTOIR;EN SERVICE;LISSE;"38185";AUCUN;;;;;EN SERVICE;LISSE;;2022-10-21;;true;;;OpenStreetMap;WGS84;
5.72485226656308;45.184147526784;;;;way/82641357;;"38185";AMENAGEMENT MIXTE PIETON VELO HORS VOIE VERTE;AIRE PIETONNE;BIDIRECTIONNEL;;TROTTOIR;EN SERVICE;LISSE;"38185";AUCUN;;;;;EN SERVICE;LISSE;;2021-05-24;;true;;;OpenStreetMap;WGS84;cadastre-dgi-fr source : Direction Générale des Impôts - Cadastre. Mise à jour : 2010
5.72468655;45.1836827004678;;;;way/82641343;;"38185";AMENAGEMENT MIXTE PIETON VELO HORS VOIE VERTE;AIRE PIETONNE;BIDIRECTIONNEL;;TROTTOIR;EN SERVICE;LISSE;"38185";AUCUN;;;;;EN SERVICE;LISSE;;2019-11-26;;true;;;OpenStreetMap;WGS84;cadastre-dgi-fr source : Direction Générale des Impôts - Cadastre. Mise à jour : 2010
5.72570005;45.1836517504618;;;;way/921001131;;"38185";AMENAGEMENT MIXTE PIETON VELO HORS VOIE VERTE;AIRE PIETONNE;BIDIRECTIONNEL;;TROTTOIR;EN SERVICE;RUGUEUX;"38185";AUCUN;;;;;EN SERVICE;RUGUEUX;;2021-05-12;;true;;;OpenStreetMap;WGS84;
5.72406929479916;45.1886322591516;;;;way/107908615;;"38185";AUTRE;EN AGGLOMERATION;;;;EN SERVICE;LISSE;"38185";DOUBLE SENS CYCLABLE NON MATERIALISE;EN AGGLOMERATION;UNIDIRECTIONNEL;;CHAUSSEE;EN SERVICE;LISSE;;2024-08-04;"30";true;;;OpenStreetMap;WGS84;"v2 ; cadastre-dgi-fr source : Direction Générale des Impôts - Cadastre ; mise à jour : 2009"
5.725709;45.187903400451;;;;way/685577149;;"38185";PISTE CYCLABLE;;BIDIRECTIONNEL;;TROTTOIR;EN SERVICE;LISSE;"38185";AUCUN;;;;;EN SERVICE;LISSE;;2021-06-11;;true;;;OpenStreetMap;WGS84;
5.72508493254473;45.1878484963139;;;;way/698843238;;"38185";PISTE CYCLABLE;;BIDIRECTIONNEL;;TROTTOIR;EN SERVICE;LISSE;"38185";AUCUN;;;;;EN SERVICE;LISSE;;2024-05-31;;true;;;OpenStreetMap;WGS84;
5.72448775462918;45.1906655493777;;;;way/332011715;;"38185";AUTRE;ZONE 30;;;;EN SERVICE;LISSE;"38185";DOUBLE SENS CYCLABLE NON MATERIALISE;ZONE 30;UNIDIRECTIONNEL;;CHAUSSEE;EN SERVICE;LISSE;;2024-08-12;"30";true;;;OpenStreetMap;WGS84;"v2;cadastre-dgi-fr source : Direction Générale des Impôts - Cadastre;mise à jour : 2009"
5.72497643444552;45.1915627749032;;;;way/487453441;;"38185";PISTE CYCLABLE;;UNIDIRECTIONNEL;;TROTTOIR;EN SERVICE;LISSE;"38185";AUCUN;;;;;EN SERVICE;LISSE;;2022-10-24;;true;;;OpenStreetMap;WGS84;
5.72339205048518;45.1832894951698;;;;way/85388336;;"38185";AMENAGEMENT MIXTE PIETON VELO HORS VOIE VERTE;AIRE PIETONNE;BIDIRECTIONNEL;;TROTTOIR;EN SERVICE;RUGUEUX;"38185";AUCUN;;;;;EN SERVICE;RUGUEUX;;2021-08-28;;true;;;OpenStreetMap;WGS84;"cadastre-dgi-fr source : Direction Générale des Impôts - Cadastre;mise à jour : 2010"
5.73509755236932;45.1666681888168;;;;way/1138453577;;"38185";BANDE CYCLABLE;ZONE 30;UNIDIRECTIONNEL;;CHAUSSEE;EN SERVICE;LISSE;"38185";BANDE CYCLABLE;ZONE 30;UNIDIRECTIONNEL;;CHAUSSEE;EN SERVICE;LISSE;;2023-02-06;"30";true;;;OpenStreetMap;WGS84;
5.73669690141436;45.1667163012063;;;;way/1144948998;;"38185";PISTE CYCLABLE;;BIDIRECTIONNEL;;TROTTOIR;EN SERVICE;;"38185";AUCUN;;;;;EN SERVICE;;;2023-02-13;;;;;OpenStreetMap;WGS84;
5.73670881223938;45.1667573542852;;;;way/463950033;;"38185";PISTE CYCLABLE;;UNIDIRECTIONNEL;;TROTTOIR;EN SERVICE;LISSE;"38185";AUCUN;;;;;EN SERVICE;LISSE;;2020-03-09;;;;;OpenStreetMap;WGS84;
5.7369415;45.1667426004515;;;;way/463950026;;"38185";BANDE CYCLABLE;ZONE 30;UNIDIRECTIONNEL;;CHAUSSEE;EN SERVICE;LISSE;"38185";AUCUN;ZONE 30;;;CHAUSSEE;EN SERVICE;LISSE;;2019-05-11;"30";;;;OpenStreetMap;WGS84;
5.73705216675509;45.1667478297532;;;;way/463950031;;"38185";BANDE CYCLABLE;ZONE 30;UNIDIRECTIONNEL;;CHAUSSEE;EN SERVICE;LISSE;"38185";AUCUN;ZONE 30;;;CHAUSSEE;EN SERVICE;LISSE;;2019-05-11;"30";;;;OpenStreetMap;WGS84;
5.73895353833265;45.1670073262689;;;;way/332004090;;"38185";BANDE CYCLABLE;ZONE 30;UNIDIRECTIONNEL;;CHAUSSEE;EN SERVICE;LISSE;"38185";BANDE CYCLABLE;ZONE 30;UNIDIRECTIONNEL;;CHAUSSEE;EN SERVICE;LISSE;;2021-11-23;"30";;;;OpenStreetMap;WGS84;"cadastre-dgi-fr source : Direction Générale des Impôts - Cadastre;mise à jour : 2010"
5.74010070748222;45.1650258080433;;;;way/97277420;;"38185";PISTE CYCLABLE;;BIDIRECTIONNEL;;TROTTOIR;EN SERVICE;;"38185";AUCUN;;;;;EN SERVICE;;;2023-02-13;;;;;OpenStreetMap;WGS84;
5.74173709329949;45.1669557496643;D 5;;;way/486404760;;"38185";COULOIR BUS+VELO;EN AGGLOMERATION;UNIDIRECTIONNEL;;CHAUSSEE;EN SERVICE;LISSE;"38185";BANDE CYCLABLE;EN AGGLOMERATION;UNIDIRECTIONNEL;;CHAUSSEE;EN SERVICE;LISSE;;2025-01-06;"50";true;;;OpenStreetMap;WGS84;
5.74055603251735;45.1665579248394;;;;way/28450820;;"38185";BANDE CYCLABLE;ZONE 30;UNIDIRECTIONNEL;;CHAUSSEE;EN SERVICE;LISSE;"38185";BANDE CYCLABLE;ZONE 30;UNIDIRECTIONNEL;;CHAUSSEE;EN SERVICE;LISSE;;2024-08-01;"30";;;;OpenStreetMap;WGS84;
5.7419354;45.1673985004857;;;;way/199858724;;"38185";PISTE CYCLABLE;;UNIDIRECTIONNEL;;TROTTOIR;EN SERVICE;;"38185";AUCUN;;;;;EN SERVICE;;;2017-11-24;;true;;;OpenStreetMap;WGS84;
5.73908990941505;45.1601652352946;;;;way/158300291;;"38185";PISTE CYCLABLE;;UNIDIRECTIONNEL;;TROTTOIR;EN SERVICE;LISSE;"38185";AUCUN;;;;;EN SERVICE;LISSE;;2018-09-19;;false;;;OpenStreetMap;WGS84;
5.7390351409768;45.1601710678933;;;;way/158300290;;"38185";PISTE CYCLABLE;;UNIDIRECTIONNEL;;TROTTOIR;EN SERVICE;LISSE;"38185";AUCUN;;;;;EN SERVICE;LISSE;;2018-09-19;;false;;;OpenStreetMap;WGS84;
5.73925679629829;45.1603551973849;;;;way/357850511;;"38185";PISTE CYCLABLE;;BIDIRECTIONNEL;;TROTTOIR;EN SERVICE;LISSE;"38185";AUCUN;;;;;EN SERVICE;LISSE;;2023-03-05;;false;;;OpenStreetMap;WGS84;cadastre-dgi-fr source : Direction Générale des Impôts - Cadastre. Mise à jour : 2009
5.74714187434461;45.1882031851921;;;;way/825126737;;"38185";VOIE VERTE;AIRE PIETONNE;UNIDIRECTIONNEL;;TROTTOIR;EN SERVICE;LISSE;"38185";AUCUN;;;;;EN SERVICE;LISSE;;2024-09-30;;true;;;OpenStreetMap;WGS84;
5.74573228448964;45.1882903682965;D 1087;;;way/1189121579;;"38185";AUTRE;EN AGGLOMERATION;UNIDIRECTIONNEL;;CHAUSSEE;EN SERVICE;LISSE;"38185";AUCUN;EN AGGLOMERATION;;;;EN SERVICE;LISSE;ROLLER;2024-12-09;"50";true;;;OpenStreetMap;WGS84;
5.7459673588229;45.1883933863673;;;;way/31754852;;"38185";PISTE CYCLABLE;;BIDIRECTIONNEL;;TROTTOIR;EN SERVICE;LISSE;"38185";AUCUN;;;;;EN SERVICE;LISSE;ROLLER;2023-06-18;;true;;Voie verte;OpenStreetMap;WGS84;
5.74759728324603;45.1881112859743;D 1087;;;way/260658962;;"38185";AUTRE;EN AGGLOMERATION;UNIDIRECTIONNEL;;CHAUSSEE;EN SERVICE;LISSE;"38185";AUTRE;EN AGGLOMERATION;UNIDIRECTIONNEL;;CHAUSSEE;EN SERVICE;LISSE;ROLLER;2024-08-15;"50";true;;;OpenStreetMap;WGS84;
5.74380140507448;45.1864293545056;D 523;;;way/24596885;;"38185";BANDE CYCLABLE;EN AGGLOMERATION;UNIDIRECTIONNEL;;CHAUSSEE;EN SERVICE;LISSE;"38185";AUCUN;EN AGGLOMERATION;;;;EN SERVICE;LISSE;ROLLER;2024-12-09;"50";true;;;OpenStreetMap;WGS84;
5.74379982513257;45.1865190005799;;;;way/167637827;;"38185";AMENAGEMENT MIXTE PIETON VELO HORS VOIE VERTE;AIRE PIETONNE;BIDIRECTIONNEL;;TROTTOIR;EN SERVICE;LISSE;"38185";AUCUN;;;;;EN SERVICE;LISSE;ROLLER;2023-09-19;;true;;;OpenStreetMap;WGS84;
5.74323258179386;45.1861815213526;;;;way/343750916;;"38185";VOIE VERTE;;BIDIRECTIONNEL;;CHAUSSEE;EN SERVICE;LISSE;"38185";AUCUN;;;;;EN SERVICE;LISSE;;2022-08-31;;true;;;OpenStreetMap;WGS84;Bing
5.74279099175712;45.1859013764117;;;;way/343750913;;"38185";VOIE VERTE;;BIDIRECTIONNEL;"1.4";CHAUSSEE;EN SERVICE;LISSE;"38185";AUCUN;;;"1.4";;EN SERVICE;LISSE;;2024-05-04;;true;;;OpenStreetMap;WGS84;Bing
5.74407066027444;45.1865658939325;;;;way/41740709;;"38185";AUTRE;ZONE 30;UNIDIRECTIONNEL;;CHAUSSEE;EN SERVICE;LISSE;"38185";AUCUN;ZONE 30;;;;EN SERVICE;LISSE;;2024-12-09;"30";true;;;OpenStreetMap;WGS84;
5.74451847023696;45.1869135347437;D 523;;;way/10711431;;"38185";BANDE CYCLABLE;EN AGGLOMERATION;UNIDIRECTIONNEL;;CHAUSSEE;EN SERVICE;LISSE;"38185";AUTRE;EN AGGLOMERATION;UNIDIRECTIONNEL;;CHAUSSEE;EN SERVICE;LISSE;ROLLER;2025-01-10;"50";true;;;OpenStreetMap;WGS84;
5.7424408500381;45.1878073536173;;;;way/309987464;;"38185";VOIE VERTE;AIRE PIETONNE;BIDIRECTIONNEL;;TROTTOIR;EN SERVICE;MEUBLE;"38185";AUCUN;;;;;EN SERVICE;MEUBLE;VELO DE ROUTE;2024-09-30;;true;;;OpenStreetMap;WGS84;"cadastre-dgi-fr source : Direction Générale des Impôts - Cadastre;mise à jour : 2009"
5.74442875;45.1882044504983;;;;way/35036149;;"38185";VOIE VERTE;;BIDIRECTIONNEL;;CHAUSSEE;EN SERVICE;RUGUEUX;"38185";AUCUN;;;;;EN SERVICE;RUGUEUX;;2021-01-04;;true;;;OpenStreetMap;WGS84;
5.74419755852864;45.1883889456724;;;;way/286867719;;"38185";VOIE VERTE;AIRE PIETONNE;BIDIRECTIONNEL;;TROTTOIR;EN SERVICE;LISSE;"38185";AUCUN;;;;;EN SERVICE;LISSE;ROLLER;2024-11-24;;false;;;OpenStreetMap;WGS84;
5.74257109751959;45.1897801366344;VV3;;;way/385455367;;"38185";VOIE VERTE;;BIDIRECTIONNEL;;CHAUSSEE;EN SERVICE;LISSE;"38185";AUCUN;;;;;EN SERVICE;LISSE;ROLLER;2024-10-27;;true;;Voie verte;OpenStreetMap;WGS84;
5.7089922472847;45.1832639394789;;;;way/637241743;;"38185";AMENAGEMENT MIXTE PIETON VELO HORS VOIE VERTE;AIRE PIETONNE;BIDIRECTIONNEL;;TROTTOIR;EN SERVICE;RUGUEUX;"38185";AUCUN;;;;;EN SERVICE;RUGUEUX;;2022-10-21;;true;;;OpenStreetMap;WGS84;
5.7091083;45.1843341504614;;;;way/1068154476;;"38185";AUTRE;EN AGGLOMERATION;UNIDIRECTIONNEL;;CHAUSSEE;EN SERVICE;LISSE;"38185";AUTRE;EN AGGLOMERATION;UNIDIRECTIONNEL;;CHAUSSEE;EN SERVICE;LISSE;;2023-05-26;"30";true;;;OpenStreetMap;WGS84;
5.71143091564145;45.185514103852;;;;way/1068115565;;"38185";AUTRE;ZONE 30;UNIDIRECTIONNEL;;CHAUSSEE;EN SERVICE;LISSE;"38185";AUTRE;ZONE 30;UNIDIRECTIONNEL;;CHAUSSEE;EN SERVICE;LISSE;;2023-03-22;"30";true;;;OpenStreetMap;WGS84;
5.71152300096821;45.1866267406452;;;;way/382751932;;"38185";AMENAGEMENT MIXTE PIETON VELO HORS VOIE VERTE;AIRE PIETONNE;BIDIRECTIONNEL;;TROTTOIR;EN SERVICE;LISSE;"38185";AUCUN;;;;;EN SERVICE;LISSE;;2019-12-19;;true;;;OpenStreetMap;WGS84;
5.71392320837191;45.1861973142779;;;;way/23588148;;"38185";AUTRE;ZONE 30;UNIDIRECTIONNEL;;CHAUSSEE;EN SERVICE;LISSE;"38185";DOUBLE SENS CYCLABLE BANDE;ZONE 30;UNIDIRECTIONNEL;;CHAUSSEE;EN SERVICE;LISSE;;2025-01-15;"30";true;;;OpenStreetMap;WGS84;
5.72391420795564;45.1595351372605;;;;way/292166939;;"38185";VOIE VERTE;;BIDIRECTIONNEL;;CHAUSSEE;EN SERVICE;LISSE;"38185";AUCUN;;;;;EN SERVICE;LISSE;;2022-11-14;;true;;;OpenStreetMap;WGS84;
5.72401915;45.1593367004536;D 5B;;;way/40406763;;"38185";COULOIR BUS+VELO;EN AGGLOMERATION;UNIDIRECTIONNEL;;CHAUSSEE;EN SERVICE;LISSE;"38185";AUCUN;EN AGGLOMERATION;;;;EN SERVICE;LISSE;;2022-09-01;"50";true;;;OpenStreetMap;WGS84;
5.72386343025313;45.1596936520647;;;;way/49024955;;"38185";BANDE CYCLABLE;ZONE 30;UNIDIRECTIONNEL;;CHAUSSEE;EN SERVICE;LISSE;"38185";AUCUN;ZONE 30;;;;EN SERVICE;LISSE;;2021-07-21;"30";true;;;OpenStreetMap;WGS84;"cadastre-dgi-fr source : Direction Générale des Impôts - Cadastre;mise à jour : 2010"
5.7339366033373;45.1568627014719;;;;way/494491633;;"38185";VOIE VERTE;;BIDIRECTIONNEL;"2.4";CHAUSSEE;EN SERVICE;LISSE;"38185";AUCUN;;;"2.4";;EN SERVICE;LISSE;;2022-04-19;;true;;;OpenStreetMap;WGS84;
